,title,url,total_price,unit_price,follower,huxing,louceng,chaoxiang,zhuangxiu,building_area,build_year,community_name,location_info,location_info_sec,elevator,elevator_house,listing_day,last_trade
0,['高层朝南2房，拎包入住，采光充足，进岛首站'],https://xm.lianjia.com/ershoufang/105116838836.html,['200'],"['33,328元/平']",0人关注 ,2室2厅1厨1卫,['中楼层/共16层'],['南'],['平层/精装'],['60.01平米'],['2021年建'],['东坑安居房'],['海沧'],['滨海社区'],有,两梯五户,['2024-04-29'],['2024-02-06']
1,['急售急售急售，店长力荐，业主自住装修'],https://xm.lianjia.com/ershoufang/105111372610.html,['200'],"['16,519元/平']",5人关注 ,4室2厅1厨2卫,['低楼层/共43层'],['南 北'],['平层/精装'],['121.08平米'],['2017年建'],['禹洲卢卡小镇'],['翔安'],['新店'],有,两梯四户,['2022-08-30'],['2018-11-13']
2,['滨水二里  二梯五户 业主精装两房  格局方正 拎包入住'],https://xm.lianjia.com/ershoufang/105114842471.html,['160'],"['26,110元/平']",4人关注 ,2室1厅1厨1卫,['中楼层/共17层'],['西南'],['平层/精装'],['61.28平米'],['未知年建'],['滨水二里'],['集美'],['集美新城'],有,两梯六户,['2023-09-18'],['2019-07-12']
3,['小区绿化好，环境优美，物业管理也很规范'],https://xm.lianjia.com/ershoufang/105112863913.html,['330'],"['25,251元/平']",1人关注 ,3室2厅1厨2卫,['中楼层/共41层'],['南 北'],['平层/精装'],['130.69平米'],['2011年建'],['联发杏林湾一号一期'],['集美'],['杏林桥头'],有,两梯四户,['2023-03-02'],['2016-02-04']
4,['翔安隧道口精致大三房，高层看海，视野好、拎包入住'],https://xm.lianjia.com/ershoufang/105116749628.html,['279'],"['22,005元/平']",0人关注 ,3室2厅1厨2卫,['高楼层/共39层'],['西南'],['平层/精装'],['126.79平米'],['2015年建'],['阳光城翡丽湾二期'],['翔安'],['翔安新城'],有,两梯两户,['2024-04-20'],['2018-11-16']
5,[],https://xm.lianjia.com/ershoufang/goodhouse/,[],[],[],,[],[],[],[],[],[],[],[],,,[],[]
6,['全明格局  3房2厅2卫 格局方正 采光通风好'],https://xm.lianjia.com/ershoufang/105113774307.html,['390'],"['34,187元/平']",10人关注 ,2室2厅1厨2卫,['低楼层/共32层'],['东北'],['平层/简装'],['114.08平米'],['2004年建'],['黄金大厦'],['湖里'],['邮轮城'],有,三梯六户,['2023-05-24'],['2002-05-28']
7,['业主诚意出售，低总价入厦刚需，近嘉庚配套齐全'],https://xm.lianjia.com/ershoufang/105115189023.html,['84.2'],"['16,549元/平']",11人关注 ,1室1厅1厨1卫,['低楼层/共34层'],['东南'],['平层/精装'],['50.88平米'],['2011年建'],['禹洲大学城'],['同安'],['集美其它'],有,三梯六户,['2023-10-29'],['2020-06-16']
8,['桃源大厦 3室1厅 南 北'],https://xm.lianjia.com/ershoufang/105115238276.html,['436'],"['34,264元/平']",2人关注 ,3室1厅1厨2卫,['高楼层/共16层'],['南 北'],['平层/简装'],['127.25平米'],['2002年建'],['桃源大厦'],['湖里'],['江头'],有,一梯三户,['2023-11-03'],['2020-09-01']
9,['自住装修，采光通风好，视野好，进岛方便，高楼层看海'],https://xm.lianjia.com/ershoufang/105112923920.html,['155'],"['20,806元/平']",5人关注 ,2室2厅1厨1卫,['高楼层/共33层'],['西南'],['平层/精装'],['74.5平米'],['2015年建'],['阳光城翡丽湾二期'],['翔安'],['翔安新城'],有,两梯六户,['2023-03-07'],['2016-06-06']
10,['思明区上东美地4房出售，建发品质'],https://xm.lianjia.com/ershoufang/105114111636.html,['868'],"['62,627元/平']",7人关注 ,4室2厅1厨2卫,['高楼层/共18层'],['南'],['平层/精装'],['138.6平米'],['2006年建'],['上东美地'],['思明'],['瑞景'],有,两梯两户,['2023-06-30'],['2014-11-12']
11,['05年电梯高层视野开阔 业主六千一平装修配套齐全完善'],https://xm.lianjia.com/ershoufang/105116170496.html,['238'],"['43,070元/平']",0人关注 ,2室1厅1厨1卫,['中楼层/共16层'],['东 东南'],['平层/精装'],['55.26平米'],['2005年建'],['恒丰花园2'],['湖里'],['南山路'],有,一梯五户,['2024-02-28'],['2010-11-26']
12,['隧道口 精致大三房 通透户型拎包入住'],https://xm.lianjia.com/ershoufang/105116332105.html,['268'],"['21,764元/平']",2人关注 ,3室2厅1厨2卫,['低楼层/共31层'],['东南'],['平层/精装'],['123.14平米'],['2015年建'],['阳光城翡丽湾二期'],['翔安'],['翔安新城'],有,两梯四户,['2024-03-12'],['2018-05-16']
13,['维多利亚精装   拎包入住  刚需首 选'],https://xm.lianjia.com/ershoufang/105114313695.html,['310'],"['37,038元/平']",1人关注 ,2室1厅1厨1卫,['低楼层/共30层'],['南 北'],['平层/精装'],['83.7平米'],['2011年建'],['海晟维多利亚'],['海沧'],['滨海社区'],有,两梯四户,['2023-07-22'],['2020-10-15']
14,['招商花园城旁 地铁2号线   大四房'],https://xm.lianjia.com/ershoufang/105116376449.html,['345'],"['28,375元/平']",1人关注 ,4室2厅1厨2卫,['低楼层/共34层'],['东南'],['平层/精装'],['121.59平米'],['2021年建'],['厦门中央公园'],['海沧'],['马銮湾东'],有,两梯五户,['2024-03-16'],['2023-07-23']
15,['世茂ioi万科里商圈，自住精装 视野好无遮挡，交通便利'],https://xm.lianjia.com/ershoufang/105115227208.html,['210'],"['23,636元/平']",2人关注 ,2室2厅1厨1卫,['高楼层/共33层'],['西南'],['平层/精装'],['88.85平米'],['2013年建'],['莲花尚院'],['集美'],['集美新城'],有,两梯四户,['2023-11-02'],['2017-02-28']
16,['集美新城轻奢风格装修朝南三房两卫急售'],https://xm.lianjia.com/ershoufang/105115612674.html,['360'],"['37,717元/平']",2人关注 ,3室2厅1厨2卫,['中楼层/共30层'],['南'],['平层/精装'],['95.45平米'],['2022年建'],['中交国贸鹭原'],['集美'],['杏北'],有,两梯六户,['2023-12-15'],['2023-02-17']
17,['中铁诺德逸都 3室2厅 南'],https://xm.lianjia.com/ershoufang/105116836271.html,['165'],"['20,574元/平']",0人关注 ,3室2厅1厨1卫,['高楼层/共27层'],['南'],['平层/毛坯'],['80.2平米'],['2022年建'],['中铁诺德逸都'],['同安'],['同安区'],暂无数据,暂无数据,['2024-04-29'],['2023-05-29']
18,['马銮湾1号 ，业主二次精装30万，可直接拎包入住。'],https://xm.lianjia.com/ershoufang/105113909891.html,['312'],"['30,321元/平']",5人关注 ,3室2厅1厨2卫,['低楼层/共33层'],['南 北'],['平层/精装'],['102.9平米'],['2020年建'],['马銮湾1号'],['海沧'],['马銮湾东'],有,两梯四户,['2023-06-07'],['2023-05-10']
19,['200米1号地铁口 双阳台南北全明格局2房'],https://xm.lianjia.com/ershoufang/105116496504.html,['258'],"['35,256元/平']",5人关注 ,2室2厅1厨1卫,['中楼层/共8层'],['南 北'],['平层/简装'],['73.18平米'],['1994年建'],['康乐新村一期东区'],['湖里'],['南山路'],无,暂无数据,['2024-03-27'],['2020-09-01']
20,['集美海上五月花 高楼层 精装三房两卫'],https://xm.lianjia.com/ershoufang/105116156128.html,['283'],"['25,642元/平']",3人关注 ,3室1厅1厨2卫,['高楼层/共32层'],['南 北'],['平层/精装'],['110.37平米'],['2013年建'],['海上五月花一期'],['集美'],['集美其它'],有,两梯四户,['2024-02-27'],['2014-05-27']
21,['地铁口正规南北大三房 中间楼层 安静不靠主路'],https://xm.lianjia.com/ershoufang/105115693972.html,['758'],"['57,148元/平']",14人关注 ,3室2厅1厨2卫,['中楼层/共28层'],['南'],['平层/简装'],['132.64平米'],['2008年建'],['万科金域蓝湾一期'],['思明'],['瑞景'],有,两梯三户,['2023-12-25'],['2009-05-19']
22,['青春海岸大三房两卫，大阳台，业主急售'],https://xm.lianjia.com/ershoufang/105115383702.html,['228'],"['20,008元/平']",2人关注 ,3室2厅1厨2卫,['低楼层/共33层'],['南 北'],['平层/精装'],['113.96平米'],['2015年建'],['海投青春海岸'],['海沧'],['马銮湾中心片区'],有,两梯五户,['2023-11-20'],['2021-04-23']
23,['深田路 电梯房 南北通透 大三房'],https://xm.lianjia.com/ershoufang/105116079396.html,['698'],"['59,735元/平']",1人关注 ,3室2厅1厨2卫,['低楼层/共8层'],['南 北 西'],['平层/简装'],['116.85平米'],['2000年建'],['深田路'],['思明'],['实验小学及周边'],有,一梯两户,['2024-02-21'],['2015-08-03']
24,['首开龙湖春江彼岸一期 3室2厅 南'],https://xm.lianjia.com/ershoufang/105116245068.html,['199'],"['22,494元/平']",5人关注 ,3室2厅1厨1卫,['高楼层/共31层'],['南'],['平层/精装'],['88.47平米'],['2017年建'],['首开龙湖春江彼岸一期'],['海沧'],['马銮湾中心片区'],有,两梯五户,['2024-03-05'],['2020-10-20']
25,['翔鹭花城 中层精装2房 免个税 看房方便'],https://xm.lianjia.com/ershoufang/105115454542.html,['280'],"['35,005元/平']",2人关注 ,2室2厅1厨1卫,['中楼层/共9层'],['南 北'],['平层/精装'],['79.99平米'],['2008年建'],['翔鹭花城一，二期'],['湖里'],['殿前'],有,一梯四户,['2023-11-28'],['2009-04-16']
26,['国贸天悦 3室2厅 南'],https://xm.lianjia.com/ershoufang/105116511439.html,['315'],"['30,081元/平']",1人关注 ,3室2厅1厨2卫,['低楼层/共32层'],['南'],['平层/精装'],['104.72平米'],['2018年建'],['国贸天悦'],['集美'],['杏北'],有,两梯三户,['2024-03-28'],['2020-11-09']
27,['集美新城 复式四房 楼中楼高得房率 采光通透好 近地铁'],https://xm.lianjia.com/ershoufang/105112827037.html,['310'],"['31,760元/平']",1人关注 ,4室2厅1厨2卫,['低楼层/共33层'],['东南'],['跃层/毛坯'],['97.61平米'],['2016年建'],['龙湖春江郦城一期'],['集美'],['杏北'],有,两梯六户,['2023-02-27'],['2020-10-21']
28,['新装电梯，前后看中庭，南北朝向，满五省税'],https://xm.lianjia.com/ershoufang/105116773220.html,['298'],"['41,516元/平']",2人关注 ,2室2厅1厨1卫,['高楼层/共7层'],['南 北'],['平层/简装'],['71.78平米'],['1997年建'],['金尚小区'],['湖里'],['金尚'],有,一梯两户,['2024-04-23'],['2016-03-28']
29,['集美新城 中航城C区3房2厅2卫2阳台 看九天湖'],https://xm.lianjia.com/ershoufang/105116753288.html,['285'],"['29,032元/平']",5人关注 ,3室1厅1厨2卫,['高楼层/共33层'],['南 西南'],['平层/精装'],['98.17平米'],['2015年建'],['中航城国际社区C区'],['集美'],['集美新城'],有,两梯四户,['2024-04-21'],['2016-12-02']
30,['国贸商城同悦 4室2厅 东南'],https://xm.lianjia.com/ershoufang/105116226430.html,['290'],"['21,709元/平']",1人关注 ,4室2厅1厨2卫,['低楼层/共34层'],['东南'],['平层/精装'],['133.59平米'],['2017年建'],['国贸商城同悦'],['集美'],['集美其它'],有,两梯三户,['2024-03-03'],['2022-06-15']
31,['小区刚刚改造过，近莲坂地铁，格局方正'],https://xm.lianjia.com/ershoufang/105116764782.html,['278'],"['43,904元/平']",1人关注 ,2室1厅1厨1卫,['中楼层/共7层'],['南 北'],['平层/精装'],['63.32平米'],['1999年建'],['医药站宿舍'],['思明'],['富山'],无,暂无数据,['2024-04-22'],['2013-05-23']
32,['中梁正荣府 4室2厅 南 北'],https://xm.lianjia.com/ershoufang/105116492318.html,['275'],"['25,532元/平']",3人关注 ,4室2厅1厨2卫,['中楼层/共26层'],['南 北'],['平层/其他'],['107.71平米'],['未知年建'],['中梁正荣府'],['集美'],['集美新城'],暂无数据,暂无数据,['2024-03-27'],['2024-04-23']
33,['禹洲大学城 2室2厅 南'],https://xm.lianjia.com/ershoufang/105115315983.html,['120'],"['17,570元/平']",8人关注 ,2室2厅1厨1卫,['高楼层/共35层'],['南'],['平层/精装'],['68.3平米'],['2011年建'],['禹洲大学城'],['同安'],['集美其它'],有,三梯十户,['2023-11-12'],['2018-03-14']
34,['好户型 中间楼层 客厅、主卧带阳台'],https://xm.lianjia.com/ershoufang/105116094994.html,['138'],"['16,561元/平']",2人关注 ,2室1厅1厨1卫,['中楼层/共18层'],['西南'],['平层/简装'],['83.33平米'],['2008年建'],['夏商大学康城一期'],['集美'],['锦园'],有,两梯四户,['2024-02-22'],['2013-09-27']
35,['此房朝南通透格局，楼层好视野宽阔，居住环境舒适'],https://xm.lianjia.com/ershoufang/105115491272.html,['110'],"['10,073元/平']",0人关注 ,2室2厅1厨1卫,['中楼层/共21层'],['南'],['平层/精装'],['109.21平米'],['2021年建'],['古龙山语听溪'],['同安'],['同安其它'],暂无数据,暂无数据,['2023-12-01'],['2022-07-06']
36,['21年新装 全明户型  拎包入住 好位置'],https://xm.lianjia.com/ershoufang/105114782169.html,['255'],"['34,558元/平']",6人关注 ,2室1厅1厨1卫,['低楼层/共7层'],['东 东南 南'],['平层/精装'],['73.79平米'],['1997年建'],['金鸡亭小区西区'],['思明'],['金鸡亭'],无,暂无数据,['2023-09-12'],['2021-04-16']
37,['集美新城 学府林立 交通便利 诚意出售'],https://xm.lianjia.com/ershoufang/105115187602.html,['36'],"['14,320元/平']",10人关注 ,1室0厅0厨1卫,['中楼层/共30层'],['东南'],['平层/精装'],['25.14平米'],['2018年建'],['万科云城'],['集美'],['集美新城'],有,三梯二十八户,['2023-10-29'],['2021-08-19']
38,['小户型 松柏 01年电梯房 地铁口 低首付 业主急售'],https://xm.lianjia.com/ershoufang/105113539542.html,['149'],"['35,035元/平']",1人关注 ,1室0厅0厨1卫,['中楼层/共20层'],['西南 西'],['平层/简装'],['42.53平米'],['2002年建'],['长升大厦'],['思明'],['松柏'],有,四梯二十一户,['2023-05-01'],['2005-05-11']
39,['满五，中间楼层，南北朝向，采光通风好'],https://xm.lianjia.com/ershoufang/105114720945.html,['245'],"['30,880元/平']",2人关注 ,2室2厅1厨1卫,['中楼层/共8层'],['南'],['平层/简装'],['79.34平米'],['2002年建'],['集美中心花园'],['集美'],['集美文教区'],无,暂无数据,['2023-09-05'],['2017-07-12']
40,['精装修大四房，真正精装，拎包入住的，高楼层'],https://xm.lianjia.com/ershoufang/105116662191.html,['405'],"['26,907元/平']",2人关注 ,4室2厅1厨2卫,['高楼层/共26层'],['南'],['平层/精装'],['150.52平米'],['2009年建'],['天御小区'],['海沧'],['海沧区政府'],有,两梯四户,['2024-04-12'],['2012-11-22']
41,['融信海上城'],https://xm.lianjia.com/ershoufang/105116806592.html,['68'],"['16,000元/平']",1人关注 ,2室1厅1厨1卫,['低楼层/共26层'],['东'],['跃层/精装'],['42.5平米'],['2016年建'],['融信海上城'],['海沧'],['滨海社区'],有,六梯三十四户,['2024-04-26'],['2022-09-27']
42,['朝南，满二，户型反正，精装三房两卫，业主诚意出售'],https://xm.lianjia.com/ershoufang/105115917998.html,['230'],"['21,297元/平']",5人关注 ,3室2厅1厨2卫,['低楼层/共50层'],['南'],['平层/简装'],['108平米'],['2018年建'],['厦门院子泰禾首玺B区'],['海沧'],['马銮湾中心片区'],有,两梯三户,['2024-01-20'],['2020-04-07']
43,['地铁三号线旁 南山新村 正规3房 装修好 房东诚售'],https://xm.lianjia.com/ershoufang/105116439176.html,['336'],"['33,006元/平']",3人关注 ,3室2厅1厨2卫,['低楼层/共7层'],['南 西 北'],['平层/简装'],['101.8平米'],['未知年建'],['南山新村一期'],['湖里'],['南山路'],暂无数据,暂无数据,['2024-03-22'],['2009-09-16']
44,['公园道朝南格局改三房业主居家精装诚意出售，满五'],https://xm.lianjia.com/ershoufang/105116279202.html,['188'],"['20,983元/平']",0人关注 ,3室2厅1厨1卫,['中楼层/共24层'],['南'],['平层/精装'],['89.6平米'],['2012年建'],['公园道1号'],['同安'],['同安其它'],有,两梯四户,['2024-03-08'],['2013-01-01']
45,['框架好楼层，正规3房2卫，户型方正，可拎包入住。'],https://xm.lianjia.com/ershoufang/105116446075.html,['330'],"['34,951元/平']",2人关注 ,3室2厅1厨2卫,['中楼层/共8层'],['南 北'],['平层/精装'],['94.42平米'],['2001年建'],['金北花园'],['湖里'],['金尚'],无,暂无数据,['2024-03-22'],['2015-06-16']
46,['两室两卫，朝南向，洋房社区，风景湖旁'],https://xm.lianjia.com/ershoufang/105116566341.html,['125'],"['14,998元/平']",1人关注 ,2室2厅1厨2卫,['低楼层/共11层'],['南 北'],['平层/简装'],['83.35平米'],['2018年建'],['招商莱顿小镇'],['集美'],['灌口'],有,两梯两户,['2024-04-03'],['2021-07-15']
47,['万科精装大2房，满五，家具家电全有，拎包入住'],https://xm.lianjia.com/ershoufang/105113130911.html,['100'],"['13,599元/平']",1人关注 ,2室1厅1厨1卫,['低楼层/共35层'],['南'],['平层/精装'],['73.54平米'],['2010年建'],['万科金色悦城'],['翔安'],['马巷'],有,两梯四户,['2023-03-24'],['2013-03-06']
48,['世茂璀璨天城二期 3室1厅 南'],https://xm.lianjia.com/ershoufang/105116755610.html,['355'],"['34,530元/平']",0人关注 ,3室1厅1厨2卫,['高楼层/共34层'],['南'],['跃层/精装'],['102.81平米'],['2019年建'],['世茂璀璨天城二期'],['集美'],['集美新城'],有,两梯八户,['2024-04-21'],['2020-08-27']
49,['厦门全新小区建发玺樾精装品质4房.苏州园林沉浸式体验'],https://xm.lianjia.com/ershoufang/105113639622.html,['750'],"['57,022元/平']",2人关注 ,4室2厅1厨2卫,['中楼层/共15层'],['南 北'],['平层/精装'],['131.53平米'],['未知年建'],['建发玺樾'],['湖里'],['祥店'],暂无数据,暂无数据,['2023-05-11'],['2022-08-29']
50,['集美新城小高层，精装三房，朝南，阳光充足，宽楼距'],https://xm.lianjia.com/ershoufang/105116564570.html,['225'],"['24,802元/平']",0人关注 ,3室2厅1厨1卫,['中楼层/共19层'],['南'],['平层/精装'],['90.72平米'],['2020年建'],['恒大帝景'],['集美'],['集美新城'],有,两梯四户,['2024-04-02'],['2022-03-02']
51,['精装小两房，电梯房，总价低，楼层好，采光好'],https://xm.lianjia.com/ershoufang/105114736061.html,['125'],"['24,462元/平']",2人关注 ,2室1厅1厨1卫,['中楼层/共18层'],['东北'],['平层/精装'],['51.1平米'],['2007年建'],['广场湖畔花园'],['海沧'],['海沧外国语片区'],有,两梯七户,['2023-09-07'],['2019-04-23']
52,['业主诚意出售，正规大4房，精装修，景观很好'],https://xm.lianjia.com/ershoufang/105115632732.html,['335'],"['26,824元/平']",3人关注 ,4室2厅1厨3卫,['高楼层/共47层'],['南 北'],['复式/精装'],['124.89平米'],['2021年建'],['保利叁仟栋壹海里地块二'],['同安'],['环东海域'],暂无数据,暂无数据,['2023-12-17'],['2022-04-26']
53,['高层边套 景观视野良好 格局方正 采光好'],https://xm.lianjia.com/ershoufang/105116109190.html,['259'],"['24,979元/平']",2人关注 ,5室1厅1厨1卫,['高楼层/共18层'],['南 北'],['平层/简装'],['103.69平米'],['2009年建'],['未来海岸蓝水郡'],['海沧'],['海沧体育中心'],有,两梯五户,['2024-02-23'],['2024-03-01']
54,['万科白鹭郡 有天有地别墅 急售'],https://xm.lianjia.com/ershoufang/105113678997.html,['220'],"['22,735元/平']",10人关注 ,4室2厅1厨1卫,['低楼层/共3层'],['南 北'],['跃层/毛坯'],['96.77平米'],['2020年建'],['白鹭郡'],['同安'],['同安其它'],暂无数据,暂无数据,['2023-05-15'],['2021-03-23']
55,['莲坂西小区 封闭式小区，通透大两房，楼层好，安静'],https://xm.lianjia.com/ershoufang/105116859796.html,['330'],"['41,411元/平']",0人关注 ,2室1厅1厨1卫,['中楼层/共6层'],['南'],['平层/精装'],['79.69平米'],['1993年建'],['莲坂西小区'],['思明'],['莲坂'],无,暂无数据,['2024-05-01'],['2017-12-12']
56,['思明火车站花园小区好楼层全明正规朝南三房停车方便'],https://xm.lianjia.com/ershoufang/105115570631.html,['299'],"['39,958元/平']",3人关注 ,3室2厅1厨1卫,['中楼层/共7层'],['东 南 北'],['平层/精装'],['74.83平米'],['1986年建'],['温馨家园'],['思明'],['火车站'],暂无数据,暂无数据,['2023-12-10'],['2021-02-02']
57,['地铁口 精装修 看小区中庭 业主诚售'],https://xm.lianjia.com/ershoufang/105115175163.html,['239'],"['51,465元/平']",2人关注 ,1室1厅1厨1卫,['高楼层/共28层'],['东'],['平层/精装'],['46.44平米'],['2009年建'],['米兰春天'],['思明'],['七星路'],有,三梯八户,['2023-10-28'],['2019-03-22']
58,['天宝大厦 1室0厅 北'],https://xm.lianjia.com/ershoufang/105116783594.html,['159'],"['60,137元/平']",1人关注 ,1室0厅1厨1卫,['高楼层/共31层'],['北'],['平层/简装'],['26.44平米'],['2009年建'],['天宝大厦'],['思明'],['松柏'],有,三梯二十八户,['2024-04-24'],['2017-03-23']
59,['低总价低单价，电梯高层 看山景 3房2厅两卫'],https://xm.lianjia.com/ershoufang/105116369165.html,['360'],"['29,307元/平']",2人关注 ,3室2厅1厨2卫,['高楼层/共19层'],['东 西'],['平层/简装'],['122.84平米'],['1996年建'],['金龙大厦'],['湖里'],['东渡'],有,两梯八户,['2024-03-15'],['2007-01-18']
60,['莱昂公馆 大三房  房东诚意出售'],https://xm.lianjia.com/ershoufang/105114403368.html,['180'],"['20,367元/平']",6人关注 ,3室2厅1厨1卫,['高楼层/共19层'],['南'],['平层/毛坯'],['88.38平米'],['2020年建'],['特房莱昂公馆一期'],['翔安'],['环东海域'],有,两梯五户,['2023-08-02'],['2021-03-01']
61,['新小区 中高楼层 格局方正，采光好 业主诚意出售'],https://xm.lianjia.com/ershoufang/105113546893.html,['188'],"['21,707元/平']",5人关注 ,3室2厅1厨1卫,['中楼层/共17层'],['南 北'],['平层/精装'],['86.61平米'],['2021年建'],['海投白鹭湾'],['海沧'],['马銮湾中心片区'],暂无数据,暂无数据,['2023-05-02'],['2023-07-05']
62,['莲花大厦精装三房，拎包入住，设计合理，采光好'],https://xm.lianjia.com/ershoufang/105114283268.html,['470'],"['53,234元/平']",5人关注 ,3室2厅1厨1卫,['中楼层/共17层'],['东南 东北'],['平层/精装'],['88.29平米'],['2005年建'],['莲花大厦'],['思明'],['莲花一村'],有,三梯十二户,['2023-07-19'],['2007-08-14']
63,['集美外国语，品质新小区中海杏林鹭湾，二次精装'],https://xm.lianjia.com/ershoufang/105115392754.html,['450'],"['42,801元/平']",0人关注 ,3室2厅1厨2卫,['高楼层/共33层'],['东南 南'],['平层/精装'],['105.14平米'],['2020年建'],['中海杏林鹭湾'],['集美'],['集美新城'],暂无数据,暂无数据,['2023-11-21'],['2022-04-29']
64,['建发央著，高楼层采光好，满2年'],https://xm.lianjia.com/ershoufang/105116297845.html,['468'],"['44,755元/平']",0人关注 ,3室2厅1厨2卫,['高楼层/共33层'],['南'],['平层/精装'],['104.57平米'],['2020年建'],['建发央著二期'],['集美'],['集美新城'],有,两梯四户,['2024-03-09'],['2022-02-19']
65,['东坑安居房 3室1厅 南 北'],https://xm.lianjia.com/ershoufang/105116928166.html,['328'],"['25,251元/平']",1人关注 ,3室1厅1厨2卫,['中楼层/共32层'],['南 北'],['平层/毛坯'],['129.9平米'],['2021年建'],['东坑安居房'],['海沧'],['滨海社区'],有,两梯四户,['2024-05-09'],['2023-06-27']
66,['禾祥西 公园小区 电梯高层 采光好 低总价一房'],https://xm.lianjia.com/ershoufang/105116127920.html,['176'],"['44,818元/平']",1人关注 ,1室1厅1厨1卫,['中楼层/共12层'],['北'],['平层/精装'],['39.27平米'],['2003年建'],['新嘉园'],['思明'],['禾祥西路'],有,四梯十七户,['2024-02-25'],['暂无数据']
67,['涵光路 3室1厅 南 北'],https://xm.lianjia.com/ershoufang/105116833958.html,['298'],"['39,824元/平']",6人关注 ,3室1厅1厨1卫,['高楼层/共6层'],['南 北'],['平层/简装'],['74.83平米'],['1991年建'],['涵光路'],['思明'],['莲花一村'],无,暂无数据,['2024-04-29'],['2003-12-24']
68,"['环东海域正规三房三卫出售 ,朝南 采光通风好']",https://xm.lianjia.com/ershoufang/105115306036.html,['153'],"['16,431元/平']",9人关注 ,3室2厅1厨1卫,['高楼层/共34层'],['南'],['平层/精装'],['93.12平米'],['2011年建'],['禹洲大学城'],['同安'],['集美其它'],有,三梯六户,['2023-11-11'],['2017-06-12']
69,['中庭楼芯 保养用心 独门独户 拎包入住 看房方便'],https://xm.lianjia.com/ershoufang/105116814868.html,['368'],"['31,640元/平']",0人关注 ,3室2厅1厨2卫,['低楼层/共33层'],['南 北'],['平层/精装'],['116.31平米'],['2018年建'],['国贸天悦'],['集美'],['杏北'],有,两梯四户,['2024-04-27'],['2019-09-15']
70,['保利叁仟栋 环东海域 满五年 自住精装 交通便利'],https://xm.lianjia.com/ershoufang/105116722439.html,['265'],"['25,849元/平']",5人关注 ,4室1厅1厨2卫,['低楼层/共18层'],['南 北'],['跃层/精装'],['102.52平米'],['2017年建'],['保利叁仟栋一期'],['同安'],['环东海域'],有,两梯四户,['2024-04-18'],['2019-04-02']
71,['海上世界 厦鼓码头 二号线地铁口邮轮城站 邮轮城二期'],https://xm.lianjia.com/ershoufang/105116886820.html,['485'],"['49,581元/平']",2人关注 ,2室2厅1厨1卫,['低楼层/共30层'],['西南'],['平层/精装'],['97.82平米'],['2011年建'],['国际邮轮城二期'],['湖里'],['邮轮城'],有,两梯四户,['2024-05-05'],['2013-06-26']
72,['莲岳里小户型，朝南，低楼层，总价低，带精装修'],https://xm.lianjia.com/ershoufang/105116812933.html,['238'],"['63,552元/平']",1人关注 ,1室1厅1厨1卫,['低楼层/共7层'],['南'],['平层/精装'],['37.45平米'],['1991年建'],['莲岳里小区西区'],['思明'],['松柏'],无,暂无数据,['2024-04-26'],['2019-04-29']
73,['双地铁口、花园式园林小区、景观漂亮，二期安静楼栋'],https://xm.lianjia.com/ershoufang/105114650939.html,['208'],"['23,653元/平']",4人关注 ,3室1厅1厨1卫,['中楼层/共32层'],['南'],['平层/精装'],['87.94平米'],['2018年建'],['龙湖春江彼岸二期'],['海沧'],['马銮湾中心片区'],有,三梯六户,['2023-08-29'],['2021-03-30']
74,['高层全湖景公摊小好房楼下带房间复式层高3米'],https://xm.lianjia.com/ershoufang/105115599622.html,['398'],"['47,129元/平']",2人关注 ,3室2厅1厨2卫,['高楼层/共13层'],['东南 南'],['跃层/精装'],['84.45平米'],['2018年建'],['世茂璀璨天城一期'],['集美'],['集美新城'],有,两梯八户,['2023-12-13'],['2020-06-01']
75,['刚需家庭，低总价，社区新，近地铁'],https://xm.lianjia.com/ershoufang/105116630494.html,['345'],"['41,136元/平']",10人关注 ,3室2厅1厨1卫,['中楼层/共12层'],['南 北'],['平层/精装'],['83.87平米'],['2012年建'],['金枋世家一期'],['湖里'],['枋湖'],有,两梯四户,['2024-04-09'],['2024-04-09']
76,['高层看全海景  采光充足，户型通透，进出岛方便'],https://xm.lianjia.com/ershoufang/105109170572.html,['242'],"['19,693元/平']",1人关注 ,3室1厅1厨1卫,['高楼层/共33层'],['南 北'],['平层/毛坯'],['122.89平米'],['2014年建'],['阳光城翡丽湾一期'],['翔安'],['翔安新城'],有,两梯四户,['2021-11-03'],['2017-04-06']
77,['松柏小户型 地铁口 电梯房 带阳台'],https://xm.lianjia.com/ershoufang/105116271790.html,['160'],"['47,733元/平']",1人关注 ,1室0厅1厨1卫,['低楼层/共19层'],['北'],['平层/简装'],['33.52平米'],['2012年建'],['一代风华'],['思明'],['松柏'],有,两梯二十一户,['2024-03-07'],['2014-09-02']
78,['地铁站康乐新村东区 南北 1梯两户 光线好 三面采光'],https://xm.lianjia.com/ershoufang/105113373858.html,['246'],"['34,401元/平']",4人关注 ,2室1厅1厨1卫,['低楼层/共8层'],['南 北'],['平层/精装'],['71.51平米'],['1998年建'],['康乐新村一期东区'],['湖里'],['南山路'],无,暂无数据,['2023-04-15'],['2009-05-06']
79,['中联B.R.T品质好房，刚需上车SHOU选'],https://xm.lianjia.com/ershoufang/105116537267.html,['156'],"['16,755元/平']",1人关注 ,3室2厅1厨2卫,['低楼层/共16层'],['南 北'],['平层/精装'],['93.11平米'],['2017年建'],['中联观云溪'],['同安'],['同安区'],有,两梯四户,['2024-03-31'],['2019-01-21']
80,['楼梯边套靠里面一排安静精装3张床7米衣柜没占用可度书'],https://xm.lianjia.com/ershoufang/105116798300.html,['88'],"['24,337元/平']",0人关注 ,1室1厅1厨1卫,['中楼层/共6层'],['南'],['平层/精装'],['36.16平米'],['2006年建'],['未来橙堡'],['海沧'],['海沧体育中心'],无,暂无数据,['2024-04-25'],['2022-06-09']
81,['地铁站水晶尚庭精装三房未入住过格局采光好'],https://xm.lianjia.com/ershoufang/105116906742.html,['216'],"['24,529元/平']",0人关注 ,3室2厅1厨2卫,['低楼层/共32层'],['南 北'],['平层/精装'],['88.06平米'],['2023年建'],['住宅水晶尚庭'],['海沧'],['马銮湾中心片区'],有,两梯四户,['2024-05-07'],['2023-09-01']
82,['屿后南里 3室1厅 南 北'],https://xm.lianjia.com/ershoufang/105116926276.html,['360'],"['45,062元/平']",1人关注 ,3室1厅1厨1卫,['中楼层/共7层'],['南 北'],['平层/简装'],['79.89平米'],['未知年建'],['屿后南里'],['思明'],['松柏'],无,暂无数据,['2024-05-08'],['2004-07-09']
83,['恒大帝景 东边套精装三房两卫 全新没住过 有钥匙'],https://xm.lianjia.com/ershoufang/105114737527.html,['298'],"['24,811元/平']",5人关注 ,3室2厅1厨2卫,['低楼层/共31层'],['南 北'],['平层/精装'],['120.11平米'],['2019年建'],['恒大帝景'],['集美'],['集美新城'],有,两梯四户,['2023-09-07'],['2021-11-10']
84,['上新！瑞景新村 正中庭精装两房 好楼层，省税'],https://xm.lianjia.com/ershoufang/105116590176.html,['348'],"['45,832元/平']",0人关注 ,2室2厅1厨1卫,['中楼层/共7层'],['南 北'],['平层/精装'],['75.93平米'],['2000年建'],['瑞景新村鸣凤苑'],['思明'],['瑞景'],无,暂无数据,['2024-04-05'],['2007-05-22']
85,['此房精装五房，朝东南采光好，业主稳定'],https://xm.lianjia.com/ershoufang/105116304186.html,['360'],"['26,991元/平']",4人关注 ,5室1厅1厨2卫,['低楼层/共34层'],['南 北'],['平层/精装'],['133.38平米'],['2014年建'],['禹洲尊海'],['海沧'],['海沧体育中心'],有,两梯四户,['2024-03-10'],['2019-03-15']
86,['滨北08年花园小区，低总价单身公寓有燃气入户业主诚售'],https://xm.lianjia.com/ershoufang/105116880901.html,['228'],"['48,521元/平']",0人关注 ,1室1厅1厨1卫,['低楼层/共26层'],['北'],['平层/精装'],['46.99平米'],['2009年建'],['米兰春天'],['思明'],['七星路'],有,两梯十户,['2024-05-04'],['2019-12-10']
87,['近地铁、小户型、低总价、湖海双景'],https://xm.lianjia.com/ershoufang/105115819645.html,['87'],"['25,439元/平']",2人关注 ,1室1厅1厨1卫,['高楼层/共17层'],['南'],['平层/简装'],['34.2平米'],['2017年建'],['碧水芳庭'],['海沧'],['海沧生活区'],有,三梯二十一户,['2024-01-09'],['2019-05-17']
88,['建发品质 怡家园物业，小三房户型  看中庭位置'],https://xm.lianjia.com/ershoufang/105115998122.html,['428'],"['48,737元/平']",9人关注 ,3室1厅1厨1卫,['低楼层/共23层'],['南'],['平层/简装'],['87.82平米'],['2011年建'],['中央美地'],['湖里'],['枋湖'],有,两梯四户,['2024-02-01'],['2019-12-20']
89,['看湖景边套，住在公园里的房子，视野开阔.'],https://xm.lianjia.com/ershoufang/105116931473.html,['200'],"['22,528元/平']",0人关注 ,3室2厅1厨2卫,['中楼层/共18层'],['东南'],['平层/精装'],['88.78平米'],['2021年建'],['融侨观澜'],['集美'],['灌口'],有,两梯四户,['2024-05-09'],['2022-04-05']
90,['建发海玥和鸣 开发商精装修三房 拎包入住'],https://xm.lianjia.com/ershoufang/105116849265.html,['218'],"['28,246元/平']",0人关注 ,3室1厅1厨1卫,['高楼层/共27层'],['南 北'],['平层/精装'],['77.18平米'],['2022年建'],['海玥和鸣'],['海沧'],['马銮湾中心片区'],有,两梯五户,['2024-04-30'],['2023-06-09']
91,['枋湖 五缘湾 精装两房 中高楼层 电梯房 新小区'],https://xm.lianjia.com/ershoufang/105114829501.html,['450'],"['51,172元/平']",11人关注 ,2室2厅1厨1卫,['中楼层/共23层'],['南'],['平层/精装'],['87.94平米'],['2012年建'],['中央美地'],['湖里'],['枋湖'],有,两梯四户,['2023-09-17'],['2012-10-22']
92,['摩登时代，精装，空户，业主换房诚意出售，'],https://xm.lianjia.com/ershoufang/105116544626.html,['218'],"['44,508元/平']",0人关注 ,1室1厅1厨1卫,['中楼层/共30层'],['西'],['平层/精装'],['48.98平米'],['2006年建'],['摩登时代'],['思明'],['松柏'],有,四梯二十户,['2024-04-01'],['2007-07-16']
93,['此房满五，楼层采光好，视野宽阔，一线海景，交通便利'],https://xm.lianjia.com/ershoufang/105116938807.html,['241'],"['26,484元/平']",1人关注 ,3室1厅1厨1卫,['低楼层/共37层'],['东南'],['平层/精装'],['91平米'],['2014年建'],['禹洲中央海岸一期'],['集美'],['杏林桥头'],有,三梯六户,['2024-05-09'],['2015-04-02']
94,['建发央著一期  高层 自住配置  随时看房空户空XUE位'],https://xm.lianjia.com/ershoufang/105116483813.html,['399'],"['42,339元/平']",1人关注 ,3室2厅1厨2卫,['中楼层/共39层'],['南'],['平层/精装'],['94.24平米'],['2020年建'],['建发央著一期'],['集美'],['集美新城'],有,两梯四户,['2024-03-26'],['2022-03-29']
95,['兴港花园三期朝中庭，安静，边套三面采光'],https://xm.lianjia.com/ershoufang/105115815730.html,['202'],"['19,859元/平']",2人关注 ,3室1厅1厨2卫,['中楼层/共11层'],['南 北'],['平层/简装'],['101.72平米'],['2010年建'],['兴港花园三期'],['海沧'],['海沧外国语片区'],有,一梯六户,['2024-01-09'],['2022-05-06']
96,['莲花路口 地铁一号线  电梯高层  精装4房  空户'],https://xm.lianjia.com/ershoufang/105115336153.html,['660'],"['50,633元/平']",0人关注 ,4室2厅1厨2卫,['中楼层/共35层'],['东北'],['平层/精装'],['130.35平米'],['1994年建'],['香江大花园'],['思明'],['莲花一村'],有,三梯八户,['2023-11-15'],['2016-10-10']
97,['特房银溪墅府二期，楼栋位置安静，精装大2房视野看海'],https://xm.lianjia.com/ershoufang/105116923350.html,['185'],"['21,605元/平']",0人关注 ,2室1厅1厨1卫,['高楼层/共23层'],['东南 南'],['平层/精装'],['85.63平米'],['2018年建'],['特房银溪墅府图尔花园'],['翔安'],['环东海域'],有,两梯四户,['2024-05-08'],['2019-04-01']
98,['沧二小区 1室1厅 南 北'],https://xm.lianjia.com/ershoufang/105116797689.html,['120'],"['24,396元/平']",0人关注 ,1室1厅1厨1卫,['中楼层/共6层'],['南 北'],['平层/精装'],['49.19平米'],['2000年建'],['沧二小区'],['海沧'],['海沧生活区'],无,暂无数据,['2024-04-25'],['2011-04-08']
99,['国贸品质，建发管理， 改好2房，买入即入住'],https://xm.lianjia.com/ershoufang/105116216856.html,['180'],"['40,993元/平']",2人关注 ,2室1厅1厨1卫,['低楼层/共18层'],['北'],['平层/精装'],['43.91平米'],['2006年建'],['国贸阳光'],['湖里'],['祥店'],有,两梯八户,['2024-03-03'],['2015-07-28']
100,['近地铁和招商花园城的高层精装两房只有契税现买现住'],https://xm.lianjia.com/ershoufang/105115724708.html,['178'],"['24,421元/平']",10人关注 ,2室2厅1厨1卫,['高楼层/共30层'],['南'],['平层/精装'],['72.89平米'],['2017年建'],['首开龙湖春江彼岸一期'],['海沧'],['马銮湾中心片区'],有,两梯五户,['2023-12-29'],['2019-12-24']
101,['BRT龙山桥站 电梯 4房 南北 单价41990元 看房有锁'],https://xm.lianjia.com/ershoufang/105116938874.html,['638'],"['41,994元/平']",0人关注 ,4室2厅1厨2卫,['低楼层/共12层'],['南 北'],['错层/精装'],['151.93平米'],['2005年建'],['金沙花园'],['思明'],['金鸡亭'],有,一梯两户,['2024-05-09'],['2009-04-27']
102,['东边套 高层 复式楼 视野开阔 使用面积大'],https://xm.lianjia.com/ershoufang/105116783175.html,['220'],"['21,426元/平']",4人关注 ,3室2厅1厨2卫,['高楼层/共32层'],['南'],['跃层/精装'],['102.68平米'],['2019年建'],['首开龙湖春江彼岸一期'],['海沧'],['马銮湾中心片区'],有,两梯六户,['2024-04-24'],['2022-05-24']
103,['龙湖精装四房 拎包入住 门口风景湖 公摊小 看中庭'],https://xm.lianjia.com/ershoufang/105116537310.html,['239'],"['27,000元/平']",0人关注 ,4室2厅1厨2卫,['中楼层/共12层'],['东南'],['平层/精装'],['88.52平米'],['2019年建'],['景粼原著'],['集美'],['灌口'],有,一梯两户,['2024-03-31'],['2022-03-01']
104,['中南九锦台 3室2厅 东南'],https://xm.lianjia.com/ershoufang/105116160990.html,['260'],"['27,725元/平']",1人关注 ,3室2厅1厨2卫,['高楼层/共26层'],['东南'],['平层/精装'],['93.78平米'],['2021年建'],['中南九锦台'],['翔安'],['翔安新城'],有,两梯四户,['2024-02-27'],['2022-03-29']
105,['禹洲精装修三房，采光好，户型房子，看中庭侧面看海'],https://xm.lianjia.com/ershoufang/105116466695.html,['238'],"['26,471元/平']",0人关注 ,3室1厅1厨1卫,['中楼层/共38层'],['东南'],['平层/精装'],['89.91平米'],['2014年建'],['禹洲中央海岸二期'],['集美'],['杏林桥头'],有,两梯四户,['2024-03-24'],['2016-07-05']
106,['采 光充足。有二次装修，家具电齐.'],https://xm.lianjia.com/ershoufang/105116894539.html,['43.9'],"['15,170元/平']",2人关注 ,1室1厅1厨1卫,['中楼层/共11层'],['西南'],['平层/简装'],['28.94平米'],['2012年建'],['永建顶尚'],['湖里'],['枋湖'],有,两梯三十一户,['2024-05-05'],['2019-01-14']
107,['滨东小，万象城旁，南北正规两房'],https://xm.lianjia.com/ershoufang/105116587778.html,['269'],"['47,385元/平']",1人关注 ,2室1厅1厨1卫,['高楼层/共6层'],['南 北'],['平层/简装'],['56.77平米'],['未知年建'],['湖滨南路251-300号'],['思明'],['禾祥东路'],暂无数据,暂无数据,['2024-04-05'],['2023-01-01']
108,['环东海域 改善复式 四房两厅两卫 精装修 交通方便'],https://xm.lianjia.com/ershoufang/105116856434.html,['309.9'],"['25,604元/平']",0人关注 ,4室2厅1厨2卫,['低楼层/共42层'],['南'],['跃层/精装'],['121.04平米'],['2020年建'],['融信·铂悦湾'],['同安'],['同安区'],有,两梯一户,['2024-05-01'],['2022-03-29']
109,['集美海上五月花精装修边套大三房'],https://xm.lianjia.com/ershoufang/105116899931.html,['282'],"['25,551元/平']",4人关注 ,3室2厅1厨2卫,['中楼层/共32层'],['南 北'],['平层/精装'],['110.37平米'],['2013年建'],['海上五月花一期'],['集美'],['集美其它'],有,两梯四户,['2024-05-06'],['2016-08-03']
110,['环东海景大两房 精装拎包入住 业主诚意出售'],https://xm.lianjia.com/ershoufang/105116546285.html,['148'],"['17,290元/平']",1人关注 ,2室2厅1厨1卫,['中楼层/共35层'],['东南'],['平层/精装'],['85.6平米'],['2011年建'],['禹洲大学城'],['同安'],['集美其它'],有,三梯十户,['2024-04-01'],['2015-11-26']
111,['世茂璀璨天城3房2卫丨业主二次装修过丨楼下就是商场'],https://xm.lianjia.com/ershoufang/105116220000.html,['388'],"['36,764元/平']",1人关注 ,3室2厅1厨2卫,['中楼层/共34层'],['南 北'],['跃层/精装'],['105.54平米'],['2019年建'],['世茂璀璨天城二期'],['集美'],['集美新城'],有,两梯八户,['2024-03-03'],['2020-09-04']
112,['急  双阳台   龙湖精装四房     诚意出售    满两年'],https://xm.lianjia.com/ershoufang/105113165400.html,['239'],"['27,346元/平']",0人关注 ,4室2厅1厨2卫,['低楼层/共12层'],['西南'],['平层/精装'],['87.4平米'],['2019年建'],['景粼原著'],['集美'],['灌口'],有,一梯两户,['2023-03-28'],['2021-08-31']
113,['集美新城精装边套三房 中庭位置 满五省个税'],https://xm.lianjia.com/ershoufang/105112952295.html,['245'],"['27,510元/平']",25人关注 ,3室1厅1厨1卫,['低楼层/共33层'],['东南'],['平层/精装'],['89.06平米'],['2015年建'],['中航城国际社区C区'],['集美'],['集美新城'],有,两梯六户,['2023-03-09'],['2015-07-31']
114,['绿苑小区一期 1室1厅 东'],https://xm.lianjia.com/ershoufang/105116455960.html,['155'],"['29,235元/平']",2人关注 ,1室1厅1厨1卫,['中楼层/共17层'],['东'],['平层/简装'],['53.02平米'],['2009年建'],['绿苑小区一期'],['海沧'],['滨海社区'],有,两梯六户,['2024-03-23'],['2015-02-04']
115,['南北朝向，位置好，不靠马路，适合自住'],https://xm.lianjia.com/ershoufang/105112744376.html,['135'],"['14,300元/平']",4人关注 ,2室2厅1厨1卫,['低楼层/共30层'],['南'],['平层/精装'],['94.41平米'],['2014年建'],['首开领翔国际'],['翔安'],['新店'],有,两梯四户,['2023-02-21'],['2015-02-22']
116,['古龙公寓 2室1厅 南'],https://xm.lianjia.com/ershoufang/105116185634.html,['138'],"['55,355元/平']",1人关注 ,2室1厅1厨1卫,['中楼层/共9层'],['南'],['复式/简装'],['24.93平米'],['2005年建'],['古龙公寓'],['湖里'],['保税区'],有,一梯二十四户,['2024-02-29'],['2016-10-14']
117,['两房两厅朝南看海，三面彩光，格局好'],https://xm.lianjia.com/ershoufang/105116581678.html,['299'],"['32,325元/平']",2人关注 ,2室1厅1厨1卫,['低楼层/共24层'],['东南'],['平层/精装'],['92.5平米'],['2009年建'],['泉舜滨海上城'],['海沧'],['滨海社区'],有,两梯四户,['2024-04-04'],['2014-12-16']
118,['前埔北区  一梯两户 南北通透，三面采光，免个税'],https://xm.lianjia.com/ershoufang/105116527974.html,['416'],"['43,365元/平']",3人关注 ,3室2厅1厨2卫,['中楼层/共6层'],['南 北'],['平层/简装'],['95.93平米'],['2004年建'],['前埔北区一里'],['思明'],['前埔'],无,暂无数据,['2024-03-30'],['2016-03-18']
119,['业主自住装修，看房方便拎包入住'],https://xm.lianjia.com/ershoufang/105112744258.html,['206'],"['22,230元/平']",2人关注 ,3室2厅1厨1卫,['低楼层/共31层'],['东南'],['平层/精装'],['92.67平米'],['2014年建'],['金城湾花园'],['海沧'],['未来海岸北师大'],有,两梯八户,['2023-02-21'],['2022-08-22']
120,['怡景花园 中间楼层 采光好 诚意出售  价格好谈'],https://xm.lianjia.com/ershoufang/105115832618.html,['99'],"['33,847元/平']",6人关注 ,1室0厅1厨1卫,['中楼层/共8层'],['北'],['平层/精装'],['29.25平米'],['1994年建'],['怡景花园'],['湖里'],['湖里大道'],无,暂无数据,['2024-01-10'],['2021-08-31']
121,['集美新城诚毅广场地铁口，双阳台，精装3房安静'],https://xm.lianjia.com/ershoufang/105115419270.html,['235'],"['26,225元/平']",14人关注 ,3室2厅1厨1卫,['低楼层/共33层'],['东南 南'],['平层/精装'],['89.61平米'],['2014年建'],['莲花新城一期'],['集美'],['集美新城'],有,两梯四户,['2023-11-24'],['2020-01-03']
122,['莲花，全明户型，楼层好，诚意出售，'],https://xm.lianjia.com/ershoufang/105116513542.html,['320'],"['37,564元/平']",4人关注 ,3室2厅1厨1卫,['中楼层/共7层'],['南 北'],['平层/简装'],['85.19平米'],['2000年建'],['通仕达小区'],['思明'],['莲花'],无,暂无数据,['2024-03-28'],['2000-03-02']
123,['集美新城正规2房比较少，全明设计，全朝南，看湖。'],https://xm.lianjia.com/ershoufang/105116820983.html,['208'],"['29,230元/平']",1人关注 ,2室1厅1厨1卫,['高楼层/共40层'],['东南'],['平层/精装'],['71.16平米'],['2014年建'],['中航城国际社区C区'],['集美'],['集美新城'],有,三梯六户,['2024-04-27'],['2016-05-25']
124,['火车站万象城电梯高层，精装三房，阳台比较大'],https://xm.lianjia.com/ershoufang/105116310466.html,['400'],"['51,388元/平']",2人关注 ,3室1厅1厨1卫,['中楼层/共18层'],['东 北'],['平层/精装'],['77.84平米'],['2001年建'],['富城花园'],['思明'],['富山'],有,一梯九户,['2024-03-11'],['2017-03-03']
125,['一双片区 名汇广场 08年电梯房 低总价 楼层好诚意出售'],https://xm.lianjia.com/ershoufang/105116757509.html,['218'],"['58,808元/平']",0人关注 ,1室1厅1厨1卫,['中楼层/共9层'],['东南'],['平层/精装'],['37.07平米'],['2008年建'],['名汇广场'],['思明'],['中山路'],有,四梯五十六户,['2024-04-21'],['2016-07-21']
126,['天湖城自住精装高层三房业主诚意出售'],https://xm.lianjia.com/ershoufang/105116625738.html,['298'],"['27,898元/平']",1人关注 ,3室1厅1厨1卫,['高楼层/共33层'],['南 北'],['平层/精装'],['106.82平米'],['2012年建'],['天湖城'],['海沧'],['海沧区政府'],有,两梯四户,['2024-04-09'],['2014-05-20']
127,['康城正规两房，高楼层，大阳台 采光好'],https://xm.lianjia.com/ershoufang/105116254342.html,['145'],"['17,140元/平']",2人关注 ,2室1厅1厨1卫,['中楼层/共16层'],['南 西南'],['平层/简装'],['84.6平米'],['2008年建'],['夏商大学康城一期'],['集美'],['锦园'],有,两梯四户,['2024-03-06'],['2017-03-12']
128,['05年电梯 地铁口、BRT沿线、精装修三房 低总价'],https://xm.lianjia.com/ershoufang/105116790064.html,['298'],"['55,360元/平']",1人关注 ,3室1厅1厨2卫,['低楼层/共22层'],['北'],['跃层/精装'],['53.83平米'],['2007年建'],['九龙城'],['思明'],['火车站'],有,四梯四十三户,['2024-04-24'],['2021-05-27']
129,['4房2卫100米地铁口南北向满五无其他房入户全倒板'],https://xm.lianjia.com/ershoufang/105116922527.html,['163'],"['22,779元/平']",0人关注 ,4室2厅1厨2卫,['低楼层/共20层'],['南 北'],['平层/毛坯'],['71.56平米'],['2013年建'],['厦航高郡'],['同安'],['同安其它'],有,两梯两户,['2024-05-08'],['2014-01-03']
130,['一手业主 换房诚意出售 随时看房'],https://xm.lianjia.com/ershoufang/105116911122.html,['365'],"['48,778元/平']",0人关注 ,2室1厅1厨1卫,['中楼层/共6层'],['南 北'],['平层/简装'],['74.83平米'],['1991年建'],['涵光路'],['思明'],['莲花一村'],无,暂无数据,['2024-05-07'],['2021-08-03']
131,['万达广场 中层朝北 小面积 总价低 稳定出售 采光不错'],https://xm.lianjia.com/ershoufang/105115364495.html,['53'],"['12,650元/平']",1人关注 ,1室0厅1厨1卫,['中楼层/共31层'],['北'],['平层/简装'],['41.9平米'],['2012年建'],['万达广场'],['湖里'],['万达广场'],有,四梯十七户,['2023-11-18'],['2023-06-06']
132,['海沧天御近地铁小区，电梯三房，朝南采光好'],https://xm.lianjia.com/ershoufang/105114959854.html,['321'],"['28,080元/平']",0人关注 ,3室1厅1厨2卫,['中楼层/共32层'],['南'],['平层/简装'],['114.32平米'],['2007年建'],['天御小区'],['海沧'],['海沧区政府'],有,两梯四户,['2023-10-04'],['2012-08-02']
133,['精装三房业主自住保养好 交通便利'],https://xm.lianjia.com/ershoufang/105116617726.html,['233'],"['26,307元/平']",4人关注 ,3室2厅1厨1卫,['中楼层/共33层'],['东南'],['平层/精装'],['88.57平米'],['2015年建'],['橡树湾三期'],['集美'],['杏北'],有,两梯两户,['2024-04-08'],['2017-02-20']
134,['槟榔，莲坂，双地铁口，精装两房出售。'],https://xm.lianjia.com/ershoufang/105116546839.html,['288'],"['53,974元/平']",3人关注 ,2室1厅1厨1卫,['低楼层/共6层'],['南 北'],['平层/精装'],['53.36平米'],['1988年建'],['槟榔东里单号区'],['思明'],['槟榔'],无,暂无数据,['2024-04-01'],['2014-09-25']
135,['湖滨南 禾祥西 禾祥小 中楼层 精装一房边套西南北'],https://xm.lianjia.com/ershoufang/105112253498.html,['189'],"['47,274元/平']",2人关注 ,1室1厅1厨1卫,['中楼层/共6层'],['南 西 北'],['平层/精装'],['39.98平米'],['1983年建'],['湖滨南路66号-200号'],['思明'],['禾祥西路'],无,暂无数据,['2022-12-11'],['2020-12-01']
136,['中山路 南中广场1房 带露台 民立 空户'],https://xm.lianjia.com/ershoufang/105116523704.html,['238.2'],"['64,923元/平']",0人关注 ,1室1厅1厨1卫,['高楼层/共5层'],['南'],['平层/精装'],['36.69平米'],['2009年建'],['南中广场'],['思明'],['中山路'],有,五梯九十七户,['2024-03-29'],['2010-07-27']
137,['一梯两户，中间楼层，产权在手，诚意出售'],https://xm.lianjia.com/ershoufang/105115630617.html,['296'],"['38,938元/平']",4人关注 ,2室1厅1厨1卫,['中楼层/共6层'],['南 北'],['平层/简装'],['76.02平米'],['未知年建'],['玉亭里'],['思明'],['莲花一村'],无,暂无数据,['2023-12-17'],['2017-05-22']
138,['精装复式高层看湖景，全新未入住，产权满二，地铁沿线'],https://xm.lianjia.com/ershoufang/105113442168.html,['350'],"['34,064元/平']",1人关注 ,3室2厅1厨2卫,['高楼层/共34层'],['南'],['跃层/精装'],['102.75平米'],['2019年建'],['世茂璀璨天城二期'],['集美'],['集美新城'],有,两梯八户,['2023-04-21'],['2020-08-27']
139,['厅带阳台朝南，小区中庭位置，视野宽阔。'],https://xm.lianjia.com/ershoufang/105112976079.html,['248'],"['37,696元/平']",4人关注 ,2室1厅1厨1卫,['高楼层/共8层'],['南 北'],['平层/精装'],['65.79平米'],['1994年建'],['侨建花园 '],['思明'],['SM'],无,暂无数据,['2023-03-11'],['2011-01-13']
140,['东坑安居房 标准小俩房  精装修 拎包入住'],https://xm.lianjia.com/ershoufang/105116721489.html,['180'],"['30,051元/平']",0人关注 ,2室1厅1厨1卫,['中楼层/共26层'],['南 北'],['平层/精装'],['59.9平米'],['2021年建'],['东坑安居房'],['海沧'],['滨海社区'],有,两梯五户,['2024-04-17'],['2023-10-07']
141,['：户型方正带湖海双景外阳台，离地铁商场近'],https://xm.lianjia.com/ershoufang/105116623860.html,['270'],"['26,381元/平']",0人关注 ,3室2厅1厨2卫,['低楼层/共31层'],['东南'],['平层/精装'],['102.35平米'],['2019年建'],['首开龙湖春江彼岸三期'],['海沧'],['马銮湾中心片区'],有,三梯六户,['2024-04-09'],['2022-05-05']
142,['中层 南北 一梯两户 双阳台 位置安静 采光充足'],https://xm.lianjia.com/ershoufang/105112120583.html,['328'],"['36,809元/平']",7人关注 ,3室1厅1厨1卫,['中楼层/共8层'],['南 北'],['平层/简装'],['89.11平米'],['1995年建'],['仙阁里花园'],['思明'],['SM'],无,暂无数据,['2022-11-24'],['2020-01-16']
143,['小区后排看山安静 有三个阳台 中间楼层'],https://xm.lianjia.com/ershoufang/105116906834.html,['448'],"['50,006元/平']",1人关注 ,2室1厅1厨2卫,['中楼层/共12层'],['南 北'],['平层/精装'],['89.59平米'],['2011年建'],['东晖广场'],['湖里'],['枋湖'],有,一梯三户,['2024-05-07'],['2015-10-28']
144,['岳阳精装三房空间大，有固定车位，不计面积活动室12平'],https://xm.lianjia.com/ershoufang/105115356902.html,['298'],"['39,258元/平']",4人关注 ,3室1厅1厨1卫,['中楼层/共7层'],['南 北'],['平层/精装'],['75.91平米'],['1996年建'],['岳阳西里'],['思明'],['岳阳社区'],无,暂无数据,['2023-11-17'],['2009-06-22']
145,['高林居住区一里 3室1厅 南'],https://xm.lianjia.com/ershoufang/105115750068.html,['272'],"['37,601元/平']",7人关注 ,3室1厅1厨1卫,['高楼层/共30层'],['南'],['平层/简装'],['72.34平米'],['2009年建'],['高林居住区一里'],['湖里'],['万达广场'],有,两梯六户,['2024-01-02'],['2020-08-17']
146,['城上城靠山看公园 一梯两户 客厅带阳台朝南'],https://xm.lianjia.com/ershoufang/105113246621.html,['728'],"['56,100元/平']",4人关注 ,4室2厅1厨2卫,['中楼层/共14层'],['南 北'],['错层/精装'],['129.77平米'],['2012年建'],['禹洲城上城'],['湖里'],['枋湖'],有,一梯两户,['2023-04-04'],['2020-12-30']
147,['框架结构 楼梯小高层 南北2房 户型方正 客厅朝南'],https://xm.lianjia.com/ershoufang/105116940022.html,['306'],"['39,489元/平']",3人关注 ,2室1厅1厨1卫,['中楼层/共8层'],['南 北'],['平层/简装'],['77.49平米'],['未知年建'],['美湖花园'],['思明'],['禾祥西路'],无,暂无数据,['2024-05-10'],['1999-03-12']
148,['低总价边套 有窗户采光充足 全明格局'],https://xm.lianjia.com/ershoufang/105115993296.html,['65'],"['15,819元/平']",8人关注 ,2室2厅1厨1卫,['低楼层/共26层'],['西'],['跃层/简装'],['41.09平米'],['2016年建'],['融信海上城'],['海沧'],['滨海社区'],有,六梯三十六户,['2024-01-31'],['2017-02-05']
149,['家门口地铁+商场  正规两房 双阳台 采光好'],https://xm.lianjia.com/ershoufang/105106229515.html,['210'],"['24,205元/平']",42人关注 ,2室2厅1厨1卫,['中楼层/共36层'],['南'],['平层/毛坯'],['86.76平米'],['2018年建'],['海投第一湾'],['海沧'],['马銮湾东'],有,两梯四户,['2021-01-10'],['2021-10-01']
150,['特房樾琴湾 边套100平三房两卫 中高楼层'],https://xm.lianjia.com/ershoufang/105116852339.html,['251'],"['25,063元/平']",0人关注 ,3室2厅1厨2卫,['中楼层/共29层'],['南'],['平层/精装'],['100.15平米'],['2020年建'],['特房樾琴湾'],['同安'],['环东海域'],有,两梯六户,['2024-04-30'],['2021-05-28']
151,['低总价 少卖朝南户型 楼下地铁50米'],https://xm.lianjia.com/ershoufang/105116287320.html,['199'],"['43,852元/平']",0人关注 ,1室1厅1厨1卫,['中楼层/共31层'],['东南'],['平层/简装'],['45.38平米'],['2009年建'],['华天花园'],['思明'],['莲坂'],有,四梯二十户,['2024-03-08'],['2019-05-29']
152,['配套齐全，精装拎包入住业主诚意出售！'],https://xm.lianjia.com/ershoufang/105116896720.html,['299'],"['36,020元/平']",1人关注 ,2室2厅1厨1卫,['高楼层/共18层'],['南'],['平层/精装'],['83.01平米'],['2013年建'],['绿苑新城一组团'],['海沧'],['滨海社区'],有,两梯六户,['2024-05-06'],['2019-08-17']
153,['单价低  户型方正  朝南大三房  中间楼层  诚意出售'],https://xm.lianjia.com/ershoufang/105116927322.html,['225'],"['18,978元/平']",0人关注 ,3室2厅1厨2卫,['中楼层/共6层'],['南 北'],['平层/简装'],['118.56平米'],['2005年建'],['宏大花园'],['海沧'],['未来海岸北师大'],无,暂无数据,['2024-05-08'],['2006-01-16']
154,['隧道口整栋别墅，地面三层，地下一层，看房有钥匙。'],https://xm.lianjia.com/ershoufang/105112053182.html,['300'],"['34,587元/平']",36人关注 ,5室3厅1厨3卫,['共3层'],['南'],['跃层/毛坯'],['86.74平米'],['2021年建'],['世茂国风明月'],['翔安'],['翔安新城'],,,['2022-11-16'],['2022-08-03']
155,['国贸品质 通透户型 大三房精装修'],https://xm.lianjia.com/ershoufang/105116734107.html,['388'],"['31,040元/平']",1人关注 ,3室2厅1厨2卫,['中楼层/共32层'],['南'],['平层/精装'],['125平米'],['2018年建'],['国贸天悦'],['集美'],['杏北'],有,两梯三户,['2024-04-19'],['2024-04-25']
156,['万象城地铁口，滨东小，两房南北双阳台，看小区中庭。'],https://xm.lianjia.com/ershoufang/105116921807.html,['299'],"['46,278元/平']",0人关注 ,2室1厅1厨1卫,['中楼层/共6层'],['南 北'],['平层/简装'],['64.61平米'],['1988年建'],['湖滨南路251-300号'],['思明'],['禾祥东路'],无,暂无数据,['2024-05-08'],['2016-03-01']
157,['融信海上城'],https://xm.lianjia.com/ershoufang/105116050174.html,['148'],"['23,810元/平']",0人关注 ,3室1厅1厨2卫,['高楼层/共26层'],['东南 南'],['跃层/精装'],['62.16平米'],['2016年建'],['融信海上城'],['海沧'],['滨海社区'],有,六梯二十二户,['2024-02-19'],['2017-03-28']
158,['低总价 视野开阔 看房方便 业主诚意出售'],https://xm.lianjia.com/ershoufang/105116602732.html,['75'],"['21,930元/平']",2人关注 ,1室1厅1厨1卫,['中楼层/共17层'],['北'],['平层/简装'],['34.2平米'],['2017年建'],['碧水芳庭'],['海沧'],['海沧生活区'],有,三梯二十一户,['2024-04-07'],['2022-01-04']
159,['芸溪二期，1楼带60平院子，精装3房2卫，看房方便'],https://xm.lianjia.com/ershoufang/105116636675.html,['188'],"['17,610元/平']",0人关注 ,3室2厅1厨2卫,['低楼层/共6层'],['南'],['平层/精装'],['106.76平米'],['2007年建'],['芸溪居住公园(二期)'],['同安'],['同安其它'],无,暂无数据,['2024-04-10'],['2019-01-01']
160,['累计降价100万，97年框架好房，楼层适中，精装修'],https://xm.lianjia.com/ershoufang/105110689268.html,['220'],"['28,550元/平']",5人关注 ,2室2厅1厨1卫,['中楼层/共7层'],['南 北'],['平层/精装'],['77.06平米'],['未知年建'],['海山路'],['湖里'],['东渡'],无,暂无数据,['2022-06-07'],['2006-09-29']
161,['招商花园城旁边套三房双阳台精装三房满五年哦'],https://xm.lianjia.com/ershoufang/105116400434.html,['188'],"['21,072元/平']",9人关注 ,3室2厅1厨1卫,['中楼层/共18层'],['南'],['平层/精装'],['89.22平米'],['2015年建'],['海投青春海岸'],['海沧'],['马銮湾中心片区'],有,两梯四户,['2024-03-18'],['2016-08-03']
162,['水晶湖郡无遮挡看湖，鸟语花香，坐等佳音'],https://xm.lianjia.com/ershoufang/105116174766.html,['299'],"['30,570元/平']",4人关注 ,3室2厅1厨1卫,['中楼层/共27层'],['西南'],['平层/精装'],['97.81平米'],['2017年建'],['水晶湖郡C区'],['集美'],['集美新城'],有,两梯四户,['2024-02-28'],['2018-04-16']
163,['松柏，天宝大厦，单身公寓，诚意出售，带阳台。'],https://xm.lianjia.com/ershoufang/105116000049.html,['155'],"['60,880元/平']",1人关注 ,1室0厅0厨1卫,['高楼层/共31层'],['东'],['平层/精装'],['25.46平米'],['2009年建'],['天宝大厦'],['思明'],['松柏'],有,三梯二十八户,['2024-02-02'],['2013-04-01']
164,['实用3房，朝向好，东南安静，看海景，诚意出售'],https://xm.lianjia.com/ershoufang/105113002036.html,['238'],"['26,480元/平']",9人关注 ,3室2厅1厨1卫,['中楼层/共38层'],['东南'],['平层/简装'],['89.88平米'],['2016年建'],['禹洲中央海岸二期'],['集美'],['杏林桥头'],有,两梯四户,['2023-03-14'],['2020-10-13']
165,['金山小区 南北通透 户型好 楼层好'],https://xm.lianjia.com/ershoufang/105116778312.html,['368'],"['34,351元/平']",2人关注 ,3室2厅1厨2卫,['中楼层/共6层'],['南 北'],['平层/简装'],['107.13平米'],['2002年建'],['金山小区'],['湖里'],['金山'],无,暂无数据,['2024-04-23'],['2013-06-25']
166,['两房朝南，精装拎包入住，中间楼层，全明户型'],https://xm.lianjia.com/ershoufang/105115561995.html,['240'],"['34,116元/平']",2人关注 ,2室1厅1厨1卫,['中楼层/共9层'],['南'],['平层/精装'],['70.35平米'],['1995年建'],['金鸡亭小区西区'],['思明'],['金鸡亭'],无,暂无数据,['2023-12-09'],['2014-01-24']
167,['中楼层，户型方正，正规两房，精装修可拎包入住！'],https://xm.lianjia.com/ershoufang/105112586458.html,['172'],"['22,329元/平']",15人关注 ,2室2厅1厨1卫,['中楼层/共7层'],['南 北'],['平层/精装'],['77.03平米'],['2000年建'],['大金门花园'],['海沧'],['海沧生活区'],无,暂无数据,['2023-02-08'],['2020-11-12']
168,['翔安新城   精装大两房   满五年省税   低价出售'],https://xm.lianjia.com/ershoufang/105116318210.html,['160'],"['20,290元/平']",6人关注 ,2室1厅1厨1卫,['低楼层/共40层'],['南'],['平层/精装'],['78.86平米'],['2018年建'],['世茂御海墅'],['翔安'],['翔安新城'],有,两梯四户,['2024-03-11'],['2019-03-12']
169,['南部精装大复式 动静分离 楼龄新 环境好 近公园近地铁'],https://xm.lianjia.com/ershoufang/105116904710.html,['380'],"['33,044元/平']",45人关注 ,4室2厅1厨3卫,['中楼层/共23层'],['东 南 北'],['跃层/精装'],['115平米'],['2020年建'],['世茂国风揽星'],['翔安'],['翔安新城'],有,四梯九户,['2024-05-06'],['2022-05-07']
170,['翔安新城隧道口 一线海景精装三房 拧包入住'],https://xm.lianjia.com/ershoufang/105114730937.html,['178'],"['20,836元/平']",1人关注 ,3室1厅1厨1卫,['高楼层/共33层'],['东南'],['平层/精装'],['85.43平米'],['2014年建'],['阳光城翡丽湾一期'],['翔安'],['翔安新城'],有,两梯六户,['2023-09-06'],['2016-07-18']
171,['快乐天地高层 正规三房两厅双卫三阳台，采光视野好！'],https://xm.lianjia.com/ershoufang/105116858981.html,['450'],"['36,780元/平']",3人关注 ,3室2厅1厨2卫,['高楼层/共29层'],['西北'],['平层/简装'],['122.35平米'],['2009年建'],['第二城快乐天地'],['湖里'],['祥店'],有,三梯六户,['2024-05-01'],['2009-09-27']
172,['出门到学堂免一家10年风吹日晒雨淋孩子安心家长省心'],https://xm.lianjia.com/ershoufang/105115466495.html,['325'],"['50,766元/平']",2人关注 ,2室1厅1厨1卫,['中楼层/共7层'],['南 北'],['平层/简装'],['64.02平米'],['1995年建'],['长青北里小区'],['思明'],['松柏'],无,暂无数据,['2023-11-29'],['2018-04-25']
173,['北附  禹洲尊海高层看湖海 四房精装修 业主诚意出售'],https://xm.lianjia.com/ershoufang/105115460910.html,['360'],"['31,819元/平']",2人关注 ,4室2厅1厨2卫,['高楼层/共39层'],['东南 南'],['平层/精装'],['113.14平米'],['2014年建'],['禹洲尊海'],['海沧'],['海沧体育中心'],有,三梯四户,['2023-11-28'],['2018-07-06']
174,['国贸天悦 看公园中庭，景观视野都很好，业主急售'],https://xm.lianjia.com/ershoufang/105116843293.html,['336'],"['32,086元/平']",0人关注 ,3室2厅1厨2卫,['低楼层/共32层'],['南'],['平层/精装'],['104.72平米'],['2018年建'],['国贸天悦'],['集美'],['杏北'],有,两梯三户,['2024-04-30'],['2018-06-13']
175,['火车站 官邸大厦 楼中楼 电梯精装两房'],https://xm.lianjia.com/ershoufang/105114049102.html,['229'],"['67,334元/平']",3人关注 ,2室1厅1厨1卫,['中楼层/共16层'],['西北'],['跃层/精装'],['34.01平米'],['2005年建'],['官邸大厦'],['思明'],['富山'],有,六梯五十三户,['2023-06-22'],['2019-04-13']
176,['塘边地铁口一号线，低总价三房中间楼层'],https://xm.lianjia.com/ershoufang/105116523709.html,['298'],"['30,587元/平']",6人关注 ,3室1厅1厨1卫,['中楼层/共7层'],['西南'],['平层/简装'],['97.43平米'],['2003年建'],['新湖花园'],['湖里'],['湖里大道'],无,暂无数据,['2024-03-29'],['2010-01-01']
177,['封闭小区 楼层高视野好 正规 单身公寓  诚意出售'],https://xm.lianjia.com/ershoufang/105113198076.html,['51.8'],"['16,694元/平']",0人关注 ,1室0厅1厨1卫,['中楼层/共35层'],['西北'],['平层/精装'],['31.03平米'],['2012年建'],['禹洲大学城'],['同安'],['集美其它'],有,三梯十户,['2023-03-30'],['2014-12-15']
178,['商品房，税收低，精装修可以拎包入住，南北通透'],https://xm.lianjia.com/ershoufang/105115909466.html,['339'],"['23,348元/平']",0人关注 ,4室1厅1厨2卫,['高楼层/共33层'],['南 北'],['平层/精装'],['145.2平米'],['2014年建'],['水云湾'],['海沧'],['未来海岸北师大'],有,两梯四户,['2024-01-19'],['2022-04-02']
179,['火车站 建发品质 时尚国际 2房 边套户型 南北通透'],https://xm.lianjia.com/ershoufang/105115642266.html,['385'],"['48,575元/平']",8人关注 ,2室2厅1厨1卫,['中楼层/共25层'],['东 南 北'],['平层/简装'],['79.26平米'],['2008年建'],['时尚国际'],['思明'],['火车站'],有,三梯十户,['2023-12-19'],['2010-01-29']
180,['祥店 建发玺樾 高层精装4房 南北向  拎包入住'],https://xm.lianjia.com/ershoufang/105115508753.html,['750'],"['56,931元/平']",1人关注 ,4室2厅1厨2卫,['高楼层/共18层'],['南 北'],['平层/精装'],['131.74平米'],['2020年建'],['建发玺樾'],['湖里'],['祥店'],暂无数据,暂无数据,['2023-12-03'],['2022-03-04']
181,['全明格局，看房方便可拎包入住，采光充足。。。。'],https://xm.lianjia.com/ershoufang/105111975339.html,['325'],"['31,612元/平']",0人关注 ,3室2厅1厨2卫,['中楼层/共10层'],['南'],['复式/简装'],['102.81平米'],['2006年建'],['古龙明珠'],['集美'],['集美文教区'],有,一梯四户,['2022-11-07'],['2015-11-14']
182,['莲坂地铁口 标准2房，朝南带阳台，户型方正'],https://xm.lianjia.com/ershoufang/105115451934.html,['305'],"['46,551元/平']",4人关注 ,2室1厅1厨1卫,['中楼层/共7层'],['南'],['平层/简装'],['65.52平米'],['1998年建'],['富山花园紫荆苑'],['思明'],['莲坂'],无,暂无数据,['2023-11-27'],['2003-08-05']
183,['明发半岛祥湾A区 2室2厅 南 北'],https://xm.lianjia.com/ershoufang/105116730761.html,['172'],"['18,902元/平']",1人关注 ,2室2厅1厨1卫,['高楼层/共26层'],['南 北'],['平层/精装'],['91平米'],['2014年建'],['明发半岛祥湾A区'],['翔安'],['翔安新城'],有,两梯四户,['2024-04-18'],['2022-07-18']
184,['精装修二房 采光无遮挡，看中庭，交通便利，环境好！'],https://xm.lianjia.com/ershoufang/105116660906.html,['168'],"['23,157元/平']",7人关注 ,2室2厅1厨1卫,['中楼层/共32层'],['南'],['平层/精装'],['72.55平米'],['2018年建'],['龙湖春江彼岸二期'],['海沧'],['马銮湾中心片区'],有,三梯六户,['2024-04-12'],['2021-12-06']
185,"['海韵北区次顶楼,高楼层电梯,面山望海,']",https://xm.lianjia.com/ershoufang/105115249643.html,['580'],"['56,780元/平']",8人关注 ,3室2厅1厨1卫,['高楼层/共18层'],['南'],['平层/毛坯'],['102.15平米'],['2016年建'],['海韵北区'],['思明'],['曾厝垵'],有,两梯两户,['2023-11-05'],['2021-07-09']
186,['低总价 视野开阔 看房方便 业主诚意出售'],https://xm.lianjia.com/ershoufang/105116602732.html,['75'],"['21,930元/平']",2人关注 ,1室1厅1厨1卫,['中楼层/共17层'],['北'],['平层/简装'],['34.2平米'],['2017年建'],['碧水芳庭'],['海沧'],['海沧生活区'],有,三梯二十一户,['2024-04-07'],['2022-01-04']
187,['朝南看中庭动静分离，中楼层精装修保养好，看房有钥匙'],https://xm.lianjia.com/ershoufang/105115068093.html,['142'],"['17,296元/平']",1人关注 ,2室2厅1厨1卫,['中楼层/共26层'],['南'],['平层/精装'],['82.1平米'],['2013年建'],['美地雅登祥吴六里'],['翔安'],['新店'],有,两梯四户,['2023-10-16'],['2014-12-31']
188,['火车站刚需2房，低总价，房东十分诚意卖，价格好谈'],https://xm.lianjia.com/ershoufang/105115125148.html,['215'],"['34,324元/平']",5人关注 ,2室2厅1厨1卫,['中楼层/共8层'],['南 北'],['平层/精装'],['62.64平米'],['1994年建'],['瓷厂宿舍'],['思明'],['火车站'],无,暂无数据,['2023-10-22'],['2021-09-04']
189,['电梯高层 无遮挡 视野开阔，全明格局 精装3房'],https://xm.lianjia.com/ershoufang/105115488062.html,['338'],"['40,689元/平']",6人关注 ,3室1厅1厨1卫,['高楼层/共18层'],['东北'],['平层/精装'],['83.07平米'],['2010年建'],['东浦花园'],['思明'],['火车站'],有,两梯六户,['2023-12-01'],['2021-11-05']
190,['彼岸精装两房，大客厅，大阳台，朝南'],https://xm.lianjia.com/ershoufang/105113159873.html,['339'],"['33,819元/平']",111人关注 ,3室2厅1厨1卫,['高楼层/共18层'],['东南 南'],['平层/精装'],['100.24平米'],['2011年建'],['彼岸'],['海沧'],['滨海社区'],有,两梯四户,['2023-03-27'],['2021-08-11']
191,['新房交付未入住 业主急售价格可以谈 看房方便'],https://xm.lianjia.com/ershoufang/105116677473.html,['160'],"['19,766元/平']",0人关注 ,2室1厅1厨1卫,['中楼层/共21层'],['南'],['平层/精装'],['80.95平米'],['2021年建'],['招商1872'],['海沧'],['海沧农场'],有,两梯四户,['2024-04-13'],['2022-08-25']
192,['近地铁、招商花园城旁，单价低小四房'],https://xm.lianjia.com/ershoufang/105116849807.html,['200'],"['20,709元/平']",0人关注 ,4室2厅1厨2卫,['低楼层/共28层'],['南'],['复式/毛坯'],['96.58平米'],['2017年建'],['首开龙湖春江彼岸一期'],['海沧'],['马銮湾中心片区'],有,三梯六户,['2024-04-30'],['2021-04-01']
193,['是您想要的朝南大露台，小区安静，交通便利，中间楼层'],https://xm.lianjia.com/ershoufang/105115688029.html,['158'],"['18,595元/平']",40人关注 ,2室1厅1厨2卫,['中楼层/共16层'],['南'],['平层/精装'],['84.97平米'],['2010年建'],['汇景新城中心'],['翔安'],['新店'],有,两梯三户,['2023-12-24'],['2010-09-10']
194,['朝南高层观海景。精装带全屋家具家电，拎包入住'],https://xm.lianjia.com/ershoufang/105116150746.html,['125'],"['20,526元/平']",0人关注 ,1室1厅1厨1卫,['高楼层/共39层'],['南'],['平层/精装'],['60.9平米'],['2016年建'],['金都海尚国际'],['同安'],['环东海域'],有,三梯五户,['2024-02-27'],['2016-09-30']
195,['满五，高层，景观好，阳光好，大四房'],https://xm.lianjia.com/ershoufang/105115853492.html,['320'],"['29,896元/平']",1人关注 ,4室2厅1厨2卫,['高楼层/共34层'],['南'],['错层/精装'],['107.04平米'],['2008年建'],['禹洲华侨金海岸'],['海沧'],['海沧体育中心'],有,三梯四户,['2024-01-13'],['2010-07-29']
196,['店长推荐乐海商圈 三面采光 中间楼层 看中庭 视野开阔'],https://xm.lianjia.com/ershoufang/105116759528.html,['168'],"['16,636元/平']",1人关注 ,3室2厅1厨2卫,['中楼层/共18层'],['南 北'],['平层/毛坯'],['100.99平米'],['2016年建'],['建发中央天悦'],['同安'],['同安其它'],有,两梯四户,['2024-04-21'],['2021-01-07']
197,['此房朝向好，采光好，格局好，视野宽阔'],https://xm.lianjia.com/ershoufang/105116899015.html,['80'],"['8,705元/平']",0人关注 ,3室2厅1厨1卫,['低楼层/共33层'],['南 北'],['平层/精装'],['91.91平米'],['2015年建'],['巴厘香泉'],['同安'],['同安其它'],有,两梯三户,['2024-05-06'],['2024-04-17']
198,['老市区板块，南北通透2房，安静不沿街'],https://xm.lianjia.com/ershoufang/105115714232.html,['266'],"['39,934元/平']",2人关注 ,2室1厅1厨1卫,['中楼层/共8层'],['南 北'],['平层/简装'],['66.61平米'],['1991年建'],['厦罐宿舍'],['思明'],['禾祥西路'],无,暂无数据,['2023-12-28'],['2019-12-20']
199,['满五省税，双阳台，两梯三户，旁边有200平露台'],https://xm.lianjia.com/ershoufang/105116794568.html,['283'],"['31,459元/平']",3人关注 ,3室2厅1厨2卫,['高楼层/共42层'],['东南'],['平层/精装'],['89.96平米'],['2014年建'],['万科金域华府二期'],['集美'],['杏林桥头'],有,三梯三户,['2024-04-25'],['2015-09-23']
200,['将军祠地铁口  花园小区  精装2房  拎包入住'],https://xm.lianjia.com/ershoufang/105116228253.html,['392'],"['53,146元/平']",1人关注 ,3室1厅1厨1卫,['中楼层/共7层'],['南 北'],['平层/精装'],['73.76平米'],['2004年建'],['万寿新城'],['思明'],['文园路'],无,暂无数据,['2024-03-04'],['2010-09-17']
201,['户型方正，客厅带阳台朝南房间都朝南采光通风好'],https://xm.lianjia.com/ershoufang/105116295288.html,['319'],"['39,267元/平']",1人关注 ,3室1厅1厨1卫,['高楼层/共7层'],['南 北'],['平层/精装'],['81.24平米'],['1994年建'],['侨建花园 '],['思明'],['SM'],无,暂无数据,['2024-03-09'],['2010-04-20']
202,['视野开阔，配套齐全，采光好！B RT沿线，热闹，人气足'],https://xm.lianjia.com/ershoufang/105116152314.html,['29'],"['13,495元/平']",3人关注 ,1室0厅1厨1卫,['高楼层/共30层'],['北'],['平层/精装'],['21.49平米'],['2018年建'],['万科云城'],['集美'],['集美新城'],有,三梯二十八户,['2024-02-27'],['2020-05-12']
203,['金銮湾精装三房 一线海景 宽广的海平线无遮挡'],https://xm.lianjia.com/ershoufang/105115742073.html,['252'],"['23,314元/平']",0人关注 ,3室2厅1厨1卫,['中楼层/共31层'],['东南'],['平层/精装'],['108.09平米'],['2012年建'],['金銮湾'],['集美'],['杏南'],有,两梯三户,['2023-12-31'],['2014-03-21']
204,['水晶湖郡无遮挡看湖，鸟语花香，坐等佳音'],https://xm.lianjia.com/ershoufang/105116174766.html,['299'],"['30,570元/平']",4人关注 ,3室2厅1厨1卫,['中楼层/共27层'],['西南'],['平层/精装'],['97.81平米'],['2017年建'],['水晶湖郡C区'],['集美'],['集美新城'],有,两梯四户,['2024-02-28'],['2018-04-16']
205,['思明区，15年次新房，地铁2号线，门口商场，边套三房'],https://xm.lianjia.com/ershoufang/105116786869.html,['499'],"['46,200元/平']",4人关注 ,3室1厅1厨1卫,['低楼层/共39层'],['东 南 北'],['平层/精装'],['108.01平米'],['2014年建'],['鑫塔水尚'],['思明'],['观音山'],有,两梯五户,['2024-04-24'],['暂无数据']
206,['松柏，天宝大厦，单身公寓，诚意出售，带阳台。'],https://xm.lianjia.com/ershoufang/105116000049.html,['155'],"['60,880元/平']",1人关注 ,1室0厅0厨1卫,['高楼层/共31层'],['东'],['平层/精装'],['25.46平米'],['2009年建'],['天宝大厦'],['思明'],['松柏'],有,三梯二十八户,['2024-02-02'],['2013-04-01']
207,['实用3房，朝向好，东南安静，看海景，诚意出售'],https://xm.lianjia.com/ershoufang/105113002036.html,['238'],"['26,480元/平']",9人关注 ,3室2厅1厨1卫,['中楼层/共38层'],['东南'],['平层/简装'],['89.88平米'],['2016年建'],['禹洲中央海岸二期'],['集美'],['杏林桥头'],有,两梯四户,['2023-03-14'],['2020-10-13']
208,['万科城海景三房，全新未入住，外地工作，闲置出售'],https://xm.lianjia.com/ershoufang/105111770596.html,['210'],"['23,349元/平']",2人关注 ,3室2厅1厨1卫,['高楼层/共42层'],['西南'],['平层/精装'],['89.94平米'],['2016年建'],['万科城三期'],['海沧'],['马銮湾东'],有,三梯六户,['2022-10-14'],['2019-08-09']
209,['新盘1872业主外地置换诚意出售'],https://xm.lianjia.com/ershoufang/105116685400.html,['170'],"['18,084元/平']",2人关注 ,3室2厅1厨2卫,['中楼层/共21层'],['南'],['平层/精装'],['94.01平米'],['2021年建'],['招商1872'],['海沧'],['海沧农场'],有,两梯四户,['2024-04-14'],['2022-09-01']
210,['未来橙堡 2室2厅 南'],https://xm.lianjia.com/ershoufang/105116636108.html,['159.8'],"['19,036元/平']",2人关注 ,2室2厅1厨1卫,['中楼层/共6层'],['南'],['跃层/简装'],['83.95平米'],['2005年建'],['未来橙堡'],['海沧'],['海沧体育中心'],无,暂无数据,['2024-04-10'],['2009-02-02']
211,['建发次新房 产权满五，开发商精装，高层，看房方便'],https://xm.lianjia.com/ershoufang/105115229806.html,['520'],"['48,332元/平']",18人关注 ,3室2厅1厨2卫,['中楼层/共27层'],['南'],['平层/精装'],['107.59平米'],['2016年建'],['建发中央天成'],['湖里'],['祥店'],有,两梯四户,['2023-11-02'],['2023-11-15']
212,['松柏刚改造成熟小区，楼层好空户朝南户型，看房方便！'],https://xm.lianjia.com/ershoufang/105115476519.html,['299'],"['41,095元/平']",0人关注 ,2室1厅1厨1卫,['中楼层/共7层'],['东南'],['平层/简装'],['72.76平米'],['1993年建'],['江头K小区'],['思明'],['松柏'],无,暂无数据,['2023-11-30'],['2010-07-21']
213,['集美新城精装通透边套3房，看杏林湾，采光通风好。'],https://xm.lianjia.com/ershoufang/105116470225.html,['260'],"['28,989元/平']",0人关注 ,3室1厅1厨1卫,['中楼层/共30层'],['东南'],['平层/精装'],['89.69平米'],['2014年建'],['中航城国际社区C区'],['集美'],['集美新城'],有,两梯五户,['2024-03-25'],['2015-01-16']
214,['电梯房，高层，小二房，格局佳，采光好，视野开阔。'],https://xm.lianjia.com/ershoufang/105115408370.html,['155'],"['36,317元/平']",11人关注 ,2室1厅1厨1卫,['高楼层/共26层'],['西北'],['平层/精装'],['42.68平米'],['2007年建'],['建邦大厦'],['湖里'],['江头'],有,三梯二十二户,['2023-11-23'],['2021-04-14']
215,['封闭式管理小区  电梯朝南 高档装修 拎包入住'],https://xm.lianjia.com/ershoufang/105114826207.html,['335'],"['54,775元/平']",6人关注 ,2室1厅1厨1卫,['中楼层/共11层'],['东南'],['平层/精装'],['61.16平米'],['2001年建'],['大洲新世纪广场'],['思明'],['富山'],有,一梯十七户,['2023-09-17'],['2012-04-26']
216,['蓝湾半岛 高楼层看海3房 南北通透 阳光充足'],https://xm.lianjia.com/ershoufang/105116115798.html,['458'],"['37,896元/平']",6人关注 ,3室2厅1厨2卫,['高楼层/共18层'],['南 北'],['平层/简装'],['120.86平米'],['2008年建'],['中骏蓝湾半岛'],['海沧'],['滨海社区'],有,两梯三户,['2024-02-23'],['2008-10-15']
217,['地铁1号线文灶站，城市花园，居家朝南两房，全明格局'],https://xm.lianjia.com/ershoufang/105115913122.html,['380'],"['51,428元/平']",3人关注 ,2室2厅1厨1卫,['低楼层/共26层'],['东南'],['平层/精装'],['73.89平米'],['1999年建'],['城市花园'],['思明'],['火车站'],有,三梯八户,['2024-01-20'],['2009-04-29']
218,['二期中层，朝南2房带2卫，安静居家'],https://xm.lianjia.com/ershoufang/105116822173.html,['445'],"['50,534元/平']",2人关注 ,2室2厅1厨2卫,['中楼层/共22层'],['南'],['平层/简装'],['88.06平米'],['2011年建'],['中央美地'],['湖里'],['枋湖'],有,两梯四户,['2024-04-28'],['2015-06-07']
219,['金城湾花园 2室1厅 西南'],https://xm.lianjia.com/ershoufang/105116161943.html,['99.9'],"['25,362元/平']",0人关注 ,2室1厅0厨1卫,['高楼层/共31层'],['西南'],['平层/简装'],['39.39平米'],['2014年建'],['金城湾花园'],['海沧'],['未来海岸北师大'],有,两梯八户,['2024-02-27'],['2022-07-18']
220,['满五，高层，景观好，阳光好，大四房'],https://xm.lianjia.com/ershoufang/105115853492.html,['320'],"['29,896元/平']",1人关注 ,4室2厅1厨2卫,['高楼层/共34层'],['南'],['错层/精装'],['107.04平米'],['2008年建'],['禹洲华侨金海岸'],['海沧'],['海沧体育中心'],有,三梯四户,['2024-01-13'],['2010-07-29']
221,['SM旁，思明松柏，十年出一套的房源'],https://xm.lianjia.com/ershoufang/105115218433.html,['246'],"['44,071元/平']",10人关注 ,2室1厅1厨1卫,['中楼层/共9层'],['南'],['平层/精装'],['55.82平米'],['1996年建'],['源盛花园'],['思明'],['松柏'],有,一梯六户,['2023-11-01'],['2012-03-09']
222,['店长推荐乐海商圈 三面采光 中间楼层 看中庭 视野开阔'],https://xm.lianjia.com/ershoufang/105116759528.html,['168'],"['16,636元/平']",1人关注 ,3室2厅1厨2卫,['中楼层/共18层'],['南 北'],['平层/毛坯'],['100.99平米'],['2016年建'],['建发中央天悦'],['同安'],['同安其它'],有,两梯四户,['2024-04-21'],['2021-01-07']
223,['莲花公园旁边！精装修三房南北，小区中楼层'],https://xm.lianjia.com/ershoufang/105113306572.html,['398'],"['47,303元/平']",5人关注 ,3室1厅1厨1卫,['中楼层/共6层'],['南 北'],['平层/精装'],['84.14平米'],['1988年建'],['玉亭里'],['思明'],['莲花一村'],无,暂无数据,['2023-04-09'],['2017-06-14']
224,['BRT沿线金鸡亭 低总价  全明三房  看房方便'],https://xm.lianjia.com/ershoufang/105116266704.html,['266'],"['27,588元/平']",7人关注 ,3室1厅1厨1卫,['高楼层/共7层'],['南 北'],['平层/简装'],['96.42平米'],['1997年建'],['金鸡亭小区西区'],['思明'],['金鸡亭'],无,暂无数据,['2024-03-07'],['2003-09-17']
225,['奥特莱斯旁新小区 四房两卫边套 高层海景房'],https://xm.lianjia.com/ershoufang/105116055081.html,['225'],"['19,254元/平']",1人关注 ,4室2厅1厨2卫,['中楼层/共40层'],['南'],['平层/精装'],['116.86平米'],['2018年建'],['世茂御海墅'],['翔安'],['翔安新城'],暂无数据,暂无数据,['2024-02-19'],['2019-05-05']
226,['一手业主，满五年，框架，精装一房一厅.诚意出售'],https://xm.lianjia.com/ershoufang/105116599486.html,['202'],"['41,267元/平']",4人关注 ,1室1厅1厨1卫,['低楼层/共12层'],['北'],['平层/精装'],['48.95平米'],['2013年建'],['东晖广场'],['湖里'],['枋湖'],有,两梯八户,['2024-04-07'],['2017-07-05']
227,['马青路地铁口，正规大三房，明厨明卫，生活交通便利'],https://xm.lianjia.com/ershoufang/105115810030.html,['219'],"['19,705元/平']",7人关注 ,3室2厅1厨2卫,['低楼层/共6层'],['南'],['平层/简装'],['111.14平米'],['2000年建'],['海福广场小区'],['海沧'],['海沧生活区'],无,暂无数据,['2024-01-08'],['2013-01-10']
228,['区政府边上 低密度小区 精装两房 南北通透'],https://xm.lianjia.com/ershoufang/105116074355.html,['116.8'],"['14,996元/平']",0人关注 ,2室2厅1厨1卫,['低楼层/共6层'],['南 北'],['平层/精装'],['77.89平米'],['2010年建'],['东方新城三区'],['翔安'],['新店'],无,暂无数据,['2024-02-20'],['2019-08-08']
229,['花园小区公园小，电梯在动工 精装 宽敞舒适厨卫带窗'],https://xm.lianjia.com/ershoufang/105113610794.html,['348'],"['49,348元/平']",4人关注 ,2室2厅1厨1卫,['高楼层/共9层'],['西南'],['平层/精装'],['70.52平米'],['1986年建'],['美仁新村北区'],['思明'],['公园小学及周边'],无,暂无数据,['2023-05-08'],['2020-03-06']
230,['思北 思东商厦电梯  海景2房 双阳台'],https://xm.lianjia.com/ershoufang/105116620873.html,['498'],"['51,261元/平']",5人关注 ,2室1厅1厨1卫,['高楼层/共12层'],['南 北'],['平层/简装'],['97.15平米'],['1998年建'],['思东商厦'],['思明'],['思北'],有,一梯四户,['2024-04-08'],['2001-09-12']
231,['带电梯此房南北通透，客厅带阳台，三面采光，装修好'],https://xm.lianjia.com/ershoufang/105116400595.html,['360'],"['41,408元/平']",2人关注 ,3室2厅1厨1卫,['中楼层/共7层'],['南 北'],['平层/精装'],['86.94平米'],['2000年建'],['金尚小区'],['湖里'],['金尚'],有,一梯两户,['2024-03-18'],['2001-03-08']
232,['地铁口 2号线 电梯住家温馨2房'],https://xm.lianjia.com/ershoufang/105116316781.html,['229'],"['36,281元/平']",0人关注 ,2室1厅1厨1卫,['中楼层/共14层'],['西北'],['平层/精装'],['63.12平米'],['2005年建'],['一元花园二期'],['湖里'],['金尚'],有,一梯六户,['2024-03-11'],['2018-10-31']
233,['海沧桥头 融信海上城环境好  重新装修'],https://xm.lianjia.com/ershoufang/105116489130.html,['129'],"['22,127元/平']",1人关注 ,3室2厅1厨2卫,['低楼层/共26层'],['西北'],['跃层/精装'],['58.3平米'],['2016年建'],['融信海上城'],['海沧'],['滨海社区'],有,六梯二十户,['2024-03-26'],['2021-09-23']
234,['精装修二房 采光无遮挡，看中庭，交通便利，环境好！'],https://xm.lianjia.com/ershoufang/105116660906.html,['168'],"['23,157元/平']",7人关注 ,2室2厅1厨1卫,['中楼层/共32层'],['南'],['平层/精装'],['72.55平米'],['2018年建'],['龙湖春江彼岸二期'],['海沧'],['马銮湾中心片区'],有,三梯六户,['2024-04-12'],['2021-12-06']
235,['建发花园，中间楼层，南北朝向，三房格局，低总价、'],https://xm.lianjia.com/ershoufang/105115604449.html,['398'],"['42,099元/平']",0人关注 ,3室2厅1厨1卫,['中楼层/共9层'],['南 北'],['平层/精装'],['94.54平米'],['2000年建'],['建发花园'],['思明'],['火车站'],无,暂无数据,['2023-12-14'],['2011-03-04']
236,['2015年小区！莲花公园边上，朝南户型看公园'],https://xm.lianjia.com/ershoufang/105116690880.html,['598'],"['69,868元/平']",2人关注 ,2室2厅1厨1卫,['高楼层/共19层'],['东南'],['平层/精装'],['85.59平米'],['2014年建'],['信和中央广场'],['思明'],['莲花一村'],有,三梯十四户,['2024-04-15'],['2015-02-26']
237,['公园片区，富华广场06年新房 南北通 一梯两户'],https://xm.lianjia.com/ershoufang/105114294666.html,['738'],"['59,311元/平']",1人关注 ,3室2厅1厨2卫,['中楼层/共11层'],['南 北'],['平层/精装'],['124.43平米'],['2006年建'],['富华广场'],['思明'],['公园小学及周边'],有,一梯两户,['2023-07-20'],['2014-06-14']
238,['屿后南里 1室1厅 南 北'],https://xm.lianjia.com/ershoufang/105116831428.html,['238'],"['47,515元/平']",1人关注 ,1室1厅1厨1卫,['中楼层/共7层'],['南 北'],['平层/简装'],['50.09平米'],['1991年建'],['屿后南里'],['思明'],['松柏'],无,暂无数据,['2024-04-28'],['2020-12-04']
239,['低总价滨北总部地铁口诚意出售卫生间带窗'],https://xm.lianjia.com/ershoufang/105116165683.html,['225'],"['48,935元/平']",1人关注 ,1室1厅1厨1卫,['低楼层/共28层'],['西'],['平层/简装'],['45.98平米'],['2009年建'],['米兰春天'],['思明'],['七星路'],有,三梯八户,['2024-02-28'],['2019-12-27']
240,['源通中·心 电梯高层 小户型 低总价 适合陪学居住'],https://xm.lianjia.com/ershoufang/105116040088.html,['216'],"['56,708元/平']",0人关注 ,1室1厅1厨1卫,['中楼层/共31层'],['东'],['平层/精装'],['38.09平米'],['2004年建'],['源通中心'],['思明'],['思北'],有,六梯十七户,['2024-02-18'],['2011-01-07']
241,['火车站 建发品质 时尚国际 2房 边套户型 南北通透'],https://xm.lianjia.com/ershoufang/105115642266.html,['385'],"['48,575元/平']",8人关注 ,2室2厅1厨1卫,['中楼层/共25层'],['东 南 北'],['平层/简装'],['79.26平米'],['2008年建'],['时尚国际'],['思明'],['火车站'],有,三梯十户,['2023-12-19'],['2010-01-29']
242,['地铁口 精装3房拎包入住 海投过云溪 招商花园城免个税'],https://xm.lianjia.com/ershoufang/105116035919.html,['178'],"['16,246元/平']",0人关注 ,3室2厅1厨1卫,['中楼层/共18层'],['南 北'],['平层/精装'],['109.57平米'],['2014年建'],['过云溪二组团'],['海沧'],['东孚'],有,两梯四户,['2024-02-17'],['2015-08-03']
243,['低总价滨北总部地铁口诚意出售卫生间带窗'],https://xm.lianjia.com/ershoufang/105116165683.html,['225'],"['48,935元/平']",1人关注 ,1室1厅1厨1卫,['低楼层/共28层'],['西'],['平层/简装'],['45.98平米'],['2009年建'],['米兰春天'],['思明'],['七星路'],有,三梯八户,['2024-02-28'],['2019-12-27']
244,['金同花园 4室2厅 南 北'],https://xm.lianjia.com/ershoufang/105116473906.html,['698'],"['48,215元/平']",2人关注 ,4室2厅1厨2卫,['中楼层/共20层'],['南 北'],['平层/精装'],['144.77平米'],['2004年建'],['金同花园'],['思明'],['体育中心'],有,两梯四户,['2024-03-25'],['2005-08-01']
245,['塘边地铁口一号线，低总价三房中间楼层'],https://xm.lianjia.com/ershoufang/105116523709.html,['298'],"['30,587元/平']",6人关注 ,3室1厅1厨1卫,['中楼层/共7层'],['西南'],['平层/简装'],['97.43平米'],['2003年建'],['新湖花园'],['湖里'],['湖里大道'],无,暂无数据,['2024-03-29'],['2010-01-01']
246,['莲花公园旁边！精装修三房南北，小区中楼层'],https://xm.lianjia.com/ershoufang/105113306572.html,['398'],"['47,303元/平']",5人关注 ,3室1厅1厨1卫,['中楼层/共6层'],['南 北'],['平层/精装'],['84.14平米'],['1988年建'],['玉亭里'],['思明'],['莲花一村'],无,暂无数据,['2023-04-09'],['2017-06-14']
247,['BRT沿线金鸡亭 低总价  全明三房  看房方便'],https://xm.lianjia.com/ershoufang/105116266704.html,['266'],"['27,588元/平']",7人关注 ,3室1厅1厨1卫,['高楼层/共7层'],['南 北'],['平层/简装'],['96.42平米'],['1997年建'],['金鸡亭小区西区'],['思明'],['金鸡亭'],无,暂无数据,['2024-03-07'],['2003-09-17']
248,['火车站 官邸大厦 楼中楼 电梯精装两房'],https://xm.lianjia.com/ershoufang/105114049102.html,['229'],"['67,334元/平']",3人关注 ,2室1厅1厨1卫,['中楼层/共16层'],['西北'],['跃层/精装'],['34.01平米'],['2005年建'],['官邸大厦'],['思明'],['富山'],有,六梯五十三户,['2023-06-22'],['2019-04-13']
249,['天湖城精装修三房！落地窗视野开阔！'],https://xm.lianjia.com/ershoufang/105115933678.html,['295'],"['31,340元/平']",0人关注 ,3室2厅1厨1卫,['中楼层/共18层'],['东南'],['平层/精装'],['94.13平米'],['2012年建'],['天湖城'],['海沧'],['海沧区政府'],有,两梯三户,['2024-01-23'],['2017-06-12']
250,['公园片区，富华广场06年新房 南北通 一梯两户'],https://xm.lianjia.com/ershoufang/105114294666.html,['738'],"['59,311元/平']",1人关注 ,3室2厅1厨2卫,['中楼层/共11层'],['南 北'],['平层/精装'],['124.43平米'],['2006年建'],['富华广场'],['思明'],['公园小学及周边'],有,一梯两户,['2023-07-20'],['2014-06-14']
251,['屿后南里 1室1厅 南 北'],https://xm.lianjia.com/ershoufang/105116831428.html,['238'],"['47,515元/平']",1人关注 ,1室1厅1厨1卫,['中楼层/共7层'],['南 北'],['平层/简装'],['50.09平米'],['1991年建'],['屿后南里'],['思明'],['松柏'],无,暂无数据,['2024-04-28'],['2020-12-04']
252,['一手业主，满五年，框架，精装一房一厅.诚意出售'],https://xm.lianjia.com/ershoufang/105116599486.html,['202'],"['41,267元/平']",4人关注 ,1室1厅1厨1卫,['低楼层/共12层'],['北'],['平层/精装'],['48.95平米'],['2013年建'],['东晖广场'],['湖里'],['枋湖'],有,两梯八户,['2024-04-07'],['2017-07-05']
253,['带电梯此房南北通透，客厅带阳台，三面采光，装修好'],https://xm.lianjia.com/ershoufang/105116400595.html,['360'],"['41,408元/平']",2人关注 ,3室2厅1厨1卫,['中楼层/共7层'],['南 北'],['平层/精装'],['86.94平米'],['2000年建'],['金尚小区'],['湖里'],['金尚'],有,一梯两户,['2024-03-18'],['2001-03-08']
254,['花园小区公园小，电梯在动工 精装 宽敞舒适厨卫带窗'],https://xm.lianjia.com/ershoufang/105113610794.html,['348'],"['49,348元/平']",4人关注 ,2室2厅1厨1卫,['高楼层/共9层'],['西南'],['平层/精装'],['70.52平米'],['1986年建'],['美仁新村北区'],['思明'],['公园小学及周边'],无,暂无数据,['2023-05-08'],['2020-03-06']
255,['思北 思东商厦电梯  海景2房 双阳台'],https://xm.lianjia.com/ershoufang/105116620873.html,['498'],"['51,261元/平']",5人关注 ,2室1厅1厨1卫,['高楼层/共12层'],['南 北'],['平层/简装'],['97.15平米'],['1998年建'],['思东商厦'],['思明'],['思北'],有,一梯四户,['2024-04-08'],['2001-09-12']
256,['区政府边上 低密度小区 精装两房 南北通透'],https://xm.lianjia.com/ershoufang/105116074355.html,['116.8'],"['14,996元/平']",0人关注 ,2室2厅1厨1卫,['低楼层/共6层'],['南 北'],['平层/精装'],['77.89平米'],['2010年建'],['东方新城三区'],['翔安'],['新店'],无,暂无数据,['2024-02-20'],['2019-08-08']
257,['满五省个税 三房一卫 南北通透双阳台 比邻天虹双十'],https://xm.lianjia.com/ershoufang/105116485161.html,['356'],"['38,177元/平']",2人关注 ,3室2厅1厨1卫,['中楼层/共11层'],['东 南 北'],['平层/精装'],['93.25平米'],['2011年建'],['绿苑新城二组团'],['海沧'],['滨海社区'],有,一梯两户,['2024-03-26'],['2012-07-24']
258,['马青路地铁口，正规大三房，明厨明卫，生活交通便利'],https://xm.lianjia.com/ershoufang/105115810030.html,['219'],"['19,705元/平']",7人关注 ,3室2厅1厨2卫,['低楼层/共6层'],['南'],['平层/简装'],['111.14平米'],['2000年建'],['海福广场小区'],['海沧'],['海沧生活区'],无,暂无数据,['2024-01-08'],['2013-01-10']
259,['万达商圈，高楼层朝南电梯房，可拎包入住'],https://xm.lianjia.com/ershoufang/105114910524.html,['265'],"['43,579元/平']",17人关注 ,2室1厅1厨1卫,['高楼层/共31层'],['南 西南'],['平层/精装'],['60.81平米'],['2010年建'],['湖边花园A区'],['湖里'],['万达广场'],有,两梯六户,['2023-09-26'],['2021-05-08']
260,['地铁口 2号线 电梯住家温馨2房'],https://xm.lianjia.com/ershoufang/105116316781.html,['229'],"['36,281元/平']",0人关注 ,2室1厅1厨1卫,['中楼层/共14层'],['西北'],['平层/精装'],['63.12平米'],['2005年建'],['一元花园二期'],['湖里'],['金尚'],有,一梯六户,['2024-03-11'],['2018-10-31']
261,['采光很好，自住精装，可以拎包入住'],https://xm.lianjia.com/ershoufang/105116560185.html,['225'],"['47,499元/平']",2人关注 ,1室1厅1厨1卫,['高楼层/共31层'],['东'],['平层/精装'],['47.37平米'],['2006年建'],['音乐家生活广场'],['思明'],['松柏'],有,三梯十四户,['2024-04-02'],['2007-05-25']
262,['东南向精装2房，阳光充足，无贷款随时过户'],https://xm.lianjia.com/ershoufang/105116504031.html,['102'],"['25,895元/平']",0人关注 ,2室1厅1厨1卫,['低楼层/共31层'],['东南'],['平层/精装'],['39.39平米'],['2014年建'],['金城湾花园'],['海沧'],['未来海岸北师大'],有,两梯八户,['2024-03-28'],['2019-06-19']
263,['地铁口5米 精装4房 入户露台 诚意出售'],https://xm.lianjia.com/ershoufang/105115367425.html,['339'],"['36,820元/平']",1人关注 ,4室2厅1厨2卫,['中楼层/共7层'],['南 北'],['平层/精装'],['92.07平米'],['1997年建'],['天宇花园南区'],['湖里'],['金尚'],有,一梯两户,['2023-11-18'],['2022-03-11']
264,['集美桥头，业主诚意出售，户型好，配套齐全交通便利'],https://xm.lianjia.com/ershoufang/105115127986.html,['150'],"['16,535元/平']",4人关注 ,3室2厅1厨1卫,['中楼层/共18层'],['南'],['平层/简装'],['90.72平米'],['2012年建'],['禹洲大学城'],['同安'],['集美其它'],有,两梯四户,['2023-10-22'],['2017-05-19']
265,['满五年，朝南四房，看小区绿化，采光充足'],https://xm.lianjia.com/ershoufang/105111608057.html,['275'],"['23,804元/平']",9人关注 ,4室2厅1厨2卫,['低楼层/共33层'],['南'],['错层/精装'],['115.53平米'],['2008年建'],['禹洲华侨金海岸'],['海沧'],['海沧体育中心'],有,两梯四户,['2022-09-25'],['2010-07-27']
266,['业主诚意出售，毛胚正规大三房。'],https://xm.lianjia.com/ershoufang/105116133092.html,['180'],"['15,718元/平']",3人关注 ,3室2厅1厨2卫,['低楼层/共33层'],['南 北'],['平层/简装'],['114.52平米'],['2017年建'],['凤凰花城'],['集美'],['锦园'],有,两梯四户,['2024-02-25'],['2020-01-19']
267,['厦门院子中间楼层带装修 景观面好 安静不吵 诚意出售'],https://xm.lianjia.com/ershoufang/105116602419.html,['199'],"['21,997元/平']",0人关注 ,3室1厅1厨1卫,['低楼层/共51层'],['南'],['平层/精装'],['90.47平米'],['2018年建'],['厦门院子泰禾首玺A区'],['海沧'],['马銮湾中心片区'],有,两梯四户,['2024-04-07'],['2018-08-02']
268,['嘉庚体育馆大两房朝南格局方正，满二，自住精装！'],https://xm.lianjia.com/ershoufang/105115888591.html,['232'],"['23,044元/平']",0人关注 ,2室1厅1厨1卫,['高楼层/共24层'],['东南'],['平层/精装'],['100.68平米'],['2017年建'],['国贸商城同悦'],['集美'],['集美其它'],有,两梯三户,['2024-01-17'],['2018-05-25']
269,['文灶地铁口 电梯高层 新装  朝南  视野好'],https://xm.lianjia.com/ershoufang/105116496712.html,['475'],"['64,635元/平']",2人关注 ,2室1厅1厨1卫,['高楼层/共33层'],['南 北'],['平层/精装'],['73.49平米'],['2020年建'],['文灶地铁社区一期'],['思明'],['禾祥东路'],有,两梯六户,['2024-03-27'],['2023-03-17']
270,['采光很好，自住精装，可以拎包入住'],https://xm.lianjia.com/ershoufang/105116560185.html,['225'],"['47,499元/平']",2人关注 ,1室1厅1厨1卫,['高楼层/共31层'],['东'],['平层/精装'],['47.37平米'],['2006年建'],['音乐家生活广场'],['思明'],['松柏'],有,三梯十四户,['2024-04-02'],['2007-05-25']
271,['客厅看中庭景观，小区中间位置，视野好，采光通风好'],https://xm.lianjia.com/ershoufang/105114993589.html,['169.8'],"['17,755元/平']",2人关注 ,3室2厅1厨1卫,['低楼层/共34层'],['西南'],['平层/精装'],['95.64平米'],['2014年建'],['中海锦城国际'],['集美'],['锦园'],有,两梯四户,['2023-10-08'],['2017-08-02']
272,['格局方正 | 轻松升2房 | 低总价近双地铁口 | 边套户型'],https://xm.lianjia.com/ershoufang/105116436343.html,['225'],"['48,892元/平']",0人关注 ,1室1厅0厨1卫,['高楼层/共31层'],['西北'],['平层/简装'],['46.02平米'],['2004年建'],['嘉华大厦'],['思明'],['莲坂'],有,三梯十五户,['2024-03-21'],['2006-06-20']
273,['海景、南北通透大四房、边套采光好、业主诚意出售'],https://xm.lianjia.com/ershoufang/105116700718.html,['283'],"['25,201元/平']",0人关注 ,4室2厅1厨2卫,['低楼层/共26层'],['南 北'],['平层/精装'],['112.3平米'],['2018年建'],['保利叁仟栋二期'],['同安'],['环东海域'],有,两梯四户,['2024-04-16'],['2020-06-01']
274,['东南向精装2房，阳光充足，无贷款随时过户'],https://xm.lianjia.com/ershoufang/105116504031.html,['102'],"['25,895元/平']",0人关注 ,2室1厅1厨1卫,['低楼层/共31层'],['东南'],['平层/精装'],['39.39平米'],['2014年建'],['金城湾花园'],['海沧'],['未来海岸北师大'],有,两梯八户,['2024-03-28'],['2019-06-19']
275,['侨福城一梯两户，南北通透，厅带阳台朝南大三房采光好'],https://xm.lianjia.com/ershoufang/105116023986.html,['325'],"['36,000元/平']",6人关注 ,3室2厅1厨1卫,['中楼层/共8层'],['南 北'],['平层/精装'],['90.28平米'],['2000年建'],['侨福城侨文里'],['思明'],['瑞景'],无,暂无数据,['2024-02-15'],['2003-04-24']
276,['富祥苑 3室2厅 南'],https://xm.lianjia.com/ershoufang/105116671440.html,['197'],"['22,510元/平']",3人关注 ,3室2厅1厨1卫,['中楼层/共6层'],['南'],['平层/简装'],['87.52平米'],['2002年建'],['富祥苑'],['海沧'],['海沧生活区'],无,暂无数据,['2024-04-13'],['2008-11-30']
277,['融信海上城高层大俩局 业主精 装修 保养不错'],https://xm.lianjia.com/ershoufang/105116670236.html,['85'],"['18,078元/平']",2人关注 ,2室2厅1厨1卫,['高楼层/共26层'],['西北'],['跃层/精装'],['47.02平米'],['2016年建'],['融信海上城'],['海沧'],['滨海社区'],有,六梯二十户,['2024-04-13'],['暂无数据']
278,['安静两房，前面别墅光线好，看房方便'],https://xm.lianjia.com/ershoufang/105115058495.html,['215'],"['26,017元/平']",3人关注 ,2室2厅1厨1卫,['低楼层/共41层'],['南'],['平层/精装'],['82.64平米'],['2014年建'],['中海寰宇天下'],['集美'],['杏林桥头'],有,两梯四户,['2023-10-15'],['2015-01-27']
279,['地铁口5米 精装4房 入户露台 诚意出售'],https://xm.lianjia.com/ershoufang/105115367425.html,['339'],"['36,820元/平']",1人关注 ,4室2厅1厨2卫,['中楼层/共7层'],['南 北'],['平层/精装'],['92.07平米'],['1997年建'],['天宇花园南区'],['湖里'],['金尚'],有,一梯两户,['2023-11-18'],['2022-03-11']
280,['集美新城，精装正规3房随时可交易'],https://xm.lianjia.com/ershoufang/105110701967.html,['279'],"['28,421元/平']",28人关注 ,3室2厅1厨2卫,['高楼层/共33层'],['西南'],['平层/精装'],['98.17平米'],['2015年建'],['中航城国际社区C区'],['集美'],['集美新城'],有,两梯四户,['2022-06-08'],['2018-09-10']
281,['集美东部新城中高楼层全明采光海景房'],https://xm.lianjia.com/ershoufang/105116638920.html,['252'],"['27,699元/平']",2人关注 ,3室1厅1厨2卫,['高楼层/共22层'],['东南'],['平层/简装'],['90.98平米'],['2010年建'],['古龙御景一期北区'],['集美'],['集美其它'],有,两梯四户,['2024-04-10'],['2020-05-19']
282,['集美桥头，业主诚意出售，户型好，配套齐全交通便利'],https://xm.lianjia.com/ershoufang/105115127986.html,['150'],"['16,535元/平']",4人关注 ,3室2厅1厨1卫,['中楼层/共18层'],['南'],['平层/简装'],['90.72平米'],['2012年建'],['禹洲大学城'],['同安'],['集美其它'],有,两梯四户,['2023-10-22'],['2017-05-19']
283,['鼓浪屿全明通透正规三房，装修新，户型方正'],https://xm.lianjia.com/ershoufang/105111982254.html,['188'],"['27,204元/平']",21人关注 ,3室1厅1厨1卫,['中楼层/共5层'],['东 南'],['平层/精装'],['69.11平米'],['未知年建'],['鼓浪屿内厝澳路'],['思明'],['鼓浪屿'],暂无数据,暂无数据,['2022-11-08'],['2020-02-28']
284,['莲坂地铁口，富山花园   电梯，精装修，'],https://xm.lianjia.com/ershoufang/105116035981.html,['418'],"['49,131元/平']",9人关注 ,3室1厅1厨2卫,['中楼层/共13层'],['南'],['平层/精装'],['85.08平米'],['2000年建'],['富山花园'],['思明'],['富山'],有,三梯二十七户,['2024-02-17'],['2020-07-28']
285,['满五年，朝南四房，看小区绿化，采光充足'],https://xm.lianjia.com/ershoufang/105111608057.html,['275'],"['23,804元/平']",9人关注 ,4室2厅1厨2卫,['低楼层/共33层'],['南'],['错层/精装'],['115.53平米'],['2008年建'],['禹洲华侨金海岸'],['海沧'],['海沧体育中心'],有,两梯四户,['2022-09-25'],['2010-07-27']
286,['2号地铁线  三房两卫 全明户型 总价189万 首付40万'],https://xm.lianjia.com/ershoufang/105116764823.html,['189'],"['17,128元/平']",6人关注 ,3室2厅1厨1卫,['中楼层/共8层'],['东南 东'],['简装'],['110.35平米'],['2003年建'],['新华园'],['海沧'],['海沧生活区'],无,暂无数据,['2024-04-22'],['2013-09-30']
287,['文灶地铁口 电梯高层 新装  朝南  视野好'],https://xm.lianjia.com/ershoufang/105116496712.html,['475'],"['64,635元/平']",2人关注 ,2室1厅1厨1卫,['高楼层/共33层'],['南 北'],['平层/精装'],['73.49平米'],['2020年建'],['文灶地铁社区一期'],['思明'],['禾祥东路'],有,两梯六户,['2024-03-27'],['2023-03-17']
288,['业主诚意出售，毛胚正规大三房。'],https://xm.lianjia.com/ershoufang/105116133092.html,['180'],"['15,718元/平']",3人关注 ,3室2厅1厨2卫,['低楼层/共33层'],['南 北'],['平层/简装'],['114.52平米'],['2017年建'],['凤凰花城'],['集美'],['锦园'],有,两梯四户,['2024-02-25'],['2020-01-19']
289,['高层看湖 精装复式 全新未入住 无按揭 随时过户'],https://xm.lianjia.com/ershoufang/105116947872.html,['358'],"['34,842元/平']",0人关注 ,3室1厅1厨2卫,['高楼层/共34层'],['东南 南'],['跃层/精装'],['102.75平米'],['2019年建'],['世茂璀璨天城二期'],['集美'],['集美新城'],有,两梯八户,['2024-05-10'],['2020-05-01']
290,['建发翔城国际北区 3室2厅 南 北'],https://xm.lianjia.com/ershoufang/105115935299.html,['212'],"['23,765元/平']",4人关注 ,3室2厅1厨2卫,['低楼层/共11层'],['南 北'],['平层/精装'],['89.21平米'],['未知年建'],['建发翔城国际北区'],['翔安'],['翔安新城'],暂无数据,暂无数据,['2024-01-23'],['2015-01-20']
291,['碧湖豪庭，品质小区，电梯小户型一房一厅，朝南户型'],https://xm.lianjia.com/ershoufang/105116930930.html,['229'],"['57,858元/平']",1人关注 ,1室1厅1厨1卫,['中楼层/共11层'],['南'],['平层/精装'],['39.58平米'],['2006年建'],['碧湖豪庭'],['思明'],['莲坂'],有,一梯八户,['2024-05-09'],['2007-09-21']
292,['全屋定制，品牌精装，拎包入住，安静视野好。'],https://xm.lianjia.com/ershoufang/105114863891.html,['238'],"['25,845元/平']",1人关注 ,3室2厅1厨1卫,['高楼层/共41层'],['南'],['平层/精装'],['92.09平米'],['2016年建'],['禹洲中央海岸三期'],['集美'],['杏林桥头'],有,三梯六户,['2023-09-21'],['2020-10-12']
293,['环东海域，银城智谷旁，融信铂悦湾复式三房诚意出售'],https://xm.lianjia.com/ershoufang/105114758105.html,['165'],"['18,324元/平']",1人关注 ,3室2厅1厨2卫,['中楼层/共41层'],['南'],['跃层/毛坯'],['90.05平米'],['2020年建'],['融信·铂悦湾'],['同安'],['同安区'],有,两梯一户,['2023-09-09'],['2021-08-24']
294,['集美桥头，3房朝南，交通便利，生活方便，进岛方便'],https://xm.lianjia.com/ershoufang/105116526514.html,['220'],"['21,785元/平']",6人关注 ,3室1厅1厨1卫,['低楼层/共43层'],['东南'],['平层/简装'],['100.99平米'],['2014年建'],['招商海德公园一期'],['集美'],['集美其它'],有,三梯四户,['2024-03-30'],['2020-07-01']
295,['橡树湾 厅带阳台 东边套  安静大两房'],https://xm.lianjia.com/ershoufang/105116633193.html,['209'],"['23,539元/平']",2人关注 ,2室2厅1厨1卫,['中楼层/共30层'],['南'],['平层/精装'],['88.79平米'],['2012年建'],['橡树湾'],['集美'],['杏北'],有,两梯四户,['2024-04-10'],['2013-09-18']
296,['联发新天地 在家看公园 一梯两户 南北通透 精装修3房'],https://xm.lianjia.com/ershoufang/105115858790.html,['566'],"['51,227元/平']",9人关注 ,3室1厅1厨2卫,['中楼层/共11层'],['南 北'],['平层/精装'],['110.49平米'],['2005年建'],['联发新天地'],['湖里'],['祥店'],有,一梯两户,['2024-01-13'],['2021-03-11']
297,['边套东南北三面采光，全明格局，厅带阳台朝南'],https://xm.lianjia.com/ershoufang/105116203988.html,['268'],"['38,330元/平']",1人关注 ,2室2厅1厨1卫,['中楼层/共8层'],['南 北'],['平层/简装'],['69.92平米'],['1994年建'],['侨建花园 '],['思明'],['SM'],无,暂无数据,['2024-03-01'],['2019-06-26']
298,['祥店封闭式小区  建发物业  中高楼层看房方便'],https://xm.lianjia.com/ershoufang/105116638169.html,['520'],"['38,354元/平']",5人关注 ,4室2厅1厨2卫,['中楼层/共15层'],['南 北'],['平层/简装'],['135.58平米'],['2006年建'],['第二城幸福生活'],['湖里'],['祥店'],有,两梯四户,['2024-04-10'],['2007-11-15']
299,['华玺 南北通透大四房 户型方正 二次装修 拎包入住'],https://xm.lianjia.com/ershoufang/105116487809.html,['329'],"['24,687元/平']",1人关注 ,4室2厅1厨2卫,['中楼层/共16层'],['南 北'],['平层/精装'],['133.27平米'],['2018年建'],['华玺'],['海沧'],['马銮湾东'],有,两梯三户,['2024-03-26'],['2021-03-18']
300,['翔安隧道口 高层 三房 看海 拎包入住'],https://xm.lianjia.com/ershoufang/105115228988.html,['168'],"['19,389元/平']",1人关注 ,3室2厅1厨1卫,['高楼层/共31层'],['南'],['平层/简装'],['86.65平米'],['2018年建'],['世茂御海墅'],['翔安'],['翔安新城'],有,两梯五户,['2023-11-02'],['2022-05-09']
301,['火车站 禹州世贸国际 精装两房 高楼层 视野开阔无遮挡'],https://xm.lianjia.com/ershoufang/105113332591.html,['313'],"['47,750元/平']",3人关注 ,2室2厅1厨1卫,['中楼层/共49层'],['南'],['平层/精装'],['65.55平米'],['2008年建'],['禹洲世贸商城思明'],['思明'],['火车站'],有,五梯二十六户,['2023-04-12'],['2021-03-08']
302,['中间楼层，南北全明，业主想卖，小区中庭'],https://xm.lianjia.com/ershoufang/105116193480.html,['339'],"['55,456元/平']",0人关注 ,2室1厅1厨1卫,['中楼层/共7层'],['南 北'],['平层/简装'],['61.13平米'],['1995年建'],['莲岳里小区东区'],['思明'],['松柏'],无,暂无数据,['2024-03-01'],['2003-12-28']
303,['16年建发前排高楼层视线开阔阳光明媚满五且一'],https://xm.lianjia.com/ershoufang/105116565667.html,['515'],"['47,867元/平']",3人关注 ,3室2厅1厨2卫,['中楼层/共27层'],['南'],['平层/精装'],['107.59平米'],['2016年建'],['建发中央天成'],['湖里'],['祥店'],有,两梯四户,['2024-04-03'],['2017-11-13']
304,['朝南！阳光满满 万象城 花园小区 封闭管理 燃气管道'],https://xm.lianjia.com/ershoufang/105116465383.html,['258'],"['53,295元/平']",2人关注 ,1室1厅1厨1卫,['中楼层/共13层'],['南'],['平层/简装'],['48.41平米'],['2003年建'],['紫荆园'],['思明'],['火车站'],有,两梯二十二户,['2024-03-24'],['2006-06-08']
305,['振兴新村 2室1厅 南 北'],https://xm.lianjia.com/ershoufang/105116323365.html,['285'],"['50,930元/平']",1人关注 ,2室1厅1厨1卫,['高楼层/共7层'],['南 北'],['平层/简装'],['55.96平米'],['2004年建'],['振兴新村'],['思明'],['市政府'],无,暂无数据,['2024-03-12'],['2014-09-23']
306,['精装两房高层采光好视野开阔无遮挡免个税1.5%'],https://xm.lianjia.com/ershoufang/105115503277.html,['145'],"['17,160元/平']",1人关注 ,2室2厅1厨1卫,['中楼层/共27层'],['南'],['平层/精装'],['84.5平米'],['2014年建'],['首开领翔国际'],['翔安'],['新店'],有,两梯四户,['2023-12-03'],['2015-07-16']
307,['天湖城小三房近地铁口南北朝向钥匙在手随时方便看房'],https://xm.lianjia.com/ershoufang/105116773279.html,['280'],"['26,511元/平']",2人关注 ,3室2厅1厨1卫,['低楼层/共32层'],['南'],['平层/简装'],['105.62平米'],['2012年建'],['天湖城'],['海沧'],['海沧区政府'],有,两梯四户,['2024-04-23'],['暂无数据']
308,['集美新城，华润品质，自住精装三房，格局方正双阳台！'],https://xm.lianjia.com/ershoufang/105116815674.html,['235'],"['26,411元/平']",2人关注 ,3室1厅1厨1卫,['中楼层/共32层'],['南'],['平层/精装'],['88.98平米'],['2014年建'],['橡树湾'],['集美'],['杏北'],有,两梯四户,['2024-04-27'],['2019-01-21']
309,['美丽小区东边户 南北朝向采光充足适合居家'],https://xm.lianjia.com/ershoufang/105116106640.html,['426'],"['38,979元/平']",1人关注 ,3室2厅1厨1卫,['中楼层/共30层'],['南 北'],['平层/简装'],['109.29平米'],['1998年建'],['武汉大厦'],['思明'],['莲坂'],有,三梯六户,['2024-02-23'],['2004-11-24']
310,['视野宽阔，采光充足， 一线海景房'],https://xm.lianjia.com/ershoufang/105113606399.html,['248'],"['27,182元/平']",2人关注 ,3室1厅1厨1卫,['高楼层/共41层'],['南'],['平层/精装'],['91.24平米'],['2016年建'],['禹洲中央海岸二期'],['集美'],['杏林桥头'],有,三梯六户,['2023-05-08'],['2019-03-02']
311,['建发  金山国际  朝南 诚意出售'],https://xm.lianjia.com/ershoufang/105116493850.html,['199'],"['34,888元/平']",11人关注 ,1室1厅1厨1卫,['中楼层/共19层'],['南'],['平层/简装'],['57.04平米'],['2009年建'],['金山国际'],['湖里'],['金山'],有,两梯二十三户,['2024-03-27'],['2023-10-19']
312,['此房南北通透，户型方正，光线通风好，使用面积大'],https://xm.lianjia.com/ershoufang/105114269492.html,['298'],"['23,751元/平']",3人关注 ,4室2厅1厨2卫,['低楼层/共31层'],['南 北'],['平层/毛坯'],['125.47平米'],['2018年建'],['海投第一湾'],['海沧'],['马銮湾东'],有,两梯三户,['2023-07-17'],['2021-05-14']
313,['环东海域 近嘉庚商圈精装大三房成熟出售'],https://xm.lianjia.com/ershoufang/105116685564.html,['163'],"['15,192元/平']",4人关注 ,3室1厅1厨2卫,['低楼层/共30层'],['东南'],['错层/精装'],['107.3平米'],['2011年建'],['禹洲大学城'],['同安'],['集美其它'],有,两梯四户,['2024-04-14'],['2016-04-15']
314,['边套满五，地铁口，全明两房，精装修可拎包入住！'],https://xm.lianjia.com/ershoufang/105116756270.html,['115'],"['23,322元/平']",2人关注 ,2室1厅1厨1卫,['中楼层/共7层'],['西北'],['错层/精装'],['49.31平米'],['2000年建'],['大金门花园'],['海沧'],['海沧生活区'],无,暂无数据,['2024-04-21'],['2017-05-18']
315,['厦门院子中间楼层带装修 景观面好 安静不吵 诚意出售'],https://xm.lianjia.com/ershoufang/105116602419.html,['199'],"['21,997元/平']",0人关注 ,3室1厅1厨1卫,['低楼层/共51层'],['南'],['平层/精装'],['90.47平米'],['2018年建'],['厦门院子泰禾首玺A区'],['海沧'],['马銮湾中心片区'],有,两梯四户,['2024-04-07'],['2018-08-02']
316,['嘉庚体育馆大两房朝南格局方正，满二，自住精装！'],https://xm.lianjia.com/ershoufang/105115888591.html,['232'],"['23,044元/平']",0人关注 ,2室1厅1厨1卫,['高楼层/共24层'],['东南'],['平层/精装'],['100.68平米'],['2017年建'],['国贸商城同悦'],['集美'],['集美其它'],有,两梯三户,['2024-01-17'],['2018-05-25']
317,['水岸名筑 总价低 三房二卫 通透户型'],https://xm.lianjia.com/ershoufang/105116134154.html,['220'],"['21,582元/平']",3人关注 ,3室2厅1厨2卫,['中楼层/共16层'],['南 北'],['平层/简装'],['101.94平米'],['2008年建'],['水岸名筑'],['海沧'],['海沧体育中心'],有,两梯六户,['2024-02-25'],['2011-10-14']
318,['此房产权满五年，电梯高层，东南朝向，百米楼距'],https://xm.lianjia.com/ershoufang/105116856234.html,['228'],"['25,124元/平']",0人关注 ,2室2厅1厨1卫,['中楼层/共12层'],['南'],['平层/精装'],['90.75平米'],['2005年建'],['未来海岸浪琴湾'],['海沧'],['未来海岸北师大'],有,一梯四户,['2024-05-01'],['2015-10-15']
319,['枋湖 五缘湾 精装三房 边套 电梯中高楼层 双阳台'],https://xm.lianjia.com/ershoufang/105116555645.html,['616'],"['48,398元/平']",4人关注 ,3室2厅1厨2卫,['中楼层/共22层'],['南 西 北'],['平层/精装'],['127.28平米'],['2016年建'],['新景龙郡'],['湖里'],['枋湖'],有,两梯四户,['2024-04-02'],['2017-03-16']
320,['户型秒杀隔壁融侨 南部精装复式三房两卫 套内110平'],https://xm.lianjia.com/ershoufang/105116825035.html,['280'],"['31,642元/平']",47人关注 ,3室1厅1厨3卫,['低楼层/共34层'],['南 北'],['跃层/精装'],['88.49平米'],['2020年建'],['世茂国风揽星'],['翔安'],['翔安新城'],有,四梯十三户,['2024-04-28'],['2023-06-01']
321,['仙阁里标准的小两房，户型好，面积小，标准2房'],https://xm.lianjia.com/ershoufang/105116136729.html,['236'],"['39,785元/平']",6人关注 ,2室1厅1厨1卫,['中楼层/共8层'],['南 北'],['平层/简装'],['59.32平米'],['1996年建'],['仙阁里花园'],['思明'],['SM'],无,暂无数据,['2024-02-25'],['2012-06-06']
322,['集美  海上五月花 3房高层 通透户型'],https://xm.lianjia.com/ershoufang/105116745255.html,['279.8'],"['25,352元/平']",3人关注 ,3室2厅1厨2卫,['高楼层/共32层'],['南 北'],['平层/精装'],['110.37平米'],['2013年建'],['海上五月花一期'],['集美'],['集美其它'],有,两梯四户,['2024-04-20'],['2014-12-24']
323,['槟榔小区二房，南北通透，低总价，业主稳定卖'],https://xm.lianjia.com/ershoufang/105116748761.html,['272'],"['51,457元/平']",2人关注 ,2室1厅1厨1卫,['高楼层/共6层'],['南 北'],['平层/简装'],['52.86平米'],['1989年建'],['槟榔东里单号区'],['思明'],['槟榔'],无,暂无数据,['2024-04-20'],['2004-06-09']
324,['南北朝向 温馨两房  业主诚意出售。'],https://xm.lianjia.com/ershoufang/105113154864.html,['258'],"['36,293元/平']",15人关注 ,2室1厅1厨1卫,['低楼层/共7层'],['南'],['平层/精装'],['71.09平米'],['1998年建'],['金尚小区'],['湖里'],['金尚'],有,一梯两户,['2023-03-27'],['2020-11-10']
325,['水岸通透户型，自住精装，三房二卫，税费低'],https://xm.lianjia.com/ershoufang/105115186000.html,['239'],"['23,939元/平']",1人关注 ,3室2厅1厨2卫,['中楼层/共11层'],['南 北'],['平层/精装'],['99.84平米'],['2010年建'],['水岸名筑'],['海沧'],['海沧体育中心'],有,两梯三户,['2023-10-29'],['2016-06-09']
326,['业主诚意出售自住精装海景房高层视野好满5省税费'],https://xm.lianjia.com/ershoufang/105116450875.html,['169'],"['20,906元/平']",5人关注 ,3室2厅1厨1卫,['高楼层/共33层'],['西南'],['平层/精装'],['80.84平米'],['2014年建'],['金城湾花园'],['海沧'],['未来海岸北师大'],有,两梯六户,['2024-03-23'],['2016-01-21']
327,['群惠，精品两房，不爬坡，带60平独立大露台'],https://xm.lianjia.com/ershoufang/105116698477.html,['340'],"['49,730元/平']",9人关注 ,2室2厅1厨3卫,['低楼层/共7层'],['东 南 北'],['平层/精装'],['68.37平米'],['1986年建'],['九竹巷'],['思明'],['实验小学及周边'],无,暂无数据,['2024-04-16'],['2021-04-22']
328,['恒大帝景 3室2厅 南 北'],https://xm.lianjia.com/ershoufang/105116338517.html,['236'],"['25,051元/平']",1人关注 ,3室2厅1厨1卫,['中楼层/共26层'],['南 北'],['平层/精装'],['94.21平米'],['2020年建'],['恒大帝景'],['集美'],['集美新城'],有,两梯四户,['2024-03-13'],['2021-08-27']
329,['美地三里，双阳台户型，位置安静，高楼层，视野好'],https://xm.lianjia.com/ershoufang/105116338975.html,['156'],"['18,293元/平']",44人关注 ,2室1厅1厨1卫,['高楼层/共18层'],['南 北'],['平层/简装'],['85.28平米'],['2009年建'],['美地雅登祥吴三里'],['翔安'],['新店'],有,两梯四户,['2024-03-13'],['2014-06-03']
330,['莲花三期前排高层边套大三房，三面采光，看白鹭塔'],https://xm.lianjia.com/ershoufang/105116301395.html,['315'],"['26,574元/平']",1人关注 ,3室1厅1厨2卫,['高楼层/共33层'],['西北'],['平层/简装'],['118.54平米'],['2017年建'],['莲花新城三期'],['集美'],['集美新城'],有,两梯四户,['2024-03-10'],['2024-03-10']
331,['祥店封闭式小区  建发物业  中高楼层看房方便'],https://xm.lianjia.com/ershoufang/105116638169.html,['520'],"['38,354元/平']",5人关注 ,4室2厅1厨2卫,['中楼层/共15层'],['南 北'],['平层/简装'],['135.58平米'],['2006年建'],['第二城幸福生活'],['湖里'],['祥店'],有,两梯四户,['2024-04-10'],['2007-11-15']
332,['边套东南北三面采光，全明格局，厅带阳台朝南'],https://xm.lianjia.com/ershoufang/105116203988.html,['268'],"['38,330元/平']",1人关注 ,2室2厅1厨1卫,['中楼层/共8层'],['南 北'],['平层/简装'],['69.92平米'],['1994年建'],['侨建花园 '],['思明'],['SM'],无,暂无数据,['2024-03-01'],['2019-06-26']
333,['建发  金山国际  朝南 诚意出售'],https://xm.lianjia.com/ershoufang/105116493850.html,['199'],"['34,888元/平']",11人关注 ,1室1厅1厨1卫,['中楼层/共19层'],['南'],['平层/简装'],['57.04平米'],['2009年建'],['金山国际'],['湖里'],['金山'],有,两梯二十三户,['2024-03-27'],['2023-10-19']
334,['杏林桥头禹洲一期高层无遮挡海景方正三房客厅带阳台'],https://xm.lianjia.com/ershoufang/105116819068.html,['315'],"['28,088元/平']",1人关注 ,3室2厅1厨2卫,['中楼层/共39层'],['南'],['平层/简装'],['112.15平米'],['2014年建'],['禹洲中央海岸一期'],['集美'],['杏林桥头'],有,三梯六户,['2024-04-27'],['2021-10-25']
335,['金尚片区 精装小三房 中间楼层 业主诚意出售看房方便'],https://xm.lianjia.com/ershoufang/105113364817.html,['269'],"['36,156元/平']",10人关注 ,3室2厅1厨1卫,['低楼层/共8层'],['南 北'],['平层/精装'],['74.4平米'],['2001年建'],['金北花园'],['湖里'],['金尚'],无,暂无数据,['2023-04-14'],['2015-03-30']
336,['朝东大面积 可做落地窗  安静负氧离子高'],https://xm.lianjia.com/ershoufang/105116779290.html,['77'],"['15,606元/平']",2人关注 ,2室1厅1厨1卫,['低楼层/共26层'],['东'],['跃层/精装'],['49.34平米'],['2016年建'],['融信海上城'],['海沧'],['滨海社区'],有,六梯三十六户,['2024-04-23'],['2012-12-08']
337,['朝南！阳光满满 万象城 花园小区 封闭管理 燃气管道'],https://xm.lianjia.com/ershoufang/105116465383.html,['258'],"['53,295元/平']",2人关注 ,1室1厅1厨1卫,['中楼层/共13层'],['南'],['平层/简装'],['48.41平米'],['2003年建'],['紫荆园'],['思明'],['火车站'],有,两梯二十二户,['2024-03-24'],['2006-06-08']
338,['万科品质物业  开发商装修 温馨入住 欢迎品鉴'],https://xm.lianjia.com/ershoufang/105112234137.html,['180'],"['21,460元/平']",7人关注 ,3室2厅1厨1卫,['中楼层/共9层'],['南'],['平层/精装'],['83.88平米'],['2015年建'],['万科城二期'],['海沧'],['马銮湾东'],有,一梯四户,['2022-12-08'],['2016-06-20']
339,['中航城C区 边套小三房 采光好 两梯五户 满五省费用'],https://xm.lianjia.com/ershoufang/105116841562.html,['259'],"['28,878元/平']",0人关注 ,3室2厅1厨1卫,['低楼层/共30层'],['东南'],['平层/精装'],['89.69平米'],['2014年建'],['中航城国际社区C区'],['集美'],['集美新城'],有,两梯五户,['2024-04-29'],['2015-01-16']
340,['仙阁里标准的小两房，户型好，面积小，标准2房'],https://xm.lianjia.com/ershoufang/105116136729.html,['236'],"['39,785元/平']",6人关注 ,2室1厅1厨1卫,['中楼层/共8层'],['南 北'],['平层/简装'],['59.32平米'],['1996年建'],['仙阁里花园'],['思明'],['SM'],无,暂无数据,['2024-02-25'],['2012-06-06']
341,['天湖城小三房近地铁口南北朝向钥匙在手随时方便看房'],https://xm.lianjia.com/ershoufang/105116773279.html,['280'],"['26,511元/平']",2人关注 ,3室2厅1厨1卫,['低楼层/共32层'],['南'],['平层/简装'],['105.62平米'],['2012年建'],['天湖城'],['海沧'],['海沧区政府'],有,两梯四户,['2024-04-23'],['暂无数据']
342,['振兴新村 2室1厅 南 北'],https://xm.lianjia.com/ershoufang/105116323365.html,['285'],"['50,930元/平']",1人关注 ,2室1厅1厨1卫,['高楼层/共7层'],['南 北'],['平层/简装'],['55.96平米'],['2004年建'],['振兴新村'],['思明'],['市政府'],无,暂无数据,['2024-03-12'],['2014-09-23']
343,['户型秒杀隔壁融侨 南部精装复式三房两卫 套内110平'],https://xm.lianjia.com/ershoufang/105116825035.html,['280'],"['31,642元/平']",47人关注 ,3室1厅1厨3卫,['低楼层/共34层'],['南 北'],['跃层/精装'],['88.49平米'],['2020年建'],['世茂国风揽星'],['翔安'],['翔安新城'],有,四梯十三户,['2024-04-28'],['2023-06-01']
344,['集美  海上五月花 3房高层 通透户型'],https://xm.lianjia.com/ershoufang/105116745255.html,['279.8'],"['25,352元/平']",3人关注 ,3室2厅1厨2卫,['高楼层/共32层'],['南 北'],['平层/精装'],['110.37平米'],['2013年建'],['海上五月花一期'],['集美'],['集美其它'],有,两梯四户,['2024-04-20'],['2014-12-24']
345,['保利一期高层复式，2次精装全新未入住！'],https://xm.lianjia.com/ershoufang/105116782999.html,['275'],"['26,422元/平']",0人关注 ,4室2厅1厨2卫,['高楼层/共33层'],['东南'],['跃层/精装'],['104.08平米'],['2017年建'],['保利叁仟栋一期'],['同安'],['环东海域'],有,两梯四户,['2024-04-24'],['2023-09-09']
346,['正规三房9成新 平层厅带阳台 产权满五 业主换房急售'],https://xm.lianjia.com/ershoufang/105114293316.html,['300'],"['26,090元/平']",18人关注 ,3室1厅1厨2卫,['中楼层/共47层'],['南'],['平层/精装'],['114.99平米'],['2014年建'],['中航城A区'],['集美'],['杏锦路'],有,三梯五户,['2023-07-20'],['2016-12-21']
347,['侨建花园  3室1厅 南 北'],https://xm.lianjia.com/ershoufang/105115958601.html,['299'],"['36,638元/平']",3人关注 ,3室1厅1厨2卫,['低楼层/共8层'],['南 北'],['平层/精装'],['81.61平米'],['1994年建'],['侨建花园 '],['思明'],['SM'],无,暂无数据,['2024-01-26'],['2016-05-09']
348,['水岸通透户型，自住精装，三房二卫，税费低'],https://xm.lianjia.com/ershoufang/105115186000.html,['239'],"['23,939元/平']",1人关注 ,3室2厅1厨2卫,['中楼层/共11层'],['南 北'],['平层/精装'],['99.84平米'],['2010年建'],['水岸名筑'],['海沧'],['海沧体育中心'],有,两梯三户,['2023-10-29'],['2016-06-09']
349,['海投尚书房精装2房朝南必属推荐'],https://xm.lianjia.com/ershoufang/105116712253.html,['153'],"['21,113元/平']",2人关注 ,2室1厅1厨1卫,['高楼层/共18层'],['南'],['平层/精装'],['72.47平米'],['2018年建'],['海投尚书房'],['海沧'],['马銮湾中心片区'],有,两梯四户,['2024-04-17'],['2019-04-18']
350,['联丰商城二期 3室2厅 南 北'],https://xm.lianjia.com/ershoufang/105116732528.html,['448'],"['41,000元/平']",2人关注 ,3室2厅1厨1卫,['低楼层/共10层'],['南 北'],['平层/精装'],['109.27平米'],['2000年建'],['联丰商城二期'],['思明'],['瑞景'],有,两梯八户,['2024-04-19'],['2013-03-20']
351,['莲坂，富山，外图后电梯小户型出售'],https://xm.lianjia.com/ershoufang/105116035627.html,['163'],"['53,885元/平']",2人关注 ,1室0厅0厨0卫,['低楼层/共11层'],['北'],['平层/简装'],['30.25平米'],['2002年建'],['大洲新世纪广场'],['思明'],['富山'],有,一梯十七户,['2024-02-17'],['2015-07-07']
352,['地铁口 全明户型 正规3房 南北向 高层视野好 看海'],https://xm.lianjia.com/ershoufang/105116616318.html,['600'],"['47,832元/平']",4人关注 ,3室2厅1厨2卫,['中楼层/共28层'],['南 北'],['平层/精装'],['125.44平米'],['2014年建'],['海曦'],['思明'],['观音山'],有,两梯两户,['2024-04-08'],['2015-01-20']
353,['看海精装三房两卫  视野开阔 满五免个税 价优'],https://xm.lianjia.com/ershoufang/105116780711.html,['278'],"['30,490元/平']",2人关注 ,3室2厅1厨2卫,['高楼层/共34层'],['南'],['平层/精装'],['91.18平米'],['2014年建'],['禹洲尊海'],['海沧'],['海沧体育中心'],有,两梯四户,['2024-04-23'],['2015-08-14']
354,['槟榔小区二房，南北通透，低总价，业主稳定卖'],https://xm.lianjia.com/ershoufang/105116748761.html,['272'],"['51,457元/平']",2人关注 ,2室1厅1厨1卫,['高楼层/共6层'],['南 北'],['平层/简装'],['52.86平米'],['1989年建'],['槟榔东里单号区'],['思明'],['槟榔'],无,暂无数据,['2024-04-20'],['2004-06-09']
355,['精装两房高层采光好视野开阔无遮挡免个税1.5%'],https://xm.lianjia.com/ershoufang/105115503277.html,['145'],"['17,160元/平']",1人关注 ,2室2厅1厨1卫,['中楼层/共27层'],['南'],['平层/精装'],['84.5平米'],['2014年建'],['首开领翔国际'],['翔安'],['新店'],有,两梯四户,['2023-12-03'],['2015-07-16']
356,['南北朝向 温馨两房  业主诚意出售。'],https://xm.lianjia.com/ershoufang/105113154864.html,['258'],"['36,293元/平']",15人关注 ,2室1厅1厨1卫,['低楼层/共7层'],['南'],['平层/精装'],['71.09平米'],['1998年建'],['金尚小区'],['湖里'],['金尚'],有,一梯两户,['2023-03-27'],['2020-11-10']
357,['有名 额  瑞景电梯小户型  总价低 外国语 拎包入住'],https://xm.lianjia.com/ershoufang/105115030282.html,['176'],"['64,047元/平']",2人关注 ,1室1厅1厨1卫,['中楼层/共15层'],['南'],['平层/精装'],['27.48平米'],['2008年建'],['瑞景苑'],['思明'],['瑞景'],有,两梯二十五户,['2023-10-12'],['2021-09-08']
358,['天御小区 正规两房 高层 东套 采光视野好 地铁口'],https://xm.lianjia.com/ershoufang/105116754288.html,['249'],"['29,972元/平']",1人关注 ,2室2厅1厨1卫,['中楼层/共32层'],['南'],['平层/简装'],['83.08平米'],['2009年建'],['天御小区'],['海沧'],['海沧区政府'],有,两梯四户,['2024-04-21'],['2011-01-28']
359,['泰禾开发，楼中楼，三面采光，视野好，价格便宜'],https://xm.lianjia.com/ershoufang/105114223088.html,['270'],"['19,506元/平']",3人关注 ,5室2厅1厨3卫,['高楼层/共51层'],['南'],['跃层/简装'],['138.42平米'],['2018年建'],['厦门院子泰禾首玺A区'],['海沧'],['马銮湾中心片区'],有,两梯四户,['2023-07-12'],['2018-09-07']
360,['吕厝双地铁口，交通便利，配套齐全。'],https://xm.lianjia.com/ershoufang/105116074632.html,['399'],"['44,903元/平']",3人关注 ,3室2厅1厨1卫,['低楼层/共28层'],['东南 南'],['平层/简装'],['88.86平米'],['1998年建'],['宝龙中心一期'],['思明'],['莲坂'],有,三梯八户,['2024-02-20'],['2016-07-14']
361,['高楼层不靠路看中庭户型好全明结构采光好'],https://xm.lianjia.com/ershoufang/105113953316.html,['470'],"['40,458元/平']",10人关注 ,3室2厅1厨2卫,['中楼层/共14层'],['南 北'],['平层/精装'],['116.17平米'],['2008年建'],['碧湖嘉园'],['湖里'],['枋湖'],有,两梯四户,['2023-06-11'],['2017-10-19']
362,['看中庭，采光足，全明设计，精品三房'],https://xm.lianjia.com/ershoufang/105116461777.html,['480'],"['44,273元/平']",4人关注 ,3室2厅1厨1卫,['中楼层/共11层'],['南'],['平层/精装'],['108.42平米'],['2008年建'],['嘉盛豪园南区'],['思明'],['瑞景'],有,一梯四户,['2024-03-24'],['2013-03-26']
363,['禾祥首府 1室1厅 西北'],https://xm.lianjia.com/ershoufang/105116794544.html,['208'],"['51,678元/平']",0人关注 ,1室1厅1厨1卫,['低楼层/共33层'],['西北'],['平层/简装'],['40.25平米'],['2008年建'],['禾祥首府'],['思明'],['思北'],有,三梯十四户,['2024-04-25'],['2020-01-23']
364,['地铁口 全明户型 正规3房 南北向 高层视野好 看海'],https://xm.lianjia.com/ershoufang/105116616318.html,['600'],"['47,832元/平']",4人关注 ,3室2厅1厨2卫,['中楼层/共28层'],['南 北'],['平层/精装'],['125.44平米'],['2014年建'],['海曦'],['思明'],['观音山'],有,两梯两户,['2024-04-08'],['2015-01-20']
365,['侨建花园  3室1厅 南 北'],https://xm.lianjia.com/ershoufang/105115958601.html,['299'],"['36,638元/平']",3人关注 ,3室1厅1厨2卫,['低楼层/共8层'],['南 北'],['平层/精装'],['81.61平米'],['1994年建'],['侨建花园 '],['思明'],['SM'],无,暂无数据,['2024-01-26'],['2016-05-09']
366,['正规三房9成新 平层厅带阳台 产权满五 业主换房急售'],https://xm.lianjia.com/ershoufang/105114293316.html,['300'],"['26,090元/平']",18人关注 ,3室1厅1厨2卫,['中楼层/共47层'],['南'],['平层/精装'],['114.99平米'],['2014年建'],['中航城A区'],['集美'],['杏锦路'],有,三梯五户,['2023-07-20'],['2016-12-21']
367,['维多利亚正规四房南北通透总价499万'],https://xm.lianjia.com/ershoufang/105113689181.html,['426'],"['37,336元/平']",113人关注 ,4室1厅1厨2卫,['低楼层/共32层'],['南 北'],['平层/简装'],['114.1平米'],['2010年建'],['海晟维多利亚'],['海沧'],['滨海社区'],有,两梯四户,['2023-05-16'],['2013-01-01']
368,['松柏 地铁口 小户型 低总价 电梯高层小两房'],https://xm.lianjia.com/ershoufang/105116781118.html,['215'],"['45,484元/平']",2人关注 ,2室1厅1厨1卫,['高楼层/共30层'],['南'],['平层/精装'],['47.27平米'],['2006年建'],['摩登时代'],['思明'],['松柏'],有,四梯二十户,['2024-04-23'],['2021-04-06']
369,['金尚片区 精装小三房 中间楼层 业主诚意出售看房方便'],https://xm.lianjia.com/ershoufang/105113364817.html,['269'],"['36,156元/平']",10人关注 ,3室2厅1厨1卫,['低楼层/共8层'],['南 北'],['平层/精装'],['74.4平米'],['2001年建'],['金北花园'],['湖里'],['金尚'],无,暂无数据,['2023-04-14'],['2015-03-30']
370,['嘉庚旁 禹洲大学城正规三房 业主诚意卖'],https://xm.lianjia.com/ershoufang/105115299180.html,['185'],"['15,960元/平']",0人关注 ,3室2厅1厨2卫,['高楼层/共30层'],['南'],['错层/精装'],['115.92平米'],['2011年建'],['禹洲大学城'],['同安'],['集美其它'],有,三梯四户,['2023-11-10'],['2021-11-09']
371,['区政府阿罗海旁，高层大F户型，楼距宽，可拎包入住'],https://xm.lianjia.com/ershoufang/105116677398.html,['356'],"['26,595元/平']",3人关注 ,3室2厅1厨2卫,['高楼层/共26层'],['南'],['平层/精装'],['133.86平米'],['2012年建'],['天湖城'],['海沧'],['海沧区政府'],有,两梯四户,['2024-04-13'],['2015-07-09']
372,['海投尚书房精装2房朝南必属推荐'],https://xm.lianjia.com/ershoufang/105116712253.html,['153'],"['21,113元/平']",2人关注 ,2室1厅1厨1卫,['高楼层/共18层'],['南'],['平层/精装'],['72.47平米'],['2018年建'],['海投尚书房'],['海沧'],['马銮湾中心片区'],有,两梯四户,['2024-04-17'],['2019-04-18']
373,['联丰商城二期 3室2厅 南 北'],https://xm.lianjia.com/ershoufang/105116732528.html,['448'],"['41,000元/平']",2人关注 ,3室2厅1厨1卫,['低楼层/共10层'],['南 北'],['平层/精装'],['109.27平米'],['2000年建'],['联丰商城二期'],['思明'],['瑞景'],有,两梯八户,['2024-04-19'],['2013-03-20']
374,['火车站 09年小区 带电梯精装三房 南北通透 满五'],https://xm.lianjia.com/ershoufang/105116680237.html,['439'],"['42,535元/平']",4人关注 ,3室1厅1厨2卫,['低楼层/共18层'],['南 北'],['平层/精装'],['103.21平米'],['2009年建'],['东坪花园一期'],['思明'],['火车站'],有,两梯六户,['2024-04-14'],['2019-03-05']
375,['楼梯三楼 南北双阳台 做了八年才见过这么一套'],https://xm.lianjia.com/ershoufang/105116568470.html,['318'],"['41,305元/平']",4人关注 ,2室2厅1厨1卫,['中楼层/共7层'],['南 北'],['平层/精装'],['76.99平米'],['2004年建'],['怡富花园东区'],['思明'],['金鸡亭'],无,暂无数据,['2024-04-03'],['2010-03-17']
376,['绿苑新城 精装 两房两卫  空户 诚售 省个'],https://xm.lianjia.com/ershoufang/105116871871.html,['350'],"['35,770元/平']",0人关注 ,2室2厅1厨2卫,['中楼层/共28层'],['南'],['平层/精装'],['97.85平米'],['2014年建'],['绿苑新城三组团'],['海沧'],['滨海社区'],有,两梯四户,['2024-05-03'],['2016-06-08']
377,['文灶地铁社区，楼层好，西南北三面采光，业主诚意出售'],https://xm.lianjia.com/ershoufang/105116884342.html,['750'],"['63,020元/平']",3人关注 ,3室2厅1厨2卫,['中楼层/共30层'],['南 西 北'],['平层/精装'],['119.01平米'],['2020年建'],['文灶地铁社区一期'],['思明'],['禾祥东路'],有,两梯三户,['2024-05-04'],['暂无数据']
378,['松柏莲岳里边套三面采光正规两房卧室带阳台朝南出售'],https://xm.lianjia.com/ershoufang/105112843272.html,['350'],"['54,289元/平']",1人关注 ,2室1厅1厨1卫,['中楼层/共8层'],['南 西南 北'],['平层/精装'],['64.47平米'],['1990年建'],['莲岳里小区西区'],['思明'],['松柏'],无,暂无数据,['2023-03-01'],['2003-04-28']
379,['枋湖 五缘湾 精装两房 中高楼层 电梯房 新小区'],https://xm.lianjia.com/ershoufang/105114829501.html,['450'],"['51,172元/平']",11人关注 ,2室2厅1厨1卫,['中楼层/共23层'],['南'],['平层/精装'],['87.94平米'],['2012年建'],['中央美地'],['湖里'],['枋湖'],有,两梯四户,['2023-09-17'],['2012-10-22']
380,['海沧天御近地铁小区，电梯三房，朝南采光好'],https://xm.lianjia.com/ershoufang/105114959854.html,['321'],"['28,080元/平']",0人关注 ,3室1厅1厨2卫,['中楼层/共32层'],['南'],['平层/简装'],['114.32平米'],['2007年建'],['天御小区'],['海沧'],['海沧区政府'],有,两梯四户,['2023-10-04'],['2012-08-02']
381,['阳光城文澜府，全南精装小三房，看小区中庭的，看房约'],https://xm.lianjia.com/ershoufang/105115777861.html,['176'],"['19,692元/平']",5人关注 ,3室2厅1厨2卫,['中楼层/共19层'],['南 北'],['平层/精装'],['89.38平米'],['2019年建'],['阳光城文澜府'],['集美'],['灌口'],有,两梯三户,['2024-01-05'],['2021-02-24']
382,['前埔优质三房，南北通透，视野开阔，一梯两户。'],https://xm.lianjia.com/ershoufang/105116430051.html,['399'],"['39,655元/平']",5人关注 ,3室2厅1厨3卫,['中楼层/共7层'],['南 北'],['平层/精装'],['100.62平米'],['1999年建'],['前埔南小区一区'],['思明'],['前埔'],无,暂无数据,['2024-03-21'],['2020-03-06']
383,['中航城C区 边套小三房 采光好 两梯五户 满五省费用'],https://xm.lianjia.com/ershoufang/105116841562.html,['259'],"['28,878元/平']",0人关注 ,3室2厅1厨1卫,['低楼层/共30层'],['东南'],['平层/精装'],['89.69平米'],['2014年建'],['中航城国际社区C区'],['集美'],['集美新城'],有,两梯五户,['2024-04-29'],['2015-01-16']
384,['地铁口2号线马青路站 双阳台 采光通风好 交通便利'],https://xm.lianjia.com/ershoufang/105116923255.html,['216'],"['15,586元/平']",2人关注 ,3室1厅1厨2卫,['高楼层/共8层'],['南'],['平层/简装'],['138.59平米'],['2000年建'],['鑫茂花园'],['海沧'],['海沧生活区'],无,暂无数据,['2024-05-08'],['2021-07-02']
385,['地铁口，精装4房，有露台，满五年可省'],https://xm.lianjia.com/ershoufang/105111372937.html,['780'],"['53,642元/平']",2人关注 ,4室2厅1厨2卫,['低楼层/共28层'],['南 北'],['平层/精装'],['145.41平米'],['2008年建'],['万科金域蓝湾一期'],['思明'],['瑞景'],有,两梯三户,['2022-08-30'],['2014-11-17']
386,['东海山庄，低总价正规三房，一梯两户，电梯高层'],https://xm.lianjia.com/ershoufang/105114634834.html,['435'],"['44,534元/平']",8人关注 ,3室2厅1厨1卫,['中楼层/共11层'],['南 北'],['平层/简装'],['97.68平米'],['2009年建'],['东海山庄'],['湖里'],['枋湖'],有,一梯两户,['2023-08-27'],['2012-03-06']
387,['集美新城核芯位置，地铁口旁，边套三房两卫，近软三'],https://xm.lianjia.com/ershoufang/105113864359.html,['320'],"['27,414元/平']",0人关注 ,3室2厅1厨2卫,['中楼层/共17层'],['东南'],['平层/精装'],['116.73平米'],['2019年建'],['莲花国际A区'],['集美'],['集美新城'],有,两梯三户,['2023-06-02'],['2021-03-03']
388,['朝南东晖广场 精装一房 看小区中庭 位置安静'],https://xm.lianjia.com/ershoufang/105115804358.html,['219'],"['44,731元/平']",1人关注 ,1室1厅1厨1卫,['低楼层/共12层'],['南'],['平层/精装'],['48.96平米'],['2013年建'],['东晖广场'],['湖里'],['枋湖'],有,两梯八户,['2024-01-07'],['2017-01-22']
389,['泰禾开发，楼中楼，三面采光，视野好，价格便宜'],https://xm.lianjia.com/ershoufang/105114223088.html,['270'],"['19,506元/平']",3人关注 ,5室2厅1厨3卫,['高楼层/共51层'],['南'],['跃层/简装'],['138.42平米'],['2018年建'],['厦门院子泰禾首玺A区'],['海沧'],['马銮湾中心片区'],有,两梯四户,['2023-07-12'],['2018-09-07']
390,['满五免个税，精装修3房，西南朝向，采光好，诚意出售'],https://xm.lianjia.com/ershoufang/105116379672.html,['310'],"['26,959元/平']",8人关注 ,3室2厅1厨2卫,['中楼层/共47层'],['东南 西南'],['平层/精装'],['114.99平米'],['2014年建'],['中航城A区'],['集美'],['杏锦路'],有,三梯五户,['2024-03-16'],['2019-01-08']
391,['集美新城核芯位置，地铁口旁，边套三房两卫，近软三'],https://xm.lianjia.com/ershoufang/105113864359.html,['320'],"['27,414元/平']",0人关注 ,3室2厅1厨2卫,['中楼层/共17层'],['东南'],['平层/精装'],['116.73平米'],['2019年建'],['莲花国际A区'],['集美'],['集美新城'],有,两梯三户,['2023-06-02'],['2021-03-03']
392,['正规三房9成新 平层厅带阳台 产权满五 业主换房急售'],https://xm.lianjia.com/ershoufang/105114293316.html,['300'],"['26,090元/平']",18人关注 ,3室1厅1厨2卫,['中楼层/共47层'],['南'],['平层/精装'],['114.99平米'],['2014年建'],['中航城A区'],['集美'],['杏锦路'],有,三梯五户,['2023-07-20'],['2016-12-21']
393,['侨建花园  3室1厅 南 北'],https://xm.lianjia.com/ershoufang/105115958601.html,['299'],"['36,638元/平']",3人关注 ,3室1厅1厨2卫,['低楼层/共8层'],['南 北'],['平层/精装'],['81.61平米'],['1994年建'],['侨建花园 '],['思明'],['SM'],无,暂无数据,['2024-01-26'],['2016-05-09']
394,['洋房四房南北通透，明厨明卫，小区中间位置，不靠路'],https://xm.lianjia.com/ershoufang/105116851162.html,['298'],"['22,363元/平']",0人关注 ,4室2厅1厨2卫,['低楼层/共16层'],['南 北'],['平层/精装'],['133.26平米'],['2018年建'],['华玺'],['海沧'],['马銮湾东'],有,两梯三户,['2024-04-30'],['2019-05-14']
395,['高楼层不靠路看中庭户型好全明结构采光好'],https://xm.lianjia.com/ershoufang/105113953316.html,['470'],"['40,458元/平']",10人关注 ,3室2厅1厨2卫,['中楼层/共14层'],['南 北'],['平层/精装'],['116.17平米'],['2008年建'],['碧湖嘉园'],['湖里'],['枋湖'],有,两梯四户,['2023-06-11'],['2017-10-19']
396,['看中庭，采光足，全明设计，精品三房'],https://xm.lianjia.com/ershoufang/105116461777.html,['480'],"['44,273元/平']",4人关注 ,3室2厅1厨1卫,['中楼层/共11层'],['南'],['平层/精装'],['108.42平米'],['2008年建'],['嘉盛豪园南区'],['思明'],['瑞景'],有,一梯四户,['2024-03-24'],['2013-03-26']
397,['特房银溪墅府梅斯花园 2室2厅 南'],https://xm.lianjia.com/ershoufang/105116799566.html,['178'],"['20,524元/平']",2人关注 ,2室2厅1厨1卫,['低楼层/共24层'],['南'],['平层/精装'],['86.73平米'],['2017年建'],['特房银溪墅府梅斯花园'],['翔安'],['环东海域'],有,两梯四户,['2024-04-25'],['2018-04-16']
398,['江头公园旁 台湾街电梯高层小两房'],https://xm.lianjia.com/ershoufang/105114691465.html,['153'],"['31,327元/平']",3人关注 ,2室1厅1厨1卫,['中楼层/共26层'],['东'],['平层/精装'],['48.84平米'],['2007年建'],['建邦大厦'],['湖里'],['江头'],有,三梯二十二户,['2023-09-02'],['2016-05-27']
399,['业主诚售会展双大阳台，南北通风采光好看海看中庭'],https://xm.lianjia.com/ershoufang/105115870908.html,['508'],"['38,975元/平']",7人关注 ,3室2厅1厨2卫,['低楼层/共24层'],['南 北'],['平层/简装'],['130.34平米'],['2004年建'],['明发海景苑'],['思明'],['会展中心'],有,两梯四户,['2024-01-15'],['2005-10-31']
400,['吕厝江头板块 江宁里小区 繁华地段 户型方正 诚意出售'],https://xm.lianjia.com/ershoufang/105116189962.html,['290'],"['37,420元/平']",1人关注 ,2室2厅1厨1卫,['低楼层/共7层'],['南 北'],['平层/简装'],['77.5平米'],['1997年建'],['江宁里'],['湖里'],['江头'],无,暂无数据,['2024-02-29'],['2011-09-02']
401,['免个税 沿湖梯位 南北通透 3房 景观好 位置安静 诚售'],https://xm.lianjia.com/ershoufang/105116474283.html,['299'],"['27,622元/平']",5人关注 ,3室2厅1厨1卫,['中楼层/共31层'],['南 北'],['平层/精装'],['108.25平米'],['2015年建'],['IOI园博湾'],['集美'],['杏锦路'],有,两梯四户,['2024-03-25'],['2017-12-05']
402,['视野开阔， 采光充足， 交通便利'],https://xm.lianjia.com/ershoufang/105113197684.html,['85'],"['15,862元/平']",2人关注 ,1室1厅1厨1卫,['低楼层/共18层'],['西'],['平层/简装'],['53.59平米'],['2007年建'],['京口岩小区'],['海沧'],['未来海岸北师大'],有,两梯八户,['2023-03-30'],['2023-03-23']
403,['泰禾开发，楼中楼，三面采光，视野好，价格便宜'],https://xm.lianjia.com/ershoufang/105114223088.html,['270'],"['19,506元/平']",3人关注 ,5室2厅1厨3卫,['高楼层/共51层'],['南'],['跃层/简装'],['138.42平米'],['2018年建'],['厦门院子泰禾首玺A区'],['海沧'],['马銮湾中心片区'],有,两梯四户,['2023-07-12'],['2018-09-07']
404,['朝南东晖广场 精装一房 看小区中庭 位置安静'],https://xm.lianjia.com/ershoufang/105115804358.html,['219'],"['44,731元/平']",1人关注 ,1室1厅1厨1卫,['低楼层/共12层'],['南'],['平层/精装'],['48.96平米'],['2013年建'],['东晖广场'],['湖里'],['枋湖'],有,两梯八户,['2024-01-07'],['2017-01-22']
405,['看湖，好楼层，南北通透全明（另储藏间一间不算面积）'],https://xm.lianjia.com/ershoufang/105115095960.html,['443'],"['56,254元/平']",1人关注 ,2室2厅1厨1卫,['低楼层/共8层'],['南 北'],['平层/精装'],['78.75平米'],['1996年建'],['莲滨里'],['思明'],['体育中心'],无,暂无数据,['2023-10-19'],['2019-03-08']
406,['松柏莲岳里边套三面采光正规两房卧室带阳台朝南出售'],https://xm.lianjia.com/ershoufang/105112843272.html,['350'],"['54,289元/平']",1人关注 ,2室1厅1厨1卫,['中楼层/共8层'],['南 西南 北'],['平层/精装'],['64.47平米'],['1990年建'],['莲岳里小区西区'],['思明'],['松柏'],无,暂无数据,['2023-03-01'],['2003-04-28']
407,['绿苑新城 精装 两房两卫  空户 诚售 省个'],https://xm.lianjia.com/ershoufang/105116871871.html,['350'],"['35,770元/平']",0人关注 ,2室2厅1厨2卫,['中楼层/共28层'],['南'],['平层/精装'],['97.85平米'],['2014年建'],['绿苑新城三组团'],['海沧'],['滨海社区'],有,两梯四户,['2024-05-03'],['2016-06-08']
408,['文灶地铁社区，楼层好，西南北三面采光，业主诚意出售'],https://xm.lianjia.com/ershoufang/105116884342.html,['750'],"['63,020元/平']",3人关注 ,3室2厅1厨2卫,['中楼层/共30层'],['南 西 北'],['平层/精装'],['119.01平米'],['2020年建'],['文灶地铁社区一期'],['思明'],['禾祥东路'],有,两梯三户,['2024-05-04'],['暂无数据']
409,['金尚天宇花园南区 中间楼层，户型方正'],https://xm.lianjia.com/ershoufang/105114539021.html,['329'],"['28,832元/平']",7人关注 ,3室2厅1厨2卫,['低楼层/共11层'],['南 北'],['平层/简装'],['114.11平米'],['2000年建'],['天宇花园南区'],['湖里'],['金尚'],无,暂无数据,['2023-08-16'],['2004-08-11']
410,['自住精致两房  通风采光好  拎包入住'],https://xm.lianjia.com/ershoufang/105116450937.html,['198'],"['22,371元/平']",2人关注 ,2室2厅1厨1卫,['低楼层/共33层'],['南'],['平层/简装'],['88.51平米'],['2013年建'],['莲花尚院'],['集美'],['集美新城'],有,两梯四户,['2024-03-23'],['2014-08-27']
411,['产权满5年，业主只有这套，税费少，有电梯 地铁口'],https://xm.lianjia.com/ershoufang/105116041910.html,['255'],"['27,241元/平']",6人关注 ,2室1厅1厨1卫,['高楼层/共10层'],['南 北'],['平层/简装'],['93.61平米'],['2006年建'],['旭日海湾三期'],['海沧'],['滨海社区'],有,一梯两户,['2024-02-18'],['2019-01-18']
412,['新社区近地铁，临集美湖，靠图书馆，大悦城商场体在旁'],https://xm.lianjia.com/ershoufang/105116771895.html,['468'],"['43,035元/平']",3人关注 ,4室2厅1厨2卫,['中楼层/共18层'],['东南 北'],['平层/精装'],['108.75平米'],['2023年建'],['中粮云玺壹号'],['集美'],['集美新城'],有,两梯四户,['2024-04-23'],['2024-03-27']
413,['海沧天御近地铁小区，电梯三房，朝南采光好'],https://xm.lianjia.com/ershoufang/105114959854.html,['321'],"['28,080元/平']",0人关注 ,3室1厅1厨2卫,['中楼层/共32层'],['南'],['平层/简装'],['114.32平米'],['2007年建'],['天御小区'],['海沧'],['海沧区政府'],有,两梯四户,['2023-10-04'],['2012-08-02']
414,['枋湖 五缘湾 精装两房 中高楼层 电梯房 新小区'],https://xm.lianjia.com/ershoufang/105114829501.html,['450'],"['51,172元/平']",11人关注 ,2室2厅1厨1卫,['中楼层/共23层'],['南'],['平层/精装'],['87.94平米'],['2012年建'],['中央美地'],['湖里'],['枋湖'],有,两梯四户,['2023-09-17'],['2012-10-22']
415,['21年自住精装3房 透采光充足正规三房'],https://xm.lianjia.com/ershoufang/105115926224.html,['338'],"['44,387元/平']",2人关注 ,3室1厅1厨1卫,['低楼层/共7层'],['南'],['平层/精装'],['76.15平米'],['1993年建'],['莲坂西小区'],['思明'],['莲坂'],无,暂无数据,['2024-01-21'],['2020-01-31']
416,['家门口的公园 复式 安静 品牌家电  诚售'],https://xm.lianjia.com/ershoufang/105116729738.html,['69.8'],"['16,655元/平']",0人关注 ,2室2厅1厨1卫,['低楼层/共26层'],['西'],['跃层/精装'],['41.91平米'],['2016年建'],['融信海上城'],['海沧'],['滨海社区'],有,六梯三十六户,['2024-04-18'],['2017-02-01']
417,['高楼层精装三房 光线好 视野开阔无遮挡  配套齐全'],https://xm.lianjia.com/ershoufang/105116407591.html,['232'],"['26,569元/平']",2人关注 ,3室2厅1厨1卫,['高楼层/共30层'],['南'],['平层/精装'],['87.32平米'],['2017年建'],['中央公园城'],['集美'],['集美其它'],有,两梯四户,['2024-03-19'],['2018-01-09']
418,['4房2卫100米地铁口南北向满五无其他房入户全倒板'],https://xm.lianjia.com/ershoufang/105116922527.html,['163'],"['22,779元/平']",0人关注 ,4室2厅1厨2卫,['低楼层/共20层'],['南 北'],['平层/毛坯'],['71.56平米'],['2013年建'],['厦航高郡'],['同安'],['同安其它'],有,两梯两户,['2024-05-08'],['2014-01-03']
419,['南部精装大复式 动静分离 楼龄新 环境好 近公园近地铁'],https://xm.lianjia.com/ershoufang/105116904710.html,['380'],"['33,044元/平']",45人关注 ,4室2厅1厨3卫,['中楼层/共23层'],['东 南 北'],['跃层/精装'],['115平米'],['2020年建'],['世茂国风揽星'],['翔安'],['翔安新城'],有,四梯九户,['2024-05-06'],['2022-05-07']
420,['翔安隧道口，产权满2年，精装2房出售，拎包入住'],https://xm.lianjia.com/ershoufang/105111691572.html,['169.8'],"['18,684元/平']",3人关注 ,2室2厅1厨1卫,['中楼层/共26层'],['南'],['平层/精装'],['90.88平米'],['2013年建'],['明发半岛祥湾A区'],['翔安'],['翔安新城'],有,两梯四户,['2022-10-06'],['2022-02-17']
421,['芸溪居住公园三期，电梯2房2卫，电梯小高层，居住舒适'],https://xm.lianjia.com/ershoufang/105115170430.html,['148'],"['15,870元/平']",0人关注 ,2室2厅1厨2卫,['中楼层/共17层'],['南'],['平层/精装'],['93.26平米'],['2011年建'],['芸溪居住公园(三期)'],['同安'],['同安其它'],有,两梯三户,['2023-10-27'],['2020-01-01']
422,['莲坂地铁口 南湖公园旁 封闭电梯小区 朝南一改二'],https://xm.lianjia.com/ershoufang/105115020296.html,['228'],"['44,367元/平']",3人关注 ,2室1厅1厨1卫,['中楼层/共11层'],['南'],['平层/简装'],['51.39平米'],['2001年建'],['大洲新世纪广场'],['思明'],['富山'],有,一梯十七户,['2023-10-11'],['2004-06-15']
423,['SM双地铁 自住精装三房 中间楼层 看房方便 诚意出售'],https://xm.lianjia.com/ershoufang/105116793442.html,['265'],"['33,259元/平']",3人关注 ,3室1厅1厨1卫,['中楼层/共7层'],['南 北'],['平层/精装'],['79.68平米'],['2000年建'],['梅阳花园'],['湖里'],['SM'],无,暂无数据,['2024-04-25'],['2010-11-16']
424,['高层视野佳     朝南三房    湾悦城就在家门口'],https://xm.lianjia.com/ershoufang/105116873383.html,['695'],"['67,647元/平']",2人关注 ,3室1厅1厨2卫,['中楼层/共29层'],['南'],['平层/精装'],['102.74平米'],['2015年建'],['中央湾区琥珀湾'],['湖里'],['五缘湾'],有,两梯四户,['2024-05-03'],['2022-02-02']
425,['莲花一村   盈翠里  边套三房  清爽装修'],https://xm.lianjia.com/ershoufang/105116389665.html,['399'],"['45,280元/平']",3人关注 ,3室2厅1厨1卫,['高楼层/共6层'],['南 北'],['平层/简装'],['88.12平米'],['1990年建'],['盈翠里'],['思明'],['莲花一村'],无,暂无数据,['2024-03-17'],['2021-12-05']
426,['滨东小，万象城旁，南北正规两房'],https://xm.lianjia.com/ershoufang/105116587778.html,['269'],"['47,385元/平']",1人关注 ,2室1厅1厨1卫,['高楼层/共6层'],['南 北'],['平层/简装'],['56.77平米'],['未知年建'],['湖滨南路251-300号'],['思明'],['禾祥东路'],暂无数据,暂无数据,['2024-04-05'],['2023-01-01']
427,['锦绣祥安 2室2厅 南'],https://xm.lianjia.com/ershoufang/105116931897.html,['125'],"['14,436元/平']",0人关注 ,2室2厅1厨1卫,['中楼层/共11层'],['南'],['平层/简装'],['86.59平米'],['2010年建'],['锦绣祥安'],['翔安'],['马巷'],有,两梯四户,['2024-05-09'],['2020-05-09']
428,['精装修  落地窗      交通方便'],https://xm.lianjia.com/ershoufang/105116779006.html,['50'],"['19,562元/平']",0人关注 ,1室1厅1厨1卫,['中楼层/共11层'],['北'],['精装'],['25.56平米'],['2012年建'],['永建顶尚'],['湖里'],['枋湖'],有,两梯三十一户,['2024-04-23'],['暂无数据']
429,['融侨品质精装2居 南朝向 全明格局 软三、万达、公园旁'],https://xm.lianjia.com/ershoufang/105116884935.html,['113'],"['21,665元/平']",0人关注 ,2室1厅1厨1卫,['低楼层/共17层'],['南'],['精装'],['52.16平米'],['2021年建'],['融侨观澜'],['集美'],['灌口'],有,两梯五户,['2024-05-04'],['2022-02-27']
430,['金尚 正规大两房  全明户型 一梯两户  看房方便'],https://xm.lianjia.com/ershoufang/105116962684.html,['288'],"['40,056元/平']",0人关注 ,2室1厅1厨1卫,['中楼层/共8层'],['南 北'],['简装'],['71.9平米'],['1998年建'],['金尚小区'],['湖里'],['金尚'],有,一梯两户,['2024-05-12'],['2020-05-12']
431,['莲花一村 2房1厅  朝南 格局方正'],https://xm.lianjia.com/ershoufang/105116895902.html,['368'],"['46,459元/平']",0人关注 ,2室1厅1厨1卫,['高楼层/共6层'],['南 北'],['简装'],['79.21平米'],['1986年建'],['映碧里小区'],['思明'],['莲花一村'],无,暂无数据,['2024-05-06'],['2009-05-11']
432,['莲前五中对门正规一房一厅结婚精装修拎包入住满5年'],https://xm.lianjia.com/ershoufang/105116301589.html,['167'],"['46,832元/平']",0人关注 ,1室1厅1厨1卫,['低楼层/共6层'],['南 北'],['平层/精装'],['35.66平米'],['2000年建'],['中兴阁'],['思明'],['金鸡亭'],无,暂无数据,['2024-03-10'],['2017-01-01']
433,['中交复式四房，高层满二，无抵押。'],https://xm.lianjia.com/ershoufang/105116582689.html,['410'],"['43,818元/平']",1人关注 ,4室2厅1厨2卫,['中楼层/共33层'],['东南'],['简装'],['93.57平米'],['2017年建'],['中交和美新城(二期三期)'],['集美'],['集美新城'],有,两梯四户,['2024-04-05'],['2022-07-16']
434,['有电梯小区，交通方便， 楼下BRT 配套齐全 生活便利。'],https://xm.lianjia.com/ershoufang/105109010324.html,['365'],"['79,073元/平']",11人关注 ,1室1厅1厨1卫,['高楼层/共31层'],['北'],['平层/简装'],['46.16平米'],['2004年建'],['源通中心'],['思明'],['思北'],有,六梯十七户,['2021-10-15'],['2015-08-21']
435,['蓝湾半岛：91.79平，436万，朝东南，近地铁口'],https://xm.lianjia.com/ershoufang/105114494665.html,['436'],"['47,500元/平']",0人关注 ,2室2厅1厨1卫,['低楼层/共18层'],['东南'],['平层/精装'],['91.79平米'],['2008年建'],['中骏蓝湾半岛'],['海沧'],['滨海社区'],有,两梯三户,['2023-08-11'],['2012-07-18']
436,['滨北2000社区 自主装修 户型方正 地铁三号线人才站'],https://xm.lianjia.com/ershoufang/105114188960.html,['308'],"['70,985元/平']",0人关注 ,1室1厅1厨1卫,['低楼层/共9层'],['北'],['平层/精装'],['43.39平米'],['2000年建'],['共和大厦'],['思明'],['七星路'],无,暂无数据,['2023-07-08'],['2017-12-27']
437,['叠墅，户型方正，视野宽阔，配套设施齐全，交通便利'],https://xm.lianjia.com/ershoufang/105110967961.html,['999'],"['50,011元/平']",3人关注 ,4室2厅1厨4卫,['低楼层/共2层'],['东 西'],['跃层/精装'],['199.76平米'],['2001年建'],['云亭花园'],['思明'],['金鸡亭'],无,暂无数据,['2022-07-11'],['2015-04-03']
438,['东方高尔夫国际公寓 车位'],https://xm.lianjia.com/ershoufang/105116064308.html,['285'],"['21,573元/平']",0人关注 ,低楼层 (共9层),['低楼层/共9层'],['南 北'],['平层/精装'],['132.11平米'],['2009年建'],['东方高尔夫国际公寓'],['海沧'],['马銮湾东'],,,['2024-02-20'],['2021-02-21']
439,['央企品质自住精装小三房满五省税费'],https://xm.lianjia.com/ershoufang/105110353845.html,['355'],"['35,152元/平']",3人关注 ,3室2厅1厨1卫,['低楼层/共43层'],['南'],['平层/精装'],['100.99平米'],['2014年建'],['招商海德公园一期'],['集美'],['集美其它'],有,三梯四户,['2022-04-22'],['2017-05-18']
440,['业主自住精装，三房双卫双阳台，看小区中庭'],https://xm.lianjia.com/ershoufang/105113123268.html,['214'],"['21,753元/平']",0人关注 ,3室2厅1厨2卫,['低楼层/共35层'],['东南 南'],['平层/精装'],['98.38平米'],['2012年建'],['禹洲大学城'],['同安'],['集美其它'],有,三梯八户,['2023-03-24'],['2014-04-02']
441,['集美桥头堡，房子满2年，中高层，户型方正大三房'],https://xm.lianjia.com/ershoufang/105112748615.html,['340'],"['33,508元/平']",0人关注 ,3室2厅1厨1卫,['中楼层/共43层'],['西南'],['平层/简装'],['101.47平米'],['2014年建'],['招商海德公园一期'],['集美'],['集美其它'],有,三梯四户,['2023-02-21'],['2020-11-20']
442,['生活区高品质小区 精装大四房 交通方便'],https://xm.lianjia.com/ershoufang/105105946394.html,['620'],"['29,390元/平']",4人关注 ,4室2厅1厨3卫,['低楼层/共44层'],['南'],['平层/精装'],['210.96平米'],['2017年建'],['西雅图'],['海沧'],['海沧外国语片区'],有,三梯三户,['2020-12-04'],['2018-09-12']
443,['瑞景洪文BRT边上  电梯高层  视野好'],https://xm.lianjia.com/ershoufang/105113237376.html,['499'],"['34,445元/平']",0人关注 ,3室2厅1厨1卫,['高楼层/共22层'],['南'],['平层/简装'],['144.87平米'],['2002年建'],['联丰大厦'],['思明'],['瑞景'],有,三梯六户,['2023-04-03'],['2004-03-19']
444,['滨北市政府边套中楼层格局方正南北通透三房'],https://xm.lianjia.com/ershoufang/105113623978.html,['555'],"['67,593元/平']",0人关注 ,3室1厅1厨1卫,['中楼层/共7层'],['南 北'],['平层/简装'],['82.11平米'],['1994年建'],['石亭小区'],['思明'],['市政府'],无,暂无数据,['2023-05-10'],['1998-12-14']
445,['翔安隧道口，高层 朝南 复式户型'],https://xm.lianjia.com/ershoufang/105113183002.html,['63'],"['16,196元/平']",0人关注 ,1室1厅1厨0卫,['高楼层/共18层'],['南'],['平层/毛坯'],['38.9平米'],['2018年建'],['菁英公馆'],['翔安'],['翔安新城'],有,四梯四十二户,['2023-03-29'],['2019-07-30']
446,['东渡片区天然氧吧社区，3房，楼层适中，户型方正'],https://xm.lianjia.com/ershoufang/105107037808.html,['574'],"['51,041元/平']",8人关注 ,3室2厅1厨2卫,['低楼层/共11层'],['南 北'],['平层/简装'],['112.46平米'],['2005年建'],['和通新村'],['湖里'],['东渡'],有,两梯三户,['2021-04-17'],['2005-08-12']
447,['海上世界 南北通透 单价低 物业管理良好'],https://xm.lianjia.com/ershoufang/105112471174.html,['385'],"['43,567元/平']",2人关注 ,2室2厅1厨1卫,['高楼层/共7层'],['南 北'],['平层/精装'],['88.37平米'],['2000年建'],['榕海花园'],['湖里'],['东渡'],无,暂无数据,['2023-01-29'],['2002-05-21']
448,['金鸡亭三房精装修业主诚意出售。。。'],https://xm.lianjia.com/ershoufang/105113826202.html,['438'],"['46,038元/平']",0人关注 ,3室2厅1厨1卫,['高楼层/共7层'],['南 北'],['平层/精装'],['95.14平米'],['1997年建'],['金鸡亭小区西区'],['思明'],['金鸡亭'],无,暂无数据,['2023-05-29'],['2010-08-05']
449,['中山公园南门口 电梯3房 全明结构 东北向高层视野好'],https://xm.lianjia.com/ershoufang/105110677637.html,['1351'],"['97,779元/平']",3人关注 ,3室2厅1厨2卫,['高楼层/共31层'],['东北'],['平层/简装'],['138.17平米'],['1995年建'],['玉滨城一期'],['思明'],['实验小学及周边'],有,两梯四户,['2022-06-06'],['2000-03-09']
450,['育秀中.心 电梯高层 朝南户型看湖 楼下交通方便'],https://xm.lianjia.com/ershoufang/105102515146.html,['1010'],"['75,133元/平']",32人关注 ,3室2厅1厨2卫,['高楼层/共33层'],['东南'],['平层/精装'],['134.43平米'],['2003年建'],['育秀中心'],['思明'],['体育中心'],有,三梯六户,['2019-06-12'],['2011-06-07']
451,['刚需必备小户型！2号线 地  铁旁，中间楼层总价低~'],https://xm.lianjia.com/ershoufang/105103212069.html,['89'],"['17,825元/平']",3人关注 ,1室1厅1厨1卫,['中楼层/共31层'],['西'],['平层/精装'],['49.93平米'],['2015年建'],['泰地海西中心'],['海沧'],['海沧区政府'],有,六梯二十四户,['2019-10-18'],['2018-10-31']
452,['泰地海西，高层看海景，空气好，视野开阔，采光好'],https://xm.lianjia.com/ershoufang/105106948461.html,['188'],"['26,923元/平']",3人关注 ,1室1厅1厨1卫,['高楼层/共31层'],['东 东南'],['平层/精装'],['69.83平米'],['2015年建'],['泰地海西中心'],['海沧'],['海沧区政府'],有,六梯二十四户,['2021-04-10'],['2019-12-17']
453,['植物园下，虎溪寺旁，2000年花园洋房，感受鸟语清香'],https://xm.lianjia.com/ershoufang/105112716680.html,['880'],"['94,381元/平']",0人关注 ,3室2厅1厨1卫,['中楼层/共5层'],['南 北'],['平层/精装'],['93.24平米'],['1998年建'],['虎园路财政宿舍'],['思明'],['实验小学及周边'],无,暂无数据,['2023-02-18'],['2021-04-16']
454,['精装修花了四百来多万，全是红杉木'],https://xm.lianjia.com/ershoufang/105115198741.html,['990'],"['44,668元/平']",1人关注 ,6室2厅1厨4卫,['低楼层/共3层'],['南 北'],['跃层/精装'],['221.64平米'],['2005年建'],['星海湾'],['同安'],['环东海域'],无,暂无数据,['2023-10-31'],['2017-04-11']
455,['龙湖品质 近地铁 复式楼中楼 边套通透户型'],https://xm.lianjia.com/ershoufang/105106258651.html,['478'],"['40,362元/平']",16人关注 ,3室2厅1厨2卫,['低楼层/共34层'],['南 北'],['跃层/毛坯'],['118.43平米'],['2017年建'],['龙湖春江郦城二期'],['集美'],['杏北'],有,两梯六户,['2021-01-14'],['2018-08-30']
456,['中海品质，海景2房，户型方正，保养精致'],https://xm.lianjia.com/ershoufang/105115472430.html,['270'],"['32,672元/平']",2人关注 ,2室1厅1厨1卫,['中楼层/共41层'],['南'],['平层/精装'],['82.64平米'],['2013年建'],['中海寰宇天下'],['集美'],['杏林桥头'],有,两梯四户,['2023-11-30'],['2015-05-15']
457,['业主自住，精装修，外阳台，格局方正'],https://xm.lianjia.com/ershoufang/105110724655.html,['450'],"['43,563元/平']",0人关注 ,3室1厅1厨1卫,['低楼层/共31层'],['西南'],['平层/精装'],['103.3平米'],['2015年建'],['住宅·水晶湖郡'],['集美'],['集美新城'],有,两梯四户,['2022-06-11'],['2021-03-01']
458,['水晶湖郡二期大通透三房格局方正诚意出售'],https://xm.lianjia.com/ershoufang/105112975514.html,['475'],"['35,790元/平']",0人关注 ,3室2厅1厨2卫,['中楼层/共31层'],['东南'],['平层/简装'],['132.72平米'],['2015年建'],['住宅·水晶湖郡'],['集美'],['集美新城'],有,两梯三户,['2023-03-11'],['2020-03-20']
459,['正规单身公寓二手房一室一厅一卫来袭'],https://xm.lianjia.com/ershoufang/105109047159.html,['73'],"['23,519元/平']",218人关注 ,1室1厅1厨1卫,['中楼层/共35层'],['东北'],['平层/精装'],['31.04平米'],['2011年建'],['禹洲大学城'],['同安'],['集美其它'],有,三梯十户,['2021-10-19'],['2017-01-06']
460,['出入方便，配套齐，人文环境好，满五，交通便利'],https://xm.lianjia.com/ershoufang/105114616013.html,['650'],"['49,989元/平']",0人关注 ,3室2厅1厨2卫,['低楼层/共17层'],['南'],['平层/简装'],['130.03平米'],['2001年建'],['古兴里'],['思明'],['前埔'],有,两梯六户,['2023-08-25'],['2003-11-07']
461,['水晶湖郡 南北通透3房 南北通透 全明结构 产权满二年'],https://xm.lianjia.com/ershoufang/105110358129.html,['430'],"['37,130元/平']",2人关注 ,3室2厅1厨2卫,['低楼层/共28层'],['南 北'],['平层/毛坯'],['115.81平米'],['2015年建'],['住宅·水晶湖郡'],['集美'],['集美新城'],有,两梯三户,['2022-04-22'],['2017-08-17']
462,['房屋产权满二省5.3%增值税两房朝南采光充足 居住舒适'],https://xm.lianjia.com/ershoufang/105112894695.html,['220'],"['34,982元/平']",0人关注 ,2室2厅1厨1卫,['中楼层/共17层'],['东南'],['平层/精装'],['62.89平米'],['未知年建'],['滨水二里'],['集美'],['集美新城'],有,两梯四户,['2023-03-05'],['2019-03-07']
463,['靠会所高楼层02户型，东南北通透格局方方正正满五*'],https://xm.lianjia.com/ershoufang/105109013697.html,['1616'],"['59,990元/平']",7人关注 ,4室2厅1厨4卫,['高楼层/共29层'],['南 北'],['平层/毛坯'],['269.38平米'],['2011年建'],['云顶至尊'],['思明'],['瑞景'],有,三梯两户,['2021-10-15'],['2012-10-11']
464,['万科广场满两年精装四房 户型方正 全明格局'],https://xm.lianjia.com/ershoufang/105106785433.html,['270'],"['20,696元/平']",2人关注 ,4室2厅1厨2卫,['中楼层/共42层'],['南 北'],['平层/精装'],['130.46平米'],['2017年建'],['万科广场幸福里'],['集美'],['厦门北站商业区'],有,三梯五户,['2021-03-26'],['2017-12-01']
465,['电梯高层，正规4房，全明格局，四面采光'],https://xm.lianjia.com/ershoufang/105110738790.html,['605'],"['33,010元/平']",5人关注 ,5室1厅1厨3卫,['高楼层/共15层'],['南'],['平层/精装'],['183.28平米'],['1994年建'],['信源大厦'],['湖里'],['湖里大道'],有,两梯六户,['2022-06-13'],['2017-06-07']
466,['阳光花园正规3房店面，住家两用，仅售有缘人'],https://xm.lianjia.com/ershoufang/105105728673.html,['665'],"['70,393元/平']",17人关注 ,3室1厅1厨2卫,['低楼层/共7层'],['南 北'],['平层/精装'],['94.47平米'],['1998年建'],['阳光花园'],['思明'],['松柏'],无,暂无数据,['2020-11-07'],['2003-04-16']
467,['松柏 3房 通透 3卫 低公摊南北户型 6米大横厅'],https://xm.lianjia.com/ershoufang/105110724794.html,['900'],"['69,466元/平']",2人关注 ,3室2厅1厨3卫,['高楼层/共6层'],['南 北'],['平层/简装'],['129.56平米'],['2000年建'],['松柏湖花园'],['思明'],['松柏'],无,暂无数据,['2022-06-11'],['2003-07-03']
468,['独门独户，门口使用10平，优质通透三房，高层精装看海'],https://xm.lianjia.com/ershoufang/105111666048.html,['278'],"['29,341元/平']",1人关注 ,3室2厅1厨1卫,['高楼层/共33层'],['南 北'],['平层/精装'],['94.75平米'],['2015年建'],['阳光城翡丽湾二期'],['翔安'],['翔安新城'],有,两梯六户,['2022-10-02'],['2021-01-11']
469,['松柏屿后北里南北通透两房业主换房出售'],https://xm.lianjia.com/ershoufang/105114528381.html,['460'],"['67,618元/平']",2人关注 ,2室1厅1厨1卫,['中楼层/共8层'],['南 北'],['平层/精装'],['68.03平米'],['1993年建'],['屿后北里'],['思明'],['松柏'],无,暂无数据,['2023-08-15'],['1999-07-19']
470,['地铁口。楼层佳的3房。是居家好房。'],https://xm.lianjia.com/ershoufang/105112114889.html,['580'],"['57,014元/平']",1人关注 ,3室2厅1厨1卫,['中楼层/共7层'],['南'],['平层/精装'],['101.73平米'],['2001年建'],['惠鸿花园'],['湖里'],['金尚'],无,暂无数据,['2022-11-24'],['2005-05-10']
471,['莲坂地铁口，高层自住精装小2房。'],https://xm.lianjia.com/ershoufang/105107417319.html,['401'],"['87,920元/平']",2人关注 ,2室1厅1厨1卫,['高楼层/共18层'],['西'],['平层/精装'],['45.61平米'],['2004年建'],['美迪斯小区'],['思明'],['富山'],有,一梯七户,['2021-05-24'],['2021-06-11']
472,['地铁口旁，南北全明户型好，采光好带储藏间，业主急售'],https://xm.lianjia.com/ershoufang/105113130740.html,['359'],"['40,442元/平']",0人关注 ,3室2厅1厨1卫,['高楼层/共7层'],['南 北'],['平层/简装'],['88.77平米'],['1997年建'],['福龙公寓内院'],['湖里'],['金尚'],无,暂无数据,['2023-03-24'],['2016-03-01']
473,['金尚片区大三房，中间楼层，南北通透双阳台。'],https://xm.lianjia.com/ershoufang/105113828514.html,['540'],"['45,102元/平']",0人关注 ,3室1厅1厨2卫,['中楼层/共7层'],['南 北'],['平层/精装'],['119.73平米'],['2000年建'],['玉鹭苑'],['湖里'],['金尚'],无,暂无数据,['2023-05-30'],['2020-09-17']
474,['地铁口 边套 都带大窗户 使用面积大'],https://xm.lianjia.com/ershoufang/105106750771.html,['315'],"['43,193元/平']",146人关注 ,3室1厅1厨1卫,['高楼层/共7层'],['东 南 北'],['平层/简装'],['72.93平米'],['未知年建'],['吕岭路'],['湖里'],['金尚'],无,暂无数据,['2021-03-24'],['2008-02-05']
475,['枋湖凯悦新城  电梯高层一房一厅  业主诚意出售'],https://xm.lianjia.com/ershoufang/105114585602.html,['270'],"['61,239元/平']",0人关注 ,1室1厅1厨1卫,['高楼层/共13层'],['北'],['平层/简装'],['44.09平米'],['2013年建'],['凯悦新城'],['湖里'],['枋湖'],有,两梯八户,['2023-08-22'],['2020-08-23']
476,['中海寰宇天下 4室2厅 南 北'],https://xm.lianjia.com/ershoufang/105111761099.html,['518'],"['37,591元/平']",2人关注 ,4室2厅1厨2卫,['高楼层/共33层'],['南 北'],['平层/精装'],['137.8平米'],['2014年建'],['中海寰宇天下'],['集美'],['杏林桥头'],有,两梯四户,['2022-10-13'],['2011-11-05']
477,['大学城精装小三房 拎包可入住 东南朝向 采光日照充足'],https://xm.lianjia.com/ershoufang/105111539246.html,['185'],"['21,447元/平']",1人关注 ,3室2厅1厨1卫,['中楼层/共30层'],['东南'],['平层/精装'],['86.26平米'],['2012年建'],['禹洲大学城'],['同安'],['集美其它'],有,两梯四户,['2022-09-17'],['2015-02-10']
478,['刚需新选择，精装修，大三房，延奎分校'],https://xm.lianjia.com/ershoufang/105113269734.html,['281'],"['24,461元/平']",1人关注 ,3室2厅1厨2卫,['中楼层/共15层'],['南'],['平层/精装'],['114.88平米'],['2018年建'],['海投尚书房'],['海沧'],['马銮湾中心片区'],有,两梯四户,['2023-04-06'],['2021-12-21']
479,['满五*，刚需户型，精装两房，交通便利'],https://xm.lianjia.com/ershoufang/105108050786.html,['179'],"['26,328元/平']",25人关注 ,2室2厅1厨1卫,['低楼层/共35层'],['南'],['平层/精装'],['67.99平米'],['2012年建'],['禹洲大学城'],['同安'],['集美其它'],有,三梯十户,['2021-07-21'],['2011-11-16']
480,['边套三房，三面采光，业主急售 出价来谈'],https://xm.lianjia.com/ershoufang/105113782522.html,['234'],"['22,132元/平']",1人关注 ,3室2厅1厨1卫,['低楼层/共29层'],['东南'],['平层/毛坯'],['105.73平米'],['2017年建'],['新城际广场二期'],['集美'],['厦门北站商业区'],有,两梯四户,['2023-05-25'],['2020-05-21']
481,['北站中骏四季阳光精装三房 东南朝向 采光好'],https://xm.lianjia.com/ershoufang/105111791305.html,['248'],"['24,655元/平']",0人关注 ,3室2厅1厨2卫,['高楼层/共16层'],['东南'],['平层/精装'],['100.59平米'],['2014年建'],['中骏四季阳光'],['集美'],['厦门北站商业区'],有,两梯四户,['2022-10-17'],['2015-03-10']
482,['精装修复式，龙湖品质，自带龙湖天街'],https://xm.lianjia.com/ershoufang/105109455414.html,['450'],"['43,835元/平']",41人关注 ,3室2厅1厨2卫,['中楼层/共33层'],['南 北'],['跃层/精装'],['102.66平米'],['2016年建'],['龙湖春江郦城一期'],['集美'],['杏北'],有,两梯六户,['2021-12-10'],['2017-10-12']
483,['枋湖联发欣悦园  品质小区 电梯高层 朝南两房 自住'],https://xm.lianjia.com/ershoufang/105114845503.html,['598'],"['68,871元/平']",0人关注 ,2室2厅1厨1卫,['高楼层/共12层'],['南'],['平层/简装'],['86.83平米'],['2012年建'],['联发欣悦园'],['湖里'],['枋湖'],有,一梯三户,['2023-09-19'],['2014-04-18']
484,['海沧西雅图精装修大四房！格局好！'],https://xm.lianjia.com/ershoufang/105112924178.html,['480'],"['29,217元/平']",0人关注 ,3室2厅1厨2卫,['低楼层/共44层'],['东'],['平层/精装'],['164.29平米'],['2017年建'],['西雅图'],['海沧'],['海沧外国语片区'],有,三梯三户,['2023-03-07'],['2018-08-31']
485,['集美万达旁 禹洲大学城 精装两房 满二 朝南双阳台'],https://xm.lianjia.com/ershoufang/105102374968.html,['189'],"['21,825元/平']",52人关注 ,2室2厅1厨1卫,['中楼层/共30层'],['南'],['平层/精装'],['86.6平米'],['2012年建'],['禹洲大学城'],['同安'],['集美其它'],有,两梯四户,['2019-05-12'],['2012-02-12']
486,['融信海上城'],https://xm.lianjia.com/ershoufang/105112532172.html,['99'],"['21,069元/平']",2人关注 ,2室1厅1厨1卫,['高楼层/共26层'],['南'],['跃层/精装'],['46.99平米'],['2016年建'],['融信海上城'],['海沧'],['滨海社区'],有,六梯三十四户,['2023-02-03'],['2018-03-05']
487,['泰地海西 地铁口 高层精装 全海景 无遮挡'],https://xm.lianjia.com/ershoufang/105114465979.html,['108'],"['19,755元/平']",0人关注 ,1室1厅1厨1卫,['高楼层/共31层'],['东南'],['平层/精装'],['54.67平米'],['2015年建'],['泰地海西中心'],['海沧'],['海沧区政府'],有,六梯二十四户,['2023-08-09'],['2016-12-22']
488,['维多利亚，一楼有花园，业主诚意出售'],https://xm.lianjia.com/ershoufang/105109246287.html,['680'],"['48,537元/平']",6人关注 ,3室2厅1厨1卫,['低楼层/共29层'],['南'],['平层/简装'],['140.1平米'],['2010年建'],['海晟维多利亚'],['海沧'],['滨海社区'],有,两梯三户,['2021-11-14'],['2012-10-23']
489,['滨海社区 蓝湾半岛楼中楼 带独立露台'],https://xm.lianjia.com/ershoufang/105112617917.html,['1150'],"['52,342元/平']",3人关注 ,4室1厅1厨2卫,['高楼层/共18层'],['东南'],['复式/简装'],['219.71平米'],['2008年建'],['中骏蓝湾半岛'],['海沧'],['滨海社区'],有,两梯三户,['2023-02-11'],['2012-02-22']
490,['枋湖楼中楼，与水系公园为伴，与精致别墅为邻'],https://xm.lianjia.com/ershoufang/105111082882.html,['510'],"['48,776元/平']",5人关注 ,3室2厅1厨2卫,['高楼层/共7层'],['南 北'],['跃层/精装'],['104.56平米'],['2006年建'],['艾德花园一期'],['湖里'],['机场区'],无,暂无数据,['2022-07-26'],['2007-09-25']
491,['翔安中 心位置 区府旁低总价2房1厅 免增值税'],https://xm.lianjia.com/ershoufang/105110408092.html,['145'],"['23,197元/平']",4人关注 ,2室2厅1厨1卫,['低楼层/共18层'],['南'],['平层/精装'],['62.51平米'],['2017年建'],['东方新城二期'],['翔安'],['新店'],暂无数据,暂无数据,['2022-04-28'],['2020-06-23']
492,['地铁口 正规三房 南北 诚意出售'],https://xm.lianjia.com/ershoufang/105112900917.html,['480'],"['41,842元/平']",0人关注 ,3室2厅1厨2卫,['中楼层/共8层'],['南'],['平层/简装'],['114.72平米'],['1997年建'],['天宇花园南区'],['湖里'],['金尚'],无,暂无数据,['2023-03-05'],['2017-12-15']
493,['彼岸标准两房，人车分流，地铁口，上学近'],https://xm.lianjia.com/ershoufang/105113903954.html,['410'],"['45,165元/平']",1人关注 ,2室1厅1厨1卫,['高楼层/共18层'],['南 北'],['平层/简装'],['90.78平米'],['2013年建'],['彼岸'],['海沧'],['滨海社区'],有,两梯四户,['2023-06-06'],['2016-05-03']
494,['海沧湾公园 海岸1号 高层三房 户型通透 看海景'],https://xm.lianjia.com/ershoufang/105113037334.html,['710'],"['47,993元/平']",1人关注 ,3室1厅1厨3卫,['中楼层/共35层'],['东南 西北'],['平层/精装'],['147.94平米'],['2009年建'],['中骏海岸1号'],['海沧'],['滨海社区'],有,两梯三户,['2023-03-16'],['2010-09-15']
495,['楼层高光线好，公摊小，房间多，出行方便'],https://xm.lianjia.com/ershoufang/105114679894.html,['298'],"['19,524元/平']",0人关注 ,6室1厅0厨6卫,['高楼层/共8层'],['南 北'],['平层/精装'],['152.64平米'],['2000年建'],['大永固花园'],['海沧'],['海沧生活区'],无,暂无数据,['2023-09-01'],['2021-08-16']
496,['正规大四房，通透户型，精装修，地铁口，位置佳'],https://xm.lianjia.com/ershoufang/105113762069.html,['560'],"['32,816元/平']",3人关注 ,4室2厅1厨3卫,['低楼层/共33层'],['南'],['平层/精装'],['170.65平米'],['2009年建'],['天心岛'],['海沧'],['滨海社区'],有,两梯两户,['2023-05-23'],['2011-05-17']
497,['小户型，总价低，滨北区域，出行生活购物方便。'],https://xm.lianjia.com/ershoufang/105112797902.html,['275'],"['85,431元/平']",0人关注 ,1室1厅1厨1卫,['高楼层/共8层'],['南'],['平层/精装'],['32.19平米'],['1998年建'],['惠祥花园'],['思明'],['七星路'],无,暂无数据,['2023-02-25'],['2019-07-10']
498,['祥店 太微山庄 正规大3房出售  双阳台 小区中庭'],https://xm.lianjia.com/ershoufang/105111066961.html,['620'],"['48,571元/平']",3人关注 ,3室2厅1厨2卫,['中楼层/共11层'],['南 北'],['平层/精装'],['127.65平米'],['2001年建'],['太微山庄'],['湖里'],['祥店'],有,一梯两户,['2022-07-24'],['2016-04-27']
499,['边套三房，朝南面宽，光照充足，IOI世茂商圈、万科里'],https://xm.lianjia.com/ershoufang/105111341915.html,['396'],"['31,025元/平']",0人关注 ,3室2厅1厨2卫,['低楼层/共33层'],['东南'],['平层/精装'],['127.64平米'],['2013年建'],['莲花尚院'],['集美'],['集美新城'],有,两梯四户,['2022-08-26'],['2015-02-17']
500,['群惠电梯2房闹中取静业主诚意出售'],https://xm.lianjia.com/ershoufang/105107308904.html,['658'],"['81,598元/平']",7人关注 ,2室2厅1厨1卫,['中楼层/共10层'],['南'],['平层/简装'],['80.64平米'],['2002年建'],['定安小区'],['思明'],['思明南路'],无,暂无数据,['2021-05-13'],['2000-09-19']
501,['海上世界商圈版块 正规两房 阳光明亮 低总价诚意出售'],https://xm.lianjia.com/ershoufang/105113061743.html,['292'],"['36,661元/平']",0人关注 ,2室1厅1厨1卫,['中楼层/共7层'],['东 西'],['平层/简装'],['79.65平米'],['1998年建'],['榕海花园'],['湖里'],['东渡'],暂无数据,暂无数据,['2023-03-19'],['2009-06-29']
502,['集美高品质楼盘，全明结构采光好，边套户型 通透性好'],https://xm.lianjia.com/ershoufang/105113349179.html,['720'],"['50,112元/平']",0人关注 ,3室2厅1厨2卫,['中楼层/共38层'],['南 北'],['平层/精装'],['143.68平米'],['2019年建'],['莲花首岸'],['集美'],['集美新城'],有,两梯四户,['2023-04-13'],['2020-03-18']
503,['长欣花园 2室1厅 南'],https://xm.lianjia.com/ershoufang/105115360971.html,['172'],"['34,013元/平']",0人关注 ,2室1厅1厨1卫,['高楼层/共6层'],['南'],['平层/精装'],['50.57平米'],['2004年建'],['长欣花园'],['海沧'],['海沧生活区'],无,暂无数据,['2023-11-17'],['2023-11-18']
504,['莲坂能群大厦  精装一房一厅 地段好 湖明 地铁口'],https://xm.lianjia.com/ershoufang/105111015040.html,['370'],"['69,445元/平']",0人关注 ,1室1厅1厨1卫,['低楼层/共24层'],['西北'],['平层/精装'],['53.28平米'],['2004年建'],['能群大厦'],['思明'],['莲坂'],有,两梯七户,['2022-07-17'],['2005-02-24']
505,['电梯刚需二房，户型方正，全明结构'],https://xm.lianjia.com/ershoufang/105114666267.html,['498'],"['62,911元/平']",0人关注 ,2室1厅1厨1卫,['中楼层/共9层'],['西北'],['平层/精装'],['79.16平米'],['1994年建'],['金龙花园'],['思明'],['莲坂'],有,两梯六户,['2023-08-31'],['2020-11-02']
506,['此房满5唯不*，业主自住装修，保养的很不错。'],https://xm.lianjia.com/ershoufang/105108579031.html,['238'],"['26,525元/平']",3人关注 ,3室2厅1厨1卫,['低楼层/共6层'],['南'],['平层/精装'],['89.73平米'],['2004年建'],['金龙商城二期'],['海沧'],['海沧生活区'],无,暂无数据,['2021-08-30'],['2009-07-15']
507,['地铁100米，岭兜刚需小三房，南北通透，动静分离'],https://xm.lianjia.com/ershoufang/105110869363.html,['457'],"['52,863元/平']",9人关注 ,3室2厅1厨1卫,['高楼层/共7层'],['南 北'],['平层/简装'],['86.45平米'],['2002年建'],['岭兜小区中区'],['思明'],['前埔'],无,暂无数据,['2022-06-29'],['2007-08-24']
508,['海沧区政府旁 天成精装四房 楼下地铁2号线 阿罗海'],https://xm.lianjia.com/ershoufang/105103886119.html,['490'],"['31,534元/平']",64人关注 ,4室2厅1厨2卫,['中楼层/共27层'],['南 北'],['平层/精装'],['155.39平米'],['2005年建'],['天成广场'],['海沧'],['海沧区政府'],有,两梯五户,['2020-03-20'],['2010-10-20']
509,['泰地海西 环境舒适 海沧湾公园 24小时保安'],https://xm.lianjia.com/ershoufang/105111385967.html,['120'],"['21,448元/平']",1人关注 ,1室1厅1厨1卫,['高楼层/共31层'],['南'],['平层/简装'],['55.95平米'],['2015年建'],['泰地海西中心'],['海沧'],['海沧区政府'],有,六梯二十四户,['2022-08-31'],['2016-08-10']
510,['天湖城 3室2厅 南'],https://xm.lianjia.com/ershoufang/105114920633.html,['380'],"['35,498元/平']",0人关注 ,3室2厅1厨1卫,['高楼层/共32层'],['南'],['平层/简装'],['107.05平米'],['2012年建'],['天湖城'],['海沧'],['海沧区政府'],有,两梯四户,['2023-09-27'],['2017-08-16']
511,['海上世界商圈版块 正规两房 阳光明亮 低总价诚意出售'],https://xm.lianjia.com/ershoufang/105113061743.html,['292'],"['36,661元/平']",0人关注 ,2室1厅1厨1卫,['中楼层/共7层'],['东 西'],['平层/简装'],['79.65平米'],['1998年建'],['榕海花园'],['湖里'],['东渡'],暂无数据,暂无数据,['2023-03-19'],['2009-06-29']
512,['环东海域 南北通透刚需小两房 地铁口 看海'],https://xm.lianjia.com/ershoufang/105115595485.html,['150'],"['25,360元/平']",0人关注 ,2室1厅1厨1卫,['高楼层/共17层'],['南 北'],['平层/精装'],['59.15平米'],['2015年建'],['长荣花园'],['同安'],['环东海域'],有,两梯四户,['2023-12-13'],['2021-04-06']
513,['方正户型  南北朝向  满五年  目前在出租'],https://xm.lianjia.com/ershoufang/105107400928.html,['1100'],"['58,702元/平']",3人关注 ,4室2厅1厨2卫,['低楼层/共12层'],['南 北'],['简装'],['187.39平米'],['2008年建'],['水晶森林一期'],['湖里'],['枋湖'],有,两梯两户,['2021-05-23'],['2015-04-16']
514,['盈翠里客厅带阳台朝南，朝南正看小区中庭，中间楼层'],https://xm.lianjia.com/ershoufang/105114842541.html,['498'],"['72,776元/平']",0人关注 ,2室1厅1厨1卫,['中楼层/共6层'],['东南'],['平层/简装'],['68.43平米'],['1990年建'],['盈翠里'],['思明'],['莲花一村'],无,暂无数据,['2023-09-18'],['2006-01-17']
515,['户型通透格局好，双阳台户型南北通透，4房一站式到位'],https://xm.lianjia.com/ershoufang/105109777708.html,['365'],"['31,054元/平']",4人关注 ,4室2厅1厨2卫,['中楼层/共26层'],['南 北'],['平层/精装'],['117.54平米'],['2006年建'],['汇景雅苑'],['海沧'],['未来海岸北师大'],有,两梯四户,['2022-02-13'],['2009-08-05']
516,['翔安隧道口  一线海景 精装修海景房'],https://xm.lianjia.com/ershoufang/105102063119.html,['230'],"['26,086元/平']",1人关注 ,3室2厅1厨1卫,['低楼层/共33层'],['南 北'],['平层/精装'],['88.17平米'],['2018年建'],['世茂御海墅'],['翔安'],['翔安新城'],有,两梯四户,['2019-03-03'],['2019-03-12']
517,['翔安新城 精装看海大三房 拧包入住'],https://xm.lianjia.com/ershoufang/105114136335.html,['310'],"['30,742元/平']",1人关注 ,3室2厅1厨2卫,['中楼层/共33层'],['南'],['平层/精装'],['100.84平米'],['2021年建'],['前海湾'],['翔安'],['翔安新城'],暂无数据,暂无数据,['2023-07-02'],['2023-05-29']
518,['此房满五年，带装修三房，拎包入住，楼层好'],https://xm.lianjia.com/ershoufang/105112417744.html,['300'],"['30,963元/平']",1人关注 ,3室1厅1厨1卫,['中楼层/共32层'],['南'],['平层/简装'],['96.89平米'],['2013年建'],['海上五月花一期'],['集美'],['集美其它'],有,两梯四户,['2023-01-08'],['2014-07-02']
519,['采光充足，配套设施齐全，交通便利。'],https://xm.lianjia.com/ershoufang/105107328174.html,['270.5'],"['21,843元/平']",3人关注 ,4室2厅1厨2卫,['高楼层/共34层'],['南'],['错层/精装'],['123.84平米'],['2011年建'],['禹洲大学城'],['同安'],['集美其它'],有,三梯六户,['2021-05-15'],['2016-10-19']
520,['云顶 269平 全新自住精装5房 靠会所 好位置'],https://xm.lianjia.com/ershoufang/105111799241.html,['1480'],"['55,404元/平']",0人关注 ,4室2厅1厨4卫,['低楼层/共29层'],['南 北'],['平层/精装'],['267.13平米'],['2011年建'],['云顶至尊'],['思明'],['瑞景'],有,两梯两户,['2022-10-18'],['2022-09-22']
521,['地铁口 电梯中高层 视野好 正规两房 免个税'],https://xm.lianjia.com/ershoufang/105113772447.html,['260'],"['30,350元/平']",1人关注 ,2室2厅1厨1卫,['低楼层/共32层'],['西南'],['平层/精装'],['85.67平米'],['2013年建'],['海银大厦'],['海沧'],['海沧生活区'],有,三梯十二户,['2023-05-24'],['2018-05-18']
522,['生活区电梯大三房 客厅朝南  无遮挡 采光好 户型方正'],https://xm.lianjia.com/ershoufang/105111134352.html,['360'],"['26,626元/平']",1人关注 ,3室1厅1厨2卫,['中楼层/共32层'],['东南'],['平层/精装'],['135.21平米'],['2010年建'],['海银大厦'],['海沧'],['海沧生活区'],有,三梯十户,['2022-08-01'],['2013-02-13']
523,['禹洲大学城 3室1厅 东南'],https://xm.lianjia.com/ershoufang/105115470565.html,['165'],"['19,364元/平']",0人关注 ,3室1厅1厨1卫,['低楼层/共35层'],['东南'],['平层/简装'],['85.21平米'],['2012年建'],['禹洲大学城'],['同安'],['集美其它'],有,三梯十户,['2023-11-29'],['2015-03-24']
524,['温馨舒适大三房  强烈欢迎大家品鉴'],https://xm.lianjia.com/ershoufang/105106488941.html,['406.8'],"['35,000元/平']",21人关注 ,3室2厅1厨2卫,['低楼层/共23层'],['南'],['平层/简装'],['116.23平米'],['2008年建'],['海上明珠家园'],['海沧'],['滨海社区'],有,两梯四户,['2021-02-27'],['2017-03-09']
525,['集美桥头，精装修 独栋别墅 急售，价格好谈'],https://xm.lianjia.com/ershoufang/105114860515.html,['750'],"['33,160元/平']",0人关注 ,6室2厅1厨4卫,['低楼层/共3层'],['南 北'],['跃层/精装'],['226.18平米'],['2012年建'],['星海湾'],['同安'],['环东海域'],有,两梯一户,['2023-09-20'],['2021-10-20']
526,['精装修，户型方正，拎包入住，东边套视野很好'],https://xm.lianjia.com/ershoufang/105115384277.html,['580'],"['38,739元/平']",1人关注 ,3室2厅1厨2卫,['中楼层/共36层'],['东南'],['平层/精装'],['149.72平米'],['2019年建'],['莲花首岸'],['集美'],['集美新城'],有,两梯四户,['2023-11-20'],['2019-12-19']
527,['海沧湾公园前排复式楼中楼 看海低总价复式楼中楼诚售'],https://xm.lianjia.com/ershoufang/105114615259.html,['95'],"['21,363元/平']",0人关注 ,2室2厅1厨1卫,['中楼层/共26层'],['东南'],['跃层/精装'],['44.47平米'],['2016年建'],['融信海上城'],['海沧'],['滨海社区'],有,六梯三十四户,['2023-08-25'],['2020-06-18']
528,['国贸同悦大三房高楼层视野开阔无遮挡 采光充足'],https://xm.lianjia.com/ershoufang/105109334059.html,['396'],"['29,948元/平']",2人关注 ,3室2厅1厨2卫,['高楼层/共24层'],['南'],['平层/精装'],['132.23平米'],['2015年建'],['国贸商城同悦'],['集美'],['集美其它'],有,两梯三户,['2021-11-26'],['2021-01-11']
529,['高层看海景，视野无遮挡，安静舒适，房子无抵押'],https://xm.lianjia.com/ershoufang/105111640575.html,['1100'],"['59,900元/平']",0人关注 ,3室2厅1厨2卫,['高楼层/共32层'],['东南'],['平层/精装'],['183.64平米'],['2008年建'],['海豚湾'],['思明'],['会展中心'],有,两梯两户,['2022-09-28'],['2011-07-22']
530,['复式结构 毛坯 在一楼 有钥匙 公司可转个 环境好'],https://xm.lianjia.com/ershoufang/105109869525.html,['136'],"['22,908元/平']",0人关注 ,3室1厅1厨1卫,['低楼层/共26层'],['北'],['跃层/毛坯'],['59.37平米'],['2016年建'],['融信海上城'],['海沧'],['滨海社区'],有,六梯二十户,['2022-02-23'],['2020-02-23']
531,['高层海景房  视野好  精装修 南*通透'],https://xm.lianjia.com/ershoufang/105111316115.html,['298'],"['32,878元/平']",1人关注 ,2室1厅1厨2卫,['高楼层/共20层'],['南 北'],['平层/精装'],['90.64平米'],['2010年建'],['古龙御景一期北区'],['集美'],['集美其它'],有,两梯四户,['2022-08-23'],['2015-03-14']
532,['好两房领包入住采光好明厨明卫总监力荐'],https://xm.lianjia.com/ershoufang/105113781738.html,['127'],"['20,564元/平']",0人关注 ,2室1厅1厨1卫,['低楼层/共18层'],['南'],['平层/精装'],['61.76平米'],['2009年建'],['美地雅登祥吴二里'],['翔安'],['新店'],有,两梯四户,['2023-05-25'],['2021-01-12']
533,['地处繁华老城区，步行上学无需过马路俯视整个中山公园'],https://xm.lianjia.com/ershoufang/105112764389.html,['1156'],"['117,361元/平']",0人关注 ,3室2厅1厨1卫,['高楼层/共36层'],['西 北'],['平层/简装'],['98.5平米'],['1998年建'],['玉滨城一期'],['思明'],['实验小学及周边'],有,三梯五户,['2023-02-22'],['2015-07-03']
534,['五月花精装大3房两卫高层一线看海舒适采光视野好'],https://xm.lianjia.com/ershoufang/105113944801.html,['430'],"['38,820元/平']",0人关注 ,3室2厅1厨2卫,['高楼层/共39层'],['东南 北'],['平层/精装'],['110.77平米'],['2016年建'],['海上五月花六期'],['集美'],['集美其它'],有,两梯四户,['2023-06-10'],['2017-07-10']
535,['汇景雅苑高层海景小2房，产权满5年省税'],https://xm.lianjia.com/ershoufang/105115051892.html,['135'],"['35,621元/平']",0人关注 ,2室1厅1厨1卫,['高楼层/共18层'],['东北'],['平层/简装'],['37.9平米'],['2006年建'],['汇景雅苑'],['海沧'],['未来海岸北师大'],有,两梯七户,['2023-10-14'],['2016-05-04']
536,['采光好，视野开阔，正规大二房，看中庭'],https://xm.lianjia.com/ershoufang/105110901183.html,['252'],"['27,623元/平']",1人关注 ,2室2厅1厨2卫,['中楼层/共31层'],['南'],['平层/毛坯'],['91.23平米'],['2015年建'],['金帝中洲滨海城'],['同安'],['环东海域'],有,两梯四户,['2022-07-03'],['2018-07-25']
537,['厅带阳台朝南，小区新，户型好，业主稳定卖'],https://xm.lianjia.com/ershoufang/105113123098.html,['540'],"['77,022元/平']",1人关注 ,2室1厅1厨1卫,['中楼层/共18层'],['南 北'],['平层/简装'],['70.11平米'],['2014年建'],['禾丰新景'],['思明'],['莲花'],有,两梯四户,['2023-03-24'],['2017-11-14']
538,['朝南 户型方正 格局好  精装修'],https://xm.lianjia.com/ershoufang/105112633930.html,['285'],"['35,409元/平']",1人关注 ,3室2厅1厨1卫,['高楼层/共31层'],['南 北'],['平层/精装'],['80.49平米'],['2020年建'],['海投第一湾二期湖海庄园'],['海沧'],['马銮湾中心片区'],有,两梯五户,['2023-02-12'],['2020-08-18']
539,['火车站！16年封闭小区，罗宾森二期，朝东看小区中庭'],https://xm.lianjia.com/ershoufang/105115460816.html,['312'],"['59,091元/平']",0人关注 ,1室1厅1厨1卫,['低楼层/共33层'],['东'],['平层/精装'],['52.8平米'],['2017年建'],['罗宾森购物广场二期'],['思明'],['火车站'],有,四梯二十户,['2023-11-28'],['2020-06-05']
540,['禹州高尔夫 精装自住大三房 在家即看日出日落'],https://xm.lianjia.com/ershoufang/105114247568.html,['320'],"['28,061元/平']",0人关注 ,3室2厅1厨2卫,['高楼层/共33层'],['南 北'],['平层/精装'],['114.04平米'],['2013年建'],['禹洲高尔夫'],['海沧'],['马銮湾东'],有,两梯四户,['2023-07-14'],['2016-04-13']
541,['联发杏林湾二期，一线海景，高层精装，保养新，诚意卖'],https://xm.lianjia.com/ershoufang/105109901562.html,['450'],"['33,235元/平']",1人关注 ,3室2厅1厨2卫,['高楼层/共39层'],['西南'],['平层/精装'],['135.4平米'],['2016年建'],['联发杏林湾一号二期'],['集美'],['杏林桥头'],有,三梯六户,['2022-02-26'],['2015-03-11']
542,"['精装修, 采光明亮视野宽，环境优雅，看山景。']",https://xm.lianjia.com/ershoufang/105112801835.html,['95'],"['21,665元/平']",0人关注 ,2室2厅1厨1卫,['中楼层/共26层'],['北'],['跃层/精装'],['43.85平米'],['2016年建'],['融信海上城'],['海沧'],['滨海社区'],有,六梯二十二户,['2023-02-25'],['2019-03-21']
543,['金鸡亭框架结构精装2房 全明户型  诚意出售'],https://xm.lianjia.com/ershoufang/105115533058.html,['298'],"['39,952元/平']",0人关注 ,2室1厅1厨1卫,['中楼层/共7层'],['南'],['平层/精装'],['74.59平米'],['1996年建'],['金鸡亭小区西区'],['思明'],['金鸡亭'],无,暂无数据,['2023-12-06'],['2016-02-02']
544,['09年新小区人车分流，全明3房户型电梯高层，天然氧吧'],https://xm.lianjia.com/ershoufang/105112978336.html,['800'],"['49,972元/平']",1人关注 ,3室2厅1厨2卫,['高楼层/共29层'],['南 北'],['平层/精装'],['160.09平米'],['2009年建'],['森海丽景'],['思明'],['火车站'],有,三梯四户,['2023-03-11'],['2010-09-16']
545,['采光充足，看小区中庭，位置安静不临街，总价低'],https://xm.lianjia.com/ershoufang/105109892876.html,['130'],"['30,233元/平']",1人关注 ,1室1厅0厨1卫,['低楼层/共16层'],['东南'],['平层/简装'],['43平米'],['2005年建'],['明发海景苑'],['思明'],['会展中心'],无,暂无数据,['2022-02-25'],['2009-08-18']
546,['杏林湾 大三房 南北通透，视野开阔，采光佳'],https://xm.lianjia.com/ershoufang/105113034981.html,['440'],"['31,277元/平']",0人关注 ,3室2厅1厨2卫,['低楼层/共33层'],['南 北'],['平层/简装'],['140.68平米'],['2016年建'],['联发杏林湾一号二期'],['集美'],['杏林桥头'],有,三梯五户,['2023-03-16'],['2015-04-15']
547,['复式精品楼房，景观好视野佳，采光好得房率高'],https://xm.lianjia.com/ershoufang/105112914756.html,['370'],"['25,967元/平']",2人关注 ,4室2厅1厨2卫,['高楼层/共43层'],['南 北'],['复式/毛坯'],['142.49平米'],['2017年建'],['融侨观邸'],['海沧'],['马銮湾东'],有,两梯五户,['2023-03-06'],['2019-09-16']
548,['维多利亚精装修两房 中间楼层 东南朝看中庭'],https://xm.lianjia.com/ershoufang/105112245783.html,['450'],"['50,387元/平']",0人关注 ,2室2厅1厨1卫,['低楼层/共30层'],['南'],['平层/精装'],['89.31平米'],['2010年建'],['海晟维多利亚'],['海沧'],['滨海社区'],有,两梯四户,['2022-12-10'],['2018-05-11']
549,['集美桥头海景三房，视野好，业主诚意出售'],https://xm.lianjia.com/ershoufang/105112190024.html,['350'],"['32,806元/平']",1人关注 ,3室2厅1厨1卫,['低楼层/共46层'],['南 北'],['平层/简装'],['106.69平米'],['2014年建'],['招商海德公园一期'],['集美'],['集美其它'],有,三梯四户,['2022-12-03'],['2015-04-28']
550,['中骏蓝湾半岛 南北通透三房 采光好'],https://xm.lianjia.com/ershoufang/105113967130.html,['540'],"['44,677元/平']",1人关注 ,3室2厅1厨2卫,['低楼层/共18层'],['东南 西北'],['平层/精装'],['120.87平米'],['2008年建'],['中骏蓝湾半岛'],['海沧'],['滨海社区'],有,两梯三户,['2023-06-12'],['2016-07-20']
551,['客厅带阳台朝南，位置好！视野好！满五省税'],https://xm.lianjia.com/ershoufang/105112291378.html,['213'],"['24,280元/平']",0人关注 ,2室2厅1厨1卫,['高楼层/共24层'],['东南'],['平层/简装'],['87.73平米'],['2014年建'],['首开领翔国际'],['翔安'],['新店'],有,两梯三户,['2022-12-16'],['2015-07-24']
552,['艾      逮   辽  公  园  旁  电  梯  两  房 两  厅'],https://xm.lianjia.com/ershoufang/105114683106.html,['330'],"['44,529元/平']",0人关注 ,2室2厅1厨1卫,['中楼层/共11层'],['南 北'],['平层/简装'],['74.11平米'],['2006年建'],['艾德花园一期'],['湖里'],['机场区'],有,一梯三户,['2023-09-02'],['2015-01-22']
553,['延 奎  旁 大三房 南北朝向 采光好 满五年'],https://xm.lianjia.com/ershoufang/105113260828.html,['319'],"['26,939元/平']",1人关注 ,3室12厅1厨2卫,['高楼层/共6层'],['南 北'],['平层/简装'],['118.42平米'],['2004年建'],['长欣花园'],['海沧'],['海沧生活区'],无,暂无数据,['2023-04-05'],['2005-06-24']
554,['朝南正规3房，高楼层，业主诚售。 两房朝南双阳台'],https://xm.lianjia.com/ershoufang/105113543789.html,['251'],"['25,516元/平']",0人关注 ,3室1厅1厨1卫,['低楼层/共18层'],['西南'],['平层/毛坯'],['98.37平米'],['2016年建'],['新城际广场一期'],['集美'],['厦门北站商业区'],有,两梯四户,['2023-05-02'],['2017-05-22']
555,['小崔推荐必属精品板式两房住家装修寻找有缘人'],https://xm.lianjia.com/ershoufang/105114957312.html,['280'],"['25,859元/平']",0人关注 ,2室1厅1厨1卫,['中楼层/共10层'],['南'],['平层/精装'],['108.28平米'],['2008年建'],['东方高尔夫国际公寓'],['海沧'],['马銮湾东'],有,两梯两户,['2023-10-04'],['2016-04-08']
556,['海湾锦园低总价大三房，精装修，拎包入住'],https://xm.lianjia.com/ershoufang/105109338385.html,['310'],"['24,026元/平']",8人关注 ,3室2厅1厨2卫,['低楼层/共18层'],['南'],['平层/精装'],['129.03平米'],['2006年建'],['海湾锦园'],['海沧'],['未来海岸北师大'],有,两梯六户,['2021-11-27'],['2010-04-13']
557,['阿罗海旁天湖城 通透精装三房 看中庭园林景观'],https://xm.lianjia.com/ershoufang/105111184006.html,['350'],"['29,732元/平']",0人关注 ,3室2厅0厨2卫,['低楼层/共26层'],['南 北'],['平层/精装'],['117.72平米'],['2012年建'],['天湖城'],['海沧'],['海沧区政府'],有,两梯一户,['2022-08-08'],['2014-02-24']
558,['北附低总价 朝南户型好 采光好 楼层好 业主诚售'],https://xm.lianjia.com/ershoufang/105110972641.html,['106'],"['27,720元/平']",1人关注 ,1室0厅1厨1卫,['低楼层/共7层'],['南 北'],['平层/简装'],['38.24平米'],['2006年建'],['未来橙堡'],['海沧'],['海沧体育中心'],无,暂无数据,['2022-07-12'],['2016-05-21']
559,['江头05年 封闭式小区 正规三房 一梯两户 满五 唯 一'],https://xm.lianjia.com/ershoufang/105111553659.html,['510'],"['43,225元/平']",1人关注 ,3室2厅1厨2卫,['高楼层/共6层'],['南 北'],['平层/精装'],['117.99平米'],['2003年建'],['金彩花苑'],['湖里'],['金尚'],无,暂无数据,['2022-09-19'],['2005-09-26']
560,['高楼层视野开阔，阳光充足  产权在手'],https://xm.lianjia.com/ershoufang/105114780770.html,['92'],"['30,667元/平']",0人关注 ,1室0厅1厨1卫,['高楼层/共6层'],['南 北'],['平层/精装'],['30平米'],['2005年建'],['未来橙堡'],['海沧'],['海沧体育中心'],无,暂无数据,['2023-09-12'],['2015-07-27']
561,['满两年，中高层视野采光通风好，装修好'],https://xm.lianjia.com/ershoufang/105115710535.html,['167'],"['28,191元/平']",0人关注 ,1室1厅1厨1卫,['中楼层/共17层'],['东南'],['平层/精装'],['59.24平米'],['2015年建'],['长荣花园'],['同安'],['环东海域'],有,两梯四户,['2023-12-27'],['2021-01-27']
562,['环东海域中洲滨海城 正规大三房 南北通透'],https://xm.lianjia.com/ershoufang/105113902115.html,['300'],"['22,567元/平']",0人关注 ,3室2厅1厨2卫,['低楼层/共31层'],['南 北'],['平层/毛坯'],['132.94平米'],['2017年建'],['金帝中洲滨海城'],['同安'],['环东海域'],有,两梯三户,['2023-06-06'],['2021-06-07']
563,['联丰新城 3室1厅 东 南 北'],https://xm.lianjia.com/ershoufang/105116349420.html,['680'],"['56,474元/平']",1人关注 ,3室1厅1厨2卫,['中楼层/共18层'],['东 南 北'],['平层/精装'],['120.41平米'],['2008年建'],['联丰新城'],['思明'],['瑞景'],有,一梯两户,['2024-03-14'],['2016-11-15']
564,['万达中楼层在售，视野开阔，景观视野开阔 带大窗台'],https://xm.lianjia.com/ershoufang/105109298240.html,['78'],"['17,596元/平']",5人关注 ,1室0厅1厨1卫,['中楼层/共31层'],['南'],['平层/简装'],['44.33平米'],['2012年建'],['万达广场'],['湖里'],['万达广场'],有,四梯十七户,['2021-11-21'],['2012-01-04']
565,['房子带电梯，地理位置好，安静不沿街，正规电梯大四房'],https://xm.lianjia.com/ershoufang/105109865423.html,['760'],"['55,764元/平']",10人关注 ,4室2厅1厨2卫,['中楼层/共21层'],['西北'],['平层/精装'],['136.29平米'],['2000年建'],['大正大厦'],['思明'],['白鹭洲'],有,两梯八户,['2022-02-22'],['2019-03-21']
566,['北附，位置安静高楼层，户型方正 采光视野好'],https://xm.lianjia.com/ershoufang/105114783642.html,['279'],"['29,631元/平']",0人关注 ,2室1厅1厨1卫,['中楼层/共11层'],['南 北'],['平层/精装'],['94.16平米'],['2008年建'],['凌波小区'],['海沧'],['未来海岸北师大'],有,一梯两户,['2023-09-12'],['2020-11-13']
567,['居住舒适：分成两套， 拎包入住：自住装修'],https://xm.lianjia.com/ershoufang/105115555429.html,['655'],"['32,487元/平']",0人关注 ,6室4厅2厨4卫,['中楼层/共6层'],['东南'],['平层/简装'],['201.62平米'],['1999年建'],['江鹭花园'],['湖里'],['SM'],无,暂无数据,['2023-12-08'],['2020-12-29']
568,['业主自住装修，可以拎包入住，很省心。交通方便'],https://xm.lianjia.com/ershoufang/105111843639.html,['200'],"['24,424元/平']",0人关注 ,2室1厅1厨1卫,['高楼层/共30层'],['南 北'],['平层/精装'],['81.89平米'],['2014年建'],['首开领翔国际'],['翔安'],['新店'],有,两梯四户,['2022-10-23'],['2015-06-08']
569,['朝南两房，高层视野开阔，自住装修，通风好'],https://xm.lianjia.com/ershoufang/105114078420.html,['310'],"['31,450元/平']",0人关注 ,2室2厅1厨2卫,['中楼层/共18层'],['南'],['平层/精装'],['98.57平米'],['2010年建'],['水岸名筑'],['海沧'],['海沧体育中心'],有,两梯四户,['2023-06-26'],['2020-07-14']
570,['阳光普照，前后无遮挡，视野好，拎包入住，免个税'],https://xm.lianjia.com/ershoufang/105115748327.html,['498'],"['40,840元/平']",1人关注 ,3室2厅1厨2卫,['低楼层/共30层'],['东南'],['平层/精装'],['121.94平米'],['2014年建'],['绿苑新城三组团'],['海沧'],['滨海社区'],有,两梯四户,['2024-01-01'],['2016-01-06']
571,['思北小户型单身公寓  04年 没占用 总价低'],https://xm.lianjia.com/ershoufang/105110622908.html,['230'],"['79,038元/平']",8人关注 ,1室0厅0厨1卫,['低楼层/共31层'],['北'],['平层/简装'],['29.1平米'],['2004年建'],['源通中心'],['思明'],['思北'],有,六梯十七户,['2022-05-29'],['2007-09-11']
572,['房子带电梯，地理位置好，安静不沿街，正规电梯大四房'],https://xm.lianjia.com/ershoufang/105109865423.html,['760'],"['55,764元/平']",10人关注 ,4室2厅1厨2卫,['中楼层/共21层'],['西北'],['平层/精装'],['136.29平米'],['2000年建'],['大正大厦'],['思明'],['白鹭洲'],有,两梯八户,['2022-02-22'],['2019-03-21']
573,['会展华尔顿大4房直线看海拎包入住'],https://xm.lianjia.com/ershoufang/105113941983.html,['1780'],"['91,119元/平']",2人关注 ,4室2厅1厨2卫,['中楼层/共45层'],['南 北'],['平层/精装'],['195.35平米'],['2018年建'],['华尔顿1275'],['思明'],['会展中心'],有,三梯三户,['2023-06-09'],['2019-02-02']
574,['万达中楼层在售，视野开阔，景观视野开阔 带大窗台'],https://xm.lianjia.com/ershoufang/105109298240.html,['78'],"['17,596元/平']",5人关注 ,1室0厅1厨1卫,['中楼层/共31层'],['南'],['平层/简装'],['44.33平米'],['2012年建'],['万达广场'],['湖里'],['万达广场'],有,四梯十七户,['2021-11-21'],['2012-01-04']
575,['松柏地铁口，精装一房一厅，业主置换。'],https://xm.lianjia.com/ershoufang/105108810521.html,['368'],"['72,101元/平']",13人关注 ,1室1厅1厨1卫,['低楼层/共33层'],['南 东'],['平层/简装'],['51.04平米'],['2001年建'],['湖北大厦'],['思明'],['松柏'],有,三梯十七户,['2021-09-21'],['2015-08-27']
576,['房子自住装修，房东诚意出售，税费少'],https://xm.lianjia.com/ershoufang/105114648717.html,['388'],"['45,605元/平']",0人关注 ,2室2厅1厨1卫,['中楼层/共30层'],['北'],['平层/精装'],['85.08平米'],['2011年建'],['海晟维多利亚'],['海沧'],['滨海社区'],有,两梯四户,['2023-08-29'],['2012-12-10']
577,['天安路 精装大两房 满五* 拎包入住'],https://xm.lianjia.com/ershoufang/105107112434.html,['240'],"['25,006元/平']",9人关注 ,2室2厅1厨1卫,['高楼层/共6层'],['东 西'],['平层/精装'],['95.98平米'],['2002年建'],['天安路'],['集美'],['集美其它'],无,暂无数据,['2021-04-23'],['2016-03-08']
578,['一楼带大花园精装三房，拎包入住'],https://xm.lianjia.com/ershoufang/105114941705.html,['413'],"['46,218元/平']",0人关注 ,2室1厅1厨2卫,['低楼层/共18层'],['南'],['平层/精装'],['89.36平米'],['2011年建'],['绿苑新城一组团'],['海沧'],['滨海社区'],有,两梯四户,['2023-10-01'],['2014-06-10']
579,['业主自住装修，二开间朝南，提前预约可看房，欢迎推荐'],https://xm.lianjia.com/ershoufang/105113061036.html,['282'],"['27,281元/平']",1人关注 ,3室2厅1厨1卫,['低楼层/共18层'],['东南 南'],['平层/简装'],['103.37平米'],['2008年建'],['水岸名筑'],['海沧'],['海沧体育中心'],有,两梯六户,['2023-03-18'],['2013-08-08']
580,['松柏大厦80平2房，电梯 朝南 渎松柏茗校 满五惟--'],https://xm.lianjia.com/ershoufang/105114552082.html,['580'],"['72,500元/平']",0人关注 ,2室1厅1厨1卫,['中楼层/共29层'],['西南'],['平层/精装'],['80平米'],['1999年建'],['松柏大厦公寓楼'],['思明'],['松柏'],有,两梯六户,['2023-08-18'],['2005-07-20']
581,['地铁口满二大三房  高楼层视野好'],https://xm.lianjia.com/ershoufang/105109900697.html,['210'],"['21,230元/平']",4人关注 ,3室2厅1厨1卫,['高楼层/共18层'],['东南'],['平层/毛坯'],['98.92平米'],['2017年建'],['新城际广场二期'],['集美'],['厦门北站商业区'],有,两梯四户,['2022-02-26'],['2018-08-28']
582,['蓝水郡  正规两房 朝南  全明户型  诚意出售'],https://xm.lianjia.com/ershoufang/105114744029.html,['268'],"['32,981元/平']",0人关注 ,2室1厅1厨1卫,['高楼层/共17层'],['南 北'],['平层/简装'],['81.26平米'],['2008年建'],['未来海岸蓝水郡'],['海沧'],['海沧体育中心'],有,两梯五户,['2023-09-08'],['2009-12-10']
583,['实小门口 电梯高层朝南 动静分离 视野好'],https://xm.lianjia.com/ershoufang/105111172831.html,['1580'],"['129,519元/平']",2人关注 ,3室2厅1厨2卫,['中楼层/共35层'],['西南'],['平层/精装'],['121.99平米'],['2004年建'],['玉滨城二期'],['思明'],['实验小学及周边'],有,三梯八户,['2022-08-06'],['2004-08-14']
584,['未来橙堡一房一厅，位置好.采光好'],https://xm.lianjia.com/ershoufang/105113274142.html,['100'],"['26,227元/平']",0人关注 ,1室0厅1厨1卫,['中楼层/共7层'],['南'],['平层/精装'],['38.13平米'],['2005年建'],['未来橙堡'],['海沧'],['海沧体育中心'],无,暂无数据,['2023-04-06'],['2017-02-03']
585,['景粼原著 4室2厅 南'],https://xm.lianjia.com/ershoufang/105114436378.html,['429'],"['39,989元/平']",0人关注 ,4室2厅1厨2卫,['高楼层/共7层'],['南'],['复式/毛坯'],['107.28平米'],['2019年建'],['景粼原著'],['集美'],['灌口'],有,一梯两户,['2023-08-05'],['2021-04-22']
586,['未来海岸浪琴湾一梯两户，南北通透，阳光充足，楼层佳'],https://xm.lianjia.com/ershoufang/105111877436.html,['280'],"['29,621元/平']",1人关注 ,2室1厅1厨1卫,['中楼层/共7层'],['南 北'],['平层/精装'],['94.53平米'],['2004年建'],['未来海岸浪琴湾'],['海沧'],['未来海岸北师大'],无,暂无数据,['2022-10-27'],['2016-11-04']
587,['空置，业主急卖，价格可谈，随时看房'],https://xm.lianjia.com/ershoufang/105110871849.html,['400'],"['42,572元/平']",10人关注 ,3室1厅1厨1卫,['低楼层/共34层'],['南'],['平层/简装'],['93.96平米'],['2017年建'],['IOI棕榈城'],['集美'],['集美新城'],有,两梯三户,['2022-06-30'],['2020-05-29']
588,['业主诚意售   ioi洋房  1梯2户 看房方便'],https://xm.lianjia.com/ershoufang/105109824700.html,['780'],"['54,557元/平']",0人关注 ,4室2厅1厨2卫,['低楼层/共9层'],['南'],['平层/精装'],['142.97平米'],['2017年建'],['IOI棕榈城'],['集美'],['集美新城'],有,两梯两户,['2022-02-18'],['2020-05-08']
589,['前排海景 户型通透 全明格局 精装'],https://xm.lianjia.com/ershoufang/105113553912.html,['960'],"['58,370元/平']",0人关注 ,3室2厅1厨2卫,['中楼层/共32层'],['东南 北'],['平层/精装'],['164.47平米'],['2008年建'],['海豚湾'],['思明'],['会展中心'],有,两梯两户,['2023-05-03'],['2010-11-18']
590,['房子满两年省增值税，看房有钥匙，业主诚意出售'],https://xm.lianjia.com/ershoufang/105111984209.html,['72'],"['23,004元/平']",521人关注 ,1室1厅1厨1卫,['高楼层/共35层'],['西北'],['平层/精装'],['31.3平米'],['2012年建'],['禹洲大学城'],['同安'],['集美其它'],有,三梯十户,['2022-11-08'],['2020-01-16']
591,['中山路，电梯高层，闹中取静，精装修拎包入住'],https://xm.lianjia.com/ershoufang/105114810767.html,['718'],"['95,913元/平']",0人关注 ,2室2厅1厨1卫,['高楼层/共13层'],['南'],['平层/精装'],['74.86平米'],['1999年建'],['定安小区'],['思明'],['思明南路'],有,一梯五户,['2023-09-15'],['2020-06-20']
592,['集美桥头精装两房 产权满五 户型方正 无按揭三梯六户'],https://xm.lianjia.com/ershoufang/105114379500.html,['165'],"['19,299元/平']",0人关注 ,2室2厅1厨1卫,['中楼层/共33层'],['北'],['平层/精装'],['85.5平米'],['2012年建'],['禹洲大学城'],['同安'],['集美其它'],有,三梯六户,['2023-07-30'],['2013-04-26']
593,['央企品质 朝南两房 户型方正 满五楼层适中 采光好'],https://xm.lianjia.com/ershoufang/105112499531.html,['249'],"['31,013元/平']",1人关注 ,2室2厅1厨1卫,['中楼层/共32层'],['南'],['平层/简装'],['80.29平米'],['2013年建'],['海上五月花一期'],['集美'],['集美其它'],有,两梯四户,['2023-01-31'],['2014-07-28']
594,['高层精装修大2房 业主自住 看房方便'],https://xm.lianjia.com/ershoufang/105115259821.html,['380'],"['40,409元/平']",1人关注 ,2室1厅1厨1卫,['中楼层/共30层'],['南'],['平层/精装'],['94.04平米'],['2009年建'],['泉舜滨海上城'],['海沧'],['滨海社区'],有,两梯六户,['2023-11-06'],['2012-09-07']
595,['精装修自住三房，满五 急售换房 看海景'],https://xm.lianjia.com/ershoufang/105110551279.html,['349'],"['31,621元/平']",3人关注 ,3室2厅1厨2卫,['高楼层/共32层'],['南 北'],['平层/精装'],['110.37平米'],['2013年建'],['海上五月花一期'],['集美'],['集美其它'],有,两梯四户,['2022-05-19'],['2014-05-13']
596,['业主诚心出售，采光好，楼层好，可以看海。'],https://xm.lianjia.com/ershoufang/105115192064.html,['598'],"['50,375元/平']",0人关注 ,3室2厅2厨2卫,['高楼层/共17层'],['南 西'],['平层/简装'],['118.71平米'],['2005年建'],['禹洲棕榈城二期'],['湖里'],['东渡'],有,两梯六户,['2023-10-30'],['2007-10-09']
597,['正规3房 住家配置 楼层安静 诚意出售'],https://xm.lianjia.com/ershoufang/105112239897.html,['209'],"['21,688元/平']",2人关注 ,3室2厅1厨1卫,['低楼层/共49层'],['东南'],['平层/精装'],['96.37平米'],['2020年建'],['万科广场幸福里'],['集美'],['厦门北站商业区'],有,三梯五户,['2022-12-09'],['2018-08-03']
598,['总价低 拎包入住，户型南北，野视通透采光'],https://xm.lianjia.com/ershoufang/105108195242.html,['620'],"['123,506元/平']",1人关注 ,1室0厅1厨1卫,['低楼层/共21层'],['东'],['平层/精装'],['50.2平米'],['2014年建'],['国贸润园'],['湖里'],['五缘湾'],有,两梯四户,['2021-08-01'],['2015-04-21']
599,['联排别墅 独立车库 独立庭院 产权清晰无按揭 诚意出售'],https://xm.lianjia.com/ershoufang/105115452992.html,['1080'],"['60,815元/平']",1人关注 ,7室2厅1厨4卫,['低楼层/共3层'],['南 北'],['跃层/毛坯'],['177.59平米'],['未知年建'],['颐海嘉园'],['集美'],['集美其它'],有,两梯一户,['2023-11-27'],['2013-01-24']
600,['联排别墅 独立车库 独立庭院 产权清晰无按揭 诚意出售'],https://xm.lianjia.com/ershoufang/105115452992.html,['1080'],"['60,815元/平']",1人关注 ,7室2厅1厨4卫,['低楼层/共3层'],['南 北'],['跃层/毛坯'],['177.59平米'],['未知年建'],['颐海嘉园'],['集美'],['集美其它'],有,两梯一户,['2023-11-27'],['2013-01-24']
601,['马銮湾新城 地铁口 中间楼层 精装四房西边套 业主急售'],https://xm.lianjia.com/ershoufang/105112994801.html,['310'],"['26,071元/平']",1人关注 ,4室2厅1厨2卫,['高楼层/共32层'],['南'],['平层/精装'],['118.91平米'],['2018年建'],['首开龙湖春江彼岸一期'],['海沧'],['马銮湾中心片区'],有,三梯六户,['2023-03-13'],['2020-03-01']
602,['金尚路精装楼中楼 中庭位置 南北朝向两个露台诚意出售'],https://xm.lianjia.com/ershoufang/105112221853.html,['826'],"['43,948元/平']",1人关注 ,4室2厅1厨2卫,['高楼层/共6层'],['南 北'],['跃层/精装'],['187.95平米'],['2000年建'],['太微花园'],['湖里'],['金尚'],无,暂无数据,['2022-12-07'],['2001-12-10']
603,['两梯两户南北通透  免个人所得税  业主诚意出售'],https://xm.lianjia.com/ershoufang/105113998860.html,['379'],"['30,044元/平']",0人关注 ,3室2厅1厨2卫,['低楼层/共18层'],['南 北'],['平层/简装'],['126.15平米'],['2007年建'],['未来海岸蓝月湾二期'],['海沧'],['未来海岸北师大'],有,两梯两户,['2023-06-16'],['2015-04-11']
604,['06年房子，户型方正，全明格局，双阳台'],https://xm.lianjia.com/ershoufang/105106110593.html,['220'],"['19,099元/平']",42人关注 ,3室2厅1厨2卫,['中楼层/共5层'],['东南'],['平层/简装'],['115.19平米'],['2006年建'],['集美区侨英路'],['集美'],['集美其它'],无,暂无数据,['2020-12-25'],['2007-05-11']
605,['会展，小高层，南北通透大户型，大阳台，顶楼海景房。'],https://xm.lianjia.com/ershoufang/105108896832.html,['667'],"['48,786元/平']",14人关注 ,4室2厅1厨4卫,['高楼层/共15层'],['南 北'],['简装'],['136.72平米'],['2006年建'],['前景城花园'],['思明'],['会展中心'],有,两梯两户,['2021-09-30'],['2018-05-18']
606,['维多利亚，沿海一排 高层视野无遮挡，一览无余'],https://xm.lianjia.com/ershoufang/105114798751.html,['1000'],"['51,997元/平']",1人关注 ,4室2厅1厨2卫,['高楼层/共32层'],['南 北'],['平层/精装'],['192.32平米'],['2010年建'],['海晟维多利亚'],['海沧'],['滨海社区'],有,三梯四户,['2023-09-14'],['2014-02-01']
607,['环东海域 特房樾琴湾 朝南带阳台  温馨舒适'],https://xm.lianjia.com/ershoufang/105112840588.html,['230'],"['29,491元/平']",0人关注 ,3室2厅1厨1卫,['低楼层/共31层'],['南'],['平层/精装'],['77.99平米'],['2020年建'],['特房樾琴湾'],['同安'],['环东海域'],有,两梯五户,['2023-02-28'],['2021-06-03']
608,['天源高层3房 通透户型 户型方正'],https://xm.lianjia.com/ershoufang/105113328807.html,['576'],"['39,917元/平']",1人关注 ,3室2厅1厨2卫,['高楼层/共29层'],['东南 西北'],['平层/简装'],['144.3平米'],['2014年建'],['海投天源'],['海沧'],['海沧体育中心'],有,两梯两户,['2023-04-11'],['2017-03-10']
609,['二期高层海景房，精装优质房源。'],https://xm.lianjia.com/ershoufang/105115075998.html,['186'],"['30,030元/平']",1人关注 ,2室1厅1厨1卫,['高楼层/共32层'],['西南'],['平层/精装'],['61.94平米'],['2018年建'],['华铃花园'],['集美'],['杏东'],有,两梯六户,['2023-10-17'],['2023-04-26']
610,['开发商自带精装修 中间楼层 采光 视野好'],https://xm.lianjia.com/ershoufang/105109222339.html,['748'],"['52,188元/平']",10人关注 ,3室2厅1厨2卫,['中楼层/共33层'],['东南 西北'],['跃层/精装'],['143.33平米'],['2018年建'],['世茂璀璨天城一期'],['集美'],['集美新城'],有,两梯八户,['2021-11-11'],['2019-09-07']
611,['中层 全明户型 三面采光 小区中庭 沿湖 诚售'],https://xm.lianjia.com/ershoufang/105116120933.html,['415'],"['66,710元/平']",0人关注 ,2室1厅1厨1卫,['中楼层/共7层'],['南 北'],['平层/简装'],['62.21平米'],['1990年建'],['莲岳里小区西区'],['思明'],['松柏'],无,暂无数据,['2024-02-24'],['2016-05-26']
612,['松柏地铁口电梯房，SM生活广场和天虹广场的 中间位置'],https://xm.lianjia.com/ershoufang/105105269290.html,['820'],"['68,022元/平']",8人关注 ,3室2厅1厨2卫,['中楼层/共31层'],['南'],['错层/精装'],['120.55平米'],['2003年建'],['天宝大厦'],['思明'],['松柏'],有,三梯二十七户,['2020-09-07'],['2011-10-28']
613,['环境优美，舒适度高 ，使用面积大，带百平大露台'],https://xm.lianjia.com/ershoufang/105107621068.html,['372'],"['26,385元/平']",7人关注 ,4室2厅1厨2卫,['低楼层/共37层'],['南'],['跃层/毛坯'],['140.99平米'],['2019年建'],['融侨观邸'],['海沧'],['马銮湾东'],有,两梯五户,['2021-06-15'],['2019-09-03']
614,['此房满两年，业主诚意出售，东南朝向 采光好 看房方便'],https://xm.lianjia.com/ershoufang/105107437298.html,['278'],"['33,640元/平']",37人关注 ,3室2厅1厨1卫,['高楼层/共11层'],['南'],['平层/简装'],['82.64平米'],['2008年建'],['水岸名筑'],['海沧'],['海沧体育中心'],有,两梯三户,['2021-05-26'],['2010-12-10']
615,['精装4房，边套户型，封闭小区，双大阳台，客厅带阳台'],https://xm.lianjia.com/ershoufang/105113369181.html,['578'],"['49,768元/平']",1人关注 ,4室2厅1厨2卫,['高楼层/共8层'],['东 南 北'],['平层/精装'],['116.14平米'],['1998年建'],['槟东公寓'],['思明'],['莲坂'],无,暂无数据,['2023-04-15'],['2010-07-19']
616,['吕岭花园 精装 03建 三面采光全明格局 大阳台'],https://xm.lianjia.com/ershoufang/105114493576.html,['580'],"['48,241元/平']",0人关注 ,4室2厅1厨2卫,['低楼层/共6层'],['东 南 北'],['平层/精装'],['120.23平米'],['2002年建'],['吕岭花园'],['湖里'],['金尚'],无,暂无数据,['2023-08-11'],['2020-03-19']
617,['莲坂西小区，二楼正规两房，业主稳定出售，欢迎咨询。'],https://xm.lianjia.com/ershoufang/105113360590.html,['428'],"['56,257元/平']",0人关注 ,2室1厅1厨1卫,['中楼层/共7层'],['南 北'],['平层/简装'],['76.08平米'],['1993年建'],['莲坂西小区'],['思明'],['莲坂'],无,暂无数据,['2023-04-14'],['1999-04-27']
618,['翔安隧道口，总价低，高层复式小两'],https://xm.lianjia.com/ershoufang/105110203309.html,['80'],"['17,164元/平']",0人关注 ,2室1厅1厨2卫,['高楼层/共28层'],['东南'],['跃层/精装'],['46.61平米'],['2017年建'],['华论国际大厦'],['翔安'],['翔安新城'],有,两梯三十二户,['2022-04-04'],['2022-04-07']
619,['火车站 封闭式花园小区 2010年电梯房 精装'],https://xm.lianjia.com/ershoufang/105108082613.html,['328'],"['61,516元/平']",0人关注 ,1室1厅1厨1卫,['低楼层/共33层'],['西'],['精装'],['53.32平米'],['2017年建'],['罗宾森购物广场二期'],['思明'],['火车站'],有,四梯二十户,['2021-07-23'],['2017-08-19']
620,['松柏电梯精装三房舒适大阳台南北通透'],https://xm.lianjia.com/ershoufang/105114406386.html,['730'],"['71,590元/平']",1人关注 ,3室1厅1厨2卫,['低楼层/共8层'],['南 北'],['平层/精装'],['101.97平米'],['1996年建'],['莲滨里'],['思明'],['体育中心'],无,暂无数据,['2023-08-02'],['2019-07-03']
621,['西南北三面采光 居家方正全明2房有外拓使用面积大'],https://xm.lianjia.com/ershoufang/105115283203.html,['278'],"['46,528元/平']",0人关注 ,2室1厅1厨1卫,['低楼层/共6层'],['西南 西'],['平层/精装'],['59.75平米'],['未知年建'],['东渡路'],['湖里'],['东渡'],无,暂无数据,['2023-11-08'],['2023-04-15']
622,['火车站地铁口 罗宾森二期 精装2房 高层视野好 急售'],https://xm.lianjia.com/ershoufang/105115468413.html,['305'],"['57,548元/平']",1人关注 ,1室1厅1厨1卫,['高楼层/共33层'],['西'],['平层/精装'],['53平米'],['2017年建'],['罗宾森购物广场二期'],['思明'],['火车站'],有,四梯二十户,['2023-11-29'],['2017-06-01']
623,['南北通透，省个税，边套横厅两房，拎包入住'],https://xm.lianjia.com/ershoufang/105113467076.html,['245'],"['33,180元/平']",0人关注 ,2室1厅1厨1卫,['低楼层/共35层'],['南 北'],['平层/精装'],['73.84平米'],['2014年建'],['海上五月花三期'],['集美'],['集美其它'],有,两梯四户,['2023-04-24'],['2016-02-02']
624,['电梯房地铁口户型正 采光足 繁华位置'],https://xm.lianjia.com/ershoufang/105113057566.html,['280'],"['56,180元/平']",1人关注 ,2室1厅1厨1卫,['中楼层/共16层'],['东南'],['平层/精装'],['49.84平米'],['2005年建'],['泰和大厦'],['湖里'],['金尚'],有,一梯四户,['2023-03-18'],['2014-12-24']
625,['小区在地铁口，电梯房，双阳台，格局方正'],https://xm.lianjia.com/ershoufang/105112187828.html,['635'],"['51,132元/平']",1人关注 ,3室1厅1厨2卫,['中楼层/共7层'],['南'],['平层/精装'],['124.19平米'],['1999年建'],['中福城'],['湖里'],['金尚'],有,一梯两户,['2022-12-03'],['2004-09-07']
626,['美地雅登一里 2室2厅 南'],https://xm.lianjia.com/ershoufang/105114695065.html,['215'],"['28,205元/平']",0人关注 ,2室2厅1厨1卫,['高楼层/共26层'],['南'],['平层/精装'],['76.23平米'],['2009年建'],['美地雅登一里'],['翔安'],['新店'],有,两梯四户,['2023-09-03'],['2018-09-21']
627,['文灶电梯四房，高楼层，边套采光通风好'],https://xm.lianjia.com/ershoufang/105112577051.html,['1228'],"['75,435元/平']",0人关注 ,3室2厅1厨2卫,['高楼层/共28层'],['东南'],['平层/精装'],['162.79平米'],['2006年建'],['假日双星'],['思明'],['文灶'],有,两梯五户,['2023-02-07'],['2016-03-02']
628,['精装小高层 格局方正 产权在手可随时过户'],https://xm.lianjia.com/ershoufang/105113642847.html,['395'],"['32,471元/平']",0人关注 ,3室2厅1厨2卫,['高楼层/共12层'],['南 北'],['平层/精装'],['121.65平米'],['2006年建'],['未来海岸浪琴湾'],['海沧'],['未来海岸北师大'],有,一梯四户,['2023-05-11'],['2014-07-30']
629,['滨水小区 高楼层 低总价  业主自住  看房方便'],https://xm.lianjia.com/ershoufang/105113486846.html,['218'],"['34,527元/平']",1人关注 ,3室1厅1厨1卫,['高楼层/共33层'],['南'],['平层/精装'],['63.14平米'],['2015年建'],['滨水小区一期'],['集美'],['集美新城'],有,三梯八户,['2023-04-26'],['2020-09-16']
630,['小区在地铁口，电梯房，双阳台，格局方正'],https://xm.lianjia.com/ershoufang/105112187828.html,['635'],"['51,132元/平']",1人关注 ,3室1厅1厨2卫,['中楼层/共7层'],['南'],['平层/精装'],['124.19平米'],['1999年建'],['中福城'],['湖里'],['金尚'],有,一梯两户,['2022-12-03'],['2004-09-07']
631,['文灶电梯四房，高楼层，边套采光通风好'],https://xm.lianjia.com/ershoufang/105112577051.html,['1228'],"['75,435元/平']",0人关注 ,3室2厅1厨2卫,['高楼层/共28层'],['东南'],['平层/精装'],['162.79平米'],['2006年建'],['假日双星'],['思明'],['文灶'],有,两梯五户,['2023-02-07'],['2016-03-02']
632,['环东海域   彩虹湾     精装两房'],https://xm.lianjia.com/ershoufang/105110496391.html,['147'],"['27,299元/平']",5人关注 ,2室1厅1厨1卫,['中楼层/共11层'],['南'],['平层/精装'],['53.85平米'],['2011年建'],['彩虹湾'],['同安'],['环东海域'],有,三梯四户,['2022-05-11'],['2016-06-24']
633,['精装小高层 格局方正 产权在手可随时过户'],https://xm.lianjia.com/ershoufang/105113642847.html,['395'],"['32,471元/平']",0人关注 ,3室2厅1厨2卫,['高楼层/共12层'],['南 北'],['平层/精装'],['121.65平米'],['2006年建'],['未来海岸浪琴湾'],['海沧'],['未来海岸北师大'],有,一梯四户,['2023-05-11'],['2014-07-30']
634,['美地雅登一里 2室2厅 南'],https://xm.lianjia.com/ershoufang/105114695065.html,['215'],"['28,205元/平']",0人关注 ,2室2厅1厨1卫,['高楼层/共26层'],['南'],['平层/精装'],['76.23平米'],['2009年建'],['美地雅登一里'],['翔安'],['新店'],有,两梯四户,['2023-09-03'],['2018-09-21']
635,['成熟社区，格局四方，温馨大四房，交通便利。'],https://xm.lianjia.com/ershoufang/105115225499.html,['2888'],"['116,494元/平']",0人关注 ,4室2厅1厨2卫,['低楼层/共33层'],['南 北'],['平层/毛坯'],['247.91平米'],['2012年建'],['国贸天琴湾一期'],['湖里'],['五缘湾'],有,三梯两户,['2023-11-02'],['2017-09-29']
636,['保利品质 正规三房 精装满五 省税'],https://xm.lianjia.com/ershoufang/105114876859.html,['348'],"['37,663元/平']",0人关注 ,3室2厅1厨1卫,['低楼层/共33层'],['东南'],['平层/精装'],['92.4平米'],['2015年建'],['海上五月花五期'],['同安'],['集美其它'],有,两梯四户,['2023-09-22'],['2017-06-06']
637,['阳光花园 3室2厅 东南 南 西北 北'],https://xm.lianjia.com/ershoufang/105111192981.html,['660'],"['81,052元/平']",1人关注 ,3室2厅1厨1卫,['低楼层/共7层'],['东南 南 西北 北'],['平层/简装'],['81.43平米'],['1998年建'],['阳光花园'],['思明'],['松柏'],无,暂无数据,['2022-08-09'],['2009-04-08']
638,['滨水小区 高楼层 低总价  业主自住  看房方便'],https://xm.lianjia.com/ershoufang/105113486846.html,['218'],"['34,527元/平']",1人关注 ,3室1厅1厨1卫,['高楼层/共33层'],['南'],['平层/精装'],['63.14平米'],['2015年建'],['滨水小区一期'],['集美'],['集美新城'],有,三梯八户,['2023-04-26'],['2020-09-16']
639,['祥店 快乐天地 温馨三房 使用两层 业主诚售'],https://xm.lianjia.com/ershoufang/105110158679.html,['448'],"['87,535元/平']",4人关注 ,3室2厅1厨2卫,['中楼层/共19层'],['东 北'],['跃层/精装'],['51.18平米'],['2009年建'],['第二城快乐天地'],['湖里'],['祥店'],有,三梯十四户,['2022-03-29'],['2016-10-11']
640,['后埔地铁口30米 低公摊 中楼层 三房 南北 诚售'],https://xm.lianjia.com/ershoufang/105115406827.html,['399'],"['48,766元/平']",0人关注 ,3室2厅1厨1卫,['中楼层/共7层'],['南 北'],['平层/精装'],['81.82平米'],['1999年建'],['中福城'],['湖里'],['金尚'],无,暂无数据,['2023-11-23'],['2011-03-11']
641,['滨北南北通透大2房，采光好，光照充足，交通便利'],https://xm.lianjia.com/ershoufang/105114429160.html,['428'],"['69,935元/平']",1人关注 ,2室2厅1厨1卫,['中楼层/共6层'],['南 北'],['平层/精装'],['61.2平米'],['1994年建'],['石亭小区'],['思明'],['市政府'],无,暂无数据,['2023-08-04'],['2006-03-28']
642,['小崔荐好房 海沧双十学府旁一线海景海晟维多利亚旁'],https://xm.lianjia.com/ershoufang/105111126227.html,['990'],"['51,906元/平']",4人关注 ,4室2厅1厨2卫,['中楼层/共32层'],['南'],['平层/毛坯'],['190.73平米'],['2011年建'],['海晟维多利亚'],['海沧'],['滨海社区'],有,三梯四户,['2022-07-31'],['2016-04-11']
643,['BRT旁联发品质小区好楼层好格局三房'],https://xm.lianjia.com/ershoufang/105115335571.html,['630'],"['48,971元/平']",0人关注 ,3室2厅1厨2卫,['中楼层/共7层'],['南 北'],['平层/精装'],['128.65平米'],['2001年建'],['联发紫微花园'],['思明'],['瑞景'],无,暂无数据,['2023-11-15'],['2007-07-04']
644,['星园美第 刚需小户型 诚意出售'],https://xm.lianjia.com/ershoufang/105112028622.html,['89'],"['28,618元/平']",0人关注 ,1室0厅0厨1卫,['高楼层/共6层'],['西南'],['平层/简装'],['31.1平米'],['2005年建'],['泉舜星园美第'],['海沧'],['未来海岸北师大'],无,暂无数据,['2022-11-14'],['2019-03-08']
645,['地铁口 金尚小区 莱茵花苑 电梯 框架 诚意出售'],https://xm.lianjia.com/ershoufang/105115483622.html,['488'],"['57,446元/平']",0人关注 ,3室2厅2厨2卫,['低楼层/共6层'],['南 北'],['平层/简装'],['84.95平米'],['2002年建'],['莱茵花苑'],['湖里'],['金尚'],有,一梯三户,['2023-12-01'],['2005-10-13']
646,['电梯全明四房，高楼层，视野开阔，户型方正，精装修，'],https://xm.lianjia.com/ershoufang/105112388623.html,['698'],"['48,496元/平']",1人关注 ,4室1厅1厨2卫,['高楼层/共11层'],['东南 南'],['平层/精装'],['143.93平米'],['2002年建'],['天宇花园南区'],['湖里'],['金尚'],有,一梯四户,['2023-01-05'],['2021-04-08']
647,['地铁后埔站，一梯两户，正规大两房 ，准电梯中层'],https://xm.lianjia.com/ershoufang/105111661645.html,['548'],"['51,278元/平']",0人关注 ,2室2厅1厨2卫,['中楼层/共7层'],['南'],['平层/简装'],['106.87平米'],['1999年建'],['中福城'],['湖里'],['金尚'],有,一梯两户,['2022-10-01'],['2020-11-23']
648,['复式楼中楼二次的精装修可拎包 阳台有扩大'],https://xm.lianjia.com/ershoufang/105113776469.html,['90'],"['22,289元/平']",0人关注 ,2室2厅1厨1卫,['低楼层/共13层'],['西'],['跃层/精装'],['40.38平米'],['2016年建'],['融信海上城'],['海沧'],['滨海社区'],有,四梯三十二户,['2023-05-24'],['2019-04-10']
649,['金尚新年限框架大三房，中间楼层，采光好'],https://xm.lianjia.com/ershoufang/105107126431.html,['460'],"['46,934元/平']",11人关注 ,3室1厅1厨1卫,['中楼层/共6层'],['南'],['平层/精装'],['98.01平米'],['2002年建'],['金秋花园'],['湖里'],['金尚'],无,暂无数据,['2021-04-24'],['2015-12-05']
650,['精装小两房，低价入手，位置人人所向'],https://xm.lianjia.com/ershoufang/105116050084.html,['298'],"['65,237元/平']",0人关注 ,2室1厅1厨1卫,['低楼层/共18层'],['东南'],['平层/精装'],['45.68平米'],['2007年建'],['泉舜滨海上城'],['海沧'],['滨海社区'],有,两梯六户,['2024-02-19'],['2020-06-23']
651,['一线海景，朝南东边套，一手房源'],https://xm.lianjia.com/ershoufang/105111879539.html,['435'],"['33,324元/平']",1人关注 ,4室2厅1厨2卫,['高楼层/共34层'],['南'],['平层/精装'],['130.54平米'],['2013年建'],['中海寰宇天下'],['集美'],['杏林桥头'],有,两梯四户,['2022-10-27'],['2015-06-03']
652,['集美桥头两梯四户精装两房，诚意出售'],https://xm.lianjia.com/ershoufang/105115146538.html,['300'],"['34,994元/平']",0人关注 ,2室1厅1厨1卫,['中楼层/共27层'],['南 北'],['平层/精装'],['85.73平米'],['2010年建'],['泉水湾一期'],['集美'],['集美其它'],有,两梯四户,['2023-10-24'],['2010-11-29']
653,['前埔电梯三房 东南北三面采光 80万 精装修'],https://xm.lianjia.com/ershoufang/105111364325.html,['680'],"['52,571元/平']",0人关注 ,3室2厅1厨2卫,['低楼层/共15层'],['南 北 东'],['平层/精装'],['129.35平米'],['2000年建'],['前埔南小区一区'],['思明'],['前埔'],有,两梯四户,['2022-08-29'],['2017-01-25']
654,['楼栋位置在校区属于看海很好的位置，高楼层景观视野好'],https://xm.lianjia.com/ershoufang/105114866131.html,['290'],"['32,515元/平']",0人关注 ,2室2厅1厨1卫,['中楼层/共32层'],['东南'],['平层/简装'],['89.19平米'],['2015年建'],['国贸金沙湾'],['同安'],['环东海域'],有,两梯四户,['2023-09-21'],['2018-06-04']
655,['电梯房、业主诚意出售、看房提前预约'],https://xm.lianjia.com/ershoufang/105103873069.html,['595'],"['47,984元/平']",8人关注 ,3室2厅1厨2卫,['低楼层/共7层'],['南 北 东'],['平层/简装'],['124平米'],['未知年建'],['双狮山路'],['湖里'],['东渡'],无,暂无数据,['2020-03-19'],['1999-10-09']
656,['桥头堡大四房两卫产权满五唯 一自住精装修拎包入住'],https://xm.lianjia.com/ershoufang/105111633253.html,['428'],"['31,858元/平']",0人关注 ,3室2厅1厨2卫,['中楼层/共11层'],['南'],['平层/精装'],['134.35平米'],['2010年建'],['金海湾'],['集美'],['杏林桥头'],有,两梯两户,['2022-09-28'],['2012-12-06']
657,['金尚2000年框架三房 中间楼层户型好 离二号线后浦站近'],https://xm.lianjia.com/ershoufang/105113313790.html,['528'],"['52,128元/平']",0人关注 ,2室2厅1厨1卫,['中楼层/共7层'],['南 北'],['平层/简装'],['101.29平米'],['2000年建'],['玉鹭苑'],['湖里'],['金尚'],有,一梯两户,['2023-04-10'],['2001-11-21']
658,['正规2房，户型方正，封闭小区，莲坂地铁口，位置好'],https://xm.lianjia.com/ershoufang/105115059536.html,['429'],"['49,977元/平']",0人关注 ,3室2厅1厨1卫,['高楼层/共8层'],['南 北'],['平层/精装'],['85.84平米'],['1998年建'],['槟东公寓'],['思明'],['莲坂'],无,暂无数据,['2023-10-15'],['2012-05-10']
659,['南北通透格局，采光充足，配套设施齐全，交通便利'],https://xm.lianjia.com/ershoufang/105115136450.html,['535'],"['58,785元/平']",0人关注 ,2室2厅1厨1卫,['高楼层/共7层'],['南 北'],['平层/简装'],['91.01平米'],['2006年建'],['联发花园'],['思明'],['松柏'],无,暂无数据,['2023-10-23'],['2012-08-06']
660,['电梯四房，使用面积大，全明结构，通风采光好'],https://xm.lianjia.com/ershoufang/105111155342.html,['725'],"['54,105元/平']",4人关注 ,4室2厅1厨2卫,['中楼层/共11层'],['西 东'],['平层/简装'],['134平米'],['2005年建'],['家家海景'],['思明'],['前埔'],有,一梯四户,['2022-08-04'],['2013-04-25']
661,['四川大厦.电梯高层.两房.户型方正明厨明卫.视野好'],https://xm.lianjia.com/ershoufang/105115344324.html,['520'],"['55,999元/平']",0人关注 ,2室1厅1厨1卫,['高楼层/共28层'],['南 北'],['平层/简装'],['92.86平米'],['2005年建'],['四川大厦'],['思明'],['松柏'],有,三梯十四户,['2023-11-16'],['2005-05-20']
662,['此房满二，业主自住精装，客厅带阳台'],https://xm.lianjia.com/ershoufang/105111306062.html,['215'],"['23,345元/平']",0人关注 ,2室1厅1厨1卫,['低楼层/共16层'],['南 北'],['平层/精装'],['92.1平米'],['2009年建'],['美地雅登祥吴二里'],['翔安'],['新店'],有,两梯四户,['2022-08-22'],['2019-08-16']
663,['杏北糖厂2房，满五*，格局好'],https://xm.lianjia.com/ershoufang/105109001995.html,['150'],"['26,442元/平']",14人关注 ,2室1厅1厨1卫,['中楼层/共7层'],['南 北'],['平层/简装'],['56.73平米'],['1989年建'],['杏糖生活片区'],['集美'],['杏北'],无,暂无数据,['2021-10-14'],['2008-09-22']
664,['莲前西路 封闭式小区 楼中楼 带露台 产权满5省税'],https://xm.lianjia.com/ershoufang/105109972858.html,['707'],"['43,573元/平']",8人关注 ,4室3厅1厨2卫,['高楼层/共7层'],['南 北'],['跃层/简装'],['162.26平米'],['1996年建'],['怡富花园西区'],['思明'],['金鸡亭'],无,暂无数据,['2022-03-06'],['2016-03-03']
665,['海投天源  两梯4户 看湖看海 采光充足 视野开阔 精装'],https://xm.lianjia.com/ershoufang/105116437734.html,['559'],"['47,385元/平']",0人关注 ,3室2厅1厨2卫,['高楼层/共30层'],['南'],['平层/精装'],['117.97平米'],['2016年建'],['海投天源'],['海沧'],['海沧体育中心'],有,两梯四户,['2024-03-22'],['2017-05-11']
666,['五缘湾 国贸润园 高层安静位置 看海 视野开阔'],https://xm.lianjia.com/ershoufang/105113443070.html,['1238'],"['86,272元/平']",1人关注 ,3室2厅1厨2卫,['中楼层/共21层'],['南'],['平层/精装'],['143.5平米'],['2013年建'],['国贸润园'],['湖里'],['五缘湾'],有,两梯三户,['2023-04-21'],['2023-04-03']
667,['未来橙堡 新上小户型 中间楼层 采光好，看房方便'],https://xm.lianjia.com/ershoufang/105114060252.html,['89'],"['28,263元/平']",0人关注 ,1室0厅1厨1卫,['中楼层/共6层'],['南'],['平层/简装'],['31.49平米'],['2008年建'],['未来橙堡'],['海沧'],['海沧体育中心'],无,暂无数据,['2023-06-24'],['2017-11-10']
668,['高层看海，美景尽收眼底，享受人生'],https://xm.lianjia.com/ershoufang/105105719256.html,['340'],"['19,396元/平']",3人关注 ,3室2厅1厨2卫,['高楼层/共36层'],['东南'],['平层/精装'],['175.3平米'],['2015年建'],['泰地海西中心'],['海沧'],['海沧区政府'],有,两梯三户,['2020-11-06'],['2017-06-24']
669,['正规2房，户型方正，封闭小区，莲坂地铁口，位置好'],https://xm.lianjia.com/ershoufang/105115059536.html,['429'],"['49,977元/平']",0人关注 ,3室2厅1厨1卫,['高楼层/共8层'],['南 北'],['平层/精装'],['85.84平米'],['1998年建'],['槟东公寓'],['思明'],['莲坂'],无,暂无数据,['2023-10-15'],['2012-05-10']
670,['建发花园 4室2厅 东南 北'],https://xm.lianjia.com/ershoufang/105115307804.html,['830'],"['54,171元/平']",0人关注 ,4室2厅1厨2卫,['低楼层/共12层'],['东南 北'],['平层/精装'],['153.22平米'],['2003年建'],['建发花园'],['思明'],['火车站'],有,一梯两户,['2023-11-11'],['2019-04-10']
671,['枋湖香槟城132.57平洋房社区精装房'],https://xm.lianjia.com/ershoufang/105114990505.html,['780'],"['58,837元/平']",0人关注 ,5室1厅1厨2卫,['低楼层/共15层'],['南'],['平层/精装'],['132.57平米'],['2008年建'],['禹洲香槟城'],['湖里'],['枋湖'],有,两梯四户,['2023-10-08'],['2010-03-01']
672,['吕厝双地铁口 双卫 格局方  可g3房'],https://xm.lianjia.com/ershoufang/105112099103.html,['570'],"['59,705元/平']",1人关注 ,2室2厅1厨2卫,['低楼层/共32层'],['西北'],['平层/简装'],['95.47平米'],['2010年建'],['宝龙中心二期'],['思明'],['莲坂'],有,三梯六户,['2022-11-22'],['2003-01-07']
673,['楼层好格局好满五近地铁动静分离'],https://xm.lianjia.com/ershoufang/105110477208.html,['730'],"['63,013元/平']",3人关注 ,3室1厅1厨2卫,['中楼层/共32层'],['东 北'],['平层/精装'],['115.85平米'],['2002年建'],['宝龙中心二期'],['思明'],['莲坂'],有,三梯六户,['2022-05-08'],['2003-06-09']
674,['桥头堡大四房两卫产权满五唯 一自住精装修拎包入住'],https://xm.lianjia.com/ershoufang/105111633253.html,['428'],"['31,858元/平']",0人关注 ,3室2厅1厨2卫,['中楼层/共11层'],['南'],['平层/精装'],['134.35平米'],['2010年建'],['金海湾'],['集美'],['杏林桥头'],有,两梯两户,['2022-09-28'],['2012-12-06']
675,['禹洲大学城大三房，业主自住装修，诚意出售'],https://xm.lianjia.com/ershoufang/105116156206.html,['189'],"['19,210元/平']",0人关注 ,3室2厅1厨2卫,['低楼层/共35层'],['东南'],['平层/精装'],['98.39平米'],['2012年建'],['禹洲大学城'],['同安'],['集美其它'],有,三梯八户,['2024-02-27'],['2013-11-01']
676,['高层全海景 视野开阔 顶层毛坯'],https://xm.lianjia.com/ershoufang/105111332992.html,['1270'],"['88,012元/平']",1人关注 ,3室2厅1厨2卫,['高楼层/共38层'],['南 北'],['平层/毛坯'],['144.3平米'],['2017年建'],['华尔顿1275'],['思明'],['会展中心'],有,三梯十二户,['2022-08-25'],['2020-09-28']
677,['集美桥头，洋房社区，一梯二户 使用面积大'],https://xm.lianjia.com/ershoufang/105114721410.html,['390'],"['33,673元/平']",0人关注 ,3室2厅1厨2卫,['中楼层/共8层'],['南 北'],['平层/简装'],['115.82平米'],['2015年建'],['招商海德公馆二期'],['集美'],['集美其它'],有,两梯两户,['2023-09-05'],['2021-07-26']
678,['房子满五年，一梯两户，户型方正，精装修，拎包入住'],https://xm.lianjia.com/ershoufang/105112923280.html,['950'],"['60,059元/平']",1人关注 ,3室2厅1厨2卫,['中楼层/共9层'],['东南'],['平层/精装'],['158.18平米'],['2003年建'],['阳光海岸'],['思明'],['黄厝'],有,一梯两户,['2023-03-07'],['2005-09-08']
679,['此房满二，集美桥头一线海景房，自住精装修，中层。'],https://xm.lianjia.com/ershoufang/105111905818.html,['598'],"['35,200元/平']",0人关注 ,4室1厅1厨2卫,['中楼层/共23层'],['南 北'],['平层/精装'],['169.89平米'],['2012年建'],['古龙御景二期'],['集美'],['集美其它'],有,两梯两户,['2022-10-30'],['2014-08-22']
680,['一线海景大平层 南北通透 视野开阔 BRT沿线交通方便'],https://xm.lianjia.com/ershoufang/105109933086.html,['657'],"['36,900元/平']",2人关注 ,3室2厅1厨4卫,['高楼层/共23层'],['南 北'],['平层/毛坯'],['178.05平米'],['2010年建'],['古龙御景二期'],['集美'],['集美其它'],有,两梯十四户,['2022-03-02'],['2015-03-31']
681,['此房满五*，通透户型，配有大面积会所，室内游泳馆'],https://xm.lianjia.com/ershoufang/105106298033.html,['520'],"['43,559元/平']",28人关注 ,2室1厅1厨2卫,['低楼层/共32层'],['东 东南 南 北'],['平层/精装'],['119.38平米'],['2014年建'],['园博1号一期'],['集美'],['杏锦路'],有,两梯三户,['2021-01-20'],['2015-08-03']
682,['环东海域、美峰公园 自住精装修 满5年省税、南北 通透'],https://xm.lianjia.com/ershoufang/105111482274.html,['236'],"['21,563元/平']",1人关注 ,4室1厅1厨1卫,['中楼层/共24层'],['南 北'],['平层/精装'],['109.45平米'],['2012年建'],['禹洲大学城'],['同安'],['集美其它'],有,两梯六户,['2022-09-12'],['2016-09-01']
683,['明发花园一期 5室2厅 南 北'],https://xm.lianjia.com/ershoufang/105108082868.html,['820'],"['45,749元/平']",2人关注 ,5室2厅1厨2卫,['高楼层/共9层'],['南 北'],['简装'],['179.24平米'],['1999年建'],['明发花园一期'],['思明'],['前埔'],有,一梯四户,['2021-07-23'],['2021-07-25']
684,['阿罗海 天源  看海户型通透首付150万'],https://xm.lianjia.com/ershoufang/105110539734.html,['565'],"['39,871元/平']",1人关注 ,3室1厅1厨2卫,['低楼层/共33层'],['南 北'],['平层/毛坯'],['141.71平米'],['2016年建'],['海投天源'],['海沧'],['海沧体育中心'],有,两梯两户,['2022-05-17'],['2017-04-27']
685,['集美新城 龙湖品质 正规四房 诚意出售'],https://xm.lianjia.com/ershoufang/105110332059.html,['401'],"['41,456元/平']",10人关注 ,4室2厅1厨2卫,['中楼层/共33层'],['东南'],['复式/毛坯'],['96.73平米'],['2017年建'],['龙湖春江郦城二期'],['集美'],['杏北'],有,两梯六户,['2022-04-19'],['2018-07-04']
686,['业主诚意出售，精装大三房，近嘉庚配套齐全'],https://xm.lianjia.com/ershoufang/105113139982.html,['219'],"['22,405元/平']",0人关注 ,3室1厅1厨2卫,['中楼层/共35层'],['东南 西北'],['平层/精装'],['97.75平米'],['2012年建'],['禹洲大学城'],['同安'],['集美其它'],有,三梯六户,['2023-03-25'],['2012-12-10']
687,['集美桥头  精装修三房，急售，价格好谈'],https://xm.lianjia.com/ershoufang/105115132572.html,['309'],"['32,088元/平']",1人关注 ,3室1厅1厨1卫,['低楼层/共32层'],['南'],['平层/精装'],['96.3平米'],['2013年建'],['海上五月花一期'],['集美'],['集美其它'],有,两梯四户,['2023-10-23'],['2014-08-07']
688,['长欣花园 2室2厅 东 西'],https://xm.lianjia.com/ershoufang/105116073311.html,['228'],"['28,986元/平']",0人关注 ,2室2厅1厨1卫,['低楼层/共6层'],['东 西'],['平层/简装'],['78.66平米'],['2004年建'],['长欣花园'],['海沧'],['海沧生活区'],无,暂无数据,['2024-02-20'],['2018-07-03']
689,['低楼层看海，景观没有任何影响，精装修。'],https://xm.lianjia.com/ershoufang/105116361695.html,['180'],"['29,772元/平']",0人关注 ,3室2厅1厨2卫,['中楼层/共24层'],['南'],['复式/精装'],['60.46平米'],['2016年建'],['融信海上城'],['海沧'],['滨海社区'],有,六梯二十二户,['2024-03-15'],['2017-07-03']
690,['生活区正规三房，三房朝南，精装修，欢迎评鉴'],https://xm.lianjia.com/ershoufang/105110926423.html,['230'],"['21,480元/平']",3人关注 ,3室2厅1厨1卫,['高楼层/共6层'],['南 北'],['平层/精装'],['107.08平米'],['2004年建'],['金龙商城二期'],['海沧'],['海沧生活区'],无,暂无数据,['2022-07-06'],['2017-06-14']
691,['江头。温莎公馆精装修，大三房。'],https://xm.lianjia.com/ershoufang/105112575952.html,['723'],"['60,808元/平']",0人关注 ,3室2厅1厨2卫,['低楼层/共32层'],['南'],['平层/精装'],['118.9平米'],['2015年建'],['温莎公馆'],['湖里'],['金尚'],有,两梯四户,['2023-02-07'],['2017-07-12']
692,['世茂精装3房2卫丨客厅跟主卧带阳台丨交通方便'],https://xm.lianjia.com/ershoufang/105111651854.html,['430'],"['41,854元/平']",2人关注 ,3室2厅1厨2卫,['高楼层/共34层'],['南 北'],['跃层/精装'],['102.74平米'],['2019年建'],['世茂璀璨天城二期'],['集美'],['集美新城'],有,两梯八户,['2022-09-30'],['2020-09-20']
693,['禹洲高尔夫 2室2厅 南'],https://xm.lianjia.com/ershoufang/105113873672.html,['196'],"['22,670元/平']",0人关注 ,2室2厅1厨1卫,['低楼层/共33层'],['南'],['平层/精装'],['86.46平米'],['2013年建'],['禹洲高尔夫'],['海沧'],['马銮湾东'],有,两梯四户,['2023-06-03'],['2016-03-24']
694,['看海很好的位置，高楼层景观视野好'],https://xm.lianjia.com/ershoufang/105115040180.html,['445'],"['35,940元/平']",0人关注 ,3室1厅1厨2卫,['低楼层/共32层'],['东南'],['平层/精装'],['123.82平米'],['2015年建'],['国贸金沙湾'],['同安'],['环东海域'],有,两梯四户,['2023-10-13'],['2017-07-26']
695,['一楼带房间 复式精装修 BRT 地铁沿线 使用面积110平方'],https://xm.lianjia.com/ershoufang/105111354743.html,['400'],"['37,912元/平']",0人关注 ,3室2厅1厨2卫,['低楼层/共34层'],['南'],['跃层/精装'],['105.51平米'],['2019年建'],['世茂璀璨天城二期'],['集美'],['集美新城'],有,两梯八户,['2022-08-27'],['2020-08-24']
696,['莲坂地铁口~龙门世家顶层楼中楼~跃三层使用400平'],https://xm.lianjia.com/ershoufang/105110587224.html,['1298'],"['49,134元/平']",9人关注 ,5室2厅1厨4卫,['高楼层/共14层'],['南 北'],['复式/精装'],['264.18平米'],['1998年建'],['龙门世家'],['思明'],['莲坂'],有,两梯四户,['2022-05-24'],['2007-10-30']
697,['正规两房 延奎 旁南北通透 采光充足 交通便利明厨明卫'],https://xm.lianjia.com/ershoufang/105115492491.html,['195'],"['25,404元/平']",2人关注 ,2室2厅1厨1卫,['中楼层/共7层'],['南 北'],['平层/简装'],['76.76平米'],['1999年建'],['富佳苑'],['海沧'],['海沧生活区'],无,暂无数据,['2023-12-02'],['2016-03-01']
698,['海沧隧道口  一个被忽略的世外桃源 精装大两房'],https://xm.lianjia.com/ershoufang/105115699753.html,['290'],"['29,038元/平']",0人关注 ,2室2厅1厨1卫,['中楼层/共9层'],['南 东南'],['平层/精装'],['99.87平米'],['2008年建'],['东方高尔夫国际公寓'],['海沧'],['马銮湾东'],有,两梯三户,['2023-12-26'],['2022-11-17']
699,['建发央著二期 3室1厅 东南'],https://xm.lianjia.com/ershoufang/105115930505.html,['598'],"['51,757元/平']",0人关注 ,3室1厅1厨2卫,['中楼层/共33层'],['东南'],['平层/精装'],['115.54平米'],['2020年建'],['建发央著二期'],['集美'],['集美新城'],有,两梯四户,['2024-01-22'],['2022-03-29']
700,['区政府 首开上郡两房 全明格局 满二 看房方便'],https://xm.lianjia.com/ershoufang/105112891149.html,['160'],"['18,349元/平']",0人关注 ,2室2厅1厨1卫,['低楼层/共33层'],['南'],['平层/毛坯'],['87.2平米'],['2017年建'],['首开领翔上郡二期'],['翔安'],['新店'],有,两梯四户,['2023-03-04'],['2019-02-13']
701,['通透格局方正精装修，小区设施配备齐'],https://xm.lianjia.com/ershoufang/105102461766.html,['746'],"['64,311元/平']",14人关注 ,3室2厅1厨2卫,['低楼层/共32层'],['东南 北'],['平层/精装'],['116平米'],['2001年建'],['宝龙中心二期'],['思明'],['莲坂'],有,三梯六户,['2019-06-01'],['2009-12-02']
702,['美丽山水，温馨家园，来仙岳山庄'],https://xm.lianjia.com/ershoufang/105110711138.html,['1010'],"['57,153元/平']",6人关注 ,5室2厅1厨3卫,['低楼层/共10层'],['东 西'],['复式/精装'],['176.72平米'],['2002年建'],['仙岳山庄'],['思明'],['岳阳社区'],有,一梯两户,['2022-06-10'],['2016-08-24']
703,['建发品质 电梯高层 南北向 住家装修 全明格局'],https://xm.lianjia.com/ershoufang/105111400310.html,['586'],"['62,044元/平']",2人关注 ,3室2厅1厨1卫,['高楼层/共18层'],['南 北'],['平层/简装'],['94.45平米'],['2007年建'],['时尚国际'],['思明'],['火车站'],有,两梯六户,['2022-09-02'],['2013-09-06']
704,['地铁口乐海商场楼上小户型诚意出售'],https://xm.lianjia.com/ershoufang/105112784964.html,['216'],"['37,332元/平']",0人关注 ,1室1厅1厨1卫,['中楼层/共30层'],['南'],['平层/简装'],['57.86平米'],['2003年建'],['绿苑商城'],['海沧'],['滨海社区'],有,两梯十户,['2023-02-24'],['2017-03-02']
705,['房子格局好，明厨明卫，南北朝向 边套 正规三房，'],https://xm.lianjia.com/ershoufang/105114494879.html,['339'],"['39,223元/平']",0人关注 ,3室1厅1厨1卫,['中楼层/共8层'],['南 北'],['平层/精装'],['86.43平米'],['1996年建'],['兴隆新村'],['湖里'],['大唐世家'],无,暂无数据,['2023-08-12'],['2021-03-25']
706,['楼层视野好诚意要卖通透格局公园环抱'],https://xm.lianjia.com/ershoufang/105110397980.html,['188'],"['21,979元/平']",7人关注 ,2室2厅1厨1卫,['低楼层/共18层'],['南'],['平层/精装'],['85.54平米'],['2013年建'],['美地雅登祥吴三里'],['翔安'],['新店'],有,两梯四户,['2022-04-27'],['2013-10-31']
707,['湖里万达边套光线好正看中庭诚意出售'],https://xm.lianjia.com/ershoufang/105111579564.html,['66'],"['15,715元/平']",0人关注 ,1室1厅1厨1卫,['中楼层/共31层'],['北'],['平层/精装'],['42平米'],['2012年建'],['万达广场'],['湖里'],['万达广场'],有,四梯十七户,['2022-09-22'],['2013-06-15']
708,['高楼层，南北通风大三房，采光很好，视野没有遮挡'],https://xm.lianjia.com/ershoufang/105110976901.html,['397'],"['28,478元/平']",0人关注 ,3室2厅1厨2卫,['中楼层/共34层'],['西南'],['平层/毛坯'],['139.41平米'],['2017年建'],['国贸商城同悦'],['集美'],['集美其它'],有,两梯四户,['2022-07-12'],['2021-05-10']
709,['宏大花园自住精装，满两年，楼下生活配套较为齐全'],https://xm.lianjia.com/ershoufang/105106894272.html,['282'],"['34,232元/平']",4人关注 ,2室2厅1厨1卫,['低楼层/共7层'],['北'],['平层/精装'],['82.38平米'],['2002年建'],['宏大花园'],['海沧'],['未来海岸北师大'],无,暂无数据,['2021-04-05'],['2017-07-25']
710,['滨北七星公馆比邻带原装电梯小高层原三房可四房'],https://xm.lianjia.com/ershoufang/105110920801.html,['838'],"['60,107元/平']",8人关注 ,3室2厅1厨2卫,['中楼层/共9层'],['东 西'],['平层/精装'],['139.42平米'],['2000年建'],['惠祥花园'],['思明'],['七星路'],有,一梯三户,['2022-07-06'],['2020-07-09']
711,['地铁口大四房 三面采光 单价低诚意出售'],https://xm.lianjia.com/ershoufang/105115290492.html,['460'],"['29,607元/平']",0人关注 ,4室2厅1厨2卫,['中楼层/共8层'],['南'],['平层/简装'],['155.37平米'],['1999年建'],['永升彩虹花园'],['湖里'],['金尚'],无,暂无数据,['2023-11-09'],['2009-01-06']
712,['祥店宜居社区单价3.8万，南北双阳台3房，采光很好'],https://xm.lianjia.com/ershoufang/105116311363.html,['352'],"['38,908元/平']",0人关注 ,3室2厅1厨1卫,['高楼层/共7层'],['南 北'],['平层/精装'],['90.47平米'],['2002年建'],['银龙公寓'],['湖里'],['祥店'],无,暂无数据,['2024-03-11'],['2015-10-29']
713,['瑞景洪文BRT旁电梯精装住家3房2卫'],https://xm.lianjia.com/ershoufang/105112512497.html,['468'],"['53,949元/平']",5人关注 ,3室2厅1厨2卫,['低楼层/共18层'],['南 西'],['平层/精装'],['86.75平米'],['2008年建'],['联丰新城'],['思明'],['瑞景'],有,一梯四户,['2023-02-01'],['2017-04-20']
714,['生活区小户型，有电梯 近地铁口，生活方便，近延奎'],https://xm.lianjia.com/ershoufang/105110505218.html,['178'],"['30,196元/平']",7人关注 ,2室1厅1厨1卫,['低楼层/共32层'],['南'],['平层/简装'],['58.95平米'],['2013年建'],['海银大厦'],['海沧'],['海沧生活区'],有,三梯十二户,['2022-05-12'],['2017-04-11']
715,['朝南户型方正.目前价格优惠......'],https://xm.lianjia.com/ershoufang/105111468283.html,['340'],"['75,707元/平']",0人关注 ,1室1厅1厨1卫,['高楼层/共9层'],['西南 西'],['平层/精装'],['44.91平米'],['2010年建'],['名汇广场'],['思明'],['中山路'],有,四梯五十六户,['2022-09-09'],['2013-08-25']
716,['天湖城 3室2厅 南'],https://xm.lianjia.com/ershoufang/105115846787.html,['450'],"['33,186元/平']",0人关注 ,3室2厅1厨2卫,['高楼层/共24层'],['南'],['平层/精装'],['135.6平米'],['2012年建'],['天湖城'],['海沧'],['海沧区政府'],有,两梯两户,['2024-01-12'],['2020-01-12']
717,['马青路地铁口 低楼层小两房 总价低 产权满五年！'],https://xm.lianjia.com/ershoufang/105114670087.html,['155'],"['32,646元/平']",2人关注 ,2室1厅1厨1卫,['低楼层/共6层'],['南 北'],['平层/简装'],['47.48平米'],['2002年建'],['鑫茂花园'],['海沧'],['海沧生活区'],无,暂无数据,['2023-08-31'],['2017-04-07']
718,['大唐品质带阁楼  楼上可以使用 满五省个税'],https://xm.lianjia.com/ershoufang/105110627747.html,['299'],"['46,595元/平']",6人关注 ,3室2厅1厨2卫,['高楼层/共9层'],['东南 南'],['平层/简装'],['64.17平米'],['2002年建'],['大唐世家二期'],['湖里'],['大唐世家'],无,暂无数据,['2022-05-29'],['2015-08-26']
719,['楼梯房金梯层 卧室均朝南 沐浴日光'],https://xm.lianjia.com/ershoufang/105104150249.html,['438'],"['52,912元/平']",83人关注 ,2室2厅1厨1卫,['中楼层/共7层'],['南 北'],['平层/简装'],['82.78平米'],['1998年建'],['瑞景新村寿鹤苑'],['思明'],['瑞景'],无,暂无数据,['2020-04-21'],['1998-07-01']
720,['楼梯房金梯层 卧室均朝南 沐浴日光'],https://xm.lianjia.com/ershoufang/105104150249.html,['438'],"['52,912元/平']",83人关注 ,2室2厅1厨1卫,['中楼层/共7层'],['南 北'],['平层/简装'],['82.78平米'],['1998年建'],['瑞景新村寿鹤苑'],['思明'],['瑞景'],无,暂无数据,['2020-04-21'],['1998-07-01']
721,['大唐品质带阁楼  楼上可以使用 满五省个税'],https://xm.lianjia.com/ershoufang/105110627747.html,['299'],"['46,595元/平']",6人关注 ,3室2厅1厨2卫,['高楼层/共9层'],['东南 南'],['平层/简装'],['64.17平米'],['2002年建'],['大唐世家二期'],['湖里'],['大唐世家'],无,暂无数据,['2022-05-29'],['2015-08-26']
722,['海峡现代城挑高五米，视野好，朝北'],https://xm.lianjia.com/ershoufang/105110055572.html,['75'],"['16,006元/平']",0人关注 ,2室2厅1厨2卫,['高楼层/共17层'],['北'],['跃层/精装'],['46.86平米'],['2016年建'],['海峡现代城'],['翔安'],['翔安新城'],有,四梯十二户,['2022-03-15'],['2019-08-08']
723,['老虎城  中山路一双  o8年电梯低总价  楼层好采光好！'],https://xm.lianjia.com/ershoufang/105115914284.html,['260'],"['81,633元/平']",0人关注 ,1室1厅1厨1卫,['中楼层/共7层'],['南'],['平层/简装'],['31.85平米'],['2008年建'],['老虎城'],['思明'],['思明南路'],有,两梯四十四户,['2024-01-20'],['2009-02-09']
724,['仙岳路岳阳小区旁，带电梯居家3房，朝南户型，满2年'],https://xm.lianjia.com/ershoufang/105110484847.html,['750'],"['59,586元/平']",5人关注 ,3室2厅1厨2卫,['中楼层/共15层'],['南 西'],['平层/简装'],['125.87平米'],['2004年建'],['中建大厦'],['思明'],['岳阳社区'],有,两梯十户,['2022-05-09'],['2013-08-29']
725,['此房满五年省个税，高层看海，户型方正，采光好'],https://xm.lianjia.com/ershoufang/105114136559.html,['378'],"['34,714元/平']",1人关注 ,4室2厅1厨2卫,['中楼层/共33层'],['东南'],['错层/简装'],['108.89平米'],['2009年建'],['禹洲华侨金海岸'],['海沧'],['海沧体育中心'],有,两梯六户,['2023-07-02'],['2016-06-10']
726,['天湖城 3室2厅 南'],https://xm.lianjia.com/ershoufang/105115846787.html,['450'],"['33,186元/平']",0人关注 ,3室2厅1厨2卫,['高楼层/共24层'],['南'],['平层/精装'],['135.6平米'],['2012年建'],['天湖城'],['海沧'],['海沧区政府'],有,两梯两户,['2024-01-12'],['2020-01-12']
727,['朝南户型方正.目前价格优惠......'],https://xm.lianjia.com/ershoufang/105111468283.html,['340'],"['75,707元/平']",0人关注 ,1室1厅1厨1卫,['高楼层/共9层'],['西南 西'],['平层/精装'],['44.91平米'],['2010年建'],['名汇广场'],['思明'],['中山路'],有,四梯五十六户,['2022-09-09'],['2013-08-25']
728,['低总价，正规3房，配套齐全，业主诚意出售'],https://xm.lianjia.com/ershoufang/105113611621.html,['415'],"['57,784元/平']",0人关注 ,3室1厅1厨1卫,['低楼层/共30层'],['北'],['平层/简装'],['71.82平米'],['2010年建'],['湖边花园A区'],['湖里'],['万达广场'],有,两梯六户,['2023-05-08'],['2015-02-15']
729,['国贸远洋天和  5室2厅  南北朝向'],https://xm.lianjia.com/ershoufang/105114447217.html,['760'],"['46,790元/平']",0人关注 ,5室2厅1厨2卫,['中楼层/共6层'],['南 北'],['复式/简装'],['162.43平米'],['2020年建'],['国贸远洋天和'],['翔安'],['翔安新城'],有,两梯三户,['2023-08-06'],['2021-04-25']
730,['海峡国际社区二期 3室1厅 东'],https://xm.lianjia.com/ershoufang/105116322801.html,['645'],"['71,153元/平']",1人关注 ,3室1厅1厨1卫,['中楼层/共24层'],['东'],['平层/精装'],['90.65平米'],['2011年建'],['海峡国际社区二期'],['思明'],['会展中心'],有,三梯八户,['2024-03-12'],['2013-11-11']
731,['吕厝双地铁口  格局方正 三房精装'],https://xm.lianjia.com/ershoufang/105111141653.html,['636'],"['66,618元/平']",1人关注 ,3室2厅1厨2卫,['中楼层/共32层'],['西北'],['平层/精装'],['95.47平米'],['2002年建'],['宝龙中心二期'],['思明'],['莲坂'],有,三梯六户,['2022-08-02'],['2011-08-19']
732,['松柏  SM 南北 3房 双阳台 公摊小  南北   必看好房'],https://xm.lianjia.com/ershoufang/105111118039.html,['860'],"['66,379元/平']",2人关注 ,3室2厅1厨2卫,['高楼层/共6层'],['南 北'],['平层/精装'],['129.56平米'],['2000年建'],['松柏湖花园'],['思明'],['松柏'],无,暂无数据,['2022-07-30'],['2003-05-23']
733,['金鸡亭航空宿舍，正规三房，南北视野好，小区安静！'],https://xm.lianjia.com/ershoufang/105114851049.html,['398'],"['44,881元/平']",0人关注 ,3室2厅1厨1卫,['高楼层/共7层'],['南 北'],['平层/简装'],['88.68平米'],['1999年建'],['金鸡亭花园小区东区'],['思明'],['金鸡亭'],无,暂无数据,['2023-09-19'],['2016-06-21']
734,['位置佳 两梯两户 生活便利 泰禾商圈'],https://xm.lianjia.com/ershoufang/105110293816.html,['320'],"['22,389元/平']",5人关注 ,3室2厅1厨2卫,['低楼层/共22层'],['南 北'],['平层/精装'],['142.93平米'],['2014年建'],['首开领翔国际'],['翔安'],['新店'],有,两梯两户,['2022-04-15'],['2017-04-12']
735,['此房楼层好，户型好全明结构，带外阳台，地铁2号线'],https://xm.lianjia.com/ershoufang/105115752612.html,['189'],"['34,981元/平']",0人关注 ,1室1厅1厨1卫,['中楼层/共30层'],['西南'],['平层/简装'],['54.03平米'],['2009年建'],['绿苑商城'],['海沧'],['滨海社区'],有,两梯十户,['2024-01-02'],['2010-07-29']
736,['电梯房 地铁口，精装修，采光好'],https://xm.lianjia.com/ershoufang/105114485514.html,['99'],"['36,119元/平']",0人关注 ,1室0厅0厨1卫,['高楼层/共32层'],['西南'],['平层/精装'],['27.41平米'],['2013年建'],['海银大厦'],['海沧'],['海沧生活区'],有,三梯十户,['2023-08-11'],['2019-11-26']
737,['满五，看房方便，精装修，可拎包入住采光通风好'],https://xm.lianjia.com/ershoufang/105114037257.html,['328'],"['27,885元/平']",0人关注 ,4室2厅1厨2卫,['低楼层/共33层'],['南 北'],['平层/精装'],['117.63平米'],['2014年建'],['金城湾花园'],['海沧'],['未来海岸北师大'],有,两梯六户,['2023-06-20'],['2017-03-22']
738,['维多利亚高楼层两房，户型通透，门口双十，交通便利'],https://xm.lianjia.com/ershoufang/105115683607.html,['385'],"['45,220元/平']",0人关注 ,2室2厅1厨1卫,['高楼层/共30层'],['西南'],['平层/简装'],['85.14平米'],['2011年建'],['海晟维多利亚'],['海沧'],['滨海社区'],有,两梯四户,['2023-12-24'],['2020-08-31']
739,['精装修保养的很好 朝北户型，无遮挡视野好可步行上学'],https://xm.lianjia.com/ershoufang/105114983791.html,['228'],"['26,344元/平']",0人关注 ,2室2厅1厨1卫,['高楼层/共20层'],['西南'],['平层/精装'],['86.55平米'],['2013年建'],['溢翔首府'],['同安'],['环东海域'],有,两梯七户,['2023-10-07'],['2016-09-13']
740,['祥店福满园，南北通透，正规4房，格局方正'],https://xm.lianjia.com/ershoufang/105111547742.html,['570'],"['47,719元/平']",1人关注 ,3室2厅1厨1卫,['高楼层/共6层'],['南 北'],['平层/精装'],['119.45平米'],['2006年建'],['福满园'],['湖里'],['祥店'],无,暂无数据,['2022-09-18'],['2016-05-04']
741,['映碧里全明2房  厅带阳台朝南 价格好 空XX 实验幼儿园'],https://xm.lianjia.com/ershoufang/105114522188.html,['458'],"['62,921元/平']",0人关注 ,2室1厅1厨1卫,['高楼层/共6层'],['南'],['平层/精装'],['72.79平米'],['1986年建'],['映碧里小区'],['思明'],['莲花一村'],无,暂无数据,['2023-08-15'],['2015-05-15']
742,['新莲岳里中楼层大两房，精装修，可以拎包入住'],https://xm.lianjia.com/ershoufang/105112527305.html,['490'],"['61,979元/平']",0人关注 ,2室1厅1厨1卫,['中楼层/共7层'],['南 北'],['平层/精装'],['79.06平米'],['1995年建'],['莲岳里小区东区'],['思明'],['松柏'],无,暂无数据,['2023-02-03'],['2015-05-04']
743,['业主精装大四房 海景优美 无遮挡 高层视野'],https://xm.lianjia.com/ershoufang/105110953120.html,['1670'],"['85,357元/平']",1人关注 ,4室2厅1厨2卫,['高楼层/共45层'],['东南'],['平层/精装'],['195.65平米'],['2020年建'],['华尔顿1275'],['思明'],['会展中心'],有,三梯六户,['2022-07-09'],['2020-10-21']
744,['天源旁 新装修三房 省税 南北通透 诚意出售'],https://xm.lianjia.com/ershoufang/105114896507.html,['288'],"['28,239元/平']",1人关注 ,3室1厅1厨1卫,['高楼层/共16层'],['南 北'],['平层/精装'],['101.99平米'],['2010年建'],['水岸名筑'],['海沧'],['海沧体育中心'],有,两梯六户,['2023-09-24'],['2019-07-23']
745,['金尚小区，温馨2房，户型方正，通透视野好。'],https://xm.lianjia.com/ershoufang/105110959397.html,['308'],"['43,338元/平']",2人关注 ,2室2厅1厨1卫,['高楼层/共7层'],['南 北'],['平层/简装'],['71.07平米'],['1998年建'],['金尚小区'],['湖里'],['金尚'],无,暂无数据,['2022-07-10'],['2016-02-05']
746,['会展南北错层精装4房，稳定出售'],https://xm.lianjia.com/ershoufang/105112773217.html,['1230'],"['68,069元/平']",0人关注 ,4室2厅2厨2卫,['中楼层/共32层'],['北 南'],['错层/精装'],['180.7平米'],['2008年建'],['海豚湾'],['思明'],['会展中心'],有,两梯两户,['2023-02-23'],['2018-04-22']
747,['近联发华美空间，背靠兴湖路，生活配套成熟'],https://xm.lianjia.com/ershoufang/105109456041.html,['188'],"['76,176元/平']",20人关注 ,2室1厅1厨1卫,['中楼层/共9层'],['北'],['复式/简装'],['24.68平米'],['2005年建'],['古龙公寓'],['湖里'],['保税区'],有,一梯二十四户,['2021-12-10'],['2007-11-02']
748,['会展旁 大2房2卫2阳台 视野开阔 看海 交通便利'],https://xm.lianjia.com/ershoufang/105113087858.html,['540'],"['53,599元/平']",0人关注 ,2室1厅1厨2卫,['中楼层/共9层'],['南 北'],['平层/简装'],['100.75平米'],['2001年建'],['明发国际新城'],['思明'],['会展中心'],有,一梯四户,['2023-03-21'],['2020-03-21']
749,['屿后南里 2室2厅 东 南 北'],https://xm.lianjia.com/ershoufang/105115856096.html,['420'],"['61,189元/平']",0人关注 ,2室2厅1厨1卫,['中楼层/共8层'],['东 南 北'],['平层/精装'],['68.64平米'],['1995年建'],['屿后南里'],['思明'],['松柏'],无,暂无数据,['2024-01-13'],['2015-06-23']
750,['金尚小区，温馨2房，户型方正，通透视野好。'],https://xm.lianjia.com/ershoufang/105110959397.html,['308'],"['43,338元/平']",2人关注 ,2室2厅1厨1卫,['高楼层/共7层'],['南 北'],['平层/简装'],['71.07平米'],['1998年建'],['金尚小区'],['湖里'],['金尚'],无,暂无数据,['2022-07-10'],['2016-02-05']
751,['近联发华美空间，背靠兴湖路，生活配套成熟'],https://xm.lianjia.com/ershoufang/105109456041.html,['188'],"['76,176元/平']",20人关注 ,2室1厅1厨1卫,['中楼层/共9层'],['北'],['复式/简装'],['24.68平米'],['2005年建'],['古龙公寓'],['湖里'],['保税区'],有,一梯二十四户,['2021-12-10'],['2007-11-02']
752,['会展旁 大2房2卫2阳台 视野开阔 看海 交通便利'],https://xm.lianjia.com/ershoufang/105113087858.html,['540'],"['53,599元/平']",0人关注 ,2室1厅1厨2卫,['中楼层/共9层'],['南 北'],['平层/简装'],['100.75平米'],['2001年建'],['明发国际新城'],['思明'],['会展中心'],有,一梯四户,['2023-03-21'],['2020-03-21']
753,['松柏公园旁K小区  全明户型 满5年 外扩使用面积大急售'],https://xm.lianjia.com/ershoufang/105114545113.html,['436'],"['48,466元/平']",0人关注 ,2室2厅1厨1卫,['高楼层/共6层'],['南 北'],['平层/简装'],['89.96平米'],['1993年建'],['江头K小区'],['思明'],['松柏'],无,暂无数据,['2023-08-17'],['2004-10-20']
754,['会展南北错层精装4房，稳定出售'],https://xm.lianjia.com/ershoufang/105112773217.html,['1230'],"['68,069元/平']",0人关注 ,4室2厅2厨2卫,['中楼层/共32层'],['北 南'],['错层/精装'],['180.7平米'],['2008年建'],['海豚湾'],['思明'],['会展中心'],有,两梯两户,['2023-02-23'],['2018-04-22']
755,['户型漂亮，明厨明卫.客厅带阳台朝北.采光好.'],https://xm.lianjia.com/ershoufang/105112575113.html,['419'],"['40,910元/平']",2人关注 ,3室1厅1厨1卫,['低楼层/共7层'],['南 北'],['平层/简装'],['102.42平米'],['1996年建'],['金鸡亭小区西区'],['思明'],['金鸡亭'],无,暂无数据,['2023-02-07'],['2017-02-15']
756,['吕厝双地铁口三面通透客厅主卧带阳台视野采光好'],https://xm.lianjia.com/ershoufang/105115639459.html,['680'],"['58,697元/平']",0人关注 ,1室2厅1厨2卫,['中楼层/共32层'],['东 东北'],['平层/精装'],['115.85平米'],['2001年建'],['宝龙中心二期'],['思明'],['莲坂'],有,三梯六户,['2023-12-18'],['2019-11-18']
757,['松柏，小区楼下就是吕厝双地铁口，一号二号线交汇'],https://xm.lianjia.com/ershoufang/105114713436.html,['605'],"['51,120元/平']",0人关注 ,3室2厅1厨2卫,['低楼层/共30层'],['东北'],['平层/简装'],['118.35平米'],['2000年建'],['宝龙中心一期'],['思明'],['莲坂'],有,三梯八户,['2023-09-05'],['2006-09-17']
758,['阳光城文澜府边套3房改善户型。'],https://xm.lianjia.com/ershoufang/105116316218.html,['220'],"['25,446元/平']",0人关注 ,3室2厅1厨1卫,['高楼层/共20层'],['南'],['平层/精装'],['86.46平米'],['2018年建'],['阳光城文澜府'],['集美'],['灌口'],有,两梯四户,['2024-03-11'],['2021-10-19']
759,['集美新城 IOI园博湾  有二装  保养好  朝南看湖'],https://xm.lianjia.com/ershoufang/105110667021.html,['330'],"['36,074元/平']",1人关注 ,2室1厅1厨1卫,['高楼层/共31层'],['南'],['平层/精装'],['91.48平米'],['2015年建'],['IOI园博湾'],['集美'],['杏锦路'],有,两梯四户,['2022-06-04'],['2016-08-03']
760,['集美新城 园博湾临湖  有二次精装修 楼栋安静宜居'],https://xm.lianjia.com/ershoufang/105113159742.html,['305'],"['35,167元/平']",1人关注 ,2室2厅1厨1卫,['中楼层/共31层'],['东南'],['平层/精装'],['86.73平米'],['2015年建'],['IOI园博湾'],['集美'],['杏锦路'],有,两梯四户,['2023-03-27'],['2020-04-29']
761,['楼层好，采光充足，全明户型，使用面积大.地铁口'],https://xm.lianjia.com/ershoufang/105114497985.html,['545'],"['80,112元/平']",0人关注 ,3室1厅1厨1卫,['中楼层/共6层'],['东 南 北'],['平层/简装'],['68.03平米'],['1990年建'],['机关宿舍小区'],['思明'],['文园路'],无,暂无数据,['2023-08-12'],['2020-08-26']
762,['泉水湾二期 4室2厅 南'],https://xm.lianjia.com/ershoufang/105114829338.html,['508'],"['40,719元/平']",0人关注 ,4室2厅1厨2卫,['中楼层/共24层'],['南'],['平层/精装'],['124.76平米'],['2012年建'],['泉水湾二期'],['集美'],['集美其它'],有,两梯四户,['2023-09-17'],['2013-04-10']
763,['翔安新城，好楼层3房2卫，地铁口科技旁，闽篮鼓锣公园'],https://xm.lianjia.com/ershoufang/105115178774.html,['249'],"['27,704元/平']",0人关注 ,3室2厅1厨1卫,['中楼层/共11层'],['南 北'],['平层/精装'],['89.88平米'],['2014年建'],['建发翔城国际南区'],['翔安'],['翔安新城'],暂无数据,暂无数据,['2023-10-28'],['2015-01-27']
764,['冠宏花园 吕厝双地铁口 俯瞰小区 安静 舒适 拎包入住'],https://xm.lianjia.com/ershoufang/105113873820.html,['600'],"['54,343元/平']",0人关注 ,3室2厅1厨2卫,['高楼层/共30层'],['东 北'],['平层/简装'],['110.41平米'],['2004年建'],['冠宏花园'],['湖里'],['江头'],有,三梯八户,['2023-06-03'],['2010-07-07']
765,['房子精装修，派园南，底梯层，多一个阳台，有车位。'],https://xm.lianjia.com/ershoufang/105113164468.html,['580'],"['103,093元/平']",0人关注 ,2室1厅1厨1卫,['低楼层/共6层'],['南 北'],['平层/精装'],['56.26平米'],['1989年建'],['育青嘉园'],['思明'],['文园路'],无,暂无数据,['2023-03-27'],['2009-11-18']
766,['集美新城 IOI园博湾  高层 一线湖景 双地铁口 有二装'],https://xm.lianjia.com/ershoufang/105112087193.html,['433'],"['40,075元/平']",0人关注 ,3室2厅1厨1卫,['中楼层/共31层'],['南 北'],['平层/精装'],['108.05平米'],['2015年建'],['IOI园博湾'],['集美'],['杏锦路'],有,两梯四户,['2022-11-20'],['2016-06-28']
767,['附件有松柏菜场 公园，地铁，幼儿园近。'],https://xm.lianjia.com/ershoufang/105113765372.html,['430'],"['66,297元/平']",0人关注 ,2室1厅1厨1卫,['中楼层/共7层'],['南 北'],['平层/其他'],['64.86平米'],['1995年建'],['屿后南里'],['思明'],['松柏'],无,暂无数据,['2023-05-23'],['2000-02-21']
768,['五月花高层精装两房业主自住看房方便'],https://xm.lianjia.com/ershoufang/105107274125.html,['260'],"['32,343元/平']",12人关注 ,2室2厅1厨1卫,['中楼层/共33层'],['南 北'],['平层/精装'],['80.39平米'],['2013年建'],['海上五月花一期'],['集美'],['集美其它'],有,两梯四户,['2021-05-09'],['2015-04-21']
769,['松柏湖景房  正规三房   南北朝向'],https://xm.lianjia.com/ershoufang/105112568951.html,['568'],"['53,768元/平']",0人关注 ,3室1厅1厨1卫,['高楼层/共7层'],['南 北'],['平层/精装'],['105.64平米'],['1999年建'],['翠湖公寓'],['思明'],['松柏'],无,暂无数据,['2023-02-07'],['2001-08-14']
770,['文灶地铁口 正规两房 出门BRT 交通方便'],https://xm.lianjia.com/ershoufang/105113171099.html,['485'],"['78,518元/平']",0人关注 ,2室1厅1厨1卫,['高楼层/共6层'],['南 北'],['平层/简装'],['61.77平米'],['1986年建'],['文塔路'],['思明'],['文园路'],无,暂无数据,['2023-03-28'],['2016-10-16']
771,['松柏大三房 南北通透。户型方正 封闭式小区 可停车'],https://xm.lianjia.com/ershoufang/105112939709.html,['560'],"['55,347元/平']",0人关注 ,3室2厅1厨1卫,['低楼层/共7层'],['南 北'],['简装'],['101.18平米'],['1995年建'],['屿后南里'],['思明'],['松柏'],无,暂无数据,['2023-03-08'],['1999-02-08']
772,['集美北区电梯好房 业主诚意出售 满五省税'],https://xm.lianjia.com/ershoufang/105112827537.html,['260'],"['20,017元/平']",1人关注 ,3室2厅1厨2卫,['中楼层/共10层'],['东南'],['平层/精装'],['129.89平米'],['2008年建'],['祥和雅筑一期'],['集美'],['集美其它'],有,两梯两户,['2023-02-27'],['2010-09-09']
773,['老虎城小户型房源出售 购物方便 靠中山路 交通便利'],https://xm.lianjia.com/ershoufang/105110088634.html,['239.8'],"['69,528元/平']",1人关注 ,1室1厅1厨1卫,['中楼层/共7层'],['西北'],['平层/简装'],['34.49平米'],['2008年建'],['老虎城'],['思明'],['思明南路'],有,两梯四十四户,['2022-03-20'],['2016-03-28']
774,['翔安新城桥头堡 有天有地有花园 联排别墅'],https://xm.lianjia.com/ershoufang/105114306201.html,['1305'],"['63,087元/平']",0人关注 ,5室2厅1厨3卫,['低楼层/共4层'],['南'],['复式/毛坯'],['206.86平米'],['2013年建'],['阳光城翡丽湾'],['翔安'],['翔安新城'],有,两梯六户,['2023-07-21'],['2019-01-04']
775,['地段好，封闭小区环境好，小户型'],https://xm.lianjia.com/ershoufang/105111069156.html,['245'],"['68,284元/平']",4人关注 ,1室0厅1厨1卫,['中楼层/共9层'],['东'],['精装'],['35.88平米'],['2009年建'],['港龙新城'],['思明'],['体育中心'],无,暂无数据,['2022-07-24'],['2012-11-29']
776,['IOI园博湾 2室2厅 南'],https://xm.lianjia.com/ershoufang/105115027556.html,['302'],"['34,821元/平']",0人关注 ,2室2厅1厨1卫,['中楼层/共31层'],['南'],['平层/精装'],['86.73平米'],['2015年建'],['IOI园博湾'],['集美'],['杏锦路'],有,两梯四户,['2023-10-11'],['2023-11-29']
777,['近地铁 框架三房 南北通透 双阳台 格局方正 采光好'],https://xm.lianjia.com/ershoufang/105116226727.html,['450'],"['54,619元/平']",0人关注 ,3室1厅1厨2卫,['中楼层/共8层'],['南 北'],['平层/简装'],['82.39平米'],['1996年建'],['源盛花园'],['思明'],['松柏'],无,暂无数据,['2024-03-03'],['2010-09-29']
778,['松柏，地铁口，一梯两户，南北通透，低楼层，有民额'],https://xm.lianjia.com/ershoufang/105112855672.html,['420'],"['67,460元/平']",1人关注 ,2室1厅1厨1卫,['中楼层/共7层'],['南 北'],['平层/简装'],['62.26平米'],['1995年建'],['长青北里小区'],['思明'],['松柏'],无,暂无数据,['2023-03-02'],['1999-11-04']
779,['特大面积，价格实惠，看中庭水系景观'],https://xm.lianjia.com/ershoufang/105109112737.html,['459'],"['32,420元/平']",3人关注 ,3室2厅1厨2卫,['低楼层/共31层'],['南'],['平层/简装'],['141.58平米'],['2014年建'],['联发杏林湾一号二期'],['集美'],['杏林桥头'],有,三梯五户,['2021-10-27'],['2018-10-08']
780,['隧道口旁，进出岛方便，配套成熟高档社区房东诚意出售'],https://xm.lianjia.com/ershoufang/105101563922.html,['345'],"['28,017元/平']",1人关注 ,3室1厅1厨2卫,['高楼层/共31层'],['南 北'],['平层/毛坯'],['123.14平米'],['2014年建'],['阳光城翡丽湾二期'],['翔安'],['翔安新城'],有,两梯四户,['2018-09-20'],['2016-06-28']
781,['文灶文屏大厦高层住家精装修3房出售'],https://xm.lianjia.com/ershoufang/105112364666.html,['660'],"['71,360元/平']",0人关注 ,3室2厅1厨2卫,['高楼层/共31层'],['北'],['平层/精装'],['92.49平米'],['1998年建'],['文屏大厦'],['思明'],['文灶'],有,三梯八户,['2022-12-31'],['2014-10-14']
782,['槟东公寓 正规 住家装修 诚意出售'],https://xm.lianjia.com/ershoufang/105111099923.html,['480'],"['58,189元/平']",2人关注 ,2室1厅1厨1卫,['高楼层/共8层'],['南 北'],['平层/简装'],['82.49平米'],['1995年建'],['槟东公寓'],['思明'],['莲坂'],无,暂无数据,['2022-07-28'],['2011-07-15']
783,['地铁口，精装高层电梯正规一房，边套采光好，空户'],https://xm.lianjia.com/ershoufang/105111194767.html,['199'],"['39,896元/平']",0人关注 ,1室1厅1厨1卫,['中楼层/共32层'],['南'],['平层/精装'],['49.88平米'],['2010年建'],['海银大厦'],['海沧'],['海沧生活区'],有,三梯十二户,['2022-08-09'],['2019-08-21']
784,['新出好房 一中旁 正规三房 看山 风景优美 位置安静'],https://xm.lianjia.com/ershoufang/105111042239.html,['597'],"['73,841元/平']",4人关注 ,3室2厅1厨1卫,['高楼层/共6层'],['南 北'],['平层/精装'],['80.85平米'],['1990年建'],['机关宿舍小区'],['思明'],['文园路'],无,暂无数据,['2022-07-20'],['2009-05-15']
785,['金尚地铁口，精装大两房，居家好房。'],https://xm.lianjia.com/ershoufang/105111252205.html,['375'],"['47,469元/平']",1人关注 ,2室1厅1厨2卫,['中楼层/共8层'],['南 北'],['平层/简装'],['79平米'],['1998年建'],['天宇花园南区'],['湖里'],['金尚'],无,暂无数据,['2022-08-16'],['2010-08-13']
786,['急售二期经典三房，好户型楼层南北大阳台无遮挡看中庭'],https://xm.lianjia.com/ershoufang/105112674980.html,['536'],"['47,250元/平']",0人关注 ,3室2厅1厨2卫,['中楼层/共5层'],['南 北'],['平层/精装'],['113.44平米'],['2009年建'],['中港花园'],['湖里'],['SM'],无,暂无数据,['2023-02-16'],['2004-07-13']
787,['祥店繁华社区正规2房小户型，满5年，朝南格局'],https://xm.lianjia.com/ershoufang/105114522174.html,['295'],"['53,744元/平']",0人关注 ,2室1厅1厨1卫,['高楼层/共6层'],['南'],['平层/简装'],['54.89平米'],['2000年建'],['祥店新村'],['湖里'],['祥店'],无,暂无数据,['2023-08-15'],['2008-05-14']
788,['正规南北大两房   小区安静   适宜住家'],https://xm.lianjia.com/ershoufang/105106745293.html,['502'],"['58,318元/平']",6人关注 ,2室2厅1厨1卫,['高楼层/共7层'],['南 北'],['平层/简装'],['86.08平米'],['1993年建'],['莲坂西小区'],['思明'],['莲坂'],无,暂无数据,['2021-03-24'],['2013-09-18']
789,['设计师自己装修的房子 莲坂地铁口精装2房'],https://xm.lianjia.com/ershoufang/105113534175.html,['300'],"['57,198元/平']",0人关注 ,2室1厅1厨1卫,['低楼层/共18层'],['南'],['平层/精装'],['52.45平米'],['2003年建'],['阳光百合'],['思明'],['火车站'],有,两梯八户,['2023-05-01'],['2019-03-06']
790,['莲坂BRT旁，电梯四房，通风很好，交通出行便'],https://xm.lianjia.com/ershoufang/105110991559.html,['560'],"['52,841元/平']",0人关注 ,2室1厅1厨1卫,['中楼层/共33层'],['东北'],['平层/精装'],['105.98平米'],['1999年建'],['莲富大厦'],['思明'],['火车站'],有,三梯八户,['2022-07-14'],['2017-02-04']
791,['金尚小区，边套 带双阳台户型，好的楼层，户型方正'],https://xm.lianjia.com/ershoufang/105114519749.html,['429'],"['46,773元/平']",0人关注 ,3室2厅1厨1卫,['中楼层/共7层'],['南 北'],['平层/简装'],['91.72平米'],['1998年建'],['金尚小区'],['湖里'],['金尚'],无,暂无数据,['2023-08-14'],['2001-11-30']
792,['马青路地铁口 全新精装房 可做婚房  中层采光佳'],https://xm.lianjia.com/ershoufang/105115746534.html,['171'],"['33,669元/平']",0人关注 ,1室1厅1厨1卫,['中楼层/共7层'],['南 北'],['平层/精装'],['50.79平米'],['2000年建'],['沧翔路花园'],['海沧'],['海沧生活区'],无,暂无数据,['2024-01-01'],['2023-03-16']
793,['侨福城 带电梯南北通透 两房 视野开阔'],https://xm.lianjia.com/ershoufang/105114133214.html,['430'],"['55,292元/平']",1人关注 ,2室2厅1厨1卫,['高楼层/共8层'],['南 北'],['平层/精装'],['77.77平米'],['1999年建'],['侨福城侨文里'],['思明'],['瑞景'],有,一梯两户,['2023-07-02'],['2019-01-13']
794,['正规大3房，2梯2户，南北，使用面积大'],https://xm.lianjia.com/ershoufang/105112949669.html,['940'],"['58,560元/平']",0人关注 ,3室2厅1厨2卫,['低楼层/共20层'],['南'],['平层/简装'],['160.52平米'],['2010年建'],['国贸蓝海'],['湖里'],['五缘湾'],有,两梯两户,['2023-03-09'],['2008-10-01']
795,['万寿北路全明两房 地段好 小户型 房东急售'],https://xm.lianjia.com/ershoufang/105112805726.html,['468'],"['84,128元/平']",0人关注 ,2室1厅1厨1卫,['低楼层/共7层'],['南 北'],['平层/简装'],['55.63平米'],['1991年建'],['万寿北路'],['思明'],['文园路'],无,暂无数据,['2023-02-26'],['2022-08-29']
796,['莲坂国贸公交站，莲坂地铁口 交通及出行方便 价格可谈'],https://xm.lianjia.com/ershoufang/105115221863.html,['358'],"['50,366元/平']",0人关注 ,2室1厅1厨1卫,['低楼层/共7层'],['南 北'],['平层/简装'],['71.08平米'],['1996年建'],['坂尾路'],['思明'],['火车站'],无,暂无数据,['2023-11-02'],['2018-10-16']
797,['前埔北区，框架双阳台，南北向精装直接入住'],https://xm.lianjia.com/ershoufang/105113733584.html,['535'],"['55,893元/平']",0人关注 ,3室2厅1厨1卫,['高楼层/共6层'],['南 北'],['平层/精装'],['95.72平米'],['2001年建'],['前埔北区一里'],['思明'],['前埔'],无,暂无数据,['2023-05-20'],['2004-03-29']
798,['挑高5米用两层朝南户型 14年楼盘电梯 精装修约看方便'],https://xm.lianjia.com/ershoufang/105109337459.html,['243'],"['43,792元/平']",9人关注 ,2室1厅1厨2卫,['高楼层/共15层'],['南'],['复式/精装'],['55.49平米'],['2014年建'],['华永天地'],['湖里'],['江头'],有,三梯二十二户,['2021-11-27'],['2017-10-19']
799,['一套建在公园里的精装大三房南北双阳台高层视野无遮挡'],https://xm.lianjia.com/ershoufang/105112848489.html,['930'],"['47,264元/平']",0人关注 ,3室2厅1厨2卫,['高楼层/共25层'],['南 北'],['平层/简装'],['196.77平米'],['2005年建'],['联发新天地'],['湖里'],['祥店'],有,两梯五户,['2023-03-01'],['2003-05-31']
800,['莲坂交通枢纽，火车站商圈，南北通透大三房'],https://xm.lianjia.com/ershoufang/105114611638.html,['620'],"['49,864元/平']",0人关注 ,3室2厅1厨2卫,['高楼层/共8层'],['南 北'],['平层/精装'],['124.34平米'],['1996年建'],['龙辉花园'],['思明'],['火车站'],无,暂无数据,['2023-08-25'],['2004-10-18']
801,['火车站莲坂商圈，东南北大四房，宜居'],https://xm.lianjia.com/ershoufang/105113007752.html,['828'],"['51,455元/平']",0人关注 ,4室2厅1厨2卫,['低楼层/共13层'],['东 南 北'],['平层/精装'],['160.92平米'],['2000年建'],['荣华楼'],['思明'],['火车站'],有,一梯四户,['2023-03-14'],['2006-02-24']
802,['高楼层海景房，精装修，使用面积大，6米挑高 三面采光'],https://xm.lianjia.com/ershoufang/105113128291.html,['4500'],"['179,062元/平']",2人关注 ,6室3厅1厨4卫,['高楼层/共17层'],['南'],['复式/精装'],['251.31平米'],['2014年建'],['源昌宝墅湾'],['湖里'],['五缘湾'],有,三梯两户,['2023-03-24'],['2019-07-10']
803,['火车站地铁口 08年电梯 精装2房 满五且一 空户 急售'],https://xm.lianjia.com/ershoufang/105112946807.html,['298'],"['53,082元/平']",0人关注 ,2室1厅1厨1卫,['低楼层/共49层'],['南'],['平层/精装'],['56.14平米'],['2008年建'],['禹洲世贸商城思明'],['思明'],['火车站'],有,五梯二十六户,['2023-03-09'],['2017-07-10']
804,['此房满二，精装修，客厅朝南带阳台，景观无遮挡。'],https://xm.lianjia.com/ershoufang/105113507693.html,['256'],"['32,893元/平']",0人关注 ,3室2厅1厨1卫,['低楼层/共29层'],['南'],['平层/精装'],['77.83平米'],['2018年建'],['保利叁仟栋二期'],['同安'],['环东海域'],有,两梯五户,['2023-04-27'],['2019-09-24']
805,['房东急售，此房源多2个窗户，朝南户型，采光充足。'],https://xm.lianjia.com/ershoufang/105111658615.html,['149'],"['28,776元/平']",0人关注 ,2室1厅1厨1卫,['低楼层/共32层'],['南'],['平层/精装'],['51.78平米'],['2010年建'],['海银大厦'],['海沧'],['海沧生活区'],有,三梯十一户,['2022-10-01'],['2014-04-30']
806,['蓝水郡高楼层三房  格局方正  南北通透  拎包入住'],https://xm.lianjia.com/ershoufang/105113298666.html,['348'],"['31,039元/平']",0人关注 ,3室2厅1厨2卫,['高楼层/共18层'],['南 北'],['平层/精装'],['112.12平米'],['2009年建'],['未来海岸蓝水郡'],['海沧'],['海沧体育中心'],有,两梯四户,['2023-04-08'],['2016-04-20']
807,['户型方正，采光充足，视野开阔，满二免增值税。'],https://xm.lianjia.com/ershoufang/105111775595.html,['249'],"['22,889元/平']",1人关注 ,3室2厅1厨2卫,['中楼层/共7层'],['东南'],['平层/精装'],['108.79平米'],['2003年建'],['华创公寓'],['集美'],['杏东'],无,暂无数据,['2022-10-15'],['2018-08-10']
808,['房子自住，看房提前约，产权满两年，贷款280'],https://xm.lianjia.com/ershoufang/105114441234.html,['536'],"['50,648元/平']",0人关注 ,3室1厅1厨2卫,['低楼层/共33层'],['南'],['平层/精装'],['105.83平米'],['2010年建'],['浦南花园'],['思明'],['火车站'],有,两梯五户,['2023-08-06'],['2012-11-29']
809,['此*格局方正，落地窗，采光好，位置好，交通方便'],https://xm.lianjia.com/ershoufang/105105740206.html,['49'],"['19,186元/平']",15人关注 ,1室1厅1厨1卫,['中楼层/共11层'],['北'],['复式/精装'],['25.54平米'],['2012年建'],['永建顶尚'],['湖里'],['枋湖'],有,两梯三十一户,['2020-11-09'],['2013-09-25']
810,['火车站 海峡国际天璟 封闭式小区 开发商精装 南北4房'],https://xm.lianjia.com/ershoufang/105112644577.html,['1190'],"['70,699元/平']",0人关注 ,4室2厅1厨2卫,['低楼层/共47层'],['东 南 西 北'],['平层/精装'],['168.32平米'],['2018年建'],['海峡国际天璟'],['思明'],['火车站'],有,三梯三户,['2023-02-13'],['2019-02-13']
811,['本*户型朝西，单身*，全明落地窗挑高3.6米复式'],https://xm.lianjia.com/ershoufang/105103481473.html,['55'],"['19,144元/平']",73人关注 ,1室1厅1厨1卫,['中楼层/共11层'],['西'],['复式/精装'],['28.73平米'],['2012年建'],['永建顶尚'],['湖里'],['枋湖'],有,两梯三十一户,['2019-12-03'],['2016-07-08']
812,['可看海景 格局方正 交通便利 环境优美舒适'],https://xm.lianjia.com/ershoufang/105113824841.html,['478'],"['22,311元/平']",0人关注 ,4室1厅1厨3卫,['低楼层/共29层'],['东南 南'],['平层/精装'],['214.25平米'],['2014年建'],['泰地海西中心'],['海沧'],['海沧区政府'],有,两梯两户,['2023-05-29'],['2016-10-02']
813,['橡树湾三期 3室2厅 西南'],https://xm.lianjia.com/ershoufang/105116545955.html,['290'],"['32,497元/平']",1人关注 ,3室2厅1厨1卫,['高楼层/共33层'],['西南'],['平层/精装'],['89.24平米'],['2015年建'],['橡树湾三期'],['集美'],['杏北'],有,一梯两户,['2024-04-01'],['2019-08-07']
814,['江头台湾街，华永天地，新小区，配套成熟，出行方便'],https://xm.lianjia.com/ershoufang/105107861059.html,['200'],"['33,091元/平']",2人关注 ,1室1厅1厨1卫,['高楼层/共15层'],['北'],['平层/毛坯'],['60.44平米'],['2014年建'],['华永天地'],['湖里'],['江头'],有,三梯二十户,['2021-07-06'],['2018-04-24']
815,['金尚小区，边套 带双阳台户型，好的楼层，户型方正'],https://xm.lianjia.com/ershoufang/105114519749.html,['429'],"['46,773元/平']",0人关注 ,3室2厅1厨1卫,['中楼层/共7层'],['南 北'],['平层/简装'],['91.72平米'],['1998年建'],['金尚小区'],['湖里'],['金尚'],无,暂无数据,['2023-08-14'],['2001-11-30']
816,['正规大3房，2梯2户，南北，使用面积大'],https://xm.lianjia.com/ershoufang/105112949669.html,['940'],"['58,560元/平']",0人关注 ,3室2厅1厨2卫,['低楼层/共20层'],['南'],['平层/简装'],['160.52平米'],['2010年建'],['国贸蓝海'],['湖里'],['五缘湾'],有,两梯两户,['2023-03-09'],['2008-10-01']
817,['莲坂国贸公交站，莲坂地铁口 交通及出行方便 价格可谈'],https://xm.lianjia.com/ershoufang/105115221863.html,['358'],"['50,366元/平']",0人关注 ,2室1厅1厨1卫,['低楼层/共7层'],['南 北'],['平层/简装'],['71.08平米'],['1996年建'],['坂尾路'],['思明'],['火车站'],无,暂无数据,['2023-11-02'],['2018-10-16']
818,['万寿北路全明两房 地段好 小户型 房东急售'],https://xm.lianjia.com/ershoufang/105112805726.html,['468'],"['84,128元/平']",0人关注 ,2室1厅1厨1卫,['低楼层/共7层'],['南 北'],['平层/简装'],['55.63平米'],['1991年建'],['万寿北路'],['思明'],['文园路'],无,暂无数据,['2023-02-26'],['2022-08-29']
819,['马青路地铁口 全新精装房 可做婚房  中层采光佳'],https://xm.lianjia.com/ershoufang/105115746534.html,['171'],"['33,669元/平']",0人关注 ,1室1厅1厨1卫,['中楼层/共7层'],['南 北'],['平层/精装'],['50.79平米'],['2000年建'],['沧翔路花园'],['海沧'],['海沧生活区'],无,暂无数据,['2024-01-01'],['2023-03-16']
820,['高层无遮挡，有钥匙看房方便，业主诚售'],https://xm.lianjia.com/ershoufang/105116331945.html,['360'],"['49,752元/平']",1人关注 ,3室1厅1厨1卫,['高楼层/共30层'],['东 南'],['平层/简装'],['72.36平米'],['2010年建'],['湖边花园A区'],['湖里'],['万达广场'],有,两梯六户,['2024-03-12'],['2021-08-15']
821,['莲岳里正规三房 高层 采光好  带天台'],https://xm.lianjia.com/ershoufang/105114706380.html,['618'],"['73,959元/平']",0人关注 ,3室1厅1厨1卫,['高楼层/共7层'],['南 北'],['平层/简装'],['83.56平米'],['1994年建'],['莲岳里小区东区'],['思明'],['松柏'],无,暂无数据,['2023-09-04'],['2021-10-11']
822,['松柏公园旁  长青校区隔壁  南北全明三房 满五 有钥匙'],https://xm.lianjia.com/ershoufang/105115835128.html,['400'],"['44,465元/平']",0人关注 ,2室1厅1厨1卫,['高楼层/共6层'],['南 北'],['平层/简装'],['89.96平米'],['1993年建'],['江头K小区'],['思明'],['松柏'],无,暂无数据,['2024-01-11'],['2015-06-29']
823,['全新小区 华润央企物业 封闭式管理 绿化环境好'],https://xm.lianjia.com/ershoufang/105113687563.html,['288'],"['28,561元/平']",1人关注 ,3室2厅1厨2卫,['低楼层/共33层'],['南'],['平层/精装'],['100.84平米'],['2021年建'],['前海湾'],['翔安'],['翔安新城'],暂无数据,暂无数据,['2023-05-16'],['2022-06-23']
824,['高楼层海景房，精装修，使用面积大，6米挑高 三面采光'],https://xm.lianjia.com/ershoufang/105113128291.html,['4500'],"['179,062元/平']",2人关注 ,6室3厅1厨4卫,['高楼层/共17层'],['南'],['复式/精装'],['251.31平米'],['2014年建'],['源昌宝墅湾'],['湖里'],['五缘湾'],有,三梯两户,['2023-03-24'],['2019-07-10']
825,['火车站莲坂商圈，东南北大四房，宜居'],https://xm.lianjia.com/ershoufang/105113007752.html,['828'],"['51,455元/平']",0人关注 ,4室2厅1厨2卫,['低楼层/共13层'],['东 南 北'],['平层/精装'],['160.92平米'],['2000年建'],['荣华楼'],['思明'],['火车站'],有,一梯四户,['2023-03-14'],['2006-02-24']
826,['房子自住，看房提前约，产权满两年，贷款280'],https://xm.lianjia.com/ershoufang/105114441234.html,['536'],"['50,648元/平']",0人关注 ,3室1厅1厨2卫,['低楼层/共33层'],['南'],['平层/精装'],['105.83平米'],['2010年建'],['浦南花园'],['思明'],['火车站'],有,两梯五户,['2023-08-06'],['2012-11-29']
827,['蓝水郡高楼层三房  格局方正  南北通透  拎包入住'],https://xm.lianjia.com/ershoufang/105113298666.html,['348'],"['31,039元/平']",0人关注 ,3室2厅1厨2卫,['高楼层/共18层'],['南 北'],['平层/精装'],['112.12平米'],['2009年建'],['未来海岸蓝水郡'],['海沧'],['海沧体育中心'],有,两梯四户,['2023-04-08'],['2016-04-20']
828,['火车站地铁口 08年电梯 精装2房 满五且一 空户 急售'],https://xm.lianjia.com/ershoufang/105112946807.html,['298'],"['53,082元/平']",0人关注 ,2室1厅1厨1卫,['低楼层/共49层'],['南'],['平层/精装'],['56.14平米'],['2008年建'],['禹洲世贸商城思明'],['思明'],['火车站'],有,五梯二十六户,['2023-03-09'],['2017-07-10']
829,['莲坂交通枢纽，火车站商圈，南北通透大三房'],https://xm.lianjia.com/ershoufang/105114611638.html,['620'],"['49,864元/平']",0人关注 ,3室2厅1厨2卫,['高楼层/共8层'],['南 北'],['平层/精装'],['124.34平米'],['1996年建'],['龙辉花园'],['思明'],['火车站'],无,暂无数据,['2023-08-25'],['2004-10-18']
830,['房东急售，此房源多2个窗户，朝南户型，采光充足。'],https://xm.lianjia.com/ershoufang/105111658615.html,['149'],"['28,776元/平']",0人关注 ,2室1厅1厨1卫,['低楼层/共32层'],['南'],['平层/精装'],['51.78平米'],['2010年建'],['海银大厦'],['海沧'],['海沧生活区'],有,三梯十一户,['2022-10-01'],['2014-04-30']
831,['户型方正，采光充足，视野开阔，满二免增值税。'],https://xm.lianjia.com/ershoufang/105111775595.html,['249'],"['22,889元/平']",1人关注 ,3室2厅1厨2卫,['中楼层/共7层'],['东南'],['平层/精装'],['108.79平米'],['2003年建'],['华创公寓'],['集美'],['杏东'],无,暂无数据,['2022-10-15'],['2018-08-10']
832,['此房满二，精装修，客厅朝南带阳台，景观无遮挡。'],https://xm.lianjia.com/ershoufang/105113507693.html,['256'],"['32,893元/平']",0人关注 ,3室2厅1厨1卫,['低楼层/共29层'],['南'],['平层/精装'],['77.83平米'],['2018年建'],['保利叁仟栋二期'],['同安'],['环东海域'],有,两梯五户,['2023-04-27'],['2019-09-24']
833,['此*格局方正，落地窗，采光好，位置好，交通方便'],https://xm.lianjia.com/ershoufang/105105740206.html,['49'],"['19,186元/平']",15人关注 ,1室1厅1厨1卫,['中楼层/共11层'],['北'],['复式/精装'],['25.54平米'],['2012年建'],['永建顶尚'],['湖里'],['枋湖'],有,两梯三十一户,['2020-11-09'],['2013-09-25']
834,['电梯两房，明厨明卫，电梯朝南无遮挡'],https://xm.lianjia.com/ershoufang/105114694764.html,['421'],"['67,339元/平']",0人关注 ,2室1厅1厨2卫,['低楼层/共30层'],['南'],['平层/简装'],['62.52平米'],['2008年建'],['百源双玺'],['思明'],['火车站'],有,三梯八户,['2023-09-03'],['2009-12-07']
835,['花园式封闭小区，顶楼楼中楼南北通透视野好'],https://xm.lianjia.com/ershoufang/105110712507.html,['1453'],"['57,714元/平']",3人关注 ,6室3厅1厨3卫,['高楼层/共7层'],['南 北'],['复式/精装'],['251.76平米'],['2000年建'],['益城广场'],['思明'],['火车站'],无,暂无数据,['2022-06-10'],['2002-06-05']
836,['侨福城 带电梯南北通透 两房 视野开阔'],https://xm.lianjia.com/ershoufang/105114133214.html,['430'],"['55,292元/平']",1人关注 ,2室2厅1厨1卫,['高楼层/共8层'],['南 北'],['平层/精装'],['77.77平米'],['1999年建'],['侨福城侨文里'],['思明'],['瑞景'],有,一梯两户,['2023-07-02'],['2019-01-13']
837,['正规南北大两房   小区安静   适宜住家'],https://xm.lianjia.com/ershoufang/105106745293.html,['502'],"['58,318元/平']",6人关注 ,2室2厅1厨1卫,['高楼层/共7层'],['南 北'],['平层/简装'],['86.08平米'],['1993年建'],['莲坂西小区'],['思明'],['莲坂'],无,暂无数据,['2021-03-24'],['2013-09-18']
838,['前埔北区，框架双阳台，南北向精装直接入住'],https://xm.lianjia.com/ershoufang/105113733584.html,['535'],"['55,893元/平']",0人关注 ,3室2厅1厨1卫,['高楼层/共6层'],['南 北'],['平层/精装'],['95.72平米'],['2001年建'],['前埔北区一里'],['思明'],['前埔'],无,暂无数据,['2023-05-20'],['2004-03-29']
839,['设计师自己装修的房子 莲坂地铁口精装2房'],https://xm.lianjia.com/ershoufang/105113534175.html,['300'],"['57,198元/平']",0人关注 ,2室1厅1厨1卫,['低楼层/共18层'],['南'],['平层/精装'],['52.45平米'],['2003年建'],['阳光百合'],['思明'],['火车站'],有,两梯八户,['2023-05-01'],['2019-03-06']
840,['本*户型朝西，单身*，全明落地窗挑高3.6米复式'],https://xm.lianjia.com/ershoufang/105103481473.html,['55'],"['19,144元/平']",73人关注 ,1室1厅1厨1卫,['中楼层/共11层'],['西'],['复式/精装'],['28.73平米'],['2012年建'],['永建顶尚'],['湖里'],['枋湖'],有,两梯三十一户,['2019-12-03'],['2016-07-08']
841,['火车站东坪花园二期 2房536万'],https://xm.lianjia.com/ershoufang/105113485650.html,['536'],"['63,186元/平']",2人关注 ,2室2厅1厨1卫,['中楼层/共17层'],['南 西南'],['平层/精装'],['84.83平米'],['2018年建'],['东坪花园二期'],['思明'],['火车站'],有,两梯六户,['2023-04-25'],['2020-02-11']
842,['开发商精装修，看海景，海沧湾公园旁'],https://xm.lianjia.com/ershoufang/105112703593.html,['585'],"['26,230元/平']",0人关注 ,4室2厅1厨3卫,['低楼层/共29层'],['东南'],['平层/精装'],['223.03平米'],['2015年建'],['泰地海西中心'],['海沧'],['海沧区政府'],有,两梯两户,['2023-02-17'],['2016-03-09']
843,['地铁口 免个税 正规大2房 双阳台'],https://xm.lianjia.com/ershoufang/105113198842.html,['251'],"['27,547元/平']",0人关注 ,2室2厅1厨2卫,['中楼层/共8层'],['南'],['平层/精装'],['91.12平米'],['2000年建'],['鑫茂花园'],['海沧'],['海沧生活区'],无,暂无数据,['2023-03-30'],['2010-04-19']
844,['此房满l二年 电梯中层南北朝向格局方正，带大露台'],https://xm.lianjia.com/ershoufang/105111947051.html,['830'],"['60,820元/平']",1人关注 ,3室2厅1厨2卫,['低楼层/共9层'],['南 北'],['平层/简装'],['136.47平米'],['1995年建'],['太湖新城'],['思明'],['禾祥西路'],有,一梯三户,['2022-11-04'],['2021-05-12']
845,['火车站 海峡国际天璟 封闭式小区 开发商精装 南北4房'],https://xm.lianjia.com/ershoufang/105112644577.html,['1190'],"['70,699元/平']",0人关注 ,4室2厅1厨2卫,['低楼层/共47层'],['东 南 西 北'],['平层/精装'],['168.32平米'],['2018年建'],['海峡国际天璟'],['思明'],['火车站'],有,三梯三户,['2023-02-13'],['2019-02-13']
846,['：刚需小户型 厅带阳台朝南 楼层好 采光好 阳光充足'],https://xm.lianjia.com/ershoufang/105114668010.html,['460'],"['63,449元/平']",0人关注 ,2室2厅2厨2卫,['中楼层/共6层'],['南 北'],['平层/精装'],['72.5平米'],['2006年建'],['文兴社'],['思明'],['瑞景'],无,暂无数据,['2023-08-31'],['2019-04-18']
847,['火车站电梯三房，满五，户型方正'],https://xm.lianjia.com/ershoufang/105113397511.html,['542'],"['51,857元/平']",0人关注 ,3室2厅1厨1卫,['中楼层/共13层'],['西北'],['平层/精装'],['104.52平米'],['2000年建'],['荣华楼'],['思明'],['火车站'],有,一梯三户,['2023-04-17'],['2008-11-18']
848,['禹洲世贸配套成熟区，交通便利，商圈繁华'],https://xm.lianjia.com/ershoufang/105112667125.html,['279'],"['54,493元/平']",0人关注 ,2室1厅1厨1卫,['低楼层/共49层'],['西'],['平层/精装'],['51.2平米'],['2008年建'],['禹洲世贸商城思明'],['思明'],['火车站'],有,五梯二十六户,['2023-02-15'],['2021-04-21']
849,['含一个产权车位 半山私宅 品质追求  南北通透'],https://xm.lianjia.com/ershoufang/105111851664.html,['1579'],"['59,073元/平']",1人关注 ,5室1厅1厨4卫,['低楼层/共29层'],['南 北'],['平层/精装'],['267.3平米'],['2009年建'],['云顶至尊'],['思明'],['瑞景'],有,三梯两户,['2022-10-24'],['2016-07-21']
850,['松柏湖2房低总价好格局全明户型空户 好变动'],https://xm.lianjia.com/ershoufang/105114030190.html,['529'],"['63,278元/平']",0人关注 ,2室2厅1厨1卫,['高楼层/共6层'],['东 西'],['平层/简装'],['83.6平米'],['2000年建'],['松柏湖花园'],['思明'],['松柏'],暂无数据,暂无数据,['2023-06-19'],['2008-07-03']
851,['集美桥头，嘉庚体育馆BRT，交通购物便利，采光视野好'],https://xm.lianjia.com/ershoufang/105113523671.html,['340'],"['38,315元/平']",0人关注 ,2室2厅1厨1卫,['高楼层/共28层'],['东南 西南'],['平层/简装'],['88.74平米'],['2010年建'],['泉水湾一期'],['集美'],['集美其它'],有,两梯六户,['2023-04-29'],['2020-01-01']
852,['松柏莲岳里精装修南北向两房出售'],https://xm.lianjia.com/ershoufang/105114987944.html,['418'],"['66,287元/平']",2人关注 ,2室1厅1厨1卫,['中楼层/共8层'],['南 北'],['平层/简装'],['63.06平米'],['1990年建'],['莲岳里小区西区'],['思明'],['松柏'],无,暂无数据,['2023-10-07'],['2012-11-13']
853,['保利和光城悦 2居室 户型方正 南向采光 拎包入住'],https://xm.lianjia.com/ershoufang/105116131164.html,['242'],"['35,252元/平']",0人关注 ,2室2厅1厨1卫,['低楼层/共32层'],['南'],['平层/精装'],['68.65平米'],['2021年建'],['保利和光城悦'],['翔安'],['翔安新城'],有,三梯六户,['2024-02-25'],['2022-07-26']
854,['瑞景广场 云景花园  客厅朝南 户型方正'],https://xm.lianjia.com/ershoufang/105107258682.html,['436'],"['54,351元/平']",13人关注 ,1室2厅1厨2卫,['低楼层/共6层'],['南 北'],['平层/简装'],['80.22平米'],['2000年建'],['云景花园'],['思明'],['瑞景'],无,暂无数据,['2021-05-08'],['2011-12-27']
855,['全新小区 华润央企物业 封闭式管理 绿化环境好'],https://xm.lianjia.com/ershoufang/105113687563.html,['288'],"['28,561元/平']",1人关注 ,3室2厅1厨2卫,['低楼层/共33层'],['南'],['平层/精装'],['100.84平米'],['2021年建'],['前海湾'],['翔安'],['翔安新城'],暂无数据,暂无数据,['2023-05-16'],['2022-06-23']
856,['莲岳里正规三房 高层 采光好  带天台'],https://xm.lianjia.com/ershoufang/105114706380.html,['618'],"['73,959元/平']",0人关注 ,3室1厅1厨1卫,['高楼层/共7层'],['南 北'],['平层/简装'],['83.56平米'],['1994年建'],['莲岳里小区东区'],['思明'],['松柏'],无,暂无数据,['2023-09-04'],['2021-10-11']
857,['罗宾森二期高档封闭式小区视野采光好'],https://xm.lianjia.com/ershoufang/105112521517.html,['323'],"['61,175元/平']",0人关注 ,1室1厅1厨1卫,['低楼层/共33层'],['东'],['平层/简装'],['52.8平米'],['2016年建'],['罗宾森购物广场二期'],['思明'],['火车站'],有,四梯二十户,['2023-02-02'],['2021-02-08']
858,['联发品质 人车分流 业主稳定出售 软三、万达、公园旁'],https://xm.lianjia.com/ershoufang/105112786996.html,['176'],"['21,485元/平']",0人关注 ,2室2厅1厨1卫,['低楼层/共25层'],['东 西北'],['平层/精装'],['81.92平米'],['2018年建'],['联发欣悦湾'],['集美'],['灌口'],有,两梯六户,['2023-02-24'],['2020-03-19']
859,['临大润发，边套，精装，东西南北向，配套齐全，采光好'],https://xm.lianjia.com/ershoufang/105113032588.html,['718'],"['61,175元/平']",0人关注 ,3室2厅1厨2卫,['中楼层/共7层'],['东 南 西'],['平层/精装'],['117.37平米'],['1996年建'],['海鸿花园'],['思明'],['体育中心'],无,暂无数据,['2023-03-16'],['2009-07-30']
860,['正规2房带电梯，南北朝向，采光通风好'],https://xm.lianjia.com/ershoufang/105109981354.html,['560'],"['80,890元/平']",2人关注 ,3室1厅1厨1卫,['中楼层/共7层'],['南 北'],['平层/简装'],['69.23平米'],['1994年建'],['白鹤山路'],['思明'],['文园路'],有,一梯七户,['2022-03-07'],['1999-04-26']
861,['火车站 东浦路 东坪花园 精装三房'],https://xm.lianjia.com/ershoufang/105113843359.html,['560'],"['53,847元/平']",0人关注 ,3室1厅1厨2卫,['中楼层/共18层'],['南'],['平层/精装'],['104平米'],['2008年建'],['东坪花园一期'],['思明'],['火车站'],有,两梯六户,['2023-05-31'],['2013-06-05']
862,['高楼层，视野无遮挡，采光好，离软三近'],https://xm.lianjia.com/ershoufang/105113697425.html,['178'],"['21,729元/平']",1人关注 ,2室2厅1厨1卫,['中楼层/共25层'],['南 北'],['平层/毛坯'],['81.92平米'],['2017年建'],['联发欣悦湾'],['集美'],['灌口'],有,两梯六户,['2023-05-16'],['2019-11-19']
863,['电梯高层，做7* 间，包含车库，南北，无遮挡视野'],https://xm.lianjia.com/ershoufang/105110836766.html,['858'],"['60,624元/平']",5人关注 ,3室2厅1厨2卫,['高楼层/共10层'],['南 北'],['精装'],['141.53平米'],['2002年建'],['元利花园东区'],['思明'],['火车站'],有,两梯两户,['2022-06-26'],['2004-08-02']
864,['罗宾森 次新小区 高层视野 边角套 采光充足'],https://xm.lianjia.com/ershoufang/105115381176.html,['438'],"['72,673元/平']",0人关注 ,1室1厅1厨1卫,['高楼层/共31层'],['东北'],['平层/简装'],['60.27平米'],['2012年建'],['罗宾森广场一期'],['思明'],['火车站'],有,三梯八户,['2023-11-20'],['2021-11-16']
865,['自然家园南北正规两房出售，欢迎有缘人'],https://xm.lianjia.com/ershoufang/105113054808.html,['640'],"['70,625元/平']",0人关注 ,2室1厅1厨2卫,['低楼层/共6层'],['南'],['平层/简装'],['90.62平米'],['2003年建'],['自然家园'],['思明'],['火车站'],无,暂无数据,['2023-03-18'],['2005-01-04']
866,['天湖城精装四房 居家装修 视野开阔 采光充足'],https://xm.lianjia.com/ershoufang/105112601616.html,['458'],"['29,747元/平']",0人关注 ,4室2厅1厨2卫,['低楼层/共28层'],['南'],['平层/简装'],['153.97平米'],['2012年建'],['天湖城'],['海沧'],['海沧区政府'],有,两梯四户,['2023-02-09'],['2018-12-10']
867,['阳台山三房一厅 使用面积大  550万 业主诚意出售'],https://xm.lianjia.com/ershoufang/105109349884.html,['508'],"['70,527元/平']",5人关注 ,3室1厅1厨1卫,['低楼层/共4层'],['南 北'],['平层/简装'],['72.03平米'],['未知年建'],['阳台山路'],['思明'],['文园路'],无,暂无数据,['2021-11-29'],['1998-07-10']
868,['东渡六中边上和宁里 小城故事居家3房2厅带双阳台 南北'],https://xm.lianjia.com/ershoufang/105109874282.html,['485'],"['53,105元/平']",30人关注 ,3室2厅1厨1卫,['高楼层/共7层'],['南'],['平层/精装'],['91.33平米'],['2003年建'],['小城故事禹洲新城一期'],['湖里'],['东渡'],无,暂无数据,['2022-02-23'],['2003-07-23']
869,['天湖之城——【南北大三房】+中楼层'],https://xm.lianjia.com/ershoufang/105110587635.html,['420'],"['32,224元/平']",2人关注 ,3室2厅1厨2卫,['低楼层/共33层'],['南'],['平层/精装'],['130.34平米'],['2012年建'],['天湖城'],['海沧'],['海沧区政府'],有,两梯四户,['2022-05-24'],['2019-12-31']
870,['天湖之城——【南北大三房】+中楼层'],https://xm.lianjia.com/ershoufang/105110587635.html,['420'],"['32,224元/平']",2人关注 ,3室2厅1厨2卫,['低楼层/共33层'],['南'],['平层/精装'],['130.34平米'],['2012年建'],['天湖城'],['海沧'],['海沧区政府'],有,两梯四户,['2022-05-24'],['2019-12-31']
871,['东渡六中边上和宁里 小城故事居家3房2厅带双阳台 南北'],https://xm.lianjia.com/ershoufang/105109874282.html,['485'],"['53,105元/平']",30人关注 ,3室2厅1厨1卫,['高楼层/共7层'],['南'],['平层/精装'],['91.33平米'],['2003年建'],['小城故事禹洲新城一期'],['湖里'],['东渡'],无,暂无数据,['2022-02-23'],['2003-07-23']
872,['S M乌石浦地铁口，06年电梯一房出售'],https://xm.lianjia.com/ershoufang/105115408507.html,['236'],"['68,486元/平']",0人关注 ,1室1厅1厨1卫,['低楼层/共31层'],['西'],['平层/简装'],['34.46平米'],['2006年建'],['音乐家生活广场'],['思明'],['松柏'],有,三梯十四户,['2023-11-23'],['2020-07-01']
873,['天湖小区三房采光好，湖海景观，阿近地铁'],https://xm.lianjia.com/ershoufang/105115034735.html,['405'],"['30,041元/平']",0人关注 ,3室2厅1厨2卫,['低楼层/共24层'],['南'],['平层/精装'],['134.82平米'],['2012年建'],['天湖城'],['海沧'],['海沧区政府'],有,两梯两户,['2023-10-12'],['2013-10-11']
874,['厦禾路 禾祥西  闹中取静 4房 使用率大  南北通透'],https://xm.lianjia.com/ershoufang/105106888827.html,['498'],"['67,608元/平']",14人关注 ,4室2厅1厨2卫,['低楼层/共7层'],['南 北'],['平层/简装'],['73.66平米'],['1989年建'],['厦罐宿舍'],['思明'],['禾祥西路'],无,暂无数据,['2021-04-04'],['2010-11-29']
875,['SM片区总价低的小2房 精装修  看房方便'],https://xm.lianjia.com/ershoufang/105114276061.html,['238'],"['39,158元/平']",0人关注 ,2室1厅1厨1卫,['中楼层/共7层'],['南 北'],['平层/精装'],['60.78平米'],['1999年建'],['嘉隆建材城'],['湖里'],['SM'],无,暂无数据,['2023-07-18'],['2019-05-19']
876,['满五，南北全明格局，采光 通风好'],https://xm.lianjia.com/ershoufang/105112887149.html,['288'],"['42,858元/平']",0人关注 ,2室1厅1厨1卫,['高楼层/共7层'],['南'],['平层/简装'],['67.2平米'],['1998年建'],['龙潭花园'],['湖里'],['SM'],无,暂无数据,['2023-03-04'],['2008-12-17']
877,"['精装修两房,拎包入住一线海景，浪漫海岸在楼下，']",https://xm.lianjia.com/ershoufang/105109604889.html,['236'],"['34,323元/平']",5人关注 ,2室2厅1厨1卫,['中楼层/共37层'],['南'],['平层/精装'],['68.76平米'],['2017年建'],['保利叁仟栋一期'],['同安'],['环东海域'],有,三梯六户,['2022-01-04'],['2019-01-07']
878,['南北通透户型，可看湖。天台可独立使用'],https://xm.lianjia.com/ershoufang/105110975583.html,['486'],"['63,232元/平']",1人关注 ,3室1厅1厨1卫,['高楼层/共7层'],['南 北'],['平层/精装'],['76.86平米'],['1994年建'],['槟榔西里(单号)'],['思明'],['槟榔'],无,暂无数据,['2022-07-12'],['2020-07-09']
879,['临大润发，边套，精装，东西南北向，配套齐全，采光好'],https://xm.lianjia.com/ershoufang/105113032588.html,['718'],"['61,175元/平']",0人关注 ,3室2厅1厨2卫,['中楼层/共7层'],['东 南 西'],['平层/精装'],['117.37平米'],['1996年建'],['海鸿花园'],['思明'],['体育中心'],无,暂无数据,['2023-03-16'],['2009-07-30']
880,['火车站 东浦路 东坪花园 精装三房'],https://xm.lianjia.com/ershoufang/105113843359.html,['560'],"['53,847元/平']",0人关注 ,3室1厅1厨2卫,['中楼层/共18层'],['南'],['平层/精装'],['104平米'],['2008年建'],['东坪花园一期'],['思明'],['火车站'],有,两梯六户,['2023-05-31'],['2013-06-05']
881,['含一个产权车位 半山私宅 品质追求  南北通透'],https://xm.lianjia.com/ershoufang/105111851664.html,['1579'],"['59,073元/平']",1人关注 ,5室1厅1厨4卫,['低楼层/共29层'],['南 北'],['平层/精装'],['267.3平米'],['2009年建'],['云顶至尊'],['思明'],['瑞景'],有,三梯两户,['2022-10-24'],['2016-07-21']
882,['自然家园南北正规两房出售，欢迎有缘人'],https://xm.lianjia.com/ershoufang/105113054808.html,['640'],"['70,625元/平']",0人关注 ,2室1厅1厨2卫,['低楼层/共6层'],['南'],['平层/简装'],['90.62平米'],['2003年建'],['自然家园'],['思明'],['火车站'],无,暂无数据,['2023-03-18'],['2005-01-04']
883,['罗宾森 次新小区 高层视野 边角套 采光充足'],https://xm.lianjia.com/ershoufang/105115381176.html,['438'],"['72,673元/平']",0人关注 ,1室1厅1厨1卫,['高楼层/共31层'],['东北'],['平层/简装'],['60.27平米'],['2012年建'],['罗宾森广场一期'],['思明'],['火车站'],有,三梯八户,['2023-11-20'],['2021-11-16']
884,['天湖城精装四房 居家装修 视野开阔 采光充足'],https://xm.lianjia.com/ershoufang/105112601616.html,['458'],"['29,747元/平']",0人关注 ,4室2厅1厨2卫,['低楼层/共28层'],['南'],['平层/简装'],['153.97平米'],['2012年建'],['天湖城'],['海沧'],['海沧区政府'],有,两梯四户,['2023-02-09'],['2018-12-10']
885,['正规2房带电梯，南北朝向，采光通风好'],https://xm.lianjia.com/ershoufang/105109981354.html,['560'],"['80,890元/平']",2人关注 ,3室1厅1厨1卫,['中楼层/共7层'],['南 北'],['平层/简装'],['69.23平米'],['1994年建'],['白鹤山路'],['思明'],['文园路'],有,一梯七户,['2022-03-07'],['1999-04-26']
886,['联发品质 人车分流 业主稳定出售 软三、万达、公园旁'],https://xm.lianjia.com/ershoufang/105112786996.html,['176'],"['21,485元/平']",0人关注 ,2室2厅1厨1卫,['低楼层/共25层'],['东 西北'],['平层/精装'],['81.92平米'],['2018年建'],['联发欣悦湾'],['集美'],['灌口'],有,两梯六户,['2023-02-24'],['2020-03-19']
887,['莲坂花园小区 停车方便 好楼层 南北 采光充足'],https://xm.lianjia.com/ershoufang/105110056944.html,['460'],"['55,329元/平']",2人关注 ,2室2厅1厨1卫,['低楼层/共6层'],['南 北'],['平层/精装'],['83.14平米'],['1998年建'],['坂尾路'],['思明'],['火车站'],暂无数据,暂无数据,['2022-03-15'],['2017-04-25']
888,['面朝大海一览无余 坐享着千亿打造的海景资源'],https://xm.lianjia.com/ershoufang/105111259713.html,['330'],"['33,691元/平']",2人关注 ,4室2厅1厨2卫,['中楼层/共33层'],['东南'],['跃层/精装'],['97.95平米'],['2017年建'],['保利叁仟栋一期'],['同安'],['环东海域'],有,两梯四户,['2022-08-17'],['2019-08-25']
889,['户型好，采光好，双地铁，公园旁，低总价'],https://xm.lianjia.com/ershoufang/105111020276.html,['215'],"['60,804元/平']",2人关注 ,1室1厅1厨1卫,['低楼层/共31层'],['南'],['平层/简装'],['35.36平米'],['2004年建'],['嘉华大厦'],['思明'],['莲坂'],有,三梯十五户,['2022-07-18'],['2020-08-17']
890,['地铁口旁自住精装小两房，朝南采光好'],https://xm.lianjia.com/ershoufang/105113067601.html,['275'],"['68,002元/平']",1人关注 ,2室1厅1厨1卫,['高楼层/共33层'],['南 西南'],['平层/精装'],['40.44平米'],['2003年建'],['湖北大厦'],['思明'],['松柏'],有,三梯十七户,['2023-03-19'],['2020-07-03']
891,['2008年电梯花园小区两房，一梯两户，南北通透'],https://xm.lianjia.com/ershoufang/105114557627.html,['405'],"['45,665元/平']",1人关注 ,2室2厅1厨1卫,['低楼层/共15层'],['南 北'],['平层/简装'],['88.69平米'],['2008年建'],['金秋花园三期'],['湖里'],['金尚'],有,两梯两户,['2023-08-18'],['2023-10-18']
892,['凯悦新城大两房，高楼层自住精装，拎包入住，诚意出售'],https://xm.lianjia.com/ershoufang/105115485583.html,['510'],"['59,552元/平']",0人关注 ,2室1厅1厨1卫,['高楼层/共13层'],['南'],['平层/精装'],['85.64平米'],['2013年建'],['凯悦新城'],['湖里'],['枋湖'],有,两梯八户,['2023-12-01'],['2014-09-19']
893,['全屋重新精装修 可拎包入住 公摊小'],https://xm.lianjia.com/ershoufang/105114953151.html,['472'],"['71,592元/平']",2人关注 ,2室1厅1厨1卫,['低楼层/共7层'],['南 北'],['平层/精装'],['65.93平米'],['2002年建'],['万禾花园'],['思明'],['禾祥西路'],无,暂无数据,['2023-10-03'],['2020-06-01']
894,['金枫园 4室2厅 南 北'],https://xm.lianjia.com/ershoufang/105115018026.html,['711'],"['53,084元/平']",0人关注 ,4室2厅1厨2卫,['中楼层/共11层'],['南 北'],['平层/简装'],['133.94平米'],['2002年建'],['金枫园'],['思明'],['火车站'],有,两梯两户,['2023-10-10'],['2002-10-16']
895,['禾祥西 繁荣广场，大两房，真的是十年出一套'],https://xm.lianjia.com/ershoufang/105112995448.html,['625'],"['59,878元/平']",1人关注 ,2室2厅1厨2卫,['中楼层/共13层'],['东 北'],['平层/精装'],['104.38平米'],['1999年建'],['繁荣广场'],['思明'],['禾祥西路'],有,一梯三户,['2023-03-13'],['2012-06-14']
896,['高楼层，视野无遮挡，采光好，离软三近'],https://xm.lianjia.com/ershoufang/105113697425.html,['178'],"['21,729元/平']",1人关注 ,2室2厅1厨1卫,['中楼层/共25层'],['南 北'],['平层/毛坯'],['81.92平米'],['2017年建'],['联发欣悦湾'],['集美'],['灌口'],有,两梯六户,['2023-05-16'],['2019-11-19']
897,['电梯高层，做7* 间，包含车库，南北，无遮挡视野'],https://xm.lianjia.com/ershoufang/105110836766.html,['858'],"['60,624元/平']",5人关注 ,3室2厅1厨2卫,['高楼层/共10层'],['南 北'],['精装'],['141.53平米'],['2002年建'],['元利花园东区'],['思明'],['火车站'],有,两梯两户,['2022-06-26'],['2004-08-02']
898,['阳台山三房一厅 使用面积大  550万 业主诚意出售'],https://xm.lianjia.com/ershoufang/105109349884.html,['508'],"['70,527元/平']",5人关注 ,3室1厅1厨1卫,['低楼层/共4层'],['南 北'],['平层/简装'],['72.03平米'],['未知年建'],['阳台山路'],['思明'],['文园路'],无,暂无数据,['2021-11-29'],['1998-07-10']
899,['封闭式小区，边套一梯两户，双阳台，另有10平储藏间'],https://xm.lianjia.com/ershoufang/105110609615.html,['400'],"['36,447元/平']",10人关注 ,3室2厅1厨2卫,['高楼层/共7层'],['南 北'],['平层/简装'],['109.75平米'],['1999年建'],['梅阳花园'],['湖里'],['SM'],无,暂无数据,['2022-05-27'],['2006-04-25']
900,['高档精装4房  龙湖景粼  拎包入住'],https://xm.lianjia.com/ershoufang/105116537355.html,['300'],"['34,325元/平']",0人关注 ,4室2厅1厨2卫,['高楼层/共12层'],['东南'],['平层/简装'],['87.4平米'],['2019年建'],['景粼原著'],['集美'],['灌口'],有,一梯两户,['2024-03-31'],['2024-04-30']
901,['马銮湾精装三房户型方正交通便利'],https://xm.lianjia.com/ershoufang/105109944341.html,['274'],"['29,969元/平']",3人关注 ,3室2厅1厨1卫,['低楼层/共18层'],['南'],['平层/精装'],['91.43平米'],['2018年建'],['海投尚书房'],['海沧'],['马銮湾中心片区'],有,两梯四户,['2022-03-03'],['2018-11-22']
902,['建发花园 3房朝南 一梯两户 南北通透 使用面积大'],https://xm.lianjia.com/ershoufang/105112861617.html,['540'],"['55,971元/平']",2人关注 ,3室2厅1厨1卫,['高楼层/共9层'],['南 北'],['平层/简装'],['96.48平米'],['2000年建'],['建发花园'],['思明'],['火车站'],无,暂无数据,['2023-03-02'],['2001-10-09']
903,['此房满两年，自住精装，户型好，使用面积大，采光充足'],https://xm.lianjia.com/ershoufang/105111885902.html,['1180'],"['116,039元/平']",3人关注 ,3室2厅1厨3卫,['中楼层/共16层'],['东南 西北'],['跃层/精装'],['101.69平米'],['2017年建'],['新景国际外滩'],['湖里'],['五缘湾'],有,两梯四户,['2022-10-28'],['2022-10-28']
904,['集美中心花园 三期通透好房  满五'],https://xm.lianjia.com/ershoufang/105114122278.html,['340'],"['37,557元/平']",0人关注 ,3室2厅1厨1卫,['低楼层/共6层'],['南 北'],['平层/精装'],['90.53平米'],['2009年建'],['集美中心花园'],['集美'],['集美文教区'],无,暂无数据,['2023-07-01'],['2004-12-22']
905,['户型方正，位置好看中庭，离高架桥较远，噪音比较小'],https://xm.lianjia.com/ershoufang/105115095212.html,['295'],"['22,305元/平']",2人关注 ,3室1厅1厨2卫,['低楼层/共24层'],['东南 北'],['平层/毛坯'],['132.26平米'],['2017年建'],['国贸商城同悦'],['集美'],['集美其它'],有,两梯三户,['2023-10-19'],['2018-04-23']
906,['集美中心花园 1室1厅 南'],https://xm.lianjia.com/ershoufang/105115384333.html,['250'],"['47,958元/平']",0人关注 ,1室1厅1厨1卫,['高楼层/共7层'],['南'],['平层/精装'],['52.13平米'],['1999年建'],['集美中心花园'],['集美'],['集美文教区'],无,暂无数据,['2023-11-20'],['2021-04-20']
907,['马銮湾精装3房1卫，户型方正，拎包入住，可看海'],https://xm.lianjia.com/ershoufang/105111629240.html,['265'],"['29,465元/平']",0人关注 ,3室2厅1厨1卫,['高楼层/共42层'],['西南'],['平层/精装'],['89.94平米'],['2017年建'],['万科城三期'],['海沧'],['马銮湾东'],有,三梯六户,['2022-09-27'],['2017-07-09']
908,['丰融尚城 2室1厅 西南'],https://xm.lianjia.com/ershoufang/105115454483.html,['235'],"['33,301元/平']",0人关注 ,2室1厅1厨1卫,['高楼层/共16层'],['西南'],['平层/精装'],['70.57平米'],['2015年建'],['丰融尚城'],['集美'],['集美其它'],有,两梯六户,['2023-11-28'],['2014-06-09']
909,['户型方正，全明格局，动静分区，自住精装房'],https://xm.lianjia.com/ershoufang/105108426395.html,['486'],"['49,371元/平']",37人关注 ,3室1厅1厨1卫,['低楼层/共6层'],['南'],['平层/精装'],['98.44平米'],['2007年建'],['侨福城侨福里'],['思明'],['瑞景'],无,暂无数据,['2021-08-17'],['2019-02-20']
910,['实幼旁 装修两房 南北  满五减个税 进岛便利'],https://xm.lianjia.com/ershoufang/105113084813.html,['150'],"['18,988元/平']",0人关注 ,2室1厅1厨1卫,['高楼层/共6层'],['南 北'],['平层/简装'],['79平米'],['未知年建'],['翔安新城南区安置房四区'],['翔安'],['新店'],暂无数据,暂无数据,['2023-03-21'],['2017-04-21']
911,['汇景新城中心 2室1厅 东南'],https://xm.lianjia.com/ershoufang/105115990611.html,['145'],"['21,488元/平']",0人关注 ,2室1厅1厨1卫,['低楼层/共16层'],['东南'],['平层/其他'],['67.48平米'],['2010年建'],['汇景新城中心'],['翔安'],['新店'],有,两梯六户,['2024-01-31'],['2013-01-24']
912,['地铁口旁 两房一厅两卫  格局方正 格局明亮 配套完善'],https://xm.lianjia.com/ershoufang/105109927757.html,['215'],"['23,818元/平']",2人关注 ,2室1厅1厨2卫,['中楼层/共7层'],['北'],['复式/精装'],['90.27平米'],['2001年建'],['大金门花园'],['海沧'],['海沧生活区'],无,暂无数据,['2022-03-01'],['2017-12-29']
913,['马青路地铁口 电梯精装2房 视野好 随时看房 价格可谈'],https://xm.lianjia.com/ershoufang/105115040556.html,['238'],"['28,320元/平']",1人关注 ,2室1厅1厨1卫,['中楼层/共32层'],['北'],['平层/精装'],['84.04平米'],['2013年建'],['海银大厦'],['海沧'],['海沧生活区'],有,三梯十二户,['2023-10-13'],['2019-01-28']
914,['美地雅登祥吴六里 2室1厅 南'],https://xm.lianjia.com/ershoufang/105114200340.html,['190'],"['23,140元/平']",0人关注 ,2室1厅1厨1卫,['中楼层/共26层'],['南'],['平层/精装'],['82.11平米'],['2013年建'],['美地雅登祥吴六里'],['翔安'],['新店'],有,两梯四户,['2023-07-09'],['2019-04-16']
915,['海银大厦上延奎2号地铁边上全明两房'],https://xm.lianjia.com/ershoufang/105115445799.html,['256'],"['30,462元/平']",0人关注 ,2室1厅1厨1卫,['中楼层/共32层'],['南 北'],['平层/简装'],['84.04平米'],['2013年建'],['海银大厦'],['海沧'],['海沧生活区'],有,三梯十二户,['2023-11-27'],['2019-11-16']
916,['四代同堂的 好房子。好景观好视野一览众小山'],https://xm.lianjia.com/ershoufang/105114205903.html,['650'],"['27,391元/平']",2人关注 ,6室2厅1厨5卫,['高楼层/共27层'],['南'],['精装'],['237.31平米'],['2013年建'],['美地雅登祥吴六里'],['翔安'],['新店'],有,两梯两户,['2023-07-10'],['2021-02-07']
917,['高层全海景视野开阔 享受型大三房 双阳台 万科物业'],https://xm.lianjia.com/ershoufang/105113515406.html,['410'],"['30,568元/平']",1人关注 ,3室2厅1厨2卫,['中楼层/共31层'],['东南 南'],['平层/毛坯'],['134.13平米'],['2014年建'],['禹洲中央海岸一期'],['集美'],['杏林桥头'],有,三梯六户,['2023-04-28'],['2015-11-04']
918,['全新未入住。地铁口出行方便。纯东边套户型。诚意出售'],https://xm.lianjia.com/ershoufang/105114354722.html,['452'],"['38,163元/平']",1人关注 ,3室2厅1厨2卫,['高楼层/共33层'],['南'],['平层/精装'],['118.44平米'],['2016年建'],['国贸天悦'],['集美'],['杏北'],有,两梯四户,['2023-07-27'],['2018-07-26']
919,['集美文教区  小户型 低总价 采光充足 朝南'],https://xm.lianjia.com/ershoufang/105114925343.html,['272'],"['36,797元/平']",0人关注 ,2室1厅1厨1卫,['高楼层/共7层'],['南'],['平层/简装'],['73.92平米'],['2000年建'],['集美中心花园'],['集美'],['集美文教区'],无,暂无数据,['2023-09-28'],['2023-02-27']
920,['二次装修 地铁口 正规2房 视野好'],https://xm.lianjia.com/ershoufang/105112306477.html,['215'],"['24,744元/平']",2人关注 ,2室2厅1厨1卫,['中楼层/共18层'],['东南'],['平层/精装'],['86.89平米'],['2017年建'],['新城际广场二期'],['集美'],['厦门北站商业区'],有,两梯四户,['2022-12-19'],['2021-11-06']
921,['瑞景 前埔 电梯2房 拎包入住'],https://xm.lianjia.com/ershoufang/105115668080.html,['450'],"['47,985元/平']",0人关注 ,2室2厅1厨1卫,['中楼层/共9层'],['西'],['平层/精装'],['93.78平米'],['1999年建'],['明发花园一期'],['思明'],['前埔'],有,一梯五户,['2023-12-21'],['2021-04-01']
922,['马青路地铁口，采光好户型好，繁华地段，交通便利'],https://xm.lianjia.com/ershoufang/105115674575.html,['130'],"['26,482元/平']",0人关注 ,1室1厅1厨1卫,['中楼层/共7层'],['南'],['错层/简装'],['49.09平米'],['2000年建'],['大金门花园'],['海沧'],['海沧生活区'],无,暂无数据,['2023-12-22'],['2023-12-20']
923,['万科金域华府二期，精装四房，高层看海朝南房东诚意卖'],https://xm.lianjia.com/ershoufang/105110155003.html,['448'],"['35,374元/平']",5人关注 ,4室1厅1厨2卫,['高楼层/共42层'],['东南'],['平层/精装'],['126.65平米'],['2014年建'],['万科金域华府二期'],['集美'],['杏林桥头'],有,三梯五户,['2022-03-29'],['2018-08-07']
924,['满五*  户型方正 南北通透 业主诚意出售'],https://xm.lianjia.com/ershoufang/105108514543.html,['620'],"['55,447元/平']",18人关注 ,3室2厅1厨2卫,['中楼层/共14层'],['南 北'],['平层/精装'],['111.82平米'],['2008年建'],['碧湖嘉园'],['湖里'],['枋湖'],有,两梯四户,['2021-08-24'],['2010-11-12']
925,['建发品质.宝龙一城一街之隔，双地铁口，交通便利，'],https://xm.lianjia.com/ershoufang/105112383207.html,['400'],"['79,571元/平']",2人关注 ,1室1厅1厨1卫,['低楼层/共11层'],['南'],['平层/简装'],['50.27平米'],['2007年建'],['上东美地'],['思明'],['瑞景'],有,一梯三户,['2023-01-04'],['2015-07-08']
926,['融信  朝东的户型，光线和通风好'],https://xm.lianjia.com/ershoufang/105111837102.html,['92'],"['20,449元/平']",0人关注 ,2室1厅1厨1卫,['高楼层/共13层'],['东'],['复式/简装'],['44.99平米'],['2016年建'],['融信海上城'],['海沧'],['滨海社区'],有,四梯三十二户,['2022-10-22'],['2017-08-21']
927,['千亿环东海 未来五缘湾 浪漫海岸线 精妆海景公寓'],https://xm.lianjia.com/ershoufang/105110625490.html,['158'],"['33,447元/平']",3人关注 ,1室1厅1厨1卫,['高楼层/共33层'],['东'],['平层/精装'],['47.24平米'],['2018年建'],['保利叁仟栋二期'],['同安'],['环东海域'],有,两梯六户,['2022-05-29'],['2019-07-29']
928,['湖里区 国际山庄 双拼别墅 云顶北路 花园别墅'],https://xm.lianjia.com/ershoufang/105112180467.html,['2390'],"['93,240元/平']",5人关注 ,6室3厅1厨4卫,['共4层'],['南 北'],['简装'],['256.33平米'],['1995年建'],['国际山庄'],['湖里'],['金山'],,,['2022-12-02'],['2005-07-25']
929,['环东海域，彩虹湾精装自住楼中楼'],https://xm.lianjia.com/ershoufang/105107742959.html,['415'],"['21,855元/平']",3人关注 ,4室2厅1厨3卫,['高楼层/共6层'],['南'],['跃层/精装'],['189.89平米'],['未知年建'],['彩虹湾'],['同安'],['环东海域'],无,暂无数据,['2021-06-26'],['2014-01-14']
930,['此房满两年，自住精装，户型好，使用面积大，采光充足'],https://xm.lianjia.com/ershoufang/105111885902.html,['1180'],"['116,039元/平']",3人关注 ,3室2厅1厨3卫,['中楼层/共16层'],['东南 西北'],['跃层/精装'],['101.69平米'],['2017年建'],['新景国际外滩'],['湖里'],['五缘湾'],有,两梯四户,['2022-10-28'],['2022-10-28']
931,['二次装修 地铁口 正规2房 视野好'],https://xm.lianjia.com/ershoufang/105112306477.html,['215'],"['24,744元/平']",2人关注 ,2室2厅1厨1卫,['中楼层/共18层'],['东南'],['平层/精装'],['86.89平米'],['2017年建'],['新城际广场二期'],['集美'],['厦门北站商业区'],有,两梯四户,['2022-12-19'],['2021-11-06']
932,['四代同堂的 好房子。好景观好视野一览众小山'],https://xm.lianjia.com/ershoufang/105114205903.html,['650'],"['27,391元/平']",2人关注 ,6室2厅1厨5卫,['高楼层/共27层'],['南'],['精装'],['237.31平米'],['2013年建'],['美地雅登祥吴六里'],['翔安'],['新店'],有,两梯两户,['2023-07-10'],['2021-02-07']
933,['地铁口旁 两房一厅两卫  格局方正 格局明亮 配套完善'],https://xm.lianjia.com/ershoufang/105109927757.html,['215'],"['23,818元/平']",2人关注 ,2室1厅1厨2卫,['中楼层/共7层'],['北'],['复式/精装'],['90.27平米'],['2001年建'],['大金门花园'],['海沧'],['海沧生活区'],无,暂无数据,['2022-03-01'],['2017-12-29']
934,['业主诚意急卖、楼层好、看海联发品质2房一线海景'],https://xm.lianjia.com/ershoufang/105115285541.html,['299'],"['33,955元/平']",0人关注 ,3室1厅1厨1卫,['中楼层/共31层'],['东南'],['平层/精装'],['88.06平米'],['2015年建'],['联发杏林湾一号三期'],['集美'],['杏林桥头'],有,三梯五户,['2023-11-09'],['2020-12-08']
935,['世茂璀璨天城  精装三房 楼下带房间  高层看湖出售'],https://xm.lianjia.com/ershoufang/105112991629.html,['435'],"['52,272元/平']",1人关注 ,3室2厅1厨2卫,['中楼层/共33层'],['南'],['跃层/精装'],['83.22平米'],['2018年建'],['世茂璀璨天城一期'],['集美'],['集美新城'],有,两梯八户,['2023-03-13'],['2022-03-09']
936,['人车分离，三面采光，南北通透，空气好！'],https://xm.lianjia.com/ershoufang/105115033218.html,['525'],"['57,004元/平']",0人关注 ,3室2厅1厨1卫,['高楼层/共7层'],['南 北'],['平层/精装'],['92.1平米'],['2001年建'],['华林金磊花园'],['思明'],['金鸡亭'],无,暂无数据,['2023-10-12'],['2020-09-14']
937,['电梯高层，小两房，精装修，户型方正，视野好'],https://xm.lianjia.com/ershoufang/105112797559.html,['321'],"['58,079元/平']",1人关注 ,2室1厅1厨1卫,['高楼层/共16层'],['南'],['平层/精装'],['55.27平米'],['2006年建'],['艾德花园二期'],['湖里'],['机场区'],有,两梯六户,['2023-02-25'],['2017-08-24']
938,['央企品质五月花少有精装看海大户型'],https://xm.lianjia.com/ershoufang/105112602822.html,['580'],"['40,568元/平']",0人关注 ,4室2厅1厨2卫,['中楼层/共39层'],['南'],['平层/精装'],['142.97平米'],['2016年建'],['海上五月花六期'],['集美'],['集美其它'],有,两梯四户,['2023-02-09'],['2022-12-06']
939,['5-4教育南北通透户型 1梯两户总价低！使用面积大'],https://xm.lianjia.com/ershoufang/105110460724.html,['355'],"['59,997元/平']",9人关注 ,2室2厅1厨1卫,['高楼层/共8层'],['南 北'],['平层/简装'],['59.17平米'],['1992年建'],['莲前西路'],['思明'],['莲前'],无,暂无数据,['2022-05-06'],['2020-04-24']
940,['看中庭，楼间距宽采光好，拎包入住，诚意出售可谈'],https://xm.lianjia.com/ershoufang/105115112443.html,['470'],"['67,675元/平']",1人关注 ,2室2厅1厨1卫,['低楼层/共18层'],['南 北'],['平层/精装'],['69.45平米'],['2017年建'],['禾丰新景'],['思明'],['莲花'],有,两梯四户,['2023-10-20'],['2018-03-19']
941,['此房满五， 光线好、离地铁口近，看房方便'],https://xm.lianjia.com/ershoufang/105113224383.html,['218'],"['27,512元/平']",0人关注 ,2室2厅1厨1卫,['中楼层/共8层'],['南 北'],['平层/其他'],['79.24平米'],['2000年建'],['沧翔路花园'],['海沧'],['海沧生活区'],无,暂无数据,['2023-04-01'],['2008-05-26']
942,['莲花国际大两房，两梯三户，舒适'],https://xm.lianjia.com/ershoufang/105115231023.html,['340'],"['37,371元/平']",0人关注 ,2室2厅1厨1卫,['中楼层/共17层'],['南'],['平层/精装'],['90.98平米'],['2019年建'],['莲花国际A区'],['集美'],['集美新城'],有,四梯三户,['2023-11-03'],['2020-12-11']
943,['集美中心花园  南北通透大三房 诚意出售'],https://xm.lianjia.com/ershoufang/105116235868.html,['448'],"['36,279元/平']",0人关注 ,3室2厅1厨2卫,['高楼层/共6层'],['南 北'],['平层/精装'],['123.49平米'],['2004年建'],['集美中心花园'],['集美'],['集美文教区'],无,暂无数据,['2024-03-04'],['2019-08-19']
944,['高层 视野开阔 艾德花园二期 看房随时方便'],https://xm.lianjia.com/ershoufang/105110601353.html,['405'],"['42,614元/平']",0人关注 ,3室2厅1厨1卫,['中楼层/共16层'],['南'],['平层/简装'],['95.04平米'],['2005年建'],['艾德花园二期'],['湖里'],['机场区'],有,两梯六户,['2022-05-26'],['2003-05-01']
945,['国贸鹭原  精装3房  地铁口  好房子'],https://xm.lianjia.com/ershoufang/105113722882.html,['430'],"['44,722元/平']",1人关注 ,3室2厅1厨2卫,['低楼层/共33层'],['南'],['平层/精装'],['96.15平米'],['2022年建'],['中交国贸鹭原'],['集美'],['杏北'],有,两梯四户,['2023-05-19'],['2023-06-02']
946,['楼层好视野开阔地铁口交通便利电梯2房配套齐全厨房大'],https://xm.lianjia.com/ershoufang/105112973800.html,['618'],"['66,682元/平']",0人关注 ,2室1厅1厨1卫,['中楼层/共33层'],['东 北'],['平层/简装'],['92.68平米'],['2003年建'],['育秀中心'],['思明'],['体育中心'],有,三梯七户,['2023-03-11'],['2005-12-26']
947,['满五，业主自住，精装修，全明采光好，'],https://xm.lianjia.com/ershoufang/105113838516.html,['386'],"['65,480元/平']",1人关注 ,2室1厅1厨1卫,['高楼层/共8层'],['西南 北'],['平层/精装'],['58.95平米'],['1995年建'],['光明馨苑'],['思明'],['斗西路'],无,暂无数据,['2023-05-31'],['2018-05-28']
948,['槟榔西里(单号) 2室1厅 南 北'],https://xm.lianjia.com/ershoufang/105114695686.html,['388'],"['62,080元/平']",1人关注 ,2室1厅1厨1卫,['高楼层/共6层'],['南 北'],['平层/精装'],['62.5平米'],['1989年建'],['槟榔西里(单号)'],['思明'],['槟榔'],无,暂无数据,['2023-09-03'],['2011-02-28']
949,['小洋房一梯两户南北通透居住舒适采光充足'],https://xm.lianjia.com/ershoufang/105114933215.html,['430'],"['49,856元/平']",0人关注 ,2室1厅1厨1卫,['高楼层/共11层'],['南 北'],['平层/精装'],['86.25平米'],['2011年建'],['绿苑新城二组团'],['海沧'],['滨海社区'],有,一梯两户,['2023-09-30'],['2012-12-01']
950,['保利品质 海上五月花 精装边套两房 通透户型'],https://xm.lianjia.com/ershoufang/105115147526.html,['238'],"['32,232元/平']",0人关注 ,2室2厅1厨1卫,['中楼层/共35层'],['南 北'],['平层/精装'],['73.84平米'],['2014年建'],['海上五月花三期'],['集美'],['集美其它'],有,两梯四户,['2023-10-25'],['2016-02-23']
951,['9号线地铁口联发品质，南北朝向3房双阳台，使用面积大'],https://xm.lianjia.com/ershoufang/105114600096.html,['486'],"['44,275元/平']",0人关注 ,3室2厅1厨2卫,['低楼层/共6层'],['南 北'],['平层/简装'],['109.77平米'],['2000年建'],['太微花园'],['湖里'],['金尚'],无,暂无数据,['2023-08-23'],['2009-03-28']
952,['长欣花园，南北朝向，舒适2房，中间楼层'],https://xm.lianjia.com/ershoufang/105115130784.html,['229'],"['29,518元/平']",0人关注 ,2室1厅1厨1卫,['中楼层/共6层'],['南'],['平层/精装'],['77.58平米'],['2003年建'],['长欣花园'],['海沧'],['海沧生活区'],无,暂无数据,['2023-10-23'],['2005-04-14']
953,['融信海上城'],https://xm.lianjia.com/ershoufang/105115132068.html,['79'],"['19,895元/平']",0人关注 ,2室2厅1厨1卫,['低楼层/共26层'],['西'],['跃层/精装'],['39.71平米'],['2016年建'],['融信海上城'],['海沧'],['滨海社区'],有,六梯三十四户,['2023-10-23'],['2018-10-31']
954,['南北朝向  3楼 满五年  三面采光  通风好'],https://xm.lianjia.com/ershoufang/105111192073.html,['478'],"['40,471元/平']",0人关注 ,3室2厅1厨2卫,['低楼层/共4层'],['南 北'],['平层/精装'],['118.11平米'],['2009年建'],['集美中心花园'],['集美'],['集美文教区'],无,暂无数据,['2022-08-09'],['2004-06-25']
955,['生活区楼中楼带独立天台 213.09平  全明结构 5房'],https://xm.lianjia.com/ershoufang/105114224449.html,['460'],"['21,588元/平']",0人关注 ,5室2厅1厨3卫,['高楼层/共5层'],['南 北'],['跃层/毛坯'],['213.09平米'],['2007年建'],['隆晖花园'],['海沧'],['海沧生活区'],无,暂无数据,['2023-07-12'],['2009-01-16']
956,['地段很好 生活 交通便利 户型方正 二次装修'],https://xm.lianjia.com/ershoufang/105111873701.html,['850'],"['46,566元/平']",0人关注 ,4室1厅1厨3卫,['中楼层/共6层'],['东南'],['跃层/简装'],['182.54平米'],['2019年建'],['国贸天悦'],['集美'],['杏北'],有,一梯两户,['2022-10-26'],['2020-10-21']
957,['王子广场边套精装修一房售109万'],https://xm.lianjia.com/ershoufang/105114926025.html,['99'],"['28,746元/平']",0人关注 ,1室0厅1厨1卫,['中楼层/共17层'],['东 北'],['平层/精装'],['34.44平米'],['2011年建'],['碧水芳庭'],['海沧'],['海沧生活区'],有,三梯二十一户,['2023-09-28'],['2022-01-04']
958,['地铁500米 带120平露台精装三房 龙湖天街旁 国贸品质'],https://xm.lianjia.com/ershoufang/105103509984.html,['467.9'],"['41,796元/平']",7人关注 ,3室2厅1厨2卫,['低楼层/共32层'],['南'],['平层/精装'],['111.95平米'],['2018年建'],['国贸天悦'],['集美'],['杏北'],有,两梯三户,['2019-12-08'],['2020-07-01']
959,['莲前西路正规小两房诚意出售南北通透'],https://xm.lianjia.com/ershoufang/105114103551.html,['336'],"['57,762元/平']",1人关注 ,2室1厅1厨1卫,['高楼层/共7层'],['南 北'],['平层/简装'],['58.17平米'],['1989年建'],['莲前西路'],['思明'],['莲前'],无,暂无数据,['2023-06-29'],['2019-03-04']
960,['朝南，后排看中庭。开发商精装。国贸物业'],https://xm.lianjia.com/ershoufang/105104473601.html,['152'],"['21,610元/平']",21人关注 ,2室2厅1厨1卫,['高楼层/共40层'],['东南'],['跃层/精装'],['70.34平米'],['2019年建'],['东城合院'],['翔安'],['新店'],有,四梯十户,['2020-05-30'],['2020-05-06']
961,['中华城，正规电梯一房！小户型，可民立小总价低'],https://xm.lianjia.com/ershoufang/105112903657.html,['275'],"['86,343元/平']",1人关注 ,1室1厅1厨1卫,['中楼层/共7层'],['东南'],['平层/精装'],['31.85平米'],['2006年建'],['老虎城'],['思明'],['思明南路'],有,两梯四十四户,['2023-03-05'],['2010-04-01']
962,['世茂璀璨天城  精装三房 楼下带房间  高层看湖出售'],https://xm.lianjia.com/ershoufang/105112991629.html,['435'],"['52,272元/平']",1人关注 ,3室2厅1厨2卫,['中楼层/共33层'],['南'],['跃层/精装'],['83.22平米'],['2018年建'],['世茂璀璨天城一期'],['集美'],['集美新城'],有,两梯八户,['2023-03-13'],['2022-03-09']
963,['人车分离，三面采光，南北通透，空气好！'],https://xm.lianjia.com/ershoufang/105115033218.html,['525'],"['57,004元/平']",0人关注 ,3室2厅1厨1卫,['高楼层/共7层'],['南 北'],['平层/精装'],['92.1平米'],['2001年建'],['华林金磊花园'],['思明'],['金鸡亭'],无,暂无数据,['2023-10-12'],['2020-09-14']
964,['央企品质五月花少有精装看海大户型'],https://xm.lianjia.com/ershoufang/105112602822.html,['580'],"['40,568元/平']",0人关注 ,4室2厅1厨2卫,['中楼层/共39层'],['南'],['平层/精装'],['142.97平米'],['2016年建'],['海上五月花六期'],['集美'],['集美其它'],有,两梯四户,['2023-02-09'],['2022-12-06']
965,['5-4教育南北通透户型 1梯两户总价低！使用面积大'],https://xm.lianjia.com/ershoufang/105110460724.html,['355'],"['59,997元/平']",9人关注 ,2室2厅1厨1卫,['高楼层/共8层'],['南 北'],['平层/简装'],['59.17平米'],['1992年建'],['莲前西路'],['思明'],['莲前'],无,暂无数据,['2022-05-06'],['2020-04-24']
966,['电梯高层，小两房，精装修，户型方正，视野好'],https://xm.lianjia.com/ershoufang/105112797559.html,['321'],"['58,079元/平']",1人关注 ,2室1厅1厨1卫,['高楼层/共16层'],['南'],['平层/精装'],['55.27平米'],['2006年建'],['艾德花园二期'],['湖里'],['机场区'],有,两梯六户,['2023-02-25'],['2017-08-24']
967,['此房满五， 光线好、离地铁口近，看房方便'],https://xm.lianjia.com/ershoufang/105113224383.html,['218'],"['27,512元/平']",0人关注 ,2室2厅1厨1卫,['中楼层/共8层'],['南 北'],['平层/其他'],['79.24平米'],['2000年建'],['沧翔路花园'],['海沧'],['海沧生活区'],无,暂无数据,['2023-04-01'],['2008-05-26']
968,['王子广场边套精装修一房售109万'],https://xm.lianjia.com/ershoufang/105114926025.html,['99'],"['28,746元/平']",0人关注 ,1室0厅1厨1卫,['中楼层/共17层'],['东 北'],['平层/精装'],['34.44平米'],['2011年建'],['碧水芳庭'],['海沧'],['海沧生活区'],有,三梯二十一户,['2023-09-28'],['2022-01-04']
969,['实小旁  地铁口 中山公园 实用两套'],https://xm.lianjia.com/ershoufang/105113487963.html,['930'],"['107,217元/平']",0人关注 ,3室2厅2厨2卫,['低楼层/共5层'],['东 南 北'],['平层/简装'],['86.74平米'],['未知年建'],['石路街'],['思明'],['实验小学及周边'],无,暂无数据,['2023-04-26'],['2023-03-20']
970,['刚需盘 高层 一梯两户 采光充足 南北通透'],https://xm.lianjia.com/ershoufang/105115487097.html,['215'],"['16,652元/平']",0人关注 ,3室2厅1厨2卫,['高楼层/共17层'],['南 北'],['平层/简装'],['129.12平米'],['2013年建'],['集美平阳里小区'],['集美'],['集美新城'],有,一梯两户,['2023-12-01'],['2023-11-22']
971,['户型方正，厅朝南，门口有露台，楼层好'],https://xm.lianjia.com/ershoufang/105110918333.html,['418'],"['57,927元/平']",0人关注 ,2室1厅1厨1卫,['低楼层/共8层'],['南'],['平层/简装'],['72.16平米'],['2000年建'],['金枫园'],['思明'],['火车站'],无,暂无数据,['2022-07-05'],['2001-06-10']
972,['拎包入住 交通便利 业主急卖 婚房'],https://xm.lianjia.com/ershoufang/105114282888.html,['253'],"['31,297元/平']",0人关注 ,2室1厅1厨1卫,['低楼层/共33层'],['东 东南'],['平层/精装'],['80.84平米'],['2014年建'],['金城湾花园'],['海沧'],['未来海岸北师大'],有,两梯六户,['2023-07-19'],['2019-10-27']
973,['莲前西路 金林花园 户型方正南北通透，带露台，中楼层'],https://xm.lianjia.com/ershoufang/105109859208.html,['580'],"['50,431元/平']",21人关注 ,3室2厅1厨2卫,['低楼层/共6层'],['南 北'],['平层/简装'],['115.01平米'],['2005年建'],['金林花园'],['思明'],['金鸡亭'],无,暂无数据,['2022-02-22'],['2006-06-06']
974,['房子朝南采光好，楼层好，诚意出售，空户'],https://xm.lianjia.com/ershoufang/105110415749.html,['116'],"['30,335元/平']",0人关注 ,1室1厅1厨1卫,['中楼层/共7层'],['南'],['平层/简装'],['38.24平米'],['2005年建'],['未来橙堡'],['海沧'],['海沧体育中心'],无,暂无数据,['2022-04-29'],['2013-07-18']
975,['松柏正规三房，南北格局，次卧带阳台朝南'],https://xm.lianjia.com/ershoufang/105110153825.html,['667'],"['58,223元/平']",7人关注 ,3室2厅1厨1卫,['中楼层/共8层'],['南 北'],['平层/精装'],['114.56平米'],['2000年建'],['龙凤园小区'],['思明'],['松柏'],无,暂无数据,['2022-03-29'],['2000-09-11']
976,['禹洲精装修三房，111平方中装修一线海景房'],https://xm.lianjia.com/ershoufang/105103946001.html,['398'],"['35,967元/平']",1人关注 ,3室2厅1厨2卫,['低楼层/共34层'],['东南'],['平层/精装'],['110.66平米'],['2014年建'],['禹洲中央海岸一期'],['集美'],['杏林桥头'],有,三梯六户,['2020-03-27'],['2016-05-30']
977,['格局方正，一梯两户，南北通透，配套成熟，生活便利'],https://xm.lianjia.com/ershoufang/105110635404.html,['400'],"['68,635元/平']",7人关注 ,2室1厅1厨1卫,['中楼层/共7层'],['南 北'],['平层/精装'],['58.28平米'],['1989年建'],['莲前西路'],['思明'],['莲前'],无,暂无数据,['2022-05-30'],['2019-05-20']
978,['卧龙晓城  一梯两户  东南北三面采光  大4房'],https://xm.lianjia.com/ershoufang/105112544599.html,['1080'],"['67,002元/平']",0人关注 ,4室2厅1厨2卫,['中楼层/共11层'],['东 南 北'],['平层/精装'],['161.19平米'],['2000年建'],['卧龙晓城'],['思明'],['莲前'],有,一梯两户,['2023-02-04'],['2005-12-08']
979,['宝龙一城  复式楼中楼  使用面积 大'],https://xm.lianjia.com/ershoufang/105107970083.html,['237.8'],"['44,449元/平']",1人关注 ,1室2厅2厨2卫,['高楼层/共23层'],['东南'],['平层/精装'],['53.5平米'],['2019年建'],['宝龙一城'],['湖里'],['湖边水库'],有,六梯二十四户,['2021-07-15'],['2021-03-26']
980,['房子地段好，交通方便，城市闹中取静，有露台'],https://xm.lianjia.com/ershoufang/105111741876.html,['430'],"['51,795元/平']",4人关注 ,3室2厅1厨1卫,['低楼层/共8层'],['东南'],['平层/精装'],['83.02平米'],['2001年建'],['联丰商城'],['思明'],['瑞景'],有,一梯四户,['2022-10-11'],['2010-06-07']
981,['此房满两年，客厅带阳台朝南，精装两房，视野开阔，'],https://xm.lianjia.com/ershoufang/105114088623.html,['208'],"['23,440元/平']",0人关注 ,2室2厅1厨1卫,['中楼层/共27层'],['南'],['平层/精装'],['88.74平米'],['2014年建'],['首开领翔国际'],['翔安'],['新店'],有,两梯三户,['2023-06-27'],['2019-02-26']
982,['您要的，它真的来了，客厅带大阳台，全面朝南，两卫！'],https://xm.lianjia.com/ershoufang/105110955932.html,['240'],"['27,367元/平']",2人关注 ,2室2厅1厨2卫,['中楼层/共11层'],['南'],['平层/精装'],['87.7平米'],['2013年建'],['美地雅登祥吴五里'],['翔安'],['新店'],有,两梯三户,['2022-07-09'],['2015-06-03']
983,['房所在小区是2001年新建商品房社区。'],https://xm.lianjia.com/ershoufang/105114583064.html,['398'],"['40,679元/平']",1人关注 ,3室1厅1厨1卫,['低楼层/共7层'],['东 南 北'],['简装'],['97.84平米'],['1999年建'],['前埔南小区一区'],['思明'],['前埔'],无,暂无数据,['2023-08-21'],['2004-07-02']
984,['瑞景公园大三房南北通透采光视野佳'],https://xm.lianjia.com/ershoufang/105116499203.html,['1158'],"['75,190元/平']",0人关注 ,3室2厅1厨2卫,['中楼层/共25层'],['南 北'],['平层/精装'],['154.01平米'],['2009年建'],['瑞景公园'],['思明'],['瑞景'],有,两梯两户,['2024-03-27'],['2009-12-14']
985,['瑞景洪文BRT旁 带储物间 全明低总价3房2厅2阳台'],https://xm.lianjia.com/ershoufang/105113289667.html,['380'],"['49,778元/平']",0人关注 ,3室2厅1厨1卫,['高楼层/共6层'],['南 北'],['平层/精装'],['76.34平米'],['2003年建'],['新潘宅安置房'],['思明'],['瑞景'],无,暂无数据,['2023-04-08'],['2010-11-25']
986,['隧道口南部新城双阳台两房业主诚意出售'],https://xm.lianjia.com/ershoufang/105107220077.html,['208'],"['27,808元/平']",26人关注 ,2室2厅1厨1卫,['低楼层/共32层'],['东南'],['平层/毛坯'],['74.8平米'],['2015年建'],['阳光城翡丽湾二期'],['翔安'],['翔安新城'],有,两梯六户,['2021-05-04'],['2021-06-13']
987,['瑞景 朝南2房 采光好 安静不靠路 诚意出售'],https://xm.lianjia.com/ershoufang/105115384728.html,['409'],"['52,680元/平']",0人关注 ,2室2厅1厨1卫,['高楼层/共6层'],['南 北'],['简装'],['77.64平米'],['2000年建'],['瑞景新村祥麟苑'],['思明'],['瑞景'],无,暂无数据,['2023-11-20'],['2010-02-01']
988,['05年正规一房一厅 电梯中高层 视野佳 自住装修'],https://xm.lianjia.com/ershoufang/105114687136.html,['408'],"['70,285元/平']",0人关注 ,1室2厅1厨1卫,['中楼层/共27层'],['西北'],['平层/精装'],['58.05平米'],['2005年建'],['山木清华'],['思明'],['莲前'],有,三梯八户,['2023-09-02'],['2021-06-18']
989,['高楼层，视野无遮挡，开发商带精装。'],https://xm.lianjia.com/ershoufang/105113981634.html,['159.1'],"['23,539元/平']",0人关注 ,2室1厅1厨1卫,['中楼层/共40层'],['南 北 西'],['跃层/精装'],['67.59平米'],['2019年建'],['东城合院'],['翔安'],['新店'],有,四梯十户,['2023-06-14'],['2020-04-01']
990,['刚需盘 高层 一梯两户 采光充足 南北通透'],https://xm.lianjia.com/ershoufang/105115487097.html,['215'],"['16,652元/平']",0人关注 ,3室2厅1厨2卫,['高楼层/共17层'],['南 北'],['平层/简装'],['129.12平米'],['2013年建'],['集美平阳里小区'],['集美'],['集美新城'],有,一梯两户,['2023-12-01'],['2023-11-22']
991,['户型方正，厅朝南，门口有露台，楼层好'],https://xm.lianjia.com/ershoufang/105110918333.html,['418'],"['57,927元/平']",0人关注 ,2室1厅1厨1卫,['低楼层/共8层'],['南'],['平层/简装'],['72.16平米'],['2000年建'],['金枫园'],['思明'],['火车站'],无,暂无数据,['2022-07-05'],['2001-06-10']
992,['拎包入住 交通便利 业主急卖 婚房'],https://xm.lianjia.com/ershoufang/105114282888.html,['253'],"['31,297元/平']",0人关注 ,2室1厅1厨1卫,['低楼层/共33层'],['东 东南'],['平层/精装'],['80.84平米'],['2014年建'],['金城湾花园'],['海沧'],['未来海岸北师大'],有,两梯六户,['2023-07-19'],['2019-10-27']
993,['房子朝南采光好，楼层好，诚意出售，空户'],https://xm.lianjia.com/ershoufang/105110415749.html,['116'],"['30,335元/平']",0人关注 ,1室1厅1厨1卫,['中楼层/共7层'],['南'],['平层/简装'],['38.24平米'],['2005年建'],['未来橙堡'],['海沧'],['海沧体育中心'],无,暂无数据,['2022-04-29'],['2013-07-18']
994,['莲前西路 金林花园 户型方正南北通透，带露台，中楼层'],https://xm.lianjia.com/ershoufang/105109859208.html,['580'],"['50,431元/平']",21人关注 ,3室2厅1厨2卫,['低楼层/共6层'],['南 北'],['平层/简装'],['115.01平米'],['2005年建'],['金林花园'],['思明'],['金鸡亭'],无,暂无数据,['2022-02-22'],['2006-06-06']
995,['文园公寓一期 3室1厅 南 北'],https://xm.lianjia.com/ershoufang/105116271430.html,['588'],"['60,625元/平']",0人关注 ,3室1厅1厨1卫,['高楼层/共7层'],['南 北'],['平层/精装'],['96.99平米'],['1998年建'],['文园公寓一期'],['思明'],['文园路'],无,暂无数据,['2024-03-07'],['2019-03-08']
996,['此房一梯两户，南北通透 ，厅带阳台 ，交通生活都方便'],https://xm.lianjia.com/ershoufang/105111768193.html,['626'],"['50,020元/平']",1人关注 ,3室2厅1厨2卫,['低楼层/共17层'],['南 北'],['平层/简装'],['125.15平米'],['2003年建'],['卧龙晓城'],['思明'],['莲前'],有,两梯四户,['2022-10-14'],['2016-12-19']
997,['建发品质 花园小区 一梯两户南北通透 户型方正大三房'],https://xm.lianjia.com/ershoufang/105113615720.html,['640'],"['43,473元/平']",0人关注 ,3室2厅1厨2卫,['高楼层/共9层'],['南 北'],['平层/简装'],['147.22平米'],['1997年建'],['建发花园'],['思明'],['火车站'],无,暂无数据,['2023-05-09'],['2010-11-01']
998,['采光视野好 无遮挡 别墅小区.高绿化.带前后花园。'],https://xm.lianjia.com/ershoufang/105110668909.html,['650'],"['42,761元/平']",4人关注 ,5室2厅1厨2卫,['低楼层/共3层'],['南'],['复式/毛坯'],['152.01平米'],['未知年建'],['东城合院'],['翔安'],['新店'],有,两梯十九户,['2022-06-04'],['2020-01-21']
999,['地铁口   精装修  满五省税   房东诚意出售。'],https://xm.lianjia.com/ershoufang/105114906754.html,['338'],"['25,481元/平']",0人关注 ,3室1厅1厨2卫,['中楼层/共45层'],['南 北'],['平层/精装'],['132.65平米'],['2017年建'],['西雅图'],['海沧'],['海沧外国语片区'],有,三梯四户,['2023-09-26'],['2018-08-21']
1000,['松柏单价低！南北朝向！楼中楼！使用面积大！'],https://xm.lianjia.com/ershoufang/105112854512.html,['565'],"['50,591元/平']",0人关注 ,3室1厅1厨2卫,['高楼层/共8层'],['南'],['跃层/简装'],['111.68平米'],['1993年建'],['莲坂西小区'],['思明'],['莲坂'],无,暂无数据,['2023-03-01'],['2019-09-05']
1001,['吕厝地铁口，松柏，方正，电梯，采光好'],https://xm.lianjia.com/ershoufang/105114997613.html,['410'],"['56,288元/平']",0人关注 ,2室2厅1厨1卫,['中楼层/共30层'],['北'],['平层/简装'],['72.84平米'],['2000年建'],['宝龙中心一期'],['思明'],['莲坂'],有,三梯八户,['2023-10-08'],['2006-01-12']
1002,['翔安新城 对望金门 会展观音山 世茂御海墅精装三房'],https://xm.lianjia.com/ershoufang/105111635805.html,['248'],"['28,588元/平']",0人关注 ,3室1厅1厨1卫,['高楼层/共31层'],['南'],['平层/精装'],['86.75平米'],['2018年建'],['世茂御海墅'],['翔安'],['翔安新城'],有,两梯五户,['2022-09-28'],['2020-05-08']
1003,['景观好房来咯，湖园高层精装三房两卫'],https://xm.lianjia.com/ershoufang/105114445368.html,['375'],"['42,976元/平']",0人关注 ,3室2厅1厨2卫,['高楼层/共33层'],['南'],['平层/精装'],['87.26平米'],['2015年建'],['莲花新城二期'],['集美'],['集美新城'],有,两梯四户,['2023-08-06'],['2017-05-08']
1004,['科技ZX翔安校区旁保利和光城悦精装1房一厅出售'],https://xm.lianjia.com/ershoufang/105115112048.html,['196'],"['40,622元/平']",0人关注 ,1室1厅1厨1卫,['中楼层/共33层'],['南'],['平层/精装'],['48.25平米'],['2021年建'],['保利和光城悦'],['翔安'],['翔安新城'],有,三梯六户,['2023-10-20'],['2022-08-27']
1005,['室内安静，视野很远，通风采光很好'],https://xm.lianjia.com/ershoufang/105113550650.html,['189'],"['20,690元/平']",1人关注 ,3室2厅1厨1卫,['低楼层/共42层'],['西南'],['平层/精装'],['91.35平米'],['2020年建'],['万科广场幸福里'],['集美'],['厦门北站商业区'],有,三梯五户,['2023-05-03'],['2018-02-06']
1006,['翔安南部新城，精装4房，拎包入住'],https://xm.lianjia.com/ershoufang/105114391841.html,['320'],"['25,057元/平']",1人关注 ,4室2厅1厨2卫,['高楼层/共39层'],['南'],['跃层/精装'],['127.71平米'],['2015年建'],['阳光城翡丽湾二期'],['翔安'],['翔安新城'],有,两梯四户,['2023-08-01'],['2016-08-05']
1007,['安静带小区 低总价 配套成熟 业主自住'],https://xm.lianjia.com/ershoufang/105114768601.html,['282'],"['65,719元/平']",0人关注 ,1室1厅1厨1卫,['中楼层/共14层'],['南'],['平层/精装'],['42.91平米'],['2005年建'],['金辉园'],['思明'],['富山'],有,一梯八户,['2023-09-10'],['2009-07-02']
1008,['楼层好，视野宽阔，采光充足，配套设施齐全'],https://xm.lianjia.com/ershoufang/105109883361.html,['998'],"['102,349元/平']",5人关注 ,4室2厅1厨3卫,['高楼层/共15层'],['东 西'],['平层/毛坯'],['97.51平米'],['2014年建'],['新景国际外滩'],['湖里'],['五缘湾'],有,两梯四户,['2022-02-24'],['2015-06-04']
1009,['精装小户型温馨拎包入住2房1厅1卫1厨'],https://xm.lianjia.com/ershoufang/105111058493.html,['249'],"['101,509元/平']",1人关注 ,2室1厅1厨1卫,['低楼层/共15层'],['南'],['平层/精装'],['24.53平米'],['2008年建'],['瑞景苑'],['思明'],['瑞景'],有,两梯二十五户,['2022-07-22'],['2020-04-08']
1010,['地铁2号线 位置安静 带电梯 新装修拎包入住'],https://xm.lianjia.com/ershoufang/105108397695.html,['270'],"['47,561元/平']",6人关注 ,1室0厅0厨0卫,['低楼层/共28层'],['西'],['平层/精装'],['56.77平米'],['2005年建'],['振华大厦'],['湖里'],['邮轮城'],有,两梯二十四户,['2021-08-15'],['2004-12-15']
1011,['莲坂高层电梯朝南，客厅落地大窗，时尚新潮，'],https://xm.lianjia.com/ershoufang/105111677439.html,['610'],"['100,677元/平']",0人关注 ,3室1厅1厨2卫,['中楼层/共11层'],['南'],['平层/毛坯'],['60.59平米'],['2008年建'],['城立方'],['思明'],['富山'],有,两梯十八户,['2022-10-04'],['2014-06-23']
1012,['楼层好，配套齐全，交通方便，框架结构，得房率高..'],https://xm.lianjia.com/ershoufang/105112645391.html,['418'],"['41,041元/平']",1人关注 ,3室2厅1厨2卫,['低楼层/共9层'],['南'],['平层/简装'],['101.85平米'],['1996年建'],['台北新村'],['湖里'],['南山路'],无,暂无数据,['2023-02-13'],['2019-11-01']
1013,['禹洲一期安静海景大三房，可以看海景啊'],https://xm.lianjia.com/ershoufang/105112139263.html,['406'],"['30,922元/平']",0人关注 ,3室2厅1厨2卫,['中楼层/共34层'],['南'],['平层/精装'],['131.3平米'],['2015年建'],['禹洲中央海岸一期'],['集美'],['杏林桥头'],有,三梯六户,['2022-11-27'],['2015-03-16']
1014,['大平层4房  产权满五年，省个税  视野好，南北通透'],https://xm.lianjia.com/ershoufang/105106320011.html,['780'],"['45,202元/平']",79人关注 ,4室2厅1厨2卫,['中楼层/共5层'],['南 北'],['平层/精装'],['172.56平米'],['2000年建'],['龙山山庄'],['思明'],['莲前'],无,暂无数据,['2021-01-23'],['2008-08-22']
1015,['集美新城 IOI世茂综合旁 沿湖而居 精装修三房'],https://xm.lianjia.com/ershoufang/105111066785.html,['450'],"['43,826元/平']",1人关注 ,3室2厅1厨2卫,['低楼层/共34层'],['南'],['跃层/精装'],['102.68平米'],['未知年建'],['世茂璀璨天城二期'],['集美'],['集美新城'],有,两梯八户,['2022-07-24'],['2020-08-26']
1016,['电梯房公摊小 大平层三阳台只算一半面积安静全明户型'],https://xm.lianjia.com/ershoufang/105114988519.html,['1060'],"['65,300元/平']",0人关注 ,3室2厅1厨2卫,['低楼层/共12层'],['东北'],['平层/简装'],['162.33平米'],['1999年建'],['湖东花园'],['思明'],['槟榔'],有,一梯四户,['2023-10-07'],['2003-01-22']
1017,['小洋房 客厅宽敞明亮 朝南带阳台 户型方正，环境优美'],https://xm.lianjia.com/ershoufang/105113891675.html,['400'],"['29,119元/平']",0人关注 ,4室2厅1厨2卫,['低楼层/共8层'],['南'],['平层/毛坯'],['137.37平米'],['2019年建'],['欣盛丰森林海'],['同安'],['环东海域'],有,两梯四户,['2023-06-05'],['2021-05-01']
1018,['高楼层观海 三面采光 南北对流 视野开阔'],https://xm.lianjia.com/ershoufang/105111368627.html,['438'],"['32,945元/平']",0人关注 ,3室1厅1厨2卫,['高楼层/共34层'],['东南'],['平层/精装'],['132.95平米'],['2014年建'],['禹洲中央海岸一期'],['集美'],['杏林桥头'],有,三梯六户,['2022-08-29'],['2017-05-22']
1019,['杏林桥头万科金域华府中楼层，拎包入住，配套方便'],https://xm.lianjia.com/ershoufang/105116458903.html,['265'],"['32,341元/平']",0人关注 ,2室2厅1厨1卫,['中楼层/共17层'],['南'],['平层/简装'],['81.94平米'],['2012年建'],['万科金域华府二期'],['集美'],['杏林桥头'],有,两梯四户,['2024-03-23'],['2023-11-14']
1020,['集美新城 IOI世茂综合旁 沿湖而居 精装修三房'],https://xm.lianjia.com/ershoufang/105111066785.html,['450'],"['43,826元/平']",1人关注 ,3室2厅1厨2卫,['低楼层/共34层'],['南'],['跃层/精装'],['102.68平米'],['未知年建'],['世茂璀璨天城二期'],['集美'],['集美新城'],有,两梯八户,['2022-07-24'],['2020-08-26']
1021,['莲坂高层电梯朝南，客厅落地大窗，时尚新潮，'],https://xm.lianjia.com/ershoufang/105111677439.html,['610'],"['100,677元/平']",0人关注 ,3室1厅1厨2卫,['中楼层/共11层'],['南'],['平层/毛坯'],['60.59平米'],['2008年建'],['城立方'],['思明'],['富山'],有,两梯十八户,['2022-10-04'],['2014-06-23']
1022,['地铁2号线 位置安静 带电梯 新装修拎包入住'],https://xm.lianjia.com/ershoufang/105108397695.html,['270'],"['47,561元/平']",6人关注 ,1室0厅0厨0卫,['低楼层/共28层'],['西'],['平层/精装'],['56.77平米'],['2005年建'],['振华大厦'],['湖里'],['邮轮城'],有,两梯二十四户,['2021-08-15'],['2004-12-15']
1023,['岳阳西里 2室1厅 南 北'],https://xm.lianjia.com/ershoufang/105115181553.html,['330'],"['50,723元/平']",0人关注 ,2室1厅1厨1卫,['中楼层/共7层'],['南 北'],['平层/简装'],['65.06平米'],['1996年建'],['岳阳西里'],['思明'],['岳阳社区'],无,暂无数据,['2023-10-28'],['2002-07-31']
1024,['瑞景苑 1室0厅 南'],https://xm.lianjia.com/ershoufang/105114417618.html,['216'],"['78,603元/平']",0人关注 ,1室0厅1厨1卫,['中楼层/共15层'],['南'],['平层/精装'],['27.48平米'],['2008年建'],['瑞景苑'],['思明'],['瑞景'],有,两梯二十五户,['2023-08-03'],['2021-08-25']
1025,['业主诚心出售，此房采光充足，视野开阔'],https://xm.lianjia.com/ershoufang/105112603489.html,['100'],"['26,512元/平']",0人关注 ,1室1厅1厨1卫,['高楼层/共7层'],['东南'],['平层/简装'],['37.72平米'],['2005年建'],['未来橙堡'],['海沧'],['海沧体育中心'],无,暂无数据,['2023-02-09'],['2020-02-10']
1026,['福满山庄  中间楼层  朝南 靠小区中庭  可拎包入住'],https://xm.lianjia.com/ershoufang/105111732344.html,['460'],"['61,146元/平']",2人关注 ,2室1厅1厨1卫,['低楼层/共12层'],['南'],['平层/精装'],['75.23平米'],['2005年建'],['福满山庄'],['思明'],['瑞景'],有,一梯四户,['2022-10-11'],['2007-06-04']
1027,['住宅莲花国际位于集美新城区，交通便利.'],https://xm.lianjia.com/ershoufang/105109743071.html,['89'],"['20,214元/平']",13人关注 ,2室1厅1厨1卫,['中楼层/共7层'],['西北'],['复式/简装'],['44.03平米'],['2015年建'],['住宅莲花国际'],['集美'],['集美新城'],有,四梯七十四户,['2022-02-09'],['2017-12-28']
1028,['莲花新城三期 三房两卫 自住精装拎包入住 1号线地铁口'],https://xm.lianjia.com/ershoufang/105112962274.html,['408'],"['34,547元/平']",0人关注 ,3室2厅1厨2卫,['低楼层/共33层'],['南 西 北'],['平层/精装'],['118.1平米'],['2017年建'],['莲花新城三期'],['集美'],['集美新城'],有,两梯四户,['2023-03-10'],['2017-09-28']
1029,['火车站万象城旁富城花园地铁BRT交通方便'],https://xm.lianjia.com/ershoufang/105112075503.html,['668'],"['69,331元/平']",0人关注 ,3室2厅1厨2卫,['中楼层/共11层'],['南 北'],['简装'],['96.35平米'],['2002年建'],['富城花园'],['思明'],['富山'],有,一梯三户,['2022-11-19'],['2015-05-12']
1030,['南北通透格局，好楼层，采光充足，交通便利'],https://xm.lianjia.com/ershoufang/105113085922.html,['650'],"['64,613元/平']",0人关注 ,2室2厅1厨1卫,['中楼层/共7层'],['南 北'],['平层/简装'],['100.6平米'],['1999年建'],['翠湖公寓'],['思明'],['松柏'],无,暂无数据,['2023-03-21'],['2001-08-08']
1031,['别墅旁靠山安静 看中庭 ，东南北采光好， 全明三房'],https://xm.lianjia.com/ershoufang/105113733046.html,['498'],"['53,468元/平']",0人关注 ,3室1厅1厨1卫,['中楼层/共7层'],['东 南 北'],['平层/精装'],['93.14平米'],['2000年建'],['和旭里小区'],['湖里'],['东渡'],无,暂无数据,['2023-05-20'],['2008-12-10']
1032,['电梯大三房，看山视野开阔， 东南户型好'],https://xm.lianjia.com/ershoufang/105113816911.html,['716'],"['51,272元/平']",0人关注 ,3室2厅1厨2卫,['中楼层/共27层'],['东南'],['平层/精装'],['139.65平米'],['2006年建'],['仙岳海景大厦'],['思明'],['岳阳社区'],有,三梯八户,['2023-05-28'],['2013-01-29']
1033,['翔安南部新城，精装4房，拎包入住'],https://xm.lianjia.com/ershoufang/105114391841.html,['320'],"['25,057元/平']",1人关注 ,4室2厅1厨2卫,['高楼层/共39层'],['南'],['跃层/精装'],['127.71平米'],['2015年建'],['阳光城翡丽湾二期'],['翔安'],['翔安新城'],有,两梯四户,['2023-08-01'],['2016-08-05']
1034,['此房满两年，电梯房，精装修，拎包入住'],https://xm.lianjia.com/ershoufang/105116044302.html,['196'],"['76,235元/平']",0人关注 ,1室0厅1厨1卫,['中楼层/共15层'],['北'],['平层/精装'],['25.71平米'],['2008年建'],['瑞景苑'],['思明'],['瑞景'],有,两梯二十五户,['2024-02-18'],['2021-04-13']
1035,['金尚 小区正规三房 一梯两户 全明 户型 看房提前约'],https://xm.lianjia.com/ershoufang/105111541652.html,['400'],"['46,004元/平']",1人关注 ,3室2厅1厨1卫,['高楼层/共7层'],['南 北'],['平层/简装'],['86.95平米'],['1998年建'],['金尚小区'],['湖里'],['金尚'],无,暂无数据,['2022-09-18'],['2015-04-22']
1036,['老市区，万象城旁边，地铁口就在楼下'],https://xm.lianjia.com/ershoufang/105108069539.html,['400'],"['86,976元/平']",0人关注 ,1室1厅1厨1卫,['高楼层/共18层'],['北'],['平层/简装'],['45.99平米'],['2004年建'],['金领广场'],['思明'],['富山'],有,两梯五户,['2021-07-22'],['2009-08-07']
1037,['瑞景福满山庄 楼中楼 高层 产权在手 南北通透'],https://xm.lianjia.com/ershoufang/105109327376.html,['1050'],"['48,479元/平']",8人关注 ,5室2厅1厨3卫,['高楼层/共17层'],['南 北'],['平层/毛坯'],['216.59平米'],['2005年建'],['福满山庄'],['思明'],['瑞景'],有,两梯四户,['2021-11-25'],['2010-04-28']
1038,['电梯高层 楼层采光好，视野宽阔，海景房'],https://xm.lianjia.com/ershoufang/105112611426.html,['298'],"['32,748元/平']",1人关注 ,2室2厅1厨1卫,['中楼层/共37层'],['东南'],['平层/精装'],['91平米'],['2015年建'],['禹洲中央海岸一期'],['集美'],['杏林桥头'],有,三梯六户,['2023-02-10'],['2019-03-18']
1039,['急售 精装自住三房，价格可谈 看房方便'],https://xm.lianjia.com/ershoufang/105112123555.html,['315'],"['32,512元/平']",1人关注 ,3室2厅1厨1卫,['高楼层/共32层'],['南'],['平层/精装'],['96.89平米'],['2013年建'],['海上五月花一期'],['集美'],['集美其它'],有,两梯四户,['2022-11-25'],['2022-08-27']
1040,['环东海域，地铁口看海精装两房，套内使用面积大'],https://xm.lianjia.com/ershoufang/105115292745.html,['138'],"['23,292元/平']",0人关注 ,2室1厅1厨1卫,['中楼层/共17层'],['南 北'],['平层/精装'],['59.25平米'],['2015年建'],['长荣花园'],['同安'],['环东海域'],有,两梯四户,['2023-11-09'],['2019-03-11']
1041,['室内安静，视野很远，通风采光很好'],https://xm.lianjia.com/ershoufang/105113550650.html,['189'],"['20,690元/平']",1人关注 ,3室2厅1厨1卫,['低楼层/共42层'],['西南'],['平层/精装'],['91.35平米'],['2020年建'],['万科广场幸福里'],['集美'],['厦门北站商业区'],有,三梯五户,['2023-05-03'],['2018-02-06']
1042,['万科金域华府二期朝南 通透两房'],https://xm.lianjia.com/ershoufang/105109954095.html,['271'],"['32,007元/平']",10人关注 ,2室1厅1厨1卫,['低楼层/共17层'],['东南'],['平层/精装'],['84.67平米'],['2015年建'],['万科金域华府二期'],['集美'],['杏林桥头'],有,两梯四户,['2022-03-04'],['2013-12-23']
1043,['福满山庄 厅带阳台朝南 格局方正 采光好 通透性强'],https://xm.lianjia.com/ershoufang/105108239186.html,['358'],"['55,625元/平']",56人关注 ,2室1厅1厨1卫,['低楼层/共17层'],['南'],['跃层/简装'],['64.36平米'],['2004年建'],['福满山庄'],['思明'],['瑞景'],有,两梯两户,['2021-08-04'],['2012-09-29']
1044,['采光好， 看小区中庭 动静分离 世茂品质 世茂物业'],https://xm.lianjia.com/ershoufang/105107178412.html,['218'],"['37,743元/平']",1人关注 ,1室0厅1厨1卫,['高楼层/共9层'],['西'],['平层/简装'],['57.76平米'],['2014年建'],['世茂湖滨首府B区'],['湖里'],['湖边水库'],有,两梯二十三户,['2021-04-29'],['2017-07-10']
1045,['瑞景洪文BRT旁电梯高层精装1房'],https://xm.lianjia.com/ershoufang/105112546407.html,['215'],"['63,610元/平']",0人关注 ,1室0厅0厨1卫,['高楼层/共15层'],['东'],['平层/精装'],['33.8平米'],['2008年建'],['瑞景苑'],['思明'],['瑞景'],有,两梯二十五户,['2023-02-04'],['2021-04-01']
1046,['正地铁口，繁华地段，户型方正，繁华地段交通生活便利'],https://xm.lianjia.com/ershoufang/105109833434.html,['165'],"['33,462元/平']",5人关注 ,1室1厅1厨1卫,['中楼层/共7层'],['南'],['错层/精装'],['49.31平米'],['2000年建'],['大金门花园'],['海沧'],['海沧生活区'],无,暂无数据,['2022-02-19'],['2010-04-28']
1047,['产权满5，视野开阔，业主自住精装拎包入住'],https://xm.lianjia.com/ershoufang/105111229211.html,['1060'],"['118,185元/平']",1人关注 ,3室2厅1厨3卫,['低楼层/共16层'],['东南'],['跃层/精装'],['89.69平米'],['2010年建'],['源昌鑫海湾'],['湖里'],['五缘湾'],有,两梯三户,['2022-08-13'],['2014-06-06']
1048,['楼层好，配套齐全，交通方便，框架结构，得房率高..'],https://xm.lianjia.com/ershoufang/105112645391.html,['418'],"['41,041元/平']",1人关注 ,3室2厅1厨2卫,['低楼层/共9层'],['南'],['平层/简装'],['101.85平米'],['1996年建'],['台北新村'],['湖里'],['南山路'],无,暂无数据,['2023-02-13'],['2019-11-01']
1049,['一梯两户，两房朝南，户型方正，拎包入住'],https://xm.lianjia.com/ershoufang/105107554155.html,['400'],"['64,642元/平']",9人关注 ,2室1厅1厨1卫,['高楼层/共7层'],['南 北'],['精装'],['61.88平米'],['1993年建'],['屿后里小区一区'],['思明'],['松柏'],无,暂无数据,['2021-06-07'],['2017-03-27']
1050,['集美新城，地铁口大三房，临湖环境好，交通便利'],https://xm.lianjia.com/ershoufang/105110640543.html,['456'],"['33,813元/平']",0人关注 ,3室2厅1厨2卫,['低楼层/共33层'],['东南'],['平层/简装'],['134.86平米'],['2017年建'],['莲花新城三期'],['集美'],['集美新城'],有,两梯四户,['2022-05-31'],['2019-05-22']
1051,['福满山庄  中间楼层  朝南 靠小区中庭  可拎包入住'],https://xm.lianjia.com/ershoufang/105111732344.html,['460'],"['61,146元/平']",2人关注 ,2室1厅1厨1卫,['低楼层/共12层'],['南'],['平层/精装'],['75.23平米'],['2005年建'],['福满山庄'],['思明'],['瑞景'],有,一梯四户,['2022-10-11'],['2007-06-04']
1052,['业主诚心出售，此房采光充足，视野开阔'],https://xm.lianjia.com/ershoufang/105112603489.html,['100'],"['26,512元/平']",0人关注 ,1室1厅1厨1卫,['高楼层/共7层'],['东南'],['平层/简装'],['37.72平米'],['2005年建'],['未来橙堡'],['海沧'],['海沧体育中心'],无,暂无数据,['2023-02-09'],['2020-02-10']
1053,['富山繁华地段封闭式带游泳池小区南北通透南北阳台'],https://xm.lianjia.com/ershoufang/105109850687.html,['465'],"['59,441元/平']",2人关注 ,2室1厅1厨1卫,['低楼层/共7层'],['南 北'],['平层/精装'],['78.23平米'],['2000年建'],['富山花园罗马假日'],['思明'],['富山'],无,暂无数据,['2022-02-21'],['2006-05-10']
1054,['体育路 框架2房 南北对流 采光好通风户型'],https://xm.lianjia.com/ershoufang/105107323215.html,['486'],"['66,285元/平']",22人关注 ,2室2厅1厨1卫,['中楼层/共7层'],['南 北'],['平层/简装'],['73.32平米'],['1995年建'],['艺盛花园'],['思明'],['体育中心'],无,暂无数据,['2021-05-15'],['2019-08-02']
1055,['松柏正规两房朝南带阳台 出售！'],https://xm.lianjia.com/ershoufang/105112741229.html,['427'],"['66,130元/平']",0人关注 ,2室1厅1厨1卫,['高楼层/共8层'],['南 北'],['平层/简装'],['64.57平米'],['2009年建'],['特运松柏文明小区'],['思明'],['体育中心'],无,暂无数据,['2023-02-20'],['2001-09-27']
1056,['环东海域精装四房  可伶包入住'],https://xm.lianjia.com/ershoufang/105114049579.html,['235'],"['24,523元/平']",0人关注 ,4室2厅1厨1卫,['中楼层/共18层'],['南 北'],['错层/精装'],['95.83平米'],['2012年建'],['禹洲大学城'],['同安'],['集美其它'],有,两梯四户,['2023-06-22'],['2018-03-07']
1057,['别墅旁靠山安静 看中庭 ，东南北采光好， 全明三房'],https://xm.lianjia.com/ershoufang/105113733046.html,['498'],"['53,468元/平']",0人关注 ,3室1厅1厨1卫,['中楼层/共7层'],['东 南 北'],['平层/精装'],['93.14平米'],['2000年建'],['和旭里小区'],['湖里'],['东渡'],无,暂无数据,['2023-05-20'],['2008-12-10']
1058,['电梯大三房，看山视野开阔， 东南户型好'],https://xm.lianjia.com/ershoufang/105113816911.html,['716'],"['51,272元/平']",0人关注 ,3室2厅1厨2卫,['中楼层/共27层'],['东南'],['平层/精装'],['139.65平米'],['2006年建'],['仙岳海景大厦'],['思明'],['岳阳社区'],有,三梯八户,['2023-05-28'],['2013-01-29']
1059,['瑞景片区，边套精装一房一厅出售，三面采光'],https://xm.lianjia.com/ershoufang/105106800282.html,['286'],"['90,421元/平']",31人关注 ,1室1厅1厨1卫,['中楼层/共15层'],['东'],['平层/精装'],['31.63平米'],['2008年建'],['瑞景苑'],['思明'],['瑞景'],有,两梯二十五户,['2021-03-28'],['2016-05-12']
1060,['大三房厅带阳台朝南，户型好全明结构'],https://xm.lianjia.com/ershoufang/105113533369.html,['239'],"['19,278元/平']",2人关注 ,3室2厅1厨2卫,['高楼层/共27层'],['南'],['平层/简装'],['123.98平米'],['2014年建'],['首开领翔国际'],['翔安'],['新店'],有,两梯三户,['2023-04-30'],['2015-06-12']
1061,['3房户型方正 采光无遮挡 视野好'],https://xm.lianjia.com/ershoufang/105110248673.html,['218'],"['22,994元/平']",0人关注 ,3室2厅1厨1卫,['中楼层/共49层'],['东南'],['平层/精装'],['94.81平米'],['2017年建'],['万科广场幸福里'],['集美'],['厦门北站商业区'],有,三梯五户,['2022-04-10'],['2018-05-22']
1062,['精装3房 保养好 万科物业 交通便利'],https://xm.lianjia.com/ershoufang/105113258213.html,['208'],"['21,724元/平']",0人关注 ,3室2厅1厨1卫,['低楼层/共49层'],['东南'],['平层/精装'],['95.75平米'],['2017年建'],['万科广场幸福里'],['集美'],['厦门北站商业区'],有,三梯五户,['2023-04-05'],['2018-07-04']
1063,['翔安隧道口，花园别墅 奥特莱斯 澳头特色小镇'],https://xm.lianjia.com/ershoufang/105112179051.html,['1030'],"['59,538元/平']",0人关注 ,5室2厅1厨3卫,['低楼层/共3层'],['东 南 北'],['复式/毛坯'],['173平米'],['2016年建'],['世茂御海墅'],['翔安'],['翔安新城'],无,暂无数据,['2022-12-02'],['2019-04-02']
1064,['国际邮轮城二期高档小区，精装一房，视野开阔'],https://xm.lianjia.com/ershoufang/105110235104.html,['502'],"['71,015元/平']",8人关注 ,1室1厅1厨1卫,['低楼层/共30层'],['西南'],['平层/精装'],['70.69平米'],['2011年建'],['国际邮轮城二期'],['湖里'],['邮轮城'],有,两梯四户,['2022-04-08'],['2019-07-09']
1065,['环东海域，地铁口看海精装两房，套内使用面积大'],https://xm.lianjia.com/ershoufang/105115292745.html,['138'],"['23,292元/平']",0人关注 ,2室1厅1厨1卫,['中楼层/共17层'],['南 北'],['平层/精装'],['59.25平米'],['2015年建'],['长荣花园'],['同安'],['环东海域'],有,两梯四户,['2023-11-09'],['2019-03-11']
1066,['满五年   低税费 客厅带阳台朝南'],https://xm.lianjia.com/ershoufang/105110711077.html,['586'],"['55,159元/平']",9人关注 ,3室2厅1厨1卫,['低楼层/共12层'],['南'],['平层/简装'],['106.24平米'],['2005年建'],['福满山庄'],['思明'],['瑞景'],有,一梯三户,['2022-06-10'],['2007-03-09']
1067,['朝南大阳台 正面全海景 双主卧设计 中骏模范社区'],https://xm.lianjia.com/ershoufang/105114951627.html,['860'],"['50,184元/平']",0人关注 ,3室2厅1厨3卫,['中楼层/共18层'],['东南'],['平层/简装'],['171.37平米'],['2008年建'],['中骏蓝湾半岛'],['海沧'],['滨海社区'],有,两梯四户,['2023-10-03'],['2023-03-02']
1068,['滨海上城 单身公寓 看部分海景'],https://xm.lianjia.com/ershoufang/105113397975.html,['270'],"['54,579元/平']",0人关注 ,1室1厅1厨1卫,['高楼层/共30层'],['东'],['平层/简装'],['49.47平米'],['2009年建'],['泉舜滨海上城'],['海沧'],['滨海社区'],有,两梯六户,['2023-04-17'],['2018-04-04']
1069,['融信海上城'],https://xm.lianjia.com/ershoufang/105115887623.html,['92'],"['20,445元/平']",0人关注 ,2室2厅1厨1卫,['中楼层/共26层'],['东南'],['跃层/精装'],['45平米'],['2016年建'],['融信海上城'],['海沧'],['滨海社区'],有,六梯三十四户,['2024-01-17'],['2017-03-03']
1070,['3号楼朝东看海看中庭安静 开发商精装'],https://xm.lianjia.com/ershoufang/105114611174.html,['87'],"['19,334元/平']",0人关注 ,2室2厅1厨1卫,['低楼层/共26层'],['南'],['跃层/精装'],['45平米'],['2016年建'],['融信海上城'],['海沧'],['滨海社区'],有,六梯三十四户,['2023-08-25'],['2018-04-05']
1071,['精装 温馨舒适 采光好 双十旁 户型方正 绿苑新城'],https://xm.lianjia.com/ershoufang/105114128261.html,['369'],"['42,748元/平']",2人关注 ,2室2厅1厨2卫,['低楼层/共18层'],['南'],['平层/精装'],['86.32平米'],['2011年建'],['绿苑新城一组团'],['海沧'],['滨海社区'],有,两梯四户,['2023-07-01'],['2019-01-01']
1072,['禾祥西中山医院地铁口外国语禾祥小大2房建发花园小区'],https://xm.lianjia.com/ershoufang/105113819632.html,['550'],"['67,172元/平']",1人关注 ,2室1厅1厨1卫,['低楼层/共6层'],['东 西'],['平层/精装'],['81.88平米'],['2000年建'],['汇禾新城'],['思明'],['禾祥西路'],无,暂无数据,['2023-05-29'],['2023-05-31']
1073,['房屋产权满二 省5.3%增值税 朝南采光充足'],https://xm.lianjia.com/ershoufang/105114721672.html,['215'],"['34,667元/平']",0人关注 ,2室1厅1厨1卫,['高楼层/共17层'],['北'],['平层/精装'],['62.02平米'],['2013年建'],['滨水二里'],['集美'],['集美新城'],有,两梯四户,['2023-09-05'],['2019-07-18']
1074,['此房满五，洋房采光好，高层视野不错的'],https://xm.lianjia.com/ershoufang/105114082299.html,['200'],"['38,396元/平']",0人关注 ,1室1厅1厨1卫,['中楼层/共11层'],['南'],['平层/精装'],['52.09平米'],['2008年建'],['未来海岸蓝月湾二期'],['海沧'],['未来海岸北师大'],暂无数据,暂无数据,['2023-06-26'],['2016-01-20']
1075,['三房双卫，朝南客厅带阳台，满五年省税费'],https://xm.lianjia.com/ershoufang/105110563663.html,['200'],"['19,380元/平']",11人关注 ,3室2厅1厨2卫,['低楼层/共35层'],['南'],['平层/精装'],['103.2平米'],['2012年建'],['禹洲大学城'],['同安'],['集美其它'],有,三梯十户,['2022-05-20'],['2015-06-08']
1076,['48.84平 朝东面 公园就在门口'],https://xm.lianjia.com/ershoufang/105114258236.html,['93'],"['19,042元/平']",0人关注 ,2室1厅1厨1卫,['低楼层/共26层'],['东'],['跃层/精装'],['48.84平米'],['2016年建'],['融信海上城'],['海沧'],['滨海社区'],有,六梯三十六户,['2023-07-16'],['2017-09-27']
1077,['文园公寓二期 电梯房 空户满五* 停车方便 产权在手'],https://xm.lianjia.com/ershoufang/105107338634.html,['600'],"['72,255元/平']",6人关注 ,2室2厅1厨1卫,['中楼层/共11层'],['南 西'],['平层/精装'],['83.04平米'],['2002年建'],['文园公寓二期'],['思明'],['文园路'],有,两梯六户,['2021-05-16'],['2005-08-01']
1078,['地铁口楼中楼片区延奎实用面积大适合大家庭居住'],https://xm.lianjia.com/ershoufang/105111823870.html,['395'],"['27,567元/平']",1人关注 ,5室2厅1厨2卫,['高楼层/共6层'],['南 北'],['跃层/精装'],['143.29平米'],['2004年建'],['湖景华庭'],['海沧'],['海沧生活区'],无,暂无数据,['2022-10-21'],['2007-09-17']
1079,['近地铁临延奎房子阳光足，户型方正，小区安静，'],https://xm.lianjia.com/ershoufang/105115798580.html,['155'],"['29,257元/平']",0人关注 ,1室1厅1厨1卫,['高楼层/共6层'],['南'],['平层/简装'],['52.98平米'],['2004年建'],['长欣花园'],['海沧'],['海沧生活区'],无,暂无数据,['2024-01-07'],['2019-02-18']
1080,['此房满两年，客厅带阳台朝南，全明结构'],https://xm.lianjia.com/ershoufang/105113661794.html,['205'],"['23,246元/平']",1人关注 ,2室2厅1厨1卫,['中楼层/共26层'],['南'],['平层/精装'],['88.19平米'],['2014年建'],['首开领翔国际'],['翔安'],['新店'],有,两梯三户,['2023-05-13'],['2018-07-19']
1081,['集美新城 世茂IOI万科里商圈  精装三房 BRT地铁'],https://xm.lianjia.com/ershoufang/105113648017.html,['365'],"['28,454元/平']",0人关注 ,3室2厅1厨2卫,['低楼层/共33层'],['南'],['平层/精装'],['128.28平米'],['2013年建'],['莲花尚院'],['集美'],['集美新城'],有,两梯四户,['2023-05-12'],['2011-12-05']
1082,['火车站旁地铁口，08年电梯高层小2房  满5'],https://xm.lianjia.com/ershoufang/105113656286.html,['309'],"['57,974元/平']",0人关注 ,2室1厅1厨1卫,['中楼层/共49层'],['东'],['平层/精装'],['53.3平米'],['2008年建'],['禹洲世贸商城思明'],['思明'],['火车站'],有,五梯二十六户,['2023-05-12'],['2016-11-04']
1083,['高楼看海，边套户型。采光好，视野无遮挡'],https://xm.lianjia.com/ershoufang/105108642458.html,['440'],"['42,815元/平']",5人关注 ,3室2厅1厨2卫,['高楼层/共11层'],['南'],['复式/简装'],['102.77平米'],['2006年建'],['古龙明珠'],['集美'],['集美文教区'],有,一梯四户,['2021-09-04'],['2009-03-06']
1084,['生活区南北通透两房！生活便利！方正格局！'],https://xm.lianjia.com/ershoufang/105107373118.html,['214.6'],"['27,609元/平']",92人关注 ,2室1厅1厨1卫,['低楼层/共6层'],['南 北'],['平层/简装'],['77.73平米'],['2000年建'],['水务宿舍'],['海沧'],['海沧生活区'],无,暂无数据,['2021-05-20'],['2006-07-30']
1085,['有花园的正规两房 出门就是地铁 交通便利业主诚意出售'],https://xm.lianjia.com/ershoufang/105112529476.html,['229'],"['30,267元/平']",1人关注 ,2室1厅1厨1卫,['低楼层/共7层'],['南'],['平层/精装'],['75.66平米'],['2001年建'],['大金门花园'],['海沧'],['海沧生活区'],暂无数据,暂无数据,['2023-02-03'],['2015-02-07']
1086,['花园小区 ，大厨房，看小区中庭泳池'],https://xm.lianjia.com/ershoufang/105110888931.html,['560'],"['68,687元/平']",8人关注 ,2室1厅1厨2卫,['低楼层/共10层'],['东 西'],['平层/简装'],['81.53平米'],['2003年建'],['牡丹园'],['思明'],['松柏'],无,暂无数据,['2022-07-02'],['2004-11-01']
1087,['地铁口 金鸿花园 户型漂亮 满五省税 诚意出售'],https://xm.lianjia.com/ershoufang/105115557380.html,['498'],"['45,117元/平']",0人关注 ,3室2厅1厨2卫,['低楼层/共6层'],['南 北'],['平层/简装'],['110.38平米'],['2000年建'],['金鸿花园'],['湖里'],['金尚'],无,暂无数据,['2023-12-08'],['2009-08-17']
1088,['建发品质 二次 精装修 直接拎包入住 视野无遮挡'],https://xm.lianjia.com/ershoufang/105113110534.html,['468'],"['49,661元/平']",1人关注 ,3室2厅1厨1卫,['低楼层/共39层'],['南'],['平层/精装'],['94.24平米'],['2020年建'],['建发央著一期'],['集美'],['集美新城'],有,两梯四户,['2023-03-23'],['2022-03-25']
1089,['建达花园，04年小区，电梯房，精装修。一房一厅'],https://xm.lianjia.com/ershoufang/105113221565.html,['380'],"['71,416元/平']",0人关注 ,1室1厅1厨1卫,['中楼层/共26层'],['西南'],['平层/精装'],['53.21平米'],['2004年建'],['建达花园'],['思明'],['文灶'],有,两梯七户,['2023-04-01'],['2017-06-05']
1090,['厦门软件园三期万达旁纯别墅大花园'],https://xm.lianjia.com/ershoufang/105111368903.html,['918'],"['66,144元/平']",1人关注 ,5室3厅1厨4卫,['低楼层/共3层'],['东南 北'],['复式/毛坯'],['138.79平米'],['2018年建'],['龙湖原著'],['集美'],['灌口'],暂无数据,暂无数据,['2022-08-29'],['2020-02-28']
1091,['天湖城  地铁口 湖海双景高楼层 外凸阳台 有意境 新装'],https://xm.lianjia.com/ershoufang/105115492821.html,['458'],"['33,969元/平']",0人关注 ,3室2厅1厨2卫,['高楼层/共33层'],['东南'],['平层/精装'],['134.83平米'],['2012年建'],['天湖城'],['海沧'],['海沧区政府'],有,两梯四户,['2023-12-02'],['2022-01-26']
1092,['楼中楼，三面采光，100多平露台，带使用权车位，'],https://xm.lianjia.com/ershoufang/105113024393.html,['1128'],"['53,273元/平']",0人关注 ,5室3厅1厨4卫,['中楼层/共8层'],['南 北'],['复式/精装'],['211.74平米'],['2002年建'],['大唐世家二期'],['湖里'],['大唐世家'],无,暂无数据,['2023-03-15'],['2019-04-18']
1093,['未来橙堡南北通透小户型楼层好业主诚售'],https://xm.lianjia.com/ershoufang/105115288128.html,['86'],"['28,581元/平']",0人关注 ,1室0厅1厨1卫,['中楼层/共5层'],['南 北'],['平层/简装'],['30.09平米'],['2006年建'],['未来橙堡'],['海沧'],['海沧体育中心'],无,暂无数据,['2023-11-09'],['2023-11-09']
1094,['框架电梯大两房 全明户型 厅带阳台朝南 地铁口'],https://xm.lianjia.com/ershoufang/105116347987.html,['388'],"['52,102元/平']",0人关注 ,2室2厅1厨1卫,['中楼层/共8层'],['东 南 北'],['平层/简装'],['74.47平米'],['1998年建'],['金尚小区'],['湖里'],['金尚'],有,一梯两户,['2024-03-14'],['2023-04-17']
1095,['此户型阳台朝南，一梯两户，近中庭和地铁'],https://xm.lianjia.com/ershoufang/105113976177.html,['350'],"['48,470元/平']",0人关注 ,2室2厅1厨1卫,['中楼层/共7层'],['南 北'],['平层/简装'],['72.21平米'],['1999年建'],['金尚小区'],['湖里'],['金尚'],无,暂无数据,['2023-06-13'],['2021-05-21']
1096,['集美文教区  采光好格局方正 低公摊  居家优选房'],https://xm.lianjia.com/ershoufang/105106964308.html,['530'],"['37,621元/平']",11人关注 ,3室2厅1厨2卫,['中楼层/共11层'],['南'],['平层/简装'],['140.88平米'],['2009年建'],['天鹅美苑'],['集美'],['集美文教区'],有,一梯两户,['2021-04-12'],['2011-04-12']
1097,['地铁口朝南大两房，户型方正采光好'],https://xm.lianjia.com/ershoufang/105110323589.html,['565'],"['59,144元/平']",5人关注 ,2室1厅1厨2卫,['低楼层/共32层'],['南'],['平层/简装'],['95.53平米'],['2001年建'],['宝龙中心二期'],['思明'],['莲坂'],有,三梯六户,['2022-04-19'],['2016-04-29']
1098,['赣商海领馆'],https://xm.lianjia.com/ershoufang/105115730429.html,['91'],"['14,215元/平']",0人关注 ,1室1厅1厨1卫,['高楼层/共9层'],['南'],['平层/毛坯'],['64.02平米'],['2017年建'],['赣商海领馆'],['湖里'],['机场区'],有,两梯三十二户,['2023-12-30'],['2023-11-29']
1099,['蓝水郡高层精装修可拎包入住，产权満五省税，看房方便'],https://xm.lianjia.com/ershoufang/105115039687.html,['346'],"['31,113元/平']",1人关注 ,3室2厅1厨2卫,['中楼层/共18层'],['南 北'],['平层/精装'],['111.21平米'],['2008年建'],['未来海岸蓝水郡'],['海沧'],['海沧体育中心'],有,两梯四户,['2023-10-13'],['2009-11-13']
1100,['采光好，全明格局，朝南户型，视野开阔，看中庭。'],https://xm.lianjia.com/ershoufang/105114037752.html,['476'],"['38,823元/平']",1人关注 ,3室2厅1厨2卫,['低楼层/共23层'],['南'],['平层/精装'],['122.61平米'],['2010年建'],['天心岛'],['海沧'],['滨海社区'],有,两梯两户,['2023-06-20'],['2016-08-22']
1101,['一梯二户，南北通透户型，采光充足。'],https://xm.lianjia.com/ershoufang/105112505580.html,['295'],"['24,658元/平']",1人关注 ,3室1厅1厨2卫,['中楼层/共6层'],['南 北'],['平层/精装'],['119.64平米'],['2005年建'],['泉舜星园美第'],['海沧'],['未来海岸北师大'],无,暂无数据,['2023-02-01'],['2016-07-21']
1102,['联发品质 电梯三房 三面采光 视野好 位置好 诚售'],https://xm.lianjia.com/ershoufang/105114712531.html,['463'],"['44,674元/平']",0人关注 ,3室2厅1厨1卫,['中楼层/共7层'],['南'],['平层/简装'],['103.64平米'],['2000年建'],['太微花园'],['湖里'],['金尚'],有,一梯三户,['2023-09-05'],['2000-12-28']
1103,['落地窗 采光好 位置好  交通方便'],https://xm.lianjia.com/ershoufang/105114825968.html,['69.9'],"['22,086元/平']",0人关注 ,1室0厅1厨1卫,['中楼层/共11层'],['北'],['复式/精装'],['31.65平米'],['2012年建'],['永建顶尚'],['湖里'],['枋湖'],有,两梯十八户,['2023-09-17'],['2015-04-08']
1104,['二期全海景大三房  永恒的海景视野  满五*税费低'],https://xm.lianjia.com/ershoufang/105104065167.html,['438'],"['34,254元/平']",18人关注 ,3室2厅1厨2卫,['高楼层/共30层'],['东南'],['平层/毛坯'],['127.87平米'],['2007年建'],['未来海岸蓝月湾二期'],['海沧'],['未来海岸北师大'],有,两梯四户,['2020-04-11'],['2015-03-17']
1105,['地铁口楼中楼片区延奎实用面积大适合大家庭居住'],https://xm.lianjia.com/ershoufang/105111823870.html,['395'],"['27,567元/平']",1人关注 ,5室2厅1厨2卫,['高楼层/共6层'],['南 北'],['跃层/精装'],['143.29平米'],['2004年建'],['湖景华庭'],['海沧'],['海沧生活区'],无,暂无数据,['2022-10-21'],['2007-09-17']
1106,['业主诚售绿苑小区方正格局一房一厅 采光充足 居家选择'],https://xm.lianjia.com/ershoufang/105113538801.html,['180'],"['34,008元/平']",0人关注 ,1室1厅1厨1卫,['低楼层/共17层'],['东南'],['平层/精装'],['52.93平米'],['2007年建'],['绿苑小区一期'],['海沧'],['滨海社区'],有,两梯六户,['2023-05-01'],['2019-11-19']
1107,['大2房 厅带阳台 钢混结构 产权满五年 看房方便'],https://xm.lianjia.com/ershoufang/105114608438.html,['390'],"['44,828元/平']",0人关注 ,2室2厅1厨1卫,['中楼层/共9层'],['南'],['平层/简装'],['87平米'],['1999年建'],['明发花园一期'],['思明'],['前埔'],无,暂无数据,['2023-08-24'],['2000-09-20']
1108,['近地铁临延奎房子阳光足，户型方正，小区安静，'],https://xm.lianjia.com/ershoufang/105115798580.html,['155'],"['29,257元/平']",0人关注 ,1室1厅1厨1卫,['高楼层/共6层'],['南'],['平层/简装'],['52.98平米'],['2004年建'],['长欣花园'],['海沧'],['海沧生活区'],无,暂无数据,['2024-01-07'],['2019-02-18']
1109,['万科精装朝南户型  保养很好  拎包入住'],https://xm.lianjia.com/ershoufang/105114965413.html,['248'],"['28,774元/平']",0人关注 ,2室1厅1厨1卫,['低楼层/共42层'],['东南'],['平层/精装'],['86.19平米'],['2014年建'],['万科金域华府二期'],['集美'],['杏林桥头'],有,三梯五户,['2023-10-05'],['2017-04-21']
1110,['客厅带阳台 ，南北通透 带一个储藏间 精装'],https://xm.lianjia.com/ershoufang/105107092662.html,['475'],"['51,319元/平']",13人关注 ,2室1厅1厨2卫,['低楼层/共7层'],['南 北'],['平层/精装'],['92.56平米'],['2000年建'],['联丰商城'],['思明'],['瑞景'],有,一梯四户,['2021-04-22'],['2017-04-10']
1111,['大2房 厅带阳台 钢混结构 产权满五年 看房方便'],https://xm.lianjia.com/ershoufang/105114608438.html,['390'],"['44,828元/平']",0人关注 ,2室2厅1厨1卫,['中楼层/共9层'],['南'],['平层/简装'],['87平米'],['1999年建'],['明发花园一期'],['思明'],['前埔'],无,暂无数据,['2023-08-24'],['2000-09-20']
1112,"['业主自住装修,通透户型，明厨明卫，楼层好，边套']",https://xm.lianjia.com/ershoufang/105114949226.html,['315'],"['27,337元/平']",0人关注 ,3室2厅1厨2卫,['中楼层/共18层'],['南'],['平层/精装'],['115.23平米'],['2008年建'],['水岸名筑'],['海沧'],['海沧体育中心'],有,两梯三户,['2023-10-02'],['2011-08-05']
1113,['BRT 湾悦城旁 精装复式楼 带车位出售'],https://xm.lianjia.com/ershoufang/105109822669.html,['80'],"['26,909元/平']",4人关注 ,1室1厅1厨1卫,['中楼层/共24层'],['东'],['平层/精装'],['29.73平米'],['2015年建'],['大唐五缘yoho'],['湖里'],['五缘湾'],有,四梯三十六户,['2022-02-18'],['2017-05-09']
1114,['泰地海西中心'],https://xm.lianjia.com/ershoufang/105116595996.html,['270'],"['19,613元/平']",0人关注 ,3室2厅1厨2卫,['低楼层/共30层'],['东南'],['平层/精装'],['137.67平米'],['2015年建'],['泰地海西中心'],['海沧'],['海沧区政府'],有,两梯四户,['2024-04-06'],['2018-08-31']
1115,['文化大厦户型方正 一房改两房  朝南'],https://xm.lianjia.com/ershoufang/105111356611.html,['300'],"['73,620元/平']",0人关注 ,2室1厅1厨1卫,['高楼层/共31层'],['东南'],['平层/简装'],['40.75平米'],['2007年建'],['国际文化大厦'],['思明'],['莲坂'],有,两梯十八户,['2022-08-28'],['2016-07-08']
1116,['近地铁  10年精装电梯2房 总价低 省优延奎'],https://xm.lianjia.com/ershoufang/105116594177.html,['180'],"['30,535元/平']",0人关注 ,2室1厅1厨1卫,['低楼层/共32层'],['西南 西'],['平层/精装'],['58.95平米'],['2013年建'],['海银大厦'],['海沧'],['海沧生活区'],有,三梯十一户,['2024-04-06'],['2024-04-16']
1117,['高楼看海，边套户型。采光好，视野无遮挡'],https://xm.lianjia.com/ershoufang/105108642458.html,['440'],"['42,815元/平']",5人关注 ,3室2厅1厨2卫,['高楼层/共11层'],['南'],['复式/简装'],['102.77平米'],['2006年建'],['古龙明珠'],['集美'],['集美文教区'],有,一梯四户,['2021-09-04'],['2009-03-06']
1118,['火车站旁地铁口，08年电梯高层小2房  满5'],https://xm.lianjia.com/ershoufang/105113656286.html,['309'],"['57,974元/平']",0人关注 ,2室1厅1厨1卫,['中楼层/共49层'],['东'],['平层/精装'],['53.3平米'],['2008年建'],['禹洲世贸商城思明'],['思明'],['火车站'],有,五梯二十六户,['2023-05-12'],['2016-11-04']
1119,['楼中楼，三面采光，100多平露台，带使用权车位，'],https://xm.lianjia.com/ershoufang/105113024393.html,['1128'],"['53,273元/平']",0人关注 ,5室3厅1厨4卫,['中楼层/共8层'],['南 北'],['复式/精装'],['211.74平米'],['2002年建'],['大唐世家二期'],['湖里'],['大唐世家'],无,暂无数据,['2023-03-15'],['2019-04-18']
1120,['有花园的正规两房 出门就是地铁 交通便利业主诚意出售'],https://xm.lianjia.com/ershoufang/105112529476.html,['229'],"['30,267元/平']",1人关注 ,2室1厅1厨1卫,['低楼层/共7层'],['南'],['平层/精装'],['75.66平米'],['2001年建'],['大金门花园'],['海沧'],['海沧生活区'],暂无数据,暂无数据,['2023-02-03'],['2015-02-07']
1121,['建发品质 二次 精装修 直接拎包入住 视野无遮挡'],https://xm.lianjia.com/ershoufang/105113110534.html,['468'],"['49,661元/平']",1人关注 ,3室2厅1厨1卫,['低楼层/共39层'],['南'],['平层/精装'],['94.24平米'],['2020年建'],['建发央著一期'],['集美'],['集美新城'],有,两梯四户,['2023-03-23'],['2022-03-25']
1122,['金海湾 大两房  满五年 朝南向 交通便利'],https://xm.lianjia.com/ershoufang/105111022794.html,['283'],"['28,976元/平']",1人关注 ,2室2厅1厨2卫,['低楼层/共24层'],['西南'],['平层/精装'],['97.67平米'],['2010年建'],['金海湾'],['集美'],['杏林桥头'],有,两梯五户,['2022-07-18'],['2015-04-30']
1123,['隧道口朝南双阳台边套两房，高层采光通风俱佳好房'],https://xm.lianjia.com/ershoufang/105110331293.html,['242'],"['27,826元/平']",3人关注 ,2室1厅1厨1卫,['高楼层/共18层'],['东南'],['平层/简装'],['86.97平米'],['2014年建'],['明发半岛祥湾B区'],['翔安'],['翔安新城'],有,两梯三户,['2022-04-19'],['2017-08-17']
1124,['一线海景房。万科2房2阳台 前后通透，采光视野好'],https://xm.lianjia.com/ershoufang/105116470433.html,['268'],"['32,193元/平']",0人关注 ,2室1厅1厨1卫,['高楼层/共47层'],['南'],['平层/精装'],['83.25平米'],['2015年建'],['万科金域华府二期'],['集美'],['杏林桥头'],有,四梯六户,['2024-03-25'],['2019-03-14']
1125,['高层毛坯格局方正，房东诚意出售，位置安静，看湖景'],https://xm.lianjia.com/ershoufang/105111339272.html,['747'],"['52,440元/平']",2人关注 ,3室2厅1厨2卫,['高楼层/共32层'],['南'],['平层/毛坯'],['142.45平米'],['2019年建'],['莲花首岸和院'],['集美'],['集美新城'],有,两梯四户,['2022-08-26'],['2020-10-23']
1126,['家具家电齐全，通风好采光足，可看湖景，直接拎包.'],https://xm.lianjia.com/ershoufang/105115908084.html,['450'],"['36,714元/平']",0人关注 ,3室2厅1厨2卫,['中楼层/共8层'],['东 西'],['平层/精装'],['122.57平米'],['2014年建'],['水晶湖郡A区'],['集美'],['集美新城'],有,两梯两户,['2024-01-19'],['2018-07-09']
1127,['标准楼中楼，教育家门口，挑高6米，离岛内近'],https://xm.lianjia.com/ershoufang/105110430157.html,['968'],"['55,214元/平']",1人关注 ,5室2厅1厨2卫,['高楼层/共43层'],['南'],['平层/毛坯'],['175.32平米'],['2017年建'],['融侨观邸'],['海沧'],['马銮湾东'],有,两梯一户,['2022-05-02'],['2019-09-16']
1128,['翔安隧道口新会展奥体旁，交通便利进岛快！'],https://xm.lianjia.com/ershoufang/105114532791.html,['268'],"['27,958元/平']",0人关注 ,3室2厅1厨1卫,['中楼层/共31层'],['南'],['平层/精装'],['95.86平米'],['2015年建'],['阳光城翡丽湾二期'],['翔安'],['翔安新城'],有,两梯六户,['2023-08-16'],['2018-07-30']
1129,['建发品质 中式风格 小区自带苏州园林式花园'],https://xm.lianjia.com/ershoufang/105113163335.html,['422'],"['52,843元/平']",0人关注 ,2室2厅1厨1卫,['低楼层/共33层'],['东南'],['平层/精装'],['79.86平米'],['2020年建'],['建发央著二期'],['集美'],['集美新城'],有,两梯四户,['2023-03-27'],['2022-02-11']
1130,['水晶湖郡 精装修 可拎包入住 业主诚意出售'],https://xm.lianjia.com/ershoufang/105110567492.html,['350'],"['40,505元/平']",5人关注 ,2室1厅1厨1卫,['高楼层/共25层'],['东 南'],['平层/精装'],['86.41平米'],['2014年建'],['水晶湖郡A区'],['集美'],['集美新城'],有,两梯四户,['2022-05-21'],['2018-06-22']
1131,['新出好房 怡祥佳苑 改造小区环境好 空户 看房方便'],https://xm.lianjia.com/ershoufang/105111237857.html,['500'],"['71,902元/平']",0人关注 ,2室2厅1厨1卫,['高楼层/共6层'],['南 北'],['平层/简装'],['69.54平米'],['1986年建'],['阳台山路'],['思明'],['文园路'],无,暂无数据,['2022-08-14'],['2018-06-20']
1132,['水晶湖郡双拼别墅 沿湖一排看湖'],https://xm.lianjia.com/ershoufang/105109608896.html,['3050'],"['82,942元/平']",4人关注 ,7室3厅1厨6卫,['低楼层/共3层'],['南'],['跃层/简装'],['367.73平米'],['2015年建'],['住宅·水晶湖郡'],['集美'],['集美新城'],无,暂无数据,['2022-01-04'],['2019-08-29']
1133,['新出好房 文园公寓二期 满五*一  空户 诚意出售'],https://xm.lianjia.com/ershoufang/105111111642.html,['860'],"['68,325元/平']",1人关注 ,3室2厅1厨2卫,['高楼层/共8层'],['南 北'],['平层/简装'],['125.87平米'],['1998年建'],['文园公寓二期'],['思明'],['文园路'],无,暂无数据,['2022-07-29'],['2004-10-10']
1134,['通透四房，低楼层位置安静，有钥匙交通方便。'],https://xm.lianjia.com/ershoufang/105106488360.html,['522'],"['36,591元/平']",17人关注 ,4室2厅1厨2卫,['低楼层/共28层'],['南 北'],['平层/毛坯'],['142.66平米'],['2014年建'],['水晶湖郡A区'],['集美'],['集美新城'],有,两梯三户,['2021-02-27'],['2016-12-31']
1135,['地铁站禹洲新村南北边套格局采光好交通方便'],https://xm.lianjia.com/ershoufang/105112211262.html,['318'],"['48,498元/平']",5人关注 ,2室1厅1厨1卫,['中楼层/共10层'],['南 北'],['平层/精装'],['65.57平米'],['1998年建'],['禹洲新村'],['湖里'],['南山路'],无,暂无数据,['2022-12-06'],['2018-08-23']
1136,['视野广阔，采光充足，交通便利 配套设施齐全'],https://xm.lianjia.com/ershoufang/105107881205.html,['525'],"['41,562元/平']",29人关注 ,3室2厅1厨2卫,['中楼层/共28层'],['南 北'],['平层/简装'],['126.32平米'],['2014年建'],['水晶湖郡A区'],['集美'],['集美新城'],有,两梯三户,['2021-07-07'],['2018-05-19']
1137,['杏林桥头堡 看海无遮挡3房 客厅带大阳台 户型方正'],https://xm.lianjia.com/ershoufang/105110811734.html,['380'],"['33,817元/平']",2人关注 ,3室2厅1厨2卫,['中楼层/共34层'],['东南'],['平层/精装'],['112.37平米'],['2014年建'],['禹洲中央海岸一期'],['集美'],['杏林桥头'],有,三梯六户,['2022-06-22'],['2016-12-13']
1138,['阳光城 一线湖景 方正视野开阔，边套三居室'],https://xm.lianjia.com/ershoufang/105115024274.html,['239'],"['26,636元/平']",0人关注 ,3室1厅1厨1卫,['高楼层/共19层'],['南 北'],['平层/精装'],['89.73平米'],['2019年建'],['阳光城文澜府'],['集美'],['灌口'],有,两梯三户,['2023-10-11'],['2021-01-15']
1139,['东辉小区、业主稳定出售、寻找有元人'],https://xm.lianjia.com/ershoufang/105114504496.html,['305'],"['47,375元/平']",0人关注 ,2室2厅1厨1卫,['中楼层/共7层'],['南'],['平层/简装'],['64.38平米'],['未知年建'],['东辉小区'],['湖里'],['东渡'],无,暂无数据,['2023-08-13'],['1999-09-27']
1140,['地铁站禹洲新村南北边套格局采光好交通方便'],https://xm.lianjia.com/ershoufang/105112211262.html,['318'],"['48,498元/平']",5人关注 ,2室1厅1厨1卫,['中楼层/共10层'],['南 北'],['平层/精装'],['65.57平米'],['1998年建'],['禹洲新村'],['湖里'],['南山路'],无,暂无数据,['2022-12-06'],['2018-08-23']
1141,['新出好房 文园公寓二期 满五*一  空户 诚意出售'],https://xm.lianjia.com/ershoufang/105111111642.html,['860'],"['68,325元/平']",1人关注 ,3室2厅1厨2卫,['高楼层/共8层'],['南 北'],['平层/简装'],['125.87平米'],['1998年建'],['文园公寓二期'],['思明'],['文园路'],无,暂无数据,['2022-07-29'],['2004-10-10']
1142,['视野广阔，采光充足，交通便利 配套设施齐全'],https://xm.lianjia.com/ershoufang/105107881205.html,['525'],"['41,562元/平']",29人关注 ,3室2厅1厨2卫,['中楼层/共28层'],['南 北'],['平层/简装'],['126.32平米'],['2014年建'],['水晶湖郡A区'],['集美'],['集美新城'],有,两梯三户,['2021-07-07'],['2018-05-19']
1143,['地铁口，看房方便，诚意卖！高层视野开阔，精装'],https://xm.lianjia.com/ershoufang/105115376285.html,['295'],"['29,357元/平']",0人关注 ,2室2厅1厨1卫,['低楼层/共30层'],['南 北'],['平层/精装'],['100.49平米'],['2017年建'],['西雅图'],['海沧'],['海沧外国语片区'],有,三梯四户,['2023-11-19'],['2018-09-20']
1144,['生活区延奎500米处两房，边套采光好.'],https://xm.lianjia.com/ershoufang/105105455427.html,['230'],"['26,437元/平']",5人关注 ,2室2厅1厨1卫,['高楼层/共8层'],['南'],['平层/简装'],['87平米'],['2002年建'],['福裕花园'],['海沧'],['海沧生活区'],无,暂无数据,['2020-10-03'],['2003-05-21']
1145,['南北通，户型方正，楼层好，业主诚意出售'],https://xm.lianjia.com/ershoufang/105113752155.html,['219.5'],"['30,627元/平']",0人关注 ,2室1厅1厨1卫,['高楼层/共6层'],['南 北'],['平层/简装'],['71.67平米'],['2000年建'],['沧二小区'],['海沧'],['海沧生活区'],无,暂无数据,['2023-05-22'],['2013-01-22']
1146,['水晶湖郡双拼别墅 沿湖一排看湖'],https://xm.lianjia.com/ershoufang/105109608896.html,['3050'],"['82,942元/平']",4人关注 ,7室3厅1厨6卫,['低楼层/共3层'],['南'],['跃层/简装'],['367.73平米'],['2015年建'],['住宅·水晶湖郡'],['集美'],['集美新城'],无,暂无数据,['2022-01-04'],['2019-08-29']
1147,['杏林桥头堡 看海无遮挡3房 客厅带大阳台 户型方正'],https://xm.lianjia.com/ershoufang/105110811734.html,['380'],"['33,817元/平']",2人关注 ,3室2厅1厨2卫,['中楼层/共34层'],['东南'],['平层/精装'],['112.37平米'],['2014年建'],['禹洲中央海岸一期'],['集美'],['杏林桥头'],有,三梯六户,['2022-06-22'],['2016-12-13']
1148,['火车站 电梯楼中楼 南北通透 户型好 有LT 十佳社区'],https://xm.lianjia.com/ershoufang/105116046436.html,['1085'],"['59,297元/平']",0人关注 ,4室2厅1厨2卫,['高楼层/共8层'],['南 北'],['跃层/简装'],['182.98平米'],['2004年建'],['东坪山庄'],['思明'],['火车站'],有,一梯两户,['2024-02-18'],['2016-03-22']
1149,['荐|《独门独户》边套南北户型，高层海景房，诚意出售'],https://xm.lianjia.com/ershoufang/105110194041.html,['269'],"['28,391元/平']",4人关注 ,3室2厅1厨2卫,['高楼层/共33层'],['南'],['平层/精装'],['94.75平米'],['2015年建'],['阳光城翡丽湾二期'],['翔安'],['翔安新城'],有,两梯六户,['2022-04-02'],['2016-04-13']
1150,['集美边套精装三房，外国语，建发品质'],https://xm.lianjia.com/ershoufang/105113162817.html,['500'],"['53,073元/平']",0人关注 ,3室2厅1厨1卫,['低楼层/共39层'],['南'],['平层/精装'],['94.21平米'],['2021年建'],['建发央著一期'],['集美'],['集美新城'],有,两梯四户,['2023-03-27'],['2022-02-08']
1151,['莲花新城三期 高楼层 自住精装 满五'],https://xm.lianjia.com/ershoufang/105115541948.html,['330'],"['35,703元/平']",0人关注 ,3室2厅1厨1卫,['高楼层/共33层'],['东南'],['平层/精装'],['92.43平米'],['2017年建'],['莲花新城三期'],['集美'],['集美新城'],有,两梯四户,['2023-12-07'],['2017-10-20']
1152,['集美新城，边套户型，三面采光，通透户型'],https://xm.lianjia.com/ershoufang/105113180408.html,['300'],"['34,192元/平']",2人关注 ,2室2厅1厨1卫,['高楼层/共17层'],['南'],['平层/简装'],['87.74平米'],['2019年建'],['莲花国际A区'],['集美'],['集美新城'],有,四梯三户,['2023-03-29'],['2020-12-17']
1153,['沧翔路花园 精装修3房只要260万 方便看房子'],https://xm.lianjia.com/ershoufang/105113396573.html,['253'],"['27,260元/平']",0人关注 ,3室1厅1厨1卫,['高楼层/共7层'],['南'],['平层/简装'],['92.81平米'],['2000年建'],['沧翔路花园'],['海沧'],['海沧生活区'],无,暂无数据,['2023-04-17'],['2011-03-11']
1154,['精装大三房 看湖海双景 距离地铁1号线园博苑站300米'],https://xm.lianjia.com/ershoufang/105113210306.html,['458'],"['33,160元/平']",1人关注 ,4室2厅1厨1卫,['中楼层/共41层'],['东 东南 南'],['平层/精装'],['138.12平米'],['2016年建'],['禹洲中央海岸二期'],['集美'],['杏林桥头'],有,三梯六户,['2023-03-31'],['2016-01-09']
1155,['精装大三房，舒适楼层，诚意出售，看房方便'],https://xm.lianjia.com/ershoufang/105114418391.html,['260'],"['20,616元/平']",1人关注 ,3室1厅1厨2卫,['高楼层/共7层'],['东南'],['平层/精装'],['126.12平米'],['1998年建'],['信发楼'],['海沧'],['海沧生活区'],无,暂无数据,['2023-08-03'],['2010-01-08']
1156,['欣华花园，精装两房，三面采光，交通便利，视野宽阔!'],https://xm.lianjia.com/ershoufang/105114770641.html,['195'],"['30,484元/平']",8人关注 ,2室1厅1厨1卫,['高楼层/共7层'],['东 南'],['平层/精装'],['63.97平米'],['1997年建'],['欣华花园'],['湖里'],['湖里大道'],无,暂无数据,['2023-09-11'],['2020-05-13']
1157,['翔安桥头，精品小区，精装三房，满二，小区环境好'],https://xm.lianjia.com/ershoufang/105110945428.html,['230'],"['26,636元/平']",3人关注 ,3室1厅1厨1卫,['低楼层/共31层'],['南 北'],['平层/精装'],['86.35平米'],['2018年建'],['世茂御海墅'],['翔安'],['翔安新城'],有,两梯五户,['2022-07-08'],['2019-07-24']
1158,['美地雅登祥吴二里 1室1厅 南 北'],https://xm.lianjia.com/ershoufang/105112621673.html,['138'],"['22,784元/平']",0人关注 ,1室1厅1厨1卫,['低楼层/共18层'],['南 北'],['平层/精装'],['60.57平米'],['2009年建'],['美地雅登祥吴二里'],['翔安'],['新店'],有,两梯四户,['2023-02-11'],['2019-10-29']
1159,['国企好房小区东边套优质好的户型中间楼层'],https://xm.lianjia.com/ershoufang/105115799384.html,['368'],"['26,352元/平']",0人关注 ,3室2厅1厨2卫,['中楼层/共25层'],['南'],['平层/精装'],['139.65平米'],['2012年建'],['美地雅登祥吴六里'],['翔安'],['新店'],有,两梯两户,['2024-01-07'],['2013-07-31']
1160,['中A复式高档装修，带车位一起，高层视野宽阔'],https://xm.lianjia.com/ershoufang/105107681765.html,['715'],"['43,630元/平']",9人关注 ,4室2厅1厨3卫,['高楼层/共31层'],['南'],['跃层/精装'],['163.88平米'],['2015年建'],['中航城A区'],['集美'],['杏锦路'],有,两梯三户,['2021-06-20'],['2021-05-13']
1161,['福达里单身公寓 高层西南朝向 总价低 诚意卖！'],https://xm.lianjia.com/ershoufang/105114925775.html,['253'],"['71,814元/平']",0人关注 ,1室1厅1厨1卫,['中楼层/共26层'],['西南'],['平层/简装'],['35.23平米'],['2011年建'],['福达里'],['思明'],['七星路'],有,两梯六户,['2023-09-28'],['2018-06-08']
1162,['莲坂地铁口  交通便利  小户型  封闭式花园小区'],https://xm.lianjia.com/ershoufang/105109942732.html,['226'],"['71,204元/平']",12人关注 ,1室1厅1厨1卫,['高楼层/共11层'],['北'],['平层/精装'],['31.74平米'],['2001年建'],['大洲新世纪广场'],['思明'],['富山'],有,一梯十七户,['2022-03-02'],['2008-12-11']
1163,['BRT总站旁，3房无遮挡全明户型，小区安静宜居'],https://xm.lianjia.com/ershoufang/105111091196.html,['400'],"['48,333元/平']",7人关注 ,3室2厅1厨1卫,['低楼层/共7层'],['南 北'],['平层/精装'],['82.76平米'],['1998年建'],['前埔南区文兴东二里'],['思明'],['前埔'],无,暂无数据,['2022-07-27'],['2016-02-15']
1164,['阳光城 正规三房 精装修 不看塔 诚意出售'],https://xm.lianjia.com/ershoufang/105116219380.html,['210'],"['24,348元/平']",0人关注 ,3室2厅1厨1卫,['低楼层/共19层'],['南'],['平层/精装'],['86.25平米'],['未知年建'],['阳光城文澜府'],['集美'],['灌口'],暂无数据,暂无数据,['2024-03-03'],['2022-01-25']
1165,['业主诚意出售，看房方便随时约。配套完善，刚需自住'],https://xm.lianjia.com/ershoufang/105115720594.html,['255'],"['39,450元/平']",2人关注 ,3室2厅1厨1卫,['中楼层/共26层'],['北'],['平层/精装'],['64.64平米'],['2012年建'],['泉水湾二期'],['集美'],['集美其它'],有,两梯六户,['2023-12-28'],['2018-05-03']
1166,['环东海域，业主诚意出售，小套低总价少公摊，得房率高'],https://xm.lianjia.com/ershoufang/105110766339.html,['127'],"['24,800元/平']",4人关注 ,1室1厅1厨1卫,['高楼层/共34层'],['西北'],['平层/精装'],['51.21平米'],['2011年建'],['禹洲大学城'],['同安'],['集美其它'],有,三梯六户,['2022-06-17'],['2019-05-23']
1167,['古兴里，电梯中间楼层东边套明厨自住装修安静舒适'],https://xm.lianjia.com/ershoufang/105115661950.html,['499'],"['45,953元/平']",0人关注 ,3室2厅1厨2卫,['中楼层/共17层'],['西南'],['平层/简装'],['108.59平米'],['2000年建'],['古兴里'],['思明'],['前埔'],有,两梯六户,['2023-12-21'],['2004-01-15']
1168,"['海投尚书房,精装2房,交通便利,购物便捷']",https://xm.lianjia.com/ershoufang/105112888355.html,['188'],"['24,540元/平']",0人关注 ,2室2厅1厨1卫,['高楼层/共18层'],['南'],['平层/精装'],['76.61平米'],['2018年建'],['海投尚书房'],['海沧'],['马銮湾中心片区'],有,两梯四户,['2023-03-04'],['2019-10-14']
1169,['中航城A区复试四房边套一线湖景'],https://xm.lianjia.com/ershoufang/105113563255.html,['780'],"['49,408元/平']",1人关注 ,4室1厅1厨3卫,['中楼层/共29层'],['东南'],['跃层/精装'],['157.87平米'],['2016年建'],['中航城A区'],['集美'],['杏锦路'],有,两梯八户,['2023-05-04'],['2020-06-12']
1170,['南北朝向格局，采光好，全明户型，满二'],https://xm.lianjia.com/ershoufang/105110446160.html,['330'],"['40,073元/平']",3人关注 ,3室2厅1厨1卫,['高楼层/共18层'],['东 南'],['平层/精装'],['82.35平米'],['2016年建'],['恒亿尚品湾（1/2/5/6期）'],['同安'],['环东海域'],有,两梯四户,['2022-05-04'],['2017-04-20']
1171,['文教区产权满五 南北通透 中间楼层 采光好 户型方正'],https://xm.lianjia.com/ershoufang/105116194589.html,['308'],"['39,117元/平']",0人关注 ,3室2厅1厨1卫,['中楼层/共8层'],['南 北'],['平层/精装'],['78.74平米'],['2002年建'],['集美中心花园'],['集美'],['集美文教区'],无,暂无数据,['2024-03-01'],['2004-06-02']
1172,['南部新城建发醇熟社区，地铁口，商场旁'],https://xm.lianjia.com/ershoufang/105114719287.html,['298'],"['33,152元/平']",2人关注 ,3室2厅1厨1卫,['低楼层/共18层'],['南'],['平层/简装'],['89.89平米'],['未知年建'],['建发翔城国际北区'],['翔安'],['翔安新城'],有,两梯三户,['2023-09-05'],['2014-12-15']
1173,['一梯两户，二楼南北通透，三房户型，好楼层'],https://xm.lianjia.com/ershoufang/105111409702.html,['480'],"['52,197元/平']",3人关注 ,3室2厅1厨1卫,['中楼层/共8层'],['南 北'],['平层/精装'],['91.96平米'],['2003年建'],['文屏山庄'],['思明'],['文灶'],无,暂无数据,['2022-09-02'],['2005-11-29']
1174,['此房是05年带电梯，房子是复式小两房，适合刚需客户'],https://xm.lianjia.com/ershoufang/105113251751.html,['260'],"['74,265元/平']",0人关注 ,2室2厅1厨2卫,['中楼层/共9层'],['南'],['复式/精装'],['35.01平米'],['2005年建'],['古龙公寓'],['湖里'],['保税区'],有,一梯十六户,['2023-04-04'],['2019-08-27']
1175,['振华大厦、业主稳定出售、寻找有元人'],https://xm.lianjia.com/ershoufang/105114681319.html,['228'],"['40,163元/平']",0人关注 ,1室1厅1厨1卫,['低楼层/共28层'],['南'],['平层/精装'],['56.77平米'],['2003年建'],['振华大厦'],['湖里'],['邮轮城'],有,两梯二十四户,['2023-09-01'],['2004-12-15']
1176,['高楼层 ，格局采光好 ，视野开阔'],https://xm.lianjia.com/ershoufang/105111438091.html,['253'],"['21,571元/平']",2人关注 ,4室1厅1厨2卫,['中楼层/共12层'],['南'],['平层/毛坯'],['117.29平米'],['2017年建'],['禹洲卢卡小镇'],['翔安'],['新店'],有,两梯两户,['2022-09-06'],['2019-09-05']
1177,['莲坂地铁口  交通便利  小户型  封闭式花园小区'],https://xm.lianjia.com/ershoufang/105109942732.html,['226'],"['71,204元/平']",12人关注 ,1室1厅1厨1卫,['高楼层/共11层'],['北'],['平层/精装'],['31.74平米'],['2001年建'],['大洲新世纪广场'],['思明'],['富山'],有,一梯十七户,['2022-03-02'],['2008-12-11']
1178,['精装，高层朝南两房，看海，视野无遮挡'],https://xm.lianjia.com/ershoufang/105115998989.html,['620'],"['67,421元/平']",0人关注 ,2室1厅1厨1卫,['高楼层/共24层'],['东南'],['平层/精装'],['91.96平米'],['2005年建'],['明发海景苑'],['思明'],['会展中心'],有,两梯四户,['2024-02-01'],['2005-05-27']
1179,['联丰商城 5室2厅 南 北'],https://xm.lianjia.com/ershoufang/105114640754.html,['508'],"['75,349元/平']",0人关注 ,5室2厅1厨2卫,['高楼层/共7层'],['南 北'],['平层/精装'],['67.42平米'],['2000年建'],['联丰商城'],['思明'],['瑞景'],有,一梯四户,['2023-08-28'],['2017-08-28']
1180,['非热点 空户金榜小 火车站旁 三梯八户 高层朝南视野好'],https://xm.lianjia.com/ershoufang/105114659742.html,['599'],"['58,508元/平']",0人关注 ,3室2厅1厨1卫,['高楼层/共28层'],['东 南'],['平层/精装'],['102.38平米'],['1999年建'],['银河大厦'],['思明'],['火车站'],有,三梯十五户,['2023-08-30'],['2021-01-20']
1181,['集美新城，边套户型，三面采光，通透户型'],https://xm.lianjia.com/ershoufang/105113180408.html,['300'],"['34,192元/平']",2人关注 ,2室2厅1厨1卫,['高楼层/共17层'],['南'],['平层/简装'],['87.74平米'],['2019年建'],['莲花国际A区'],['集美'],['集美新城'],有,四梯三户,['2023-03-29'],['2020-12-17']
1182,['朝南三房 户型方正 采光好 位置安静 产权满五年'],https://xm.lianjia.com/ershoufang/105109768487.html,['570'],"['65,586元/平']",2人关注 ,2室2厅1厨1卫,['低楼层/共14层'],['南 北'],['平层/简装'],['86.91平米'],['2012年建'],['水晶APPLE'],['湖里'],['枋湖'],有,两梯四户,['2022-02-12'],['2016-04-06']
1183,['实-小，明年可上，方便看房，满二省税'],https://xm.lianjia.com/ershoufang/105110584095.html,['700'],"['225,371元/平']",1人关注 ,1室0厅1厨1卫,['中楼层/共30层'],['东北'],['平层/精装'],['31.06平米'],['2009年建'],['新华城'],['思明'],['实验小学及周边'],有,两梯四户,['2022-05-23'],['2010-10-02']
1184,['业主自住装修，通透户型，明厨明卫楼层好边套'],https://xm.lianjia.com/ershoufang/105114920516.html,['338'],"['29,621元/平']",0人关注 ,3室2厅1厨2卫,['中楼层/共18层'],['南 西南'],['平层/精装'],['114.11平米'],['2008年建'],['水岸名筑'],['海沧'],['海沧体育中心'],有,两梯三户,['2023-09-27'],['2012-09-24']
1185,['经典户型 3房普通装修。朝南 拎包入住'],https://xm.lianjia.com/ershoufang/105114990523.html,['399.6'],"['29,688元/平']",0人关注 ,3室2厅1厨2卫,['低楼层/共31层'],['南 北'],['平层/精装'],['134.6平米'],['2015年建'],['联发杏林湾一号三期'],['集美'],['杏林桥头'],有,三梯五户,['2023-10-08'],['2023-03-08']
1186,['莲花新城三期 高楼层 自住精装 满五'],https://xm.lianjia.com/ershoufang/105115541948.html,['330'],"['35,703元/平']",0人关注 ,3室2厅1厨1卫,['高楼层/共33层'],['东南'],['平层/精装'],['92.43平米'],['2017年建'],['莲花新城三期'],['集美'],['集美新城'],有,两梯四户,['2023-12-07'],['2017-10-20']
1187,['生活区南北通透两房！生活便利！方正格局！'],https://xm.lianjia.com/ershoufang/105107373118.html,['214.6'],"['27,609元/平']",92人关注 ,2室1厅1厨1卫,['低楼层/共6层'],['南 北'],['平层/简装'],['77.73平米'],['2000年建'],['水务宿舍'],['海沧'],['海沧生活区'],无,暂无数据,['2021-05-20'],['2006-07-30']
1188,['金尚小区 两房出售 边套户型 小区中间位置'],https://xm.lianjia.com/ershoufang/105114996959.html,['325'],"['44,062元/平']",0人关注 ,2室1厅1厨1卫,['低楼层/共8层'],['南 北'],['平层/简装'],['73.76平米'],['1999年建'],['金尚小区'],['湖里'],['金尚'],无,暂无数据,['2023-10-08'],['2020-01-08']
1189,['荐|《独门独户》边套南北户型，高层海景房，诚意出售'],https://xm.lianjia.com/ershoufang/105110194041.html,['269'],"['28,391元/平']",4人关注 ,3室2厅1厨2卫,['高楼层/共33层'],['南'],['平层/精装'],['94.75平米'],['2015年建'],['阳光城翡丽湾二期'],['翔安'],['翔安新城'],有,两梯六户,['2022-04-02'],['2016-04-13']
1190,['BRT总站旁，3房无遮挡全明户型，小区安静宜居'],https://xm.lianjia.com/ershoufang/105111091196.html,['400'],"['48,333元/平']",7人关注 ,3室2厅1厨1卫,['低楼层/共7层'],['南 北'],['平层/精装'],['82.76平米'],['1998年建'],['前埔南区文兴东二里'],['思明'],['前埔'],无,暂无数据,['2022-07-27'],['2016-02-15']
1191,['精装大三房 看湖海双景 距离地铁1号线园博苑站300米'],https://xm.lianjia.com/ershoufang/105113210306.html,['458'],"['33,160元/平']",1人关注 ,4室2厅1厨1卫,['中楼层/共41层'],['东 东南 南'],['平层/精装'],['138.12平米'],['2016年建'],['禹洲中央海岸二期'],['集美'],['杏林桥头'],有,三梯六户,['2023-03-31'],['2016-01-09']
1192,['沧翔路花园 精装修3房只要260万 方便看房子'],https://xm.lianjia.com/ershoufang/105113396573.html,['253'],"['27,260元/平']",0人关注 ,3室1厅1厨1卫,['高楼层/共7层'],['南'],['平层/简装'],['92.81平米'],['2000年建'],['沧翔路花园'],['海沧'],['海沧生活区'],无,暂无数据,['2023-04-17'],['2011-03-11']
1193,['滨海社区 精装4室 看海 拎包即住 邻校而居'],https://xm.lianjia.com/ershoufang/105115697602.html,['1058'],"['54,956元/平']",1人关注 ,4室2厅1厨3卫,['中楼层/共32层'],['南 北'],['平层/精装'],['192.52平米'],['2011年建'],['海晟维多利亚'],['海沧'],['滨海社区'],有,三梯四户,['2023-12-26'],['2013-06-07']
1194,['2000年式小区 精装修两房 满5年楼层好拎包入住诚意出'],https://xm.lianjia.com/ershoufang/105114196298.html,['350'],"['45,520元/平']",0人关注 ,2室2厅1厨1卫,['中楼层/共7层'],['东北'],['平层/精装'],['76.89平米'],['2000年建'],['濠头村新庄园'],['湖里'],['东渡'],无,暂无数据,['2023-07-09'],['2016-03-10']
1195,['集美新城双地铁诚毅学习，龙湖复式楼中楼'],https://xm.lianjia.com/ershoufang/105113920053.html,['376'],"['36,626元/平']",0人关注 ,4室2厅1厨2卫,['高楼层/共33层'],['南 北'],['跃层/简装'],['102.66平米'],['2016年建'],['龙湖春江郦城一期'],['集美'],['杏北'],有,两梯六户,['2023-06-08'],['2020-03-31']
1196,['集美边套精装三房，外国语，建发品质'],https://xm.lianjia.com/ershoufang/105113162817.html,['500'],"['53,073元/平']",0人关注 ,3室2厅1厨1卫,['低楼层/共39层'],['南'],['平层/精装'],['94.21平米'],['2021年建'],['建发央著一期'],['集美'],['集美新城'],有,两梯四户,['2023-03-27'],['2022-02-08']
1197,['集美新城地铁口精装三房，近软三杏林湾，沿湖环境好'],https://xm.lianjia.com/ershoufang/105110360458.html,['355'],"['39,920元/平']",4人关注 ,3室2厅1厨1卫,['低楼层/共33层'],['东南'],['平层/精装'],['88.93平米'],['2017年建'],['莲花新城三期'],['集美'],['集美新城'],有,两梯四户,['2022-04-22'],['2020-07-13']
1198,['此房格局方正  采光通风好 带双阳台'],https://xm.lianjia.com/ershoufang/105108876330.html,['455'],"['47,770元/平']",23人关注 ,3室1厅1厨1卫,['高楼层/共7层'],['南'],['平层/简装'],['95.25平米'],['1999年建'],['太微花园'],['湖里'],['金尚'],有,一梯两户,['2021-09-28'],['2021-09-29']
1199,['火车站  精装两房  看房方便  诚意出售'],https://xm.lianjia.com/ershoufang/105113582540.html,['249'],"['56,335元/平']",25人关注 ,2室1厅1厨1卫,['高楼层/共6层'],['南'],['平层/精装'],['44.2平米'],['1988年建'],['金榜铁路家园'],['思明'],['火车站'],有,一梯三户,['2023-05-06'],['2020-05-07']
1200,['房东诚意卖房，此房高层视野无遮挡，湖海双景'],https://xm.lianjia.com/ershoufang/105113140398.html,['560'],"['36,655元/平']",1人关注 ,4室2厅1厨2卫,['中楼层/共33层'],['东南'],['平层/精装'],['152.78平米'],['2012年建'],['天湖城'],['海沧'],['海沧区政府'],有,两梯四户,['2023-03-25'],['2019-02-21']
1201,['东浦路 人民 瓷厂宿舍4房 实际使用两层 低总价'],https://xm.lianjia.com/ershoufang/105114913201.html,['245'],"['54,192元/平']",2人关注 ,4室2厅1厨2卫,['高楼层/共8层'],['南 北'],['平层/精装'],['45.21平米'],['1992年建'],['瓷厂宿舍'],['思明'],['火车站'],无,暂无数据,['2023-09-27'],['2019-02-25']
1202,['中海品质4房，海景 湖景饱收眼底。保养精致'],https://xm.lianjia.com/ershoufang/105112814768.html,['460'],"['34,447元/平']",1人关注 ,4室2厅1厨2卫,['中楼层/共34层'],['南'],['平层/精装'],['133.54平米'],['2013年建'],['中海寰宇天下'],['集美'],['杏林桥头'],有,两梯四户,['2023-02-26'],['2015-04-16']
1203,['中海锦国际 正规三房 高楼层 位置好'],https://xm.lianjia.com/ershoufang/105112986064.html,['198'],"['20,213元/平']",1人关注 ,高楼层 (共33层),['高楼层/共33层'],['南 北'],['平层/简装'],['97.96平米'],['2015年建'],['中海锦城国际'],['集美'],['锦园'],,,['2023-03-12'],['2019-04-10']
1204,['建发品质  精装交付  空户空XUE位  满两年 看房方便'],https://xm.lianjia.com/ershoufang/105113070367.html,['450'],"['56,103元/平']",0人关注 ,2室2厅1厨1卫,['低楼层/共27层'],['南'],['平层/精装'],['80.21平米'],['2020年建'],['建发央著二期'],['集美'],['集美新城'],有,两梯四户,['2023-03-19'],['2022-02-11']
1205,"['环东海域精装，诚意出售，拎包入住,边套户型']",https://xm.lianjia.com/ershoufang/105112735500.html,['199'],"['22,166元/平']",1人关注 ,3室2厅1厨1卫,['中楼层/共6层'],['南'],['平层/精装'],['89.78平米'],['2009年建'],['彩虹湾'],['同安'],['环东海域'],有,一梯两户,['2023-02-20'],['2020-07-24']
1206,['融信海上城 海景 海景视野全景 方便看 有钥匙'],https://xm.lianjia.com/ershoufang/105112914528.html,['145'],"['23,659元/平']",0人关注 ,3室2厅1厨2卫,['低楼层/共26层'],['南'],['跃层/精装'],['61.29平米'],['2016年建'],['融信海上城'],['海沧'],['滨海社区'],有,六梯二十户,['2023-03-06'],['2018-02-16']
1207,['中交洋房户型，公摊低，户数少，居住舒适度高~'],https://xm.lianjia.com/ershoufang/105109456662.html,['580'],"['50,940元/平']",32人关注 ,3室2厅1厨2卫,['高楼层/共9层'],['南'],['平层/毛坯'],['113.86平米'],['2015年建'],['中交和美新城一期'],['集美'],['集美新城'],有,两梯两户,['2021-12-10'],['2018-03-19']
1208,['此房满五年，精装修，采光充足，近地铁'],https://xm.lianjia.com/ershoufang/105113127405.html,['335'],"['36,826元/平']",1人关注 ,3室2厅1厨1卫,['低楼层/共33层'],['南'],['平层/精装'],['90.97平米'],['2017年建'],['莲花新城三期'],['集美'],['集美新城'],有,两梯四户,['2023-03-24'],['2017-09-07']
1209,['翔安隧道口， 进出岛方便，毛坯，低总价'],https://xm.lianjia.com/ershoufang/105110333906.html,['32'],"['8,007元/平']",20人关注 ,1室1厅0厨1卫,['高楼层/共25层'],['南'],['平层/毛坯'],['39.97平米'],['2017年建'],['信洲大厦'],['翔安'],['翔安新城'],有,六梯三十六户,['2022-04-20'],['2019-06-13']
1210,['文灶BRT地铁口 户型好 电梯正规三房 户型通透 自住装'],https://xm.lianjia.com/ershoufang/105108802767.html,['760'],"['63,524元/平']",20人关注 ,3室2厅1厨2卫,['中楼层/共31层'],['东南'],['平层/简装'],['119.64平米'],['1999年建'],['文屏大厦'],['思明'],['文灶'],有,三梯八户,['2021-09-19'],['2019-06-18']
1211,['电梯房，两梯两户，客厅朝南，中高楼层，采光好'],https://xm.lianjia.com/ershoufang/105113949719.html,['520'],"['35,979元/平']",1人关注 ,4室2厅1厨2卫,['中楼层/共19层'],['南 北'],['平层/简装'],['144.53平米'],['2007年建'],['集美中心花园'],['集美'],['集美文教区'],有,两梯两户,['2023-06-10'],['2016-04-29']
1212,['电梯四房  出门地铁口  交通便利  公摊小可以拎包入住'],https://xm.lianjia.com/ershoufang/105114221529.html,['326'],"['23,875元/平']",0人关注 ,5室2厅1厨2卫,['中楼层/共8层'],['东南'],['平层/精装'],['136.55平米'],['1996年建'],['大金门花园'],['海沧'],['海沧生活区'],有,一梯两户,['2023-07-12'],['2021-07-03']
1213,['白鹤山路 电梯大两房 南北朝向 格局方正 采光好'],https://xm.lianjia.com/ershoufang/105114217594.html,['398'],"['71,998元/平']",1人关注 ,2室1厅1厨1卫,['中楼层/共5层'],['南 北'],['平层/简装'],['55.28平米'],['1987年建'],['白鹤山路'],['思明'],['文园路'],无,暂无数据,['2023-07-11'],['2020-07-16']
1214,['近地铁口 朝东南边套 全明格局 采光好 精装 业主诚售'],https://xm.lianjia.com/ershoufang/105110687667.html,['399'],"['17,890元/平']",1人关注 ,4室2厅1厨3卫,['低楼层/共29层'],['东南'],['平层/精装'],['223.03平米'],['2015年建'],['泰地海西中心'],['海沧'],['海沧区政府'],有,两梯两户,['2022-06-07'],['2017-07-31']
1215,['前埔北区一里 96平 一梯两户 南北通透'],https://xm.lianjia.com/ershoufang/105115647126.html,['430'],"['44,574元/平']",1人关注 ,3室2厅1厨2卫,['低楼层/共6层'],['南 北'],['平层/精装'],['96.47平米'],['2001年建'],['前埔北区一里'],['思明'],['前埔'],无,暂无数据,['2023-12-19'],['2005-10-18']
1216,['楼中楼有两个露天阳台，有阁楼，南北朝向，采光通风好'],https://xm.lianjia.com/ershoufang/105112527028.html,['478'],"['32,368元/平']",0人关注 ,3室2厅1厨2卫,['高楼层/共8层'],['南 北'],['跃层/简装'],['147.68平米'],['2009年建'],['集美中心花园'],['集美'],['集美文教区'],无,暂无数据,['2023-02-03'],['2010-05-07']
1217,['吕岭花园 精装 中楼层  东南北朝向 江头地铁口'],https://xm.lianjia.com/ershoufang/105114192706.html,['478'],"['45,524元/平']",1人关注 ,3室2厅1厨2卫,['中楼层/共7层'],['南 北'],['平层/精装'],['105平米'],['1997年建'],['吕岭花园'],['湖里'],['金尚'],无,暂无数据,['2023-07-08'],['2017-01-23']
1218,['泰和花园  2号线 地铁口  框架结构'],https://xm.lianjia.com/ershoufang/105114039071.html,['435'],"['42,875元/平']",3人关注 ,3室2厅1厨1卫,['中楼层/共8层'],['东'],['平层/精装'],['101.46平米'],['1998年建'],['泰和花园'],['湖里'],['金尚'],无,暂无数据,['2023-06-20'],['2021-02-25']
1219,['南部新城  叠墅 站进岛   业主急售'],https://xm.lianjia.com/ershoufang/105115080999.html,['390'],"['32,954元/平']",5人关注 ,4室2厅1厨3卫,['中楼层/共6层'],['南'],['跃层/精装'],['118.35平米'],['未知年建'],['世茂国风宸曦'],['翔安'],['翔安新城'],有,三梯两户,['2023-10-17'],['2023-10-15']
1220,['金彩花苑 正规大两房 双卫 地铁口'],https://xm.lianjia.com/ershoufang/105113090509.html,['390'],"['47,336元/平']",1人关注 ,2室2厅1厨2卫,['高楼层/共6层'],['东 西'],['平层/简装'],['82.39平米'],['未知年建'],['金彩花苑'],['湖里'],['金尚'],无,暂无数据,['2023-03-21'],['2005-09-28']
1221,['火车站 禹洲世贸商城  房间无柱子'],https://xm.lianjia.com/ershoufang/105113350792.html,['286'],"['50,282元/平']",1人关注 ,1室1厅1厨1卫,['低楼层/共49层'],['西北'],['平层/简装'],['56.88平米'],['2008年建'],['禹洲世贸商城思明'],['思明'],['火车站'],有,五梯二十六户,['2023-04-13'],['2019-11-18']
1222,['杏林桥头 全新精装修 三房两厅一卫双阳台，海景房'],https://xm.lianjia.com/ershoufang/105114877600.html,['306'],"['32,046元/平']",0人关注 ,2室2厅1厨1卫,['低楼层/共31层'],['南'],['平层/精装'],['95.49平米'],['2016年建'],['禹洲中央海岸三期'],['集美'],['杏林桥头'],有,三梯六户,['2023-09-22'],['2018-09-25']
1223,['全南高层看湖 视野无遮挡，采光充足， 产权满二'],https://xm.lianjia.com/ershoufang/105112310745.html,['260'],"['29,171元/平']",5人关注 ,2室2厅1厨1卫,['中楼层/共33层'],['南'],['平层/简装'],['89.13平米'],['2013年建'],['莲花尚院'],['集美'],['集美新城'],有,两梯四户,['2022-12-20'],['2017-12-20']
1224,['莲坂电梯高层朝东南向复式楼中楼'],https://xm.lianjia.com/ershoufang/105112522120.html,['550'],"['81,809元/平']",0人关注 ,3室1厅1厨1卫,['高楼层/共11层'],['东 东南'],['平层/毛坯'],['67.23平米'],['2007年建'],['源昌商业中心'],['思明'],['富山'],有,一梯七户,['2023-02-02'],['2015-07-01']
1225,['水晶精装房丨南北双面看内外胡静丨位置安静'],https://xm.lianjia.com/ershoufang/105113100309.html,['539'],"['41,520元/平']",1人关注 ,4室2厅1厨2卫,['低楼层/共32层'],['南 北'],['平层/精装'],['129.82平米'],['2014年建'],['住宅·水晶湖郡'],['集美'],['集美新城'],有,两梯三户,['2023-03-22'],['2020-07-21']
1226,['水晶精装3房丨看湖视野开阔丨交通购物方便'],https://xm.lianjia.com/ershoufang/105114025609.html,['480'],"['42,493元/平']",0人关注 ,3室1厅1厨1卫,['低楼层/共30层'],['南'],['平层/精装'],['112.96平米'],['2014年建'],['水晶湖郡A区'],['集美'],['集美新城'],有,两梯三户,['2023-06-19'],['2016-06-08']
1227,['火车站 莲坂 富山 正规一房一厅出租精装修，预约看房'],https://xm.lianjia.com/ershoufang/105114273927.html,['213'],"['59,217元/平']",0人关注 ,1室1厅1厨1卫,['高楼层/共23层'],['西北'],['平层/精装'],['35.97平米'],['2004年建'],['裕发广场'],['思明'],['富山'],有,三梯二十二户,['2023-07-18'],['2005-10-17']
1228,['彩光充足、南北通透、户型方正、交通便利'],https://xm.lianjia.com/ershoufang/105110751939.html,['756'],"['71,416元/平']",4人关注 ,3室2厅1厨1卫,['低楼层/共4层'],['南 北'],['平层/简装'],['105.86平米'],['未知年建'],['滨海湾花园'],['思明'],['曾厝垵'],暂无数据,暂无数据,['2022-06-15'],['2011-05-23']
1229,['视野开阔 高楼层  安静宜居  看房方便   户型方正'],https://xm.lianjia.com/ershoufang/105110370061.html,['428'],"['33,277元/平']",12人关注 ,4室2厅1厨2卫,['高楼层/共42层'],['南'],['平层/精装'],['128.62平米'],['2014年建'],['万科金域华府二期'],['集美'],['杏林桥头'],有,三梯四户,['2022-04-24'],['2016-03-07']
1230,['本*电梯中层，南北朝向可看海，视野采光好；'],https://xm.lianjia.com/ershoufang/105104360875.html,['122'],"['19,694元/平']",5人关注 ,1室1厅1厨1卫,['中楼层/共9层'],['南'],['平层/毛坯'],['61.95平米'],['2017年建'],['赣商海领馆'],['湖里'],['机场区'],有,两梯三十二户,['2020-05-16'],['2018-12-24']
1231,['新景数码港通透户型，高楼层，复式楼使用面积多'],https://xm.lianjia.com/ershoufang/105110873009.html,['1050'],"['60,561元/平']",1人关注 ,4室2厅1厨2卫,['中楼层/共31层'],['南 北'],['平层/简装'],['173.38平米'],['2010年建'],['新景数码港'],['思明'],['莲坂'],有,两梯五户,['2022-06-30'],['2017-10-18']
1232,['翔安隧道口， 进出岛方便，毛坯，低总价'],https://xm.lianjia.com/ershoufang/105110333906.html,['32'],"['8,007元/平']",20人关注 ,1室1厅0厨1卫,['高楼层/共25层'],['南'],['平层/毛坯'],['39.97平米'],['2017年建'],['信洲大厦'],['翔安'],['翔安新城'],有,六梯三十六户,['2022-04-20'],['2019-06-13']
1233,['融信海上城 海景 海景视野全景 方便看 有钥匙'],https://xm.lianjia.com/ershoufang/105112914528.html,['145'],"['23,659元/平']",0人关注 ,3室2厅1厨2卫,['低楼层/共26层'],['南'],['跃层/精装'],['61.29平米'],['2016年建'],['融信海上城'],['海沧'],['滨海社区'],有,六梯二十户,['2023-03-06'],['2018-02-16']
1234,['中交洋房户型，公摊低，户数少，居住舒适度高~'],https://xm.lianjia.com/ershoufang/105109456662.html,['580'],"['50,940元/平']",32人关注 ,3室2厅1厨2卫,['高楼层/共9层'],['南'],['平层/毛坯'],['113.86平米'],['2015年建'],['中交和美新城一期'],['集美'],['集美新城'],有,两梯两户,['2021-12-10'],['2018-03-19']
1235,['建发品质  精装交付  空户空XUE位  满两年 看房方便'],https://xm.lianjia.com/ershoufang/105113070367.html,['450'],"['56,103元/平']",0人关注 ,2室2厅1厨1卫,['低楼层/共27层'],['南'],['平层/精装'],['80.21平米'],['2020年建'],['建发央著二期'],['集美'],['集美新城'],有,两梯四户,['2023-03-19'],['2022-02-11']
1236,['此房满五年，精装修，采光充足，近地铁'],https://xm.lianjia.com/ershoufang/105113127405.html,['335'],"['36,826元/平']",1人关注 ,3室2厅1厨1卫,['低楼层/共33层'],['南'],['平层/精装'],['90.97平米'],['2017年建'],['莲花新城三期'],['集美'],['集美新城'],有,两梯四户,['2023-03-24'],['2017-09-07']
1237,['精装四房，拎包入住，公摊小，一梯三户，南北通透格局'],https://xm.lianjia.com/ershoufang/105114721501.html,['320'],"['23,761元/平']",0人关注 ,4室2厅1厨2卫,['高楼层/共6层'],['南 北'],['平层/精装'],['134.68平米'],['2005年建'],['宏大花园'],['海沧'],['未来海岸北师大'],无,暂无数据,['2023-09-05'],['2019-08-13']
1238,['金帝中洲滨海城 大2房 直接拎包入住 客厅朝南带阳台'],https://xm.lianjia.com/ershoufang/105110946605.html,['268'],"['27,943元/平']",0人关注 ,2室2厅1厨1卫,['低楼层/共31层'],['南 北'],['平层/精装'],['95.91平米'],['2017年建'],['金帝中洲滨海城'],['同安'],['环东海域'],有,两梯三户,['2022-07-08'],['2018-07-27']
1239,['房子一梯两户，南北朝向，通透采光好，高楼层户型方正'],https://xm.lianjia.com/ershoufang/105109510678.html,['598'],"['50,942元/平']",16人关注 ,3室2厅1厨1卫,['高楼层/共9层'],['南 东 北'],['平层/简装'],['117.39平米'],['1993年建'],['莲前西路'],['思明'],['莲前'],无,暂无数据,['2021-12-19'],['2017-03-22']
1240,['万象城地铁口，精致小区改善住宅，有露台，人车分流'],https://xm.lianjia.com/ershoufang/105114370352.html,['1050'],"['78,242元/平']",2人关注 ,3室1厅1厨2卫,['低楼层/共12层'],['南 北'],['平层/简装'],['134.2平米'],['2004年建'],['皓晖花园'],['思明'],['富山'],有,一梯两户,['2023-07-29'],['2022-04-26']
1241,['非热点 空户金榜小 火车站旁3梯8户 格局正 朝南暖可谈'],https://xm.lianjia.com/ershoufang/105110259581.html,['556'],"['54,650元/平']",20人关注 ,3室2厅1厨2卫,['低楼层/共28层'],['南'],['平层/精装'],['101.74平米'],['1998年建'],['银河大厦'],['思明'],['火车站'],有,三梯八户,['2022-04-11'],['2000-08-11']
1242,"['小区绿化面积大,鸟语花香,三面采光']",https://xm.lianjia.com/ershoufang/105116621610.html,['380'],"['27,147元/平']",0人关注 ,3室2厅1厨2卫,['低楼层/共11层'],['南 北'],['平层/精装'],['139.98平米'],['2008年建'],['东方高尔夫国际公寓'],['海沧'],['马銮湾东'],有,一梯两户,['2024-04-09'],['2016-08-08']
1243,['上郡92平三房，自住精装修，拎包入住'],https://xm.lianjia.com/ershoufang/105110896534.html,['180'],"['19,431元/平']",3人关注 ,3室2厅1厨1卫,['高楼层/共33层'],['南'],['平层/精装'],['92.64平米'],['2016年建'],['首开领翔上郡一期'],['翔安'],['新店'],有,两梯四户,['2022-07-03'],['2021-01-15']
1244,['海景房视野无遮挡 南北户型 得房率高'],https://xm.lianjia.com/ershoufang/105113081708.html,['740'],"['54,787元/平']",0人关注 ,3室2厅1厨2卫,['中楼层/共31层'],['东南'],['平层/简装'],['135.07平米'],['2007年建'],['江山帝景'],['思明'],['会展中心'],有,两梯三户,['2023-03-20'],['2010-03-20']
1245,['电梯高层楼中楼，一梯两户，南北通透，采光通风条件好'],https://xm.lianjia.com/ershoufang/105115479876.html,['498'],"['45,764元/平']",0人关注 ,3室2厅2厨2卫,['高楼层/共11层'],['南 北'],['平层/精装'],['108.82平米'],['2005年建'],['金秋花园'],['湖里'],['金尚'],有,一梯四户,['2023-11-30'],['2021-04-07']
1246,['台北新村 3室2厅 南 北'],https://xm.lianjia.com/ershoufang/105112986594.html,['468'],"['40,696元/平']",0人关注 ,3室2厅1厨2卫,['中楼层/共9层'],['南 北'],['平层/精装'],['115平米'],['1996年建'],['台北新村'],['湖里'],['南山路'],无,暂无数据,['2023-03-12'],['2016-04-25']
1247,['小户型 大空间  南向采光好 视野佳'],https://xm.lianjia.com/ershoufang/105113181383.html,['95'],"['14,826元/平']",0人关注 ,1室1厅1厨1卫,['中楼层/共9层'],['南'],['平层/简装'],['64.08平米'],['2017年建'],['赣商海领馆'],['湖里'],['机场区'],有,两梯三十二户,['2023-03-29'],['2005-07-03']
1248,['滨水二里 2室2厅 南'],https://xm.lianjia.com/ershoufang/105116117280.html,['195'],"['31,518元/平']",0人关注 ,2室2厅1厨1卫,['低楼层/共18层'],['南'],['平层/精装'],['61.87平米'],['2016年建'],['滨水二里'],['集美'],['集美新城'],有,两梯六户,['2024-02-23'],['2023-03-26']
1249,['经典的4房，坐南朝北冬暖夏凉，采光充足，户型方正。'],https://xm.lianjia.com/ershoufang/105112953034.html,['342'],"['28,935元/平']",0人关注 ,4室2厅1厨2卫,['低楼层/共26层'],['南 北'],['平层/简装'],['118.2平米'],['2006年建'],['汇景雅苑'],['海沧'],['未来海岸北师大'],有,两梯四户,['2023-03-09'],['2009-07-28']
1250,['中海万锦熙岸 三房 拎包入住 高层看海'],https://xm.lianjia.com/ershoufang/105104493612.html,['190'],"['21,128元/平']",33人关注 ,3室2厅1厨1卫,['中楼层/共33层'],['东南'],['平层/精装'],['89.93平米'],['2016年建'],['中海万锦熙岸'],['同安'],['环东海域'],有,两梯四户,['2020-06-01'],['2018-03-03']
1251,['税费少，高楼层，南北通透， 双阳台'],https://xm.lianjia.com/ershoufang/105113216947.html,['284.5'],"['20,864元/平']",0人关注 ,4室1厅1厨2卫,['高楼层/共6层'],['南 北'],['平层/精装'],['136.36平米'],['1999年建'],['金桥苑'],['海沧'],['未来海岸北师大'],无,暂无数据,['2023-04-01'],['2016-05-18']
1252,['精装三房，业主自住，产权满二，诚意出售'],https://xm.lianjia.com/ershoufang/105107236329.html,['210'],"['23,842元/平']",2人关注 ,3室2厅1厨1卫,['低楼层/共34层'],['南 北'],['平层/精装'],['88.08平米'],['2016年建'],['中海万锦熙岸'],['同安'],['环东海域'],有,两梯四户,['2021-05-06'],['2018-06-19']
1253,['火车站地铁口电梯高层采光好稳定出售'],https://xm.lianjia.com/ershoufang/105112844724.html,['665'],"['46,894元/平']",0人关注 ,3室2厅1厨2卫,['中楼层/共28层'],['东北'],['平层/精装'],['141.81平米'],['1998年建'],['银河大厦'],['思明'],['火车站'],有,三梯八户,['2023-03-01'],['2023-03-01']
1254,['火车站 禹洲世贸商城  房间无柱子'],https://xm.lianjia.com/ershoufang/105113350792.html,['286'],"['50,282元/平']",1人关注 ,1室1厅1厨1卫,['低楼层/共49层'],['西北'],['平层/简装'],['56.88平米'],['2008年建'],['禹洲世贸商城思明'],['思明'],['火车站'],有,五梯二十六户,['2023-04-13'],['2019-11-18']
1255,['杏林桥头 全新精装修 三房两厅一卫双阳台，海景房'],https://xm.lianjia.com/ershoufang/105114877600.html,['306'],"['32,046元/平']",0人关注 ,2室2厅1厨1卫,['低楼层/共31层'],['南'],['平层/精装'],['95.49平米'],['2016年建'],['禹洲中央海岸三期'],['集美'],['杏林桥头'],有,三梯六户,['2023-09-22'],['2018-09-25']
1256,['水晶精装房丨南北双面看内外胡静丨位置安静'],https://xm.lianjia.com/ershoufang/105113100309.html,['539'],"['41,520元/平']",1人关注 ,4室2厅1厨2卫,['低楼层/共32层'],['南 北'],['平层/精装'],['129.82平米'],['2014年建'],['住宅·水晶湖郡'],['集美'],['集美新城'],有,两梯三户,['2023-03-22'],['2020-07-21']
1257,['水晶精装3房丨看湖视野开阔丨交通购物方便'],https://xm.lianjia.com/ershoufang/105114025609.html,['480'],"['42,493元/平']",0人关注 ,3室1厅1厨1卫,['低楼层/共30层'],['南'],['平层/精装'],['112.96平米'],['2014年建'],['水晶湖郡A区'],['集美'],['集美新城'],有,两梯三户,['2023-06-19'],['2016-06-08']
1258,['中海品质4房，海景 湖景饱收眼底。保养精致'],https://xm.lianjia.com/ershoufang/105112814768.html,['460'],"['34,447元/平']",1人关注 ,4室2厅1厨2卫,['中楼层/共34层'],['南'],['平层/精装'],['133.54平米'],['2013年建'],['中海寰宇天下'],['集美'],['杏林桥头'],有,两梯四户,['2023-02-26'],['2015-04-16']
1259,['一线海景，视野开阔，精装修、保养状态好，'],https://xm.lianjia.com/ershoufang/105114984711.html,['450'],"['37,092元/平']",1人关注 ,3室1厅1厨2卫,['中楼层/共49层'],['东南'],['平层/精装'],['121.32平米'],['2015年建'],['联发杏林湾一号三期'],['集美'],['杏林桥头'],有,三梯六户,['2023-10-07'],['2019-01-23']
1260,['天御花园 大三房 户型方正 无遮挡 阳光充足 地铁口'],https://xm.lianjia.com/ershoufang/105113067640.html,['455'],"['34,441元/平']",0人关注 ,3室2厅1厨2卫,['低楼层/共26层'],['东 北'],['平层/毛坯'],['132.11平米'],['2007年建'],['天御小区'],['海沧'],['海沧区政府'],有,两梯四户,['2023-03-19'],['2010-12-28']
1261,['中海品质精装两房 环东片区 BRT沿线交通便利'],https://xm.lianjia.com/ershoufang/105114859643.html,['169'],"['22,737元/平']",1人关注 ,2室1厅1厨1卫,['中楼层/共24层'],['南'],['平层/精装'],['74.33平米'],['2016年建'],['中海万锦熙岸'],['同安'],['环东海域'],有,两梯六户,['2023-09-20'],['2019-09-04']
1262,['滨北 3 号线地铁口 居家2房 满五年  免双税'],https://xm.lianjia.com/ershoufang/105111754651.html,['468'],"['55,066元/平']",2人关注 ,2室1厅1厨1卫,['中楼层/共7层'],['东 西'],['平层/简装'],['84.99平米'],['2000年建'],['玫瑰园'],['思明'],['七星路'],无,暂无数据,['2022-10-13'],['2007-01-24']
1263,['禾祥新天地电梯边套两房 高层无遮挡 装修好'],https://xm.lianjia.com/ershoufang/105113950848.html,['289'],"['71,553元/平']",0人关注 ,2室1厅1厨1卫,['高楼层/共17层'],['西北'],['平层/精装'],['40.39平米'],['1999年建'],['银龙广场二期'],['思明'],['火车站'],有,一梯六户,['2023-06-10'],['2016-07-31']
1264,['上郡92平三房，自住精装修，拎包入住'],https://xm.lianjia.com/ershoufang/105110896534.html,['180'],"['19,431元/平']",3人关注 ,3室2厅1厨1卫,['高楼层/共33层'],['南'],['平层/精装'],['92.64平米'],['2016年建'],['首开领翔上郡一期'],['翔安'],['新店'],有,两梯四户,['2022-07-03'],['2021-01-15']
1265,['电梯高层楼中楼，一梯两户，南北通透，采光通风条件好'],https://xm.lianjia.com/ershoufang/105115479876.html,['498'],"['45,764元/平']",0人关注 ,3室2厅2厨2卫,['高楼层/共11层'],['南 北'],['平层/精装'],['108.82平米'],['2005年建'],['金秋花园'],['湖里'],['金尚'],有,一梯四户,['2023-11-30'],['2021-04-07']
1266,['海景房视野无遮挡 南北户型 得房率高'],https://xm.lianjia.com/ershoufang/105113081708.html,['740'],"['54,787元/平']",0人关注 ,3室2厅1厨2卫,['中楼层/共31层'],['东南'],['平层/简装'],['135.07平米'],['2007年建'],['江山帝景'],['思明'],['会展中心'],有,两梯三户,['2023-03-20'],['2010-03-20']
1267,['台北新村 3室2厅 南 北'],https://xm.lianjia.com/ershoufang/105112986594.html,['468'],"['40,696元/平']",0人关注 ,3室2厅1厨2卫,['中楼层/共9层'],['南 北'],['平层/精装'],['115平米'],['1996年建'],['台北新村'],['湖里'],['南山路'],无,暂无数据,['2023-03-12'],['2016-04-25']
1268,['小户型 大空间  南向采光好 视野佳'],https://xm.lianjia.com/ershoufang/105113181383.html,['95'],"['14,826元/平']",0人关注 ,1室1厅1厨1卫,['中楼层/共9层'],['南'],['平层/简装'],['64.08平米'],['2017年建'],['赣商海领馆'],['湖里'],['机场区'],有,两梯三十二户,['2023-03-29'],['2005-07-03']
1269,['滨水二里 2室2厅 南'],https://xm.lianjia.com/ershoufang/105116117280.html,['195'],"['31,518元/平']",0人关注 ,2室2厅1厨1卫,['低楼层/共18层'],['南'],['平层/精装'],['61.87平米'],['2016年建'],['滨水二里'],['集美'],['集美新城'],有,两梯六户,['2024-02-23'],['2023-03-26']
1270,['火车站地铁口电梯高层采光好稳定出售'],https://xm.lianjia.com/ershoufang/105112844724.html,['665'],"['46,894元/平']",0人关注 ,3室2厅1厨2卫,['中楼层/共28层'],['东北'],['平层/精装'],['141.81平米'],['1998年建'],['银河大厦'],['思明'],['火车站'],有,三梯八户,['2023-03-01'],['2023-03-01']
1271,['精装三房，业主自住，产权满二，诚意出售'],https://xm.lianjia.com/ershoufang/105107236329.html,['210'],"['23,842元/平']",2人关注 ,3室2厅1厨1卫,['低楼层/共34层'],['南 北'],['平层/精装'],['88.08平米'],['2016年建'],['中海万锦熙岸'],['同安'],['环东海域'],有,两梯四户,['2021-05-06'],['2018-06-19']
1272,['中海万锦熙岸 三房 拎包入住 高层看海'],https://xm.lianjia.com/ershoufang/105104493612.html,['190'],"['21,128元/平']",33人关注 ,3室2厅1厨1卫,['中楼层/共33层'],['东南'],['平层/精装'],['89.93平米'],['2016年建'],['中海万锦熙岸'],['同安'],['环东海域'],有,两梯四户,['2020-06-01'],['2018-03-03']
1273,['经典的4房，坐南朝北冬暖夏凉，采光充足，户型方正。'],https://xm.lianjia.com/ershoufang/105112953034.html,['342'],"['28,935元/平']",0人关注 ,4室2厅1厨2卫,['低楼层/共26层'],['南 北'],['平层/简装'],['118.2平米'],['2006年建'],['汇景雅苑'],['海沧'],['未来海岸北师大'],有,两梯四户,['2023-03-09'],['2009-07-28']
1274,"['小区绿化面积大,鸟语花香,三面采光']",https://xm.lianjia.com/ershoufang/105116621610.html,['380'],"['27,147元/平']",0人关注 ,3室2厅1厨2卫,['低楼层/共11层'],['南 北'],['平层/精装'],['139.98平米'],['2008年建'],['东方高尔夫国际公寓'],['海沧'],['马銮湾东'],有,一梯两户,['2024-04-09'],['2016-08-08']
1275,['非热点 空户金榜小 火车站旁3梯8户 格局正 朝南暖可谈'],https://xm.lianjia.com/ershoufang/105110259581.html,['556'],"['54,650元/平']",20人关注 ,3室2厅1厨2卫,['低楼层/共28层'],['南'],['平层/精装'],['101.74平米'],['1998年建'],['银河大厦'],['思明'],['火车站'],有,三梯八户,['2022-04-11'],['2000-08-11']
1276,['万象城地铁口，精致小区改善住宅，有露台，人车分流'],https://xm.lianjia.com/ershoufang/105114370352.html,['1050'],"['78,242元/平']",2人关注 ,3室1厅1厨2卫,['低楼层/共12层'],['南 北'],['平层/简装'],['134.2平米'],['2004年建'],['皓晖花园'],['思明'],['富山'],有,一梯两户,['2023-07-29'],['2022-04-26']
1277,['税费少，高楼层，南北通透， 双阳台'],https://xm.lianjia.com/ershoufang/105113216947.html,['284.5'],"['20,864元/平']",0人关注 ,4室1厅1厨2卫,['高楼层/共6层'],['南 北'],['平层/精装'],['136.36平米'],['1999年建'],['金桥苑'],['海沧'],['未来海岸北师大'],无,暂无数据,['2023-04-01'],['2016-05-18']
1278,['独立使用天台  南北  准电梯房  厅带阳台 三面采光'],https://xm.lianjia.com/ershoufang/105106646010.html,['388'],"['47,474元/平']",23人关注 ,2室2厅1厨1卫,['高楼层/共7层'],['南'],['平层/简装'],['81.73平米'],['1996年建'],['吕岭花园'],['湖里'],['金尚'],无,暂无数据,['2021-03-14'],['2020-07-18']
1279,['松柏莲岳里西区正规两房出售！！！'],https://xm.lianjia.com/ershoufang/105115638386.html,['395'],"['67,280元/平']",0人关注 ,2室1厅1厨1卫,['高楼层/共8层'],['南 北'],['平层/简装'],['58.71平米'],['1990年建'],['莲岳里小区西区'],['思明'],['松柏'],无,暂无数据,['2023-12-18'],['2003-04-29']
1280,['近集美桥头环东海域，优质精装高层两房，一线海景'],https://xm.lianjia.com/ershoufang/105111361567.html,['145'],"['20,771元/平']",1人关注 ,2室1厅1厨1卫,['高楼层/共35层'],['东南'],['平层/精装'],['69.81平米'],['2012年建'],['禹洲大学城'],['同安'],['集美其它'],有,三梯八户,['2022-08-28'],['2016-08-03']
1281,['此房满五年，三面采光，配套设施齐全，交通便利！'],https://xm.lianjia.com/ershoufang/105112737044.html,['828'],"['50,408元/平']",0人关注 ,5室2厅2厨1卫,['低楼层/共8层'],['东南'],['平层/精装'],['164.26平米'],['1998年建'],['益友花园'],['思明'],['火车站'],无,暂无数据,['2023-02-20'],['2015-10-28']
1282,['厦门北站 新城际广场  视野采光好  地铁口房'],https://xm.lianjia.com/ershoufang/105107791275.html,['209'],"['22,965元/平']",2人关注 ,2室1厅1厨1卫,['高楼层/共29层'],['南'],['平层/毛坯'],['91.01平米'],['2017年建'],['新城际广场二期'],['集美'],['厦门北站商业区'],有,两梯四户,['2021-06-30'],['2018-05-22']
1283,['精装湖景房，格局好，拎包入住。'],https://xm.lianjia.com/ershoufang/105109063389.html,['820'],"['110,453元/平']",31人关注 ,3室2厅1厨2卫,['中楼层/共20层'],['南 北'],['复式/精装'],['74.24平米'],['2008年建'],['南湖中祥大厦'],['思明'],['槟榔'],有,两梯五户,['2021-10-21'],['2017-07-21']
1284,['国贸品质，户型方正，高层 前后无遮挡 采光好，景观好'],https://xm.lianjia.com/ershoufang/105110892683.html,['328'],"['36,718元/平']",0人关注 ,2室2厅1厨1卫,['中楼层/共30层'],['东南'],['平层/毛坯'],['89.33平米'],['2015年建'],['国贸金沙湾'],['同安'],['环东海域'],有,两梯四户,['2022-07-02'],['2017-08-11']
1285,['火车站，莲坂，富山，地铁口，一房，简装，预约看现房'],https://xm.lianjia.com/ershoufang/105114645963.html,['239'],"['67,098元/平']",0人关注 ,1室1厅1厨1卫,['高楼层/共23层'],['北'],['平层/简装'],['35.62平米'],['2004年建'],['裕发广场'],['思明'],['富山'],有,三梯二十二户,['2023-08-29'],['2018-02-13']
1286,['家家海景 4室2厅 南 北'],https://xm.lianjia.com/ershoufang/105115473164.html,['1080'],"['44,961元/平']",1人关注 ,4室2厅1厨2卫,['高楼层/共11层'],['南 北'],['复式/简装'],['240.21平米'],['2005年建'],['家家海景'],['思明'],['前埔'],有,一梯两户,['2023-11-30'],['2007-01-09']
1287,['建发品质\u3000时尚国际\u3000电梯高层 西南北 采光好 满五年'],https://xm.lianjia.com/ershoufang/105114936052.html,['492'],"['61,686元/平']",1人关注 ,2室2厅1厨1卫,['中楼层/共25层'],['南 北'],['平层/精装'],['79.76平米'],['2007年建'],['时尚国际'],['思明'],['火车站'],有,三梯十户,['2023-09-30'],['2010-01-29']
1288,['精装两房，总价低，业主诚意出售，小区环境好，物业好'],https://xm.lianjia.com/ershoufang/105112625992.html,['499'],"['66,837元/平']",1人关注 ,2室1厅1厨1卫,['低楼层/共11层'],['南 北'],['平层/精装'],['74.66平米'],['2007年建'],['联发欣悦园'],['湖里'],['枋湖'],有,一梯四户,['2023-02-11'],['2019-02-11']
1289,['中交一期边套三面采光南北通透小洋房'],https://xm.lianjia.com/ershoufang/105113337176.html,['580'],"['51,287元/平']",0人关注 ,3室2厅1厨2卫,['高楼层/共9层'],['南 北'],['平层/精装'],['113.09平米'],['2016年建'],['中交和美新城一期'],['集美'],['集美新城'],有,两梯两户,['2023-04-12'],['2017-03-25']
1290,['宝龙一城，软件园二期明发园 精装修电梯3房，地铁口'],https://xm.lianjia.com/ershoufang/105113651296.html,['756'],"['60,148元/平']",0人关注 ,3室2厅1厨2卫,['低楼层/共11层'],['南 北'],['平层/精装'],['125.69平米'],['2005年建'],['明发园二期'],['思明'],['前埔'],有,一梯四户,['2023-05-12'],['2015-07-06']
1291,['锦绣广场电梯好楼层，地铁口，双阳台，公园旁'],https://xm.lianjia.com/ershoufang/105110892452.html,['578'],"['61,229元/平']",6人关注 ,3室1厅1厨1卫,['中楼层/共9层'],['北 南'],['错层/简装'],['94.4平米'],['1999年建'],['锦绣广场'],['思明'],['松柏'],有,一梯两户,['2022-07-02'],['2002-10-30']
1292,['祥店新村 楼中楼 居家5房 使用空间大  业主诚意出售'],https://xm.lianjia.com/ershoufang/105109547266.html,['652'],"['55,045元/平']",1人关注 ,5室2厅1厨2卫,['高楼层/共6层'],['南'],['跃层/简装'],['118.45平米'],['2005年建'],['祥店新村'],['湖里'],['祥店'],无,暂无数据,['2021-12-25'],['2010-06-02']
1293,['厅带阳台朝南 高层 采光视野好 有阁楼 业主诚意出售'],https://xm.lianjia.com/ershoufang/105111661062.html,['455'],"['69,893元/平']",0人关注 ,2室2厅1厨1卫,['高楼层/共14层'],['南'],['平层/简装'],['65.1平米'],['2012年建'],['水晶APPLE'],['湖里'],['枋湖'],有,两梯四户,['2022-10-01'],['2013-08-01']
1294,['电梯高层，三房两卫，视野好，采光好，生活方便'],https://xm.lianjia.com/ershoufang/105115351282.html,['688'],"['56,004元/平']",0人关注 ,3室1厅1厨2卫,['中楼层/共28层'],['东 南'],['平层/精装'],['122.85平米'],['2005年建'],['四川大厦'],['思明'],['松柏'],有,三梯十四户,['2023-11-16'],['2010-05-25']
1295,['此房满两年 精装一房一厅 小区配套完善'],https://xm.lianjia.com/ershoufang/105113276891.html,['288'],"['65,935元/平']",3人关注 ,1室1厅1厨1卫,['中楼层/共12层'],['北'],['平层/精装'],['43.68平米'],['2013年建'],['东晖广场'],['湖里'],['枋湖'],有,两梯八户,['2023-04-07'],['2019-04-07']
1296,['杏林湾通透户型，厅带阳台，精装修，海景大三房'],https://xm.lianjia.com/ershoufang/105110179703.html,['500'],"['35,421元/平']",2人关注 ,3室1厅1厨2卫,['中楼层/共41层'],['南 北'],['平层/精装'],['141.16平米'],['2016年建'],['联发杏林湾一号一期'],['集美'],['杏林桥头'],有,两梯四户,['2022-04-01'],['2020-07-14']
1297,['筼筜湖畔朝南三房高层采光视野通风不错哦'],https://xm.lianjia.com/ershoufang/105113802479.html,['2100'],"['67,852元/平']",0人关注 ,6室3厅1厨4卫,['高楼层/共10层'],['东 南 西南 西'],['跃层/精装'],['309.5平米'],['2000年建'],['联谊广场'],['思明'],['莲坂'],有,一梯四户,['2023-05-27'],['2011-03-10']
1298,['中楼层看湖景，使用面积大，位置佳，业主诚意出售'],https://xm.lianjia.com/ershoufang/105111087811.html,['420'],"['34,852元/平']",2人关注 ,3室2厅1厨2卫,['中楼层/共31层'],['东 东南'],['平层/精装'],['120.51平米'],['2015年建'],['IOI园博湾'],['集美'],['杏锦路'],有,两梯四户,['2022-07-26'],['2022-07-27']
1299,['火车站莲坂站 2005年封闭式花园小区闹中取静精装三房'],https://xm.lianjia.com/ershoufang/105116324291.html,['598'],"['98,502元/平']",0人关注 ,2室2厅1厨2卫,['高楼层/共11层'],['南 北'],['跃层/精装'],['60.71平米'],['2007年建'],['源昌商业中心'],['思明'],['富山'],有,一梯六户,['2024-03-12'],['2017-03-12']
1300,['和通里小区 2室2厅 南'],https://xm.lianjia.com/ershoufang/105112775524.html,['330'],"['46,407元/平']",1人关注 ,2室2厅1厨1卫,['中楼层/共7层'],['南'],['平层/简装'],['71.11平米'],['1997年建'],['和通里小区'],['湖里'],['东渡'],无,暂无数据,['2023-02-23'],['1999-11-05']
1301,['产权满五年，一梯两户南北向   前后间距宽、视野好'],https://xm.lianjia.com/ershoufang/105109746278.html,['360'],"['30,870元/平']",8人关注 ,3室2厅1厨2卫,['低楼层/共11层'],['南 北'],['平层/简装'],['116.62平米'],['2006年建'],['未来海岸浪琴湾'],['海沧'],['未来海岸北师大'],有,一梯两户,['2022-02-09'],['2006-06-13']
1302,['禹州璟阅城，产权在手，精装修，可以直接拎包入住的'],https://xm.lianjia.com/ershoufang/105115241232.html,['218'],"['30,796元/平']",0人关注 ,2室1厅1厨1卫,['中楼层/共17层'],['东南'],['平层/精装'],['70.79平米'],['2021年建'],['禹洲璟阅城'],['集美'],['灌口'],有,两梯六户,['2023-11-04'],['2023-11-06']
1303,['三面采光，高层视野好，看中庭业主诚意出售'],https://xm.lianjia.com/ershoufang/105112703188.html,['610'],"['40,481元/平']",0人关注 ,3室2厅1厨2卫,['中楼层/共27层'],['东 西南'],['平层/简装'],['150.69平米'],['2010年建'],['泉舜滨海上城'],['海沧'],['滨海社区'],有,两梯三户,['2023-02-17'],['2020-06-15']
1304,['天湖城 3房  毛坯随心装  满5年'],https://xm.lianjia.com/ershoufang/105106930246.html,['350'],"['31,070元/平']",14人关注 ,3室2厅1厨1卫,['中楼层/共22层'],['东南'],['平层/毛坯'],['112.65平米'],['2012年建'],['天湖城'],['海沧'],['海沧区政府'],有,两梯四户,['2021-04-08'],['2013-11-19']
1305,['杏林湾一号三期 边套双阳台 海景大三房'],https://xm.lianjia.com/ershoufang/105111944216.html,['436'],"['35,947元/平']",0人关注 ,3室1厅1厨2卫,['低楼层/共47层'],['西南'],['平层/精装'],['121.29平米'],['2015年建'],['联发杏林湾一号三期'],['集美'],['杏林桥头'],有,三梯六户,['2022-11-03'],['2013-05-13']
1306,['视野好。看筼筜湖景，采光好，地铁口'],https://xm.lianjia.com/ershoufang/105106958966.html,['998'],"['59,229元/平']",15人关注 ,4室2厅1厨3卫,['低楼层/共33层'],['西 北'],['复式/精装'],['168.5平米'],['2003年建'],['育秀中心'],['思明'],['体育中心'],有,三梯七户,['2021-04-11'],['2021-04-11']
1307,['明厨明卫，格局方正，产权满2，看房子方便'],https://xm.lianjia.com/ershoufang/105106426838.html,['377'],"['29,546元/平']",2人关注 ,3室2厅1厨2卫,['中楼层/共9层'],['东南'],['平层/简装'],['127.6平米'],['未知年建'],['未来橙堡'],['海沧'],['海沧体育中心'],有,两梯两户,['2021-02-21'],['2012-09-12']
1308,['莲坂地铁口电梯四房南北通透业主诚意出售'],https://xm.lianjia.com/ershoufang/105112380796.html,['780'],"['58,292元/平']",0人关注 ,4室2厅1厨2卫,['低楼层/共18层'],['南 北'],['平层/毛坯'],['133.81平米'],['2004年建'],['美迪斯小区'],['思明'],['富山'],有,一梯六户,['2023-01-04'],['2006-11-08']
1309,['火车站东南向 单价低 总价低 面积大 带电梯'],https://xm.lianjia.com/ershoufang/105108440961.html,['198'],"['20,225元/平']",79人关注 ,2室2厅0厨0卫,['低楼层/共28层'],['东南'],['平层/简装'],['97.9平米'],['1992年建'],['华星大厦'],['思明'],['火车站'],有,五梯十三户,['2021-08-18'],['2016-11-03']
1310,['体育馆 地铁边 中楼层 南北通透 采光好 业主诚售'],https://xm.lianjia.com/ershoufang/105109923224.html,['360'],"['55,719元/平']",24人关注 ,3室1厅1厨1卫,['中楼层/共6层'],['南 北'],['平层/简装'],['64.61平米'],['1990年建'],['东岳路45-55号'],['思明'],['体育中心'],无,暂无数据,['2022-03-01'],['2019-04-16']
1311,['万象城旁，双地铁口，正规两房，格局方正，看房方便。'],https://xm.lianjia.com/ershoufang/105113150891.html,['426'],"['67,523元/平']",1人关注 ,2室2厅1厨1卫,['中楼层/共6层'],['南 北'],['平层/精装'],['63.09平米'],['1986年建'],['湖滨东路'],['思明'],['火车站'],无,暂无数据,['2023-03-26'],['2021-04-21']
1312,['地铁口两房格局方正，南北通透，精装修可拎包入住。'],https://xm.lianjia.com/ershoufang/105113139515.html,['300'],"['69,221元/平']",3人关注 ,2室1厅1厨1卫,['低楼层/共6层'],['南 北'],['平层/精装'],['43.34平米'],['1985年建'],['湖滨东路'],['思明'],['火车站'],无,暂无数据,['2023-03-25'],['2023-03-26']
1313,['中山路写字楼，方便，业主诚心出售。'],https://xm.lianjia.com/ershoufang/105110517152.html,['789'],"['19,386元/平']",1人关注 ,5室2厅0厨0卫,['中楼层/共36层'],['南'],['平层/精装'],['407平米'],['1995年建'],['海光大厦'],['思明'],['中山路'],有,两梯八户,['2022-05-14'],['2007-05-30']
1314,['环东国际精装大三房 业主诚意出售 看房方便'],https://xm.lianjia.com/ershoufang/105114289518.html,['221'],"['21,306元/平']",0人关注 ,3室2厅1厨2卫,['中楼层/共35层'],['东南'],['平层/精装'],['103.73平米'],['2012年建'],['禹洲大学城'],['同安'],['集美其它'],有,三梯十户,['2023-07-20'],['2011-12-01']
1315,['房子采光充足，格局好，高层一线海景房，自住精装'],https://xm.lianjia.com/ershoufang/105111120062.html,['410'],"['36,487元/平']",1人关注 ,3室1厅1厨2卫,['中楼层/共34层'],['东南'],['平层/精装'],['112.37平米'],['2014年建'],['禹洲中央海岸一期'],['集美'],['杏林桥头'],有,三梯六户,['2022-07-30'],['2021-03-26']
1316,['文灶万寿片区，闹中取静，出行方便。。。。。'],https://xm.lianjia.com/ershoufang/105111993693.html,['658'],"['63,106元/平']",0人关注 ,3室2厅1厨1卫,['高楼层/共7层'],['南 北'],['平层/简装'],['104.27平米'],['未知年建'],['电化宿舍'],['思明'],['文灶'],暂无数据,暂无数据,['2022-11-09'],['1999-03-29']
1317,['万科里繁华地段挑高5米 开发商精装2层  朝南'],https://xm.lianjia.com/ershoufang/105111093075.html,['93'],"['22,530元/平']",1人关注 ,2室1厅1厨2卫,['低楼层/共31层'],['南'],['跃层/简装'],['41.28平米'],['2018年建'],['万科金域华府二期'],['集美'],['杏林桥头'],有,五梯三十五户,['2022-07-27'],['2019-01-30']
1318,['集美核芯，精装三房，中间楼层看中庭，双地铁口'],https://xm.lianjia.com/ershoufang/105107827816.html,['530'],"['45,999元/平']",23人关注 ,3室2厅1厨2卫,['中楼层/共33层'],['东南'],['平层/精装'],['115.22平米'],['2019年建'],['莲花首岸'],['集美'],['集美新城'],有,两梯四户,['2021-07-03'],['2019-07-01']
1319,['集美新城地铁口，业主自住精装三房，高楼层，景观好！'],https://xm.lianjia.com/ershoufang/105112793401.html,['336'],"['37,783元/平']",3人关注 ,3室2厅1厨1卫,['中楼层/共33层'],['东南'],['平层/精装'],['88.93平米'],['2017年建'],['莲花新城三期'],['集美'],['集美新城'],有,两梯四户,['2023-02-25'],['2020-05-28']
1320,"['精装修, 采光明亮视野宽，环境优雅， 起居购物方便']",https://xm.lianjia.com/ershoufang/105112888373.html,['85'],"['18,319元/平']",1人关注 ,2室1厅1厨1卫,['低楼层/共26层'],['西北'],['跃层/精装'],['46.4平米'],['2016年建'],['融信海上城'],['海沧'],['滨海社区'],有,六梯二十户,['2023-03-04'],['2020-04-08']
1321,['此房满5年且只有一套，小区里面安静，南北，采光好。'],https://xm.lianjia.com/ershoufang/105114311145.html,['358'],"['63,375元/平']",1人关注 ,1室1厅1厨1卫,['低楼层/共14层'],['南 北'],['平层/精装'],['56.49平米'],['2010年建'],['新港龙世家幸福密码'],['湖里'],['枋湖'],有,一梯三户,['2023-07-22'],['2011-03-30']
1322,['滨北 2000年框架 正规两房 满5年'],https://xm.lianjia.com/ershoufang/105109877373.html,['320'],"['66,007元/平']",12人关注 ,2室1厅1厨1卫,['高楼层/共9层'],['南'],['平层/简装'],['48.48平米'],['2000年建'],['共和大厦'],['思明'],['七星路'],无,暂无数据,['2022-02-24'],['2017-03-28']
1323,['急售！2000年封闭小区  框架挑高两层，分隔多套两房'],https://xm.lianjia.com/ershoufang/105110159163.html,['395'],"['34,046元/平']",2人关注 ,5室1厅2厨2卫,['地下室/共7层'],['北'],['复式/精装'],['116.02平米'],['2000年建'],['榕海花园'],['湖里'],['东渡'],无,暂无数据,['2022-03-29'],['2004-02-25']
1324,['莲坂地铁口电梯四房南北通透业主诚意出售'],https://xm.lianjia.com/ershoufang/105112380796.html,['780'],"['58,292元/平']",0人关注 ,4室2厅1厨2卫,['低楼层/共18层'],['南 北'],['平层/毛坯'],['133.81平米'],['2004年建'],['美迪斯小区'],['思明'],['富山'],有,一梯六户,['2023-01-04'],['2006-11-08']
1325,['火车站莲坂站 2005年封闭式花园小区闹中取静精装三房'],https://xm.lianjia.com/ershoufang/105116324291.html,['598'],"['98,502元/平']",0人关注 ,2室2厅1厨2卫,['高楼层/共11层'],['南 北'],['跃层/精装'],['60.71平米'],['2007年建'],['源昌商业中心'],['思明'],['富山'],有,一梯六户,['2024-03-12'],['2017-03-12']
1326,['此房满两年 精装一房一厅 小区配套完善'],https://xm.lianjia.com/ershoufang/105113276891.html,['288'],"['65,935元/平']",3人关注 ,1室1厅1厨1卫,['中楼层/共12层'],['北'],['平层/精装'],['43.68平米'],['2013年建'],['东晖广场'],['湖里'],['枋湖'],有,两梯八户,['2023-04-07'],['2019-04-07']
1327,['禹州璟阅城，产权在手，精装修，可以直接拎包入住的'],https://xm.lianjia.com/ershoufang/105115241232.html,['218'],"['30,796元/平']",0人关注 ,2室1厅1厨1卫,['中楼层/共17层'],['东南'],['平层/精装'],['70.79平米'],['2021年建'],['禹洲璟阅城'],['集美'],['灌口'],有,两梯六户,['2023-11-04'],['2023-11-06']
1328,['视野好。看筼筜湖景，采光好，地铁口'],https://xm.lianjia.com/ershoufang/105106958966.html,['998'],"['59,229元/平']",15人关注 ,4室2厅1厨3卫,['低楼层/共33层'],['西 北'],['复式/精装'],['168.5平米'],['2003年建'],['育秀中心'],['思明'],['体育中心'],有,三梯七户,['2021-04-11'],['2021-04-11']
1329,['杏林湾通透户型，厅带阳台，精装修，海景大三房'],https://xm.lianjia.com/ershoufang/105110179703.html,['500'],"['35,421元/平']",2人关注 ,3室1厅1厨2卫,['中楼层/共41层'],['南 北'],['平层/精装'],['141.16平米'],['2016年建'],['联发杏林湾一号一期'],['集美'],['杏林桥头'],有,两梯四户,['2022-04-01'],['2020-07-14']
1330,['三面采光，高层视野好，看中庭业主诚意出售'],https://xm.lianjia.com/ershoufang/105112703188.html,['610'],"['40,481元/平']",0人关注 ,3室2厅1厨2卫,['中楼层/共27层'],['东 西南'],['平层/简装'],['150.69平米'],['2010年建'],['泉舜滨海上城'],['海沧'],['滨海社区'],有,两梯三户,['2023-02-17'],['2020-06-15']
1331,['环东国际精装大三房 业主诚意出售 看房方便'],https://xm.lianjia.com/ershoufang/105114289518.html,['221'],"['21,306元/平']",0人关注 ,3室2厅1厨2卫,['中楼层/共35层'],['东南'],['平层/精装'],['103.73平米'],['2012年建'],['禹洲大学城'],['同安'],['集美其它'],有,三梯十户,['2023-07-20'],['2011-12-01']
1332,['中山路写字楼，方便，业主诚心出售。'],https://xm.lianjia.com/ershoufang/105110517152.html,['789'],"['19,386元/平']",1人关注 ,5室2厅0厨0卫,['中楼层/共36层'],['南'],['平层/精装'],['407平米'],['1995年建'],['海光大厦'],['思明'],['中山路'],有,两梯八户,['2022-05-14'],['2007-05-30']
1333,['中港二期 04年 框架 中庭位置 中楼层 业主自住装修'],https://xm.lianjia.com/ershoufang/105113359460.html,['540'],"['47,527元/平']",2人关注 ,3室1厅1厨2卫,['中楼层/共5层'],['南 北'],['平层/精装'],['113.62平米'],['2001年建'],['中港花园'],['湖里'],['SM'],无,暂无数据,['2023-04-14'],['2019-04-17']
1334,['一线海景房，户型方正，全明格局，朝向好，诚意出售'],https://xm.lianjia.com/ershoufang/105111485079.html,['450'],"['40,432元/平']",1人关注 ,3室2厅1厨1卫,['中楼层/共41层'],['南 北'],['平层/精装'],['111.3平米'],['2014年建'],['禹洲中央海岸二期'],['集美'],['杏林桥头'],有,三梯六户,['2022-09-12'],['2017-05-17']
1335,['海上世界旁，格局方正， 建成年限新98年小区，2号线'],https://xm.lianjia.com/ershoufang/105112752925.html,['415'],"['51,432元/平']",1人关注 ,2室2厅1厨1卫,['中楼层/共8层'],['东 西 北'],['平层/精装'],['80.69平米'],['1998年建'],['宝鹭苑'],['湖里'],['邮轮城'],有,两梯两户,['2023-02-21'],['2000-07-17']
1336,['翔安隧道口精装小三房，拎包入住，省契税！'],https://xm.lianjia.com/ershoufang/105111319720.html,['252'],"['28,032元/平']",1人关注 ,3室1厅1厨1卫,['高楼层/共31层'],['东南'],['平层/精装'],['89.9平米'],['2014年建'],['阳光城翡丽湾一期'],['翔安'],['翔安新城'],有,两梯六户,['2022-08-24'],['2019-08-29']
1337,['火车站东浦路建发08年小区，1房1厅电楼，精装'],https://xm.lianjia.com/ershoufang/105112497654.html,['318'],"['60,354元/平']",0人关注 ,1室1厅1厨1卫,['中楼层/共25层'],['北'],['平层/精装'],['52.69平米'],['2007年建'],['时尚国际'],['思明'],['火车站'],有,三梯十户,['2023-01-31'],['2010-09-08']
1338,['莲坂地铁口低单价3房，全明格局'],https://xm.lianjia.com/ershoufang/105112937631.html,['688'],"['51,816元/平']",0人关注 ,3室2厅1厨2卫,['中楼层/共34层'],['南 北'],['平层/简装'],['132.78平米'],['1994年建'],['宝福大厦'],['思明'],['莲坂'],有,三梯六户,['2023-03-08'],['2019-12-16']
1339,['新景国际外滩 3室2厅 东'],https://xm.lianjia.com/ershoufang/105114857621.html,['1080'],"['103,717元/平']",0人关注 ,3室2厅1厨2卫,['中楼层/共16层'],['东'],['跃层/精装'],['104.13平米'],['2014年建'],['新景国际外滩'],['湖里'],['五缘湾'],有,两梯四户,['2023-09-20'],['2015-09-15']
1340,['盛元广场'],https://xm.lianjia.com/ershoufang/105114691405.html,['150'],"['22,780元/平']",1人关注 ,4室2厅1厨2卫,['高楼层/共11层'],['南 北'],['跃层/精装'],['65.85平米'],['2018年建'],['盛元广场'],['海沧'],['海沧农场'],有,两梯八户,['2023-09-02'],['2018-11-21']
1341,['一线湾景，地铁商圈围绕，复式使用大，全明格局'],https://xm.lianjia.com/ershoufang/105113809757.html,['735'],"['49,046元/平']",3人关注 ,4室1厅1厨3卫,['高楼层/共33层'],['南 北'],['跃层/精装'],['149.86平米'],['未知年建'],['世茂璀璨天城一期'],['集美'],['集美新城'],有,两梯八户,['2023-05-28'],['2020-04-14']
1342,['未来海岸浪琴湾大三房子.朝南.精装.拎包入住'],https://xm.lianjia.com/ershoufang/105114835591.html,['360'],"['25,262元/平']",0人关注 ,3室2厅1厨2卫,['低楼层/共18层'],['南'],['平层/精装'],['142.51平米'],['2005年建'],['未来海岸浪琴湾'],['海沧'],['未来海岸北师大'],有,两梯三户,['2023-09-18'],['2016-12-15']
1343,['格局方正，采光通风好，现改成两套单身公寓'],https://xm.lianjia.com/ershoufang/105114539505.html,['330'],"['59,772元/平']",0人关注 ,1室1厅1厨1卫,['中楼层/共31层'],['东'],['平层/精装'],['55.21平米'],['2003年建'],['天宝大厦'],['思明'],['松柏'],有,三梯二十一户,['2023-08-17'],['2012-04-01']
1344,['大唐世家 电梯 精装 拎包入住 地铁一号线'],https://xm.lianjia.com/ershoufang/105114975467.html,['180'],"['51,710元/平']",0人关注 ,1室1厅1厨1卫,['高楼层/共9层'],['西'],['平层/精装'],['34.81平米'],['2008年建'],['大唐世家一期'],['湖里'],['大唐世家'],有,两梯四十户,['2023-10-06'],['2019-03-05']
1345,['翔安隧道口厦航三六里旁融侨复式三房'],https://xm.lianjia.com/ershoufang/105115794624.html,['275'],"['30,458元/平']",0人关注 ,3室2厅1厨2卫,['中楼层/共34层'],['南 北'],['跃层/精装'],['90.29平米'],['2022年建'],['融侨铂樾府'],['翔安'],['翔安新城'],有,两梯六户,['2024-01-06'],['2023-04-12']
1346,['高层看海，视野开阔，交通方便，楼下就是公交站。。。'],https://xm.lianjia.com/ershoufang/105110258855.html,['865'],"['55,435元/平']",2人关注 ,4室2厅1厨2卫,['高楼层/共30层'],['西南 北'],['平层/精装'],['156.04平米'],['2006年建'],['源昌大厦'],['湖里'],['东渡'],有,两梯十四户,['2022-04-11'],['2016-04-19']
1347,['封闭式小区，会加装电梯，公摊小，闹中取静，停车方便'],https://xm.lianjia.com/ershoufang/105109728021.html,['453'],"['47,760元/平']",5人关注 ,2室2厅1厨1卫,['中楼层/共7层'],['南 北'],['平层/精装'],['94.85平米'],['2000年建'],['海俱宿舍区'],['湖里'],['东渡'],暂无数据,暂无数据,['2022-02-06'],['2017-07-18']
1348,['地铁2号线旁精明房型稳定出售。'],https://xm.lianjia.com/ershoufang/105106836798.html,['551'],"['44,533元/平']",19人关注 ,3室2厅1厨2卫,['低楼层/共22层'],['西南'],['平层/精装'],['123.73平米'],['2000年建'],['港吉大厦'],['湖里'],['东渡'],有,两梯八户,['2021-03-30'],['2000-02-23']
1349,['空户 没有贷款的一房一厅诚意出售'],https://xm.lianjia.com/ershoufang/105115751027.html,['179'],"['32,929元/平']",0人关注 ,1室1厅1厨1卫,['中楼层/共25层'],['东南'],['平层/简装'],['54.36平米'],['2009年建'],['绿苑商城'],['海沧'],['滨海社区'],有,两梯十户,['2024-01-02'],['2013-08-08']
1350,['保利央企品质 高层南北通透大3房 满五 自住精装保养好'],https://xm.lianjia.com/ershoufang/105115057681.html,['360'],"['34,120元/平']",0人关注 ,3室2厅1厨2卫,['中楼层/共33层'],['南 北'],['平层/精装'],['105.51平米'],['2014年建'],['海上五月花三期'],['集美'],['集美其它'],有,两梯四户,['2023-10-15'],['2015-06-30']
1351,['群惠旁地铁口，精装带家电拎包入住，全明两房三面采光'],https://xm.lianjia.com/ershoufang/105115090429.html,['499'],"['84,220元/平']",0人关注 ,2室1厅1厨1卫,['低楼层/共7层'],['东南 南 北'],['平层/精装'],['59.25平米'],['未知年建'],['草埔巷'],['思明'],['实验小学及周边'],无,暂无数据,['2023-10-18'],['2023-10-01']
1352,['集美桥头，南北通透大两房，采光好，满五年'],https://xm.lianjia.com/ershoufang/105115600958.html,['285'],"['32,838元/平']",1人关注 ,2室2厅1厨1卫,['中楼层/共27层'],['南 北'],['平层/精装'],['86.79平米'],['2010年建'],['泉水湾一期'],['集美'],['集美其它'],有,两梯六户,['2023-12-13'],['2017-04-26']
1353,['华中就在家门口 高层三房 看房方便 业主稳定出售'],https://xm.lianjia.com/ershoufang/105113496171.html,['200'],"['21,991元/平']",1人关注 ,3室2厅1厨1卫,['高楼层/共33层'],['东南'],['平层/精装'],['90.95平米'],['2019年建'],['海投自贸城'],['海沧'],['角嵩路'],暂无数据,暂无数据,['2023-04-26'],['2021-04-19']
1354,['翔安隧道口，看海楼中楼，使用面积大，次新小区'],https://xm.lianjia.com/ershoufang/105115705984.html,['330'],"['26,517元/平']",1人关注 ,4室2厅1厨2卫,['中楼层/共31层'],['南'],['跃层/毛坯'],['124.45平米'],['2014年建'],['阳光城翡丽湾一期'],['翔安'],['翔安新城'],有,两梯四户,['2023-12-27'],['2018-01-07']
1355,['泰和花园 2号地铁线江头出口 总价底 框架 南北 通透'],https://xm.lianjia.com/ershoufang/105115143890.html,['275'],"['33,026元/平']",0人关注 ,2室2厅1厨1卫,['高楼层/共8层'],['南 北'],['平层/精装'],['83.27平米'],['1999年建'],['泰和花园'],['湖里'],['金尚'],无,暂无数据,['2023-10-24'],['2013-11-08']
1356,['空户 没有贷款的一房一厅诚意出售'],https://xm.lianjia.com/ershoufang/105115751027.html,['179'],"['32,929元/平']",0人关注 ,1室1厅1厨1卫,['中楼层/共25层'],['东南'],['平层/简装'],['54.36平米'],['2009年建'],['绿苑商城'],['海沧'],['滨海社区'],有,两梯十户,['2024-01-02'],['2013-08-08']
1357,['地铁2号线旁 户型方正 稳定出售'],https://xm.lianjia.com/ershoufang/105115538477.html,['563'],"['45,503元/平']",0人关注 ,3室2厅2厨1卫,['低楼层/共22层'],['东南 北'],['平层/精装'],['123.73平米'],['1999年建'],['港吉大厦'],['湖里'],['东渡'],有,两梯八户,['2023-12-07'],['2023-11-27']
1358,['文灶地铁口 小面积南北朝向三房 交通方便'],https://xm.lianjia.com/ershoufang/105114593354.html,['360'],"['65,622元/平']",0人关注 ,3室1厅1厨1卫,['低楼层/共7层'],['南 北'],['平层/精装'],['54.86平米'],['1992年建'],['文塔苑'],['思明'],['文园路'],暂无数据,暂无数据,['2023-08-23'],['2019-11-26']
1359,['盛元广场'],https://xm.lianjia.com/ershoufang/105114691405.html,['150'],"['22,780元/平']",1人关注 ,4室2厅1厨2卫,['高楼层/共11层'],['南 北'],['跃层/精装'],['65.85平米'],['2018年建'],['盛元广场'],['海沧'],['海沧农场'],有,两梯八户,['2023-09-02'],['2018-11-21']
1360,['满五一自住装修 保养好 高楼层看海'],https://xm.lianjia.com/ershoufang/105115324767.html,['426'],"['34,802元/平']",0人关注 ,3室1厅1厨2卫,['中楼层/共47层'],['南'],['平层/精装'],['122.41平米'],['2015年建'],['联发杏林湾一号三期'],['集美'],['杏林桥头'],有,三梯六户,['2023-11-13'],['2016-06-30']
1361,['万科金域华府二期 高层看海 业主自住精装大四房'],https://xm.lianjia.com/ershoufang/105115653509.html,['395'],"['30,652元/平']",1人关注 ,4室2厅1厨2卫,['高楼层/共47层'],['南'],['平层/精装'],['128.87平米'],['2015年建'],['万科金域华府二期'],['集美'],['杏林桥头'],有,四梯六户,['2023-12-20'],['2019-02-21']
1362,['翔安隧道口一站进岛、新会展旁、高层看海景、急售。'],https://xm.lianjia.com/ershoufang/105114232146.html,['301'],"['23,291元/平']",1人关注 ,3室2厅1厨2卫,['高楼层/共33层'],['东南 南'],['平层/毛坯'],['129.24平米'],['2015年建'],['阳光城翡丽湾二期'],['翔安'],['翔安新城'],有,两梯四户,['2023-07-13'],['2016-05-19']
1363,['侨旺大厦 3室2厅 东 北'],https://xm.lianjia.com/ershoufang/105115076417.html,['650'],"['47,784元/平']",0人关注 ,3室2厅1厨2卫,['低楼层/共28层'],['东 北'],['平层/精装'],['136.03平米'],['2000年建'],['侨旺大厦'],['思明'],['莲坂'],有,三梯六户,['2023-10-17'],['2009-09-02']
1364,['金海湾精装大两房 房东诚意出售'],https://xm.lianjia.com/ershoufang/105114902854.html,['250'],"['26,179元/平']",0人关注 ,2室1厅1厨2卫,['中楼层/共24层'],['南 北'],['平层/精装'],['95.5平米'],['2011年建'],['金海湾'],['集美'],['杏林桥头'],有,两梯五户,['2023-09-25'],['2020-09-10']
1365,['阳光城精装三房 边套三房 楼层好 视野好'],https://xm.lianjia.com/ershoufang/105115434716.html,['218'],"['24,391元/平']",0人关注 ,3室2厅1厨1卫,['中楼层/共19层'],['南 北'],['平层/精装'],['89.38平米'],['2019年建'],['阳光城文澜府'],['集美'],['灌口'],有,两梯三户,['2023-11-25'],['2021-04-14']
1366,['公摊面积小，户型好，动静分离，位置好'],https://xm.lianjia.com/ershoufang/105115634292.html,['425'],"['63,910元/平']",0人关注 ,2室1厅1厨1卫,['高楼层/共9层'],['南'],['平层/精装'],['66.5平米'],['1995年建'],['湖光路工业设计院'],['思明'],['槟榔'],无,暂无数据,['2023-12-18'],['2006-04-24']
1367,['景粼原著中叠叠墅 业主诚意出售 实际使用300平左右'],https://xm.lianjia.com/ershoufang/105116133912.html,['679'],"['54,856元/平']",0人关注 ,4室2厅1厨1卫,['中楼层/共7层'],['东南'],['复式/毛坯'],['123.78平米'],['未知年建'],['景粼原著'],['集美'],['灌口'],有,一梯两户,['2024-02-25'],['2022-12-14']
1368,['此房采光充足 楼层好 交通便利 诚意出售'],https://xm.lianjia.com/ershoufang/105116564488.html,['298'],"['31,879元/平']",0人关注 ,3室1厅1厨1卫,['中楼层/共31层'],['南'],['平层/精装'],['93.48平米'],['2014年建'],['禹洲中央海岸一期'],['集美'],['杏林桥头'],有,三梯六户,['2024-04-02'],['2022-03-24']
1369,['招商莱顿小镇 2室2厅 南'],https://xm.lianjia.com/ershoufang/105116537164.html,['188'],"['25,087元/平']",0人关注 ,2室2厅1厨1卫,['中楼层/共11层'],['南'],['平层/精装'],['74.94平米'],['2018年建'],['招商莱顿小镇'],['集美'],['灌口'],有,一梯三户,['2024-03-31'],['2020-10-19']
1370,['建发央著二期 2室2厅 东南 南'],https://xm.lianjia.com/ershoufang/105116546488.html,['420'],"['52,304元/平']",0人关注 ,2室2厅1厨1卫,['高楼层/共33层'],['东南 南'],['平层/精装'],['80.3平米'],['2020年建'],['建发央著二期'],['集美'],['集美新城'],有,两梯四户,['2024-04-01'],['2022-01-14']
1371,['江头地铁口，框架南北通透两房，闹中取静，采光好'],https://xm.lianjia.com/ershoufang/105116461298.html,['279'],"['35,465元/平']",0人关注 ,2室1厅1厨1卫,['高楼层/共8层'],['南 北'],['平层/精装'],['78.67平米'],['1996年建'],['吕岭综合楼'],['湖里'],['金尚'],无,暂无数据,['2024-03-24'],['2021-07-12']
1372,['地铁口 国企开发 免个税精装拎包入住 过云溪近教育'],https://xm.lianjia.com/ershoufang/105114275831.html,['245'],"['22,414元/平']",0人关注 ,3室2厅1厨1卫,['高楼层/共18层'],['南 北'],['平层/精装'],['109.31平米'],['2015年建'],['过云溪二组团'],['海沧'],['东孚'],有,两梯四户,['2023-07-18'],['2015-11-26']
1373,['新景国际外滩 3室2厅 东'],https://xm.lianjia.com/ershoufang/105114857621.html,['1080'],"['103,717元/平']",0人关注 ,3室2厅1厨2卫,['中楼层/共16层'],['东'],['跃层/精装'],['104.13平米'],['2014年建'],['新景国际外滩'],['湖里'],['五缘湾'],有,两梯四户,['2023-09-20'],['2015-09-15']
1374,['文圃花园 带电梯 好楼层 住家装修'],https://xm.lianjia.com/ershoufang/105112823604.html,['238'],"['28,103元/平']",8人关注 ,3室2厅1厨1卫,['中楼层/共7层'],['南 北'],['平层/精装'],['84.69平米'],['未知年建'],['文圃花园'],['海沧'],['海沧生活区'],有,一梯四户,['2023-02-27'],['2015-09-08']
1375,['此房满2年，边套三房，近地铁，采光充足 经典户型'],https://xm.lianjia.com/ershoufang/105114087542.html,['413'],"['34,841元/平']",0人关注 ,3室2厅1厨2卫,['高楼层/共33层'],['南'],['平层/精装'],['118.54平米'],['2017年建'],['莲花新城三期'],['集美'],['集美新城'],有,两梯四户,['2023-06-27'],['2018-05-07']
1376,['此房坐落于东渡狐尾山公园，健康步道，邮轮码头。'],https://xm.lianjia.com/ershoufang/105113233144.html,['254'],"['38,230元/平']",1人关注 ,2室1厅1厨1卫,['高楼层/共7层'],['南 北'],['平层/简装'],['66.44平米'],['未知年建'],['东村巷'],['湖里'],['东渡'],无,暂无数据,['2023-04-02'],['1998-12-19']
1377,['集美新城 IOI园博湾  精装两房  安静  一线湖景'],https://xm.lianjia.com/ershoufang/105112666365.html,['285'],"['32,861元/平']",1人关注 ,2室2厅1厨1卫,['中楼层/共31层'],['南'],['平层/精装'],['86.73平米'],['2015年建'],['IOI园博湾'],['集美'],['杏锦路'],有,两梯四户,['2023-02-15'],['2018-09-25']
1378,['此房视野开阔，看海景，采光充足'],https://xm.lianjia.com/ershoufang/105113316494.html,['257'],"['28,588元/平']",0人关注 ,3室1厅1厨1卫,['低楼层/共31层'],['南'],['平层/毛坯'],['89.9平米'],['2014年建'],['阳光城翡丽湾一期'],['翔安'],['翔安新城'],有,两梯六户,['2023-04-10'],['2013-09-18']
1379,['边套高层，自己重新精装修，个人产权，业主诚意出售'],https://xm.lianjia.com/ershoufang/105113119726.html,['150'],"['25,160元/平']",2人关注 ,3室1厅1厨2卫,['中楼层/共24层'],['东南'],['跃层/精装'],['59.62平米'],['2016年建'],['融信海上城'],['海沧'],['滨海社区'],有,六梯二十二户,['2023-03-23'],['2012-10-17']
1380,['高层全海景 精装修享受型大三房 双阳台 房子保养好'],https://xm.lianjia.com/ershoufang/105111112112.html,['420'],"['30,369元/平']",0人关注 ,3室2厅1厨2卫,['高楼层/共41层'],['东南 南'],['平层/精装'],['138.3平米'],['2014年建'],['禹洲中央海岸一期'],['集美'],['杏林桥头'],有,三梯六户,['2022-07-29'],['2020-10-21']
1381,['隧道口 阳光城 方正两房 视野无遮挡 朝南 看海'],https://xm.lianjia.com/ershoufang/105111168263.html,['228'],"['31,711元/平']",1人关注 ,2室2厅1厨1卫,['中楼层/共33层'],['南'],['平层/精装'],['71.9平米'],['2014年建'],['阳光城翡丽湾一期'],['翔安'],['翔安新城'],有,两梯六户,['2022-08-06'],['2016-12-02']
1382,['出行交通便利，房子采光好，满五*，框架结构。'],https://xm.lianjia.com/ershoufang/105108082504.html,['418'],"['50,163元/平']",49人关注 ,3室2厅1厨1卫,['中楼层/共8层'],['西北'],['平层/精装'],['83.33平米'],['2000年建'],['龙山山庄'],['思明'],['莲前'],无,暂无数据,['2021-07-23'],['2011-10-10']
1383,['小区居住的安逸舒适是您优先的选择'],https://xm.lianjia.com/ershoufang/105102162006.html,['300'],"['25,063元/平']",7人关注 ,3室2厅1厨2卫,['低楼层/共18层'],['南 西 北'],['平层/毛坯'],['119.7平米'],['2013年建'],['美地雅登祥吴六里'],['翔安'],['新店'],有,两梯四户,['2019-03-25'],['2019-06-15']
1384,['此房采光充足 楼层好 交通便利 诚意出售'],https://xm.lianjia.com/ershoufang/105116564488.html,['298'],"['31,879元/平']",0人关注 ,3室1厅1厨1卫,['中楼层/共31层'],['南'],['平层/精装'],['93.48平米'],['2014年建'],['禹洲中央海岸一期'],['集美'],['杏林桥头'],有,三梯六户,['2024-04-02'],['2022-03-24']
1385,"['精装修, 采光明亮视野宽，环境优雅， 起居购物方便']",https://xm.lianjia.com/ershoufang/105112888373.html,['85'],"['18,319元/平']",1人关注 ,2室1厅1厨1卫,['低楼层/共26层'],['西北'],['跃层/精装'],['46.4平米'],['2016年建'],['融信海上城'],['海沧'],['滨海社区'],有,六梯二十户,['2023-03-04'],['2020-04-08']
1386,['急售！2000年封闭小区  框架挑高两层，分隔多套两房'],https://xm.lianjia.com/ershoufang/105110159163.html,['395'],"['34,046元/平']",2人关注 ,5室1厅2厨2卫,['地下室/共7层'],['北'],['复式/精装'],['116.02平米'],['2000年建'],['榕海花园'],['湖里'],['东渡'],无,暂无数据,['2022-03-29'],['2004-02-25']
1387,['此房满5年且只有一套，小区里面安静，南北，采光好。'],https://xm.lianjia.com/ershoufang/105114311145.html,['358'],"['63,375元/平']",1人关注 ,1室1厅1厨1卫,['低楼层/共14层'],['南 北'],['平层/精装'],['56.49平米'],['2010年建'],['新港龙世家幸福密码'],['湖里'],['枋湖'],有,一梯三户,['2023-07-22'],['2011-03-30']
1388,['明厨明卫，格局方正，产权满2，看房子方便'],https://xm.lianjia.com/ershoufang/105106426838.html,['377'],"['29,546元/平']",2人关注 ,3室2厅1厨2卫,['中楼层/共9层'],['东南'],['平层/简装'],['127.6平米'],['未知年建'],['未来橙堡'],['海沧'],['海沧体育中心'],有,两梯两户,['2021-02-21'],['2012-09-12']
1389,['火车站东南向 单价低 总价低 面积大 带电梯'],https://xm.lianjia.com/ershoufang/105108440961.html,['198'],"['20,225元/平']",79人关注 ,2室2厅0厨0卫,['低楼层/共28层'],['东南'],['平层/简装'],['97.9平米'],['1992年建'],['华星大厦'],['思明'],['火车站'],有,五梯十三户,['2021-08-18'],['2016-11-03']
1390,['地铁口两房格局方正，南北通透，精装修可拎包入住。'],https://xm.lianjia.com/ershoufang/105113139515.html,['300'],"['69,221元/平']",3人关注 ,2室1厅1厨1卫,['低楼层/共6层'],['南 北'],['平层/精装'],['43.34平米'],['1985年建'],['湖滨东路'],['思明'],['火车站'],无,暂无数据,['2023-03-25'],['2023-03-26']
1391,['体育馆 地铁边 中楼层 南北通透 采光好 业主诚售'],https://xm.lianjia.com/ershoufang/105109923224.html,['360'],"['55,719元/平']",24人关注 ,3室1厅1厨1卫,['中楼层/共6层'],['南 北'],['平层/简装'],['64.61平米'],['1990年建'],['东岳路45-55号'],['思明'],['体育中心'],无,暂无数据,['2022-03-01'],['2019-04-16']
1392,['万象城旁，双地铁口，正规两房，格局方正，看房方便。'],https://xm.lianjia.com/ershoufang/105113150891.html,['426'],"['67,523元/平']",1人关注 ,2室2厅1厨1卫,['中楼层/共6层'],['南 北'],['平层/精装'],['63.09平米'],['1986年建'],['湖滨东路'],['思明'],['火车站'],无,暂无数据,['2023-03-26'],['2021-04-21']
1393,['海上世界，2号地铁口旁，交通生活便利，'],https://xm.lianjia.com/ershoufang/105112031753.html,['162'],"['37,208元/平']",7人关注 ,2室1厅1厨1卫,['中楼层/共7层'],['南 北'],['平层/精装'],['43.54平米'],['未知年建'],['海山路'],['湖里'],['东渡'],无,暂无数据,['2022-11-14'],['2006-06-03']
1394,['滨北 2000年框架 正规两房 满5年'],https://xm.lianjia.com/ershoufang/105109877373.html,['320'],"['66,007元/平']",12人关注 ,2室1厅1厨1卫,['高楼层/共9层'],['南'],['平层/简装'],['48.48平米'],['2000年建'],['共和大厦'],['思明'],['七星路'],无,暂无数据,['2022-02-24'],['2017-03-28']
1395,['万象城旁电梯大三房，格局方正，一梯三户双地铁口。'],https://xm.lianjia.com/ershoufang/105115942261.html,['758'],"['66,201元/平']",1人关注 ,3室1厅1厨2卫,['低楼层/共7层'],['南'],['平层/精装'],['114.5平米'],['1999年建'],['湖滨东路'],['思明'],['火车站'],有,一梯三户,['2024-01-24'],['2009-07-27']
1396,['文灶万寿片区，闹中取静，出行方便。。。。。'],https://xm.lianjia.com/ershoufang/105111993693.html,['658'],"['63,106元/平']",0人关注 ,3室2厅1厨1卫,['高楼层/共7层'],['南 北'],['平层/简装'],['104.27平米'],['未知年建'],['电化宿舍'],['思明'],['文灶'],暂无数据,暂无数据,['2022-11-09'],['1999-03-29']
1397,['万科里繁华地段挑高5米 开发商精装2层  朝南'],https://xm.lianjia.com/ershoufang/105111093075.html,['93'],"['22,530元/平']",1人关注 ,2室1厅1厨2卫,['低楼层/共31层'],['南'],['跃层/简装'],['41.28平米'],['2018年建'],['万科金域华府二期'],['集美'],['杏林桥头'],有,五梯三十五户,['2022-07-27'],['2019-01-30']
1398,['集美核芯，精装三房，中间楼层看中庭，双地铁口'],https://xm.lianjia.com/ershoufang/105107827816.html,['530'],"['45,999元/平']",23人关注 ,3室2厅1厨2卫,['中楼层/共33层'],['东南'],['平层/精装'],['115.22平米'],['2019年建'],['莲花首岸'],['集美'],['集美新城'],有,两梯四户,['2021-07-03'],['2019-07-01']
1399,['集美新城地铁口，业主自住精装三房，高楼层，景观好！'],https://xm.lianjia.com/ershoufang/105112793401.html,['336'],"['37,783元/平']",3人关注 ,3室2厅1厨1卫,['中楼层/共33层'],['东南'],['平层/精装'],['88.93平米'],['2017年建'],['莲花新城三期'],['集美'],['集美新城'],有,两梯四户,['2023-02-25'],['2020-05-28']
1400,['中山路写字楼，方便，业主诚心出售。'],https://xm.lianjia.com/ershoufang/105110517152.html,['789'],"['19,386元/平']",1人关注 ,5室2厅0厨0卫,['中楼层/共36层'],['南'],['平层/精装'],['407平米'],['1995年建'],['海光大厦'],['思明'],['中山路'],有,两梯八户,['2022-05-14'],['2007-05-30']
1401,['和通里小区 2室2厅 南'],https://xm.lianjia.com/ershoufang/105112775524.html,['330'],"['46,407元/平']",1人关注 ,2室2厅1厨1卫,['中楼层/共7层'],['南'],['平层/简装'],['71.11平米'],['1997年建'],['和通里小区'],['湖里'],['东渡'],无,暂无数据,['2023-02-23'],['1999-11-05']
1402,['中港二期 04年 框架 中庭位置 中楼层 业主自住装修'],https://xm.lianjia.com/ershoufang/105113359460.html,['540'],"['47,527元/平']",2人关注 ,3室1厅1厨2卫,['中楼层/共5层'],['南 北'],['平层/精装'],['113.62平米'],['2001年建'],['中港花园'],['湖里'],['SM'],无,暂无数据,['2023-04-14'],['2019-04-17']
1403,['视野好。看筼筜湖景，采光好，地铁口'],https://xm.lianjia.com/ershoufang/105106958966.html,['998'],"['59,229元/平']",15人关注 ,4室2厅1厨3卫,['低楼层/共33层'],['西 北'],['复式/精装'],['168.5平米'],['2003年建'],['育秀中心'],['思明'],['体育中心'],有,三梯七户,['2021-04-11'],['2021-04-11']
1404,['火车站莲坂站 2005年封闭式花园小区闹中取静精装三房'],https://xm.lianjia.com/ershoufang/105116324291.html,['598'],"['98,502元/平']",0人关注 ,2室2厅1厨2卫,['高楼层/共11层'],['南 北'],['跃层/精装'],['60.71平米'],['2007年建'],['源昌商业中心'],['思明'],['富山'],有,一梯六户,['2024-03-12'],['2017-03-12']
1405,['世茂IOI万科里商圈 华大 边套 精装 三室两厅'],https://xm.lianjia.com/ershoufang/105112144716.html,['408.8'],"['31,841元/平']",0人关注 ,3室2厅1厨2卫,['中楼层/共33层'],['南 北'],['平层/精装'],['128.39平米'],['2013年建'],['莲花尚院'],['集美'],['集美新城'],有,两梯四户,['2022-11-28'],['2014-11-07']
1406,['高层海景大三房，现代简约风装修，大阳台.'],https://xm.lianjia.com/ershoufang/105113147289.html,['428'],"['31,611元/平']",0人关注 ,3室2厅1厨2卫,['中楼层/共39层'],['南'],['平层/精装'],['135.4平米'],['2016年建'],['联发杏林湾一号二期'],['集美'],['杏林桥头'],有,三梯六户,['2023-03-26'],['2015-04-09']
1407,['莲花首岸 中楼层精装 南北 看湖看集美塔 景观不错'],https://xm.lianjia.com/ershoufang/105114612052.html,['550'],"['37,100元/平']",0人关注 ,3室2厅1厨2卫,['低楼层/共36层'],['南 北'],['平层/精装'],['148.25平米'],['2019年建'],['莲花首岸'],['集美'],['集美新城'],有,两梯四户,['2023-08-25'],['2019-09-17']
1408,['房子采光充足，格局好，高层一线海景房，自住精装'],https://xm.lianjia.com/ershoufang/105111120062.html,['410'],"['36,487元/平']",1人关注 ,3室1厅1厨2卫,['中楼层/共34层'],['东南'],['平层/精装'],['112.37平米'],['2014年建'],['禹洲中央海岸一期'],['集美'],['杏林桥头'],有,三梯六户,['2022-07-30'],['2021-03-26']
1409,['莲坂地铁口电梯四房南北通透业主诚意出售'],https://xm.lianjia.com/ershoufang/105112380796.html,['780'],"['58,292元/平']",0人关注 ,4室2厅1厨2卫,['低楼层/共18层'],['南 北'],['平层/毛坯'],['133.81平米'],['2004年建'],['美迪斯小区'],['思明'],['富山'],有,一梯六户,['2023-01-04'],['2006-11-08']
1410,['环东国际精装大三房 业主诚意出售 看房方便'],https://xm.lianjia.com/ershoufang/105114289518.html,['221'],"['21,306元/平']",0人关注 ,3室2厅1厨2卫,['中楼层/共35层'],['东南'],['平层/精装'],['103.73平米'],['2012年建'],['禹洲大学城'],['同安'],['集美其它'],有,三梯十户,['2023-07-20'],['2011-12-01']
1411,['花园式小区，电梯小高层，看中庭视野好'],https://xm.lianjia.com/ershoufang/105111074535.html,['1220'],"['87,038元/平']",1人关注 ,3室2厅1厨2卫,['中楼层/共10层'],['南 北'],['平层/精装'],['140.17平米'],['2003年建'],['绿家园'],['思明'],['富山'],有,一梯两户,['2022-07-25'],['2005-01-24']
1412,['杏林湾一号三期 边套双阳台 海景大三房'],https://xm.lianjia.com/ershoufang/105111944216.html,['436'],"['35,947元/平']",0人关注 ,3室1厅1厨2卫,['低楼层/共47层'],['西南'],['平层/精装'],['121.29平米'],['2015年建'],['联发杏林湾一号三期'],['集美'],['杏林桥头'],有,三梯六户,['2022-11-03'],['2013-05-13']
1413,['杏林湾通透户型，厅带阳台，精装修，海景大三房'],https://xm.lianjia.com/ershoufang/105110179703.html,['500'],"['35,421元/平']",2人关注 ,3室1厅1厨2卫,['中楼层/共41层'],['南 北'],['平层/精装'],['141.16平米'],['2016年建'],['联发杏林湾一号一期'],['集美'],['杏林桥头'],有,两梯四户,['2022-04-01'],['2020-07-14']
1414,['筼筜湖畔朝南三房高层采光视野通风不错哦'],https://xm.lianjia.com/ershoufang/105113802479.html,['2100'],"['67,852元/平']",0人关注 ,6室3厅1厨4卫,['高楼层/共10层'],['东 南 西南 西'],['跃层/精装'],['309.5平米'],['2000年建'],['联谊广场'],['思明'],['莲坂'],有,一梯四户,['2023-05-27'],['2011-03-10']
1415,['小户型 总价低 高楼层 看房方便 业主诚意出售'],https://xm.lianjia.com/ershoufang/105113534739.html,['119'],"['34,324元/平']",0人关注 ,1室0厅0厨1卫,['高楼层/共18层'],['西'],['平层/简装'],['34.67平米'],['2009年建'],['未来海岸蓝水郡'],['海沧'],['海沧体育中心'],有,两梯九户,['2023-05-01'],['2023-07-17']
1416,['万科金域蓝湾二期正规南北户型 精装修看房方便'],https://xm.lianjia.com/ershoufang/105111381294.html,['1300'],"['69,765元/平']",7人关注 ,4室2厅1厨3卫,['高楼层/共30层'],['南'],['平层/精装'],['186.34平米'],['2010年建'],['万科金域蓝湾二期'],['思明'],['瑞景'],有,两梯两户,['2022-08-31'],['2011-08-01']
1417,['二号线地铁口 万科物业 边套西南北三面采光四房'],https://xm.lianjia.com/ershoufang/105110932798.html,['1050'],"['71,889元/平']",0人关注 ,4室2厅1厨2卫,['低楼层/共28层'],['东南 北'],['精装'],['146.06平米'],['2008年建'],['万科金域蓝湾一期'],['思明'],['瑞景'],有,两梯三户,['2022-07-07'],['2010-12-23']
1418,['满两年 业主精装房 看房方便 采光好'],https://xm.lianjia.com/ershoufang/105114874129.html,['78'],"['25,408元/平']",0人关注 ,1室0厅0厨1卫,['高楼层/共5层'],['南'],['平层/精装'],['30.7平米'],['2006年建'],['未来橙堡'],['海沧'],['海沧体育中心'],无,暂无数据,['2023-09-22'],['2020-09-22']
1419,['产权满五年 中高楼层 视野采光好 价格可谈'],https://xm.lianjia.com/ershoufang/105114668017.html,['310'],"['30,089元/平']",1人关注 ,3室2厅1厨1卫,['中楼层/共18层'],['南 北'],['平层/简装'],['103.03平米'],['2005年建'],['未来海岸蓝水郡'],['海沧'],['海沧体育中心'],有,两梯五户,['2023-08-31'],['2009-10-20']
1420,['高层，海景，小区绿化高，离海边又近'],https://xm.lianjia.com/ershoufang/105107247294.html,['1150'],"['62,173元/平']",12人关注 ,4室2厅1厨2卫,['中楼层/共31层'],['东 西'],['精装'],['184.97平米'],['2009年建'],['海豚湾'],['思明'],['会展中心'],有,两梯两户,['2021-05-07'],['2017-03-14']
1421,['房子格局好，配套齐全，后面就是万石植物园，天然氧吧'],https://xm.lianjia.com/ershoufang/105116297422.html,['386'],"['52,906元/平']",0人关注 ,2室2厅1厨1卫,['低楼层/共10层'],['南 北'],['平层/精装'],['72.96平米'],['2000年建'],['阳台山路19-25号'],['思明'],['文园路'],有,一梯两户,['2024-03-09'],['2016-06-12']
1422,['文灶南北三房精装修，空户，仅售480万'],https://xm.lianjia.com/ershoufang/105112265295.html,['469'],"['56,911元/平']",0人关注 ,3室1厅1厨1卫,['低楼层/共7层'],['南 北'],['平层/精装'],['82.41平米'],['1992年建'],['金榜铁路家园'],['思明'],['火车站'],无,暂无数据,['2022-12-13'],['2017-05-18']
1423,['R3-3户型，通风，通风采光好，看中庭，'],https://xm.lianjia.com/ershoufang/105112743797.html,['330'],"['37,117元/平']",2人关注 ,3室1厅1厨1卫,['高楼层/共33层'],['南'],['平层/简装'],['88.91平米'],['2015年建'],['橡树湾三期'],['集美'],['杏北'],有,两梯两户,['2023-02-21'],['2018-12-24']
1424,['杏林桥头 万科精装四房 满五， 证在手 随时过户'],https://xm.lianjia.com/ershoufang/105113159360.html,['420'],"['32,844元/平']",0人关注 ,4室1厅1厨2卫,['高楼层/共42层'],['南 北'],['平层/精装'],['127.88平米'],['2014年建'],['万科金域华府二期'],['集美'],['杏林桥头'],有,三梯四户,['2023-03-27'],['2023-03-28']
1425,['高层海景房，满2年，采光好，通透'],https://xm.lianjia.com/ershoufang/105113051392.html,['136'],"['33,806元/平']",0人关注 ,1室0厅1厨1卫,['高楼层/共18层'],['东'],['平层/简装'],['40.23平米'],['2009年建'],['汇景雅苑'],['海沧'],['未来海岸北师大'],有,两梯七户,['2023-03-18'],['2020-01-14']
1426,['一线海景、正规大4房，二次精装修拎包入住，产权满二'],https://xm.lianjia.com/ershoufang/105115024836.html,['316'],"['32,118元/平']",0人关注 ,4室2厅1厨2卫,['中楼层/共33层'],['南 北'],['跃层/精装'],['98.39平米'],['2017年建'],['保利叁仟栋一期'],['同安'],['环东海域'],有,两梯四户,['2023-10-11'],['2019-02-27']
1427,['沧翔路花园   户型通透  户型方正  房子温馨舒适！'],https://xm.lianjia.com/ershoufang/105112550085.html,['240'],"['25,860元/平']",0人关注 ,2室2厅1厨2卫,['高楼层/共7层'],['南 北'],['平层/简装'],['92.81平米'],['2000年建'],['沧翔路花园'],['海沧'],['海沧生活区'],无,暂无数据,['2023-02-05'],['2017-03-04']
1428,['联发杏林湾三房 装修效果好 业主诚意出售'],https://xm.lianjia.com/ershoufang/105109294388.html,['426'],"['35,166元/平']",13人关注 ,3室2厅1厨2卫,['低楼层/共49层'],['东南'],['平层/精装'],['121.14平米'],['2015年建'],['联发杏林湾一号三期'],['集美'],['杏林桥头'],有,三梯六户,['2021-11-21'],['2016-05-12']
1429,['滨北新楼盘信和银湖天峰精装单身公寓'],https://xm.lianjia.com/ershoufang/105110250798.html,['348'],"['80,056元/平']",5人关注 ,1室0厅1厨1卫,['低楼层/共39层'],['西'],['平层/精装'],['43.47平米'],['2016年建'],['信和银湖天峰'],['思明'],['市政府'],有,七梯二十三户,['2022-04-10'],['2017-09-11']
1430,['房子满五年 业主自住精装修 带露台已做好'],https://xm.lianjia.com/ershoufang/105114427943.html,['330'],"['29,397元/平']",1人关注 ,3室2厅1厨1卫,['低楼层/共26层'],['南'],['平层/精装'],['112.26平米'],['2012年建'],['天湖城'],['海沧'],['海沧区政府'],有,两梯四户,['2023-08-04'],['2014-07-28']
1431,['满五年，好楼层，朝南 采光好 价格可谈'],https://xm.lianjia.com/ershoufang/105113101308.html,['100'],"['31,192元/平']",0人关注 ,1室1厅1厨1卫,['中楼层/共5层'],['南'],['平层/简装'],['32.06平米'],['2005年建'],['未来橙堡'],['海沧'],['海沧体育中心'],无,暂无数据,['2023-03-22'],['2023-03-22']
1432,['房子满五年 空户 看房方便 价格可谈'],https://xm.lianjia.com/ershoufang/105113147943.html,['108.9'],"['31,899元/平']",0人关注 ,1室1厅1厨1卫,['高楼层/共6层'],['南'],['平层/简装'],['34.14平米'],['2005年建'],['未来橙堡'],['海沧'],['海沧体育中心'],无,暂无数据,['2023-03-26'],['2016-04-09']
1433,['万科一期三号楼南北大四房 户型方正 看湖边水库'],https://xm.lianjia.com/ershoufang/105113305170.html,['1180'],"['72,384元/平']",1人关注 ,4室2厅1厨2卫,['中楼层/共28层'],['南 北'],['平层/精装'],['163.02平米'],['2007年建'],['万科金域蓝湾一期'],['思明'],['瑞景'],有,两梯两户,['2023-04-09'],['2019-12-10']
1434,['环东海域 集美海上五月花 南北通透3房 满2 中层视野好'],https://xm.lianjia.com/ershoufang/105111275012.html,['428'],"['42,339元/平']",2人关注 ,3室2厅1厨2卫,['中楼层/共33层'],['南 北'],['平层/毛坯'],['101.09平米'],['2015年建'],['海上五月花五期'],['同安'],['集美其它'],有,两梯四户,['2022-08-19'],['2017-12-31']
1435,['火车站禾祥东，南北通透大3房，精装'],https://xm.lianjia.com/ershoufang/105111628905.html,['880'],"['74,050元/平']",1人关注 ,3室2厅1厨2卫,['中楼层/共11层'],['南 北'],['平层/精装'],['118.84平米'],['2001年建'],['富城花园'],['思明'],['富山'],有,一梯三户,['2022-09-27'],['2017-04-17']
1436,['正规3房，户型房正，主卧带阳台朝南，'],https://xm.lianjia.com/ershoufang/105113135135.html,['363'],"['50,905元/平']",1人关注 ,3室1厅1厨1卫,['中楼层/共30层'],['南'],['平层/精装'],['71.31平米'],['2011年建'],['高林居住区三里'],['湖里'],['软件园'],有,两梯六户,['2023-03-25'],['2021-01-08']
1437,['地铁口 万科物业 高层精装看海两房'],https://xm.lianjia.com/ershoufang/105112222936.html,['618'],"['70,500元/平']",5人关注 ,2室2厅1厨1卫,['高楼层/共31层'],['南'],['平层/精装'],['87.66平米'],['2010年建'],['万科金域蓝湾二期'],['思明'],['瑞景'],有,两梯四户,['2022-12-07'],['2014-07-28']
1438,['鑫荣苑 3室1厅 南 北'],https://xm.lianjia.com/ershoufang/105114281252.html,['298'],"['25,429元/平']",1人关注 ,3室1厅1厨2卫,['中楼层/共6层'],['南 北'],['平层/简装'],['117.19平米'],['未知年建'],['鑫荣苑'],['海沧'],['海沧生活区'],无,暂无数据,['2023-07-19'],['2018-03-19']
1439,['高层看海 景观视野杠杠的 随时可以看'],https://xm.lianjia.com/ershoufang/105114521988.html,['96'],"['21,913元/平']",0人关注 ,2室2厅1厨1卫,['中楼层/共26层'],['东'],['跃层/精装'],['43.81平米'],['2015年建'],['融信海上城'],['海沧'],['滨海社区'],有,六梯三十四户,['2023-08-15'],['2017-09-02']
1440,['滨北新楼盘信和银湖天峰精装单身公寓'],https://xm.lianjia.com/ershoufang/105110250798.html,['348'],"['80,056元/平']",5人关注 ,1室0厅1厨1卫,['低楼层/共39层'],['西'],['平层/精装'],['43.47平米'],['2016年建'],['信和银湖天峰'],['思明'],['市政府'],有,七梯二十三户,['2022-04-10'],['2017-09-11']
1441,['四房双卫，业主自住装，满五年省增值税'],https://xm.lianjia.com/ershoufang/105109951444.html,['260'],"['20,995元/平']",111人关注 ,4室2厅1厨2卫,['高楼层/共34层'],['南 北'],['错层/精装'],['123.84平米'],['2012年建'],['禹洲大学城'],['同安'],['集美其它'],有,三梯六户,['2022-03-03'],['2013-06-27']
1442,['鑫荣苑 3室1厅 南 北'],https://xm.lianjia.com/ershoufang/105114281252.html,['298'],"['25,429元/平']",1人关注 ,3室1厅1厨2卫,['中楼层/共6层'],['南 北'],['平层/简装'],['117.19平米'],['未知年建'],['鑫荣苑'],['海沧'],['海沧生活区'],无,暂无数据,['2023-07-19'],['2018-03-19']
1443,['环东海域 集美海上五月花 南北通透3房 满2 中层视野好'],https://xm.lianjia.com/ershoufang/105111275012.html,['428'],"['42,339元/平']",2人关注 ,3室2厅1厨2卫,['中楼层/共33层'],['南 北'],['平层/毛坯'],['101.09平米'],['2015年建'],['海上五月花五期'],['同安'],['集美其它'],有,两梯四户,['2022-08-19'],['2017-12-31']
1444,['集美桥头 保利高层南北 海景2房'],https://xm.lianjia.com/ershoufang/105114861034.html,['240'],"['31,776元/平']",0人关注 ,2室1厅1厨1卫,['中楼层/共32层'],['南 北'],['平层/精装'],['75.53平米'],['2014年建'],['海上五月花五期'],['同安'],['集美其它'],有,两梯六户,['2023-09-20'],['2018-12-26']
1445,['高层看海 景观视野杠杠的 随时可以看'],https://xm.lianjia.com/ershoufang/105114521988.html,['96'],"['21,913元/平']",0人关注 ,2室2厅1厨1卫,['中楼层/共26层'],['东'],['跃层/精装'],['43.81平米'],['2015年建'],['融信海上城'],['海沧'],['滨海社区'],有,六梯三十四户,['2023-08-15'],['2017-09-02']
1446,['世茂品质精装复式三房 地铁沿线 靠湖 采光通风好'],https://xm.lianjia.com/ershoufang/105113047400.html,['435'],"['51,057元/平']",0人关注 ,3室2厅1厨2卫,['中楼层/共13层'],['南 北'],['跃层/精装'],['85.2平米'],['2018年建'],['世茂璀璨天城一期'],['集美'],['集美新城'],有,两梯八户,['2023-03-17'],['2020-06-16']
1447,['美地雅登 小户型 一房一卫的格局 带阳台'],https://xm.lianjia.com/ershoufang/105110185197.html,['70'],"['35,123元/平']",12人关注 ,1室0厅0厨1卫,['中楼层/共18层'],['北'],['平层/精装'],['19.93平米'],['2009年建'],['美地雅登一里'],['翔安'],['新店'],有,两梯四户,['2022-04-01'],['2011-10-09']
1448,['近集美桥头，业主诚意出售，户型方正 朝南双阳台'],https://xm.lianjia.com/ershoufang/105114154755.html,['190'],"['16,489元/平']",0人关注 ,3室2厅1厨2卫,['低楼层/共30层'],['南'],['错层/简装'],['115.23平米'],['2012年建'],['禹洲大学城'],['同安'],['集美其它'],有,三梯四户,['2023-07-04'],['2013-05-27']
1449,['中庭位置看绿化 采光好，户型方正，使用面积大 南北'],https://xm.lianjia.com/ershoufang/105113847819.html,['950'],"['62,104元/平']",0人关注 ,4室2厅2厨2卫,['中楼层/共12层'],['南 北'],['平层/精装'],['152.97平米'],['2009年建'],['凯悦新城'],['湖里'],['枋湖'],有,一梯两户,['2023-05-31'],['2013-03-15']
1450,['此房为电梯高层 视野无遮挡，实用两房。'],https://xm.lianjia.com/ershoufang/105109852351.html,['320'],"['59,546元/平']",5人关注 ,2室1厅1厨1卫,['中楼层/共31层'],['西南'],['平层/精装'],['53.74平米'],['2007年建'],['国际文化大厦'],['思明'],['莲坂'],有,两梯十八户,['2022-02-21'],['2015-09-07']
1451,['滨北 岳阳小区 通透明亮 一梯两户 南北通透 满5年'],https://xm.lianjia.com/ershoufang/105113348339.html,['290'],"['57,954元/平']",1人关注 ,1室1厅1厨1卫,['中楼层/共7层'],['南 北'],['平层/精装'],['50.04平米'],['1994年建'],['岳阳西里'],['思明'],['岳阳社区'],无,暂无数据,['2023-04-13'],['2018-04-14']
1452,['地铁口 延奎  邻居和睦 小区物业管理好 花园式小区'],https://xm.lianjia.com/ershoufang/105115056710.html,['240'],"['28,572元/平']",0人关注 ,2室2厅1厨1卫,['高楼层/共7层'],['东南'],['平层/精装'],['84平米'],['2003年建'],['文圃花园'],['海沧'],['海沧生活区'],无,暂无数据,['2023-10-14'],['2021-07-07']
1453,['杏东5号线地铁口 楼层好2楼 格局可更改'],https://xm.lianjia.com/ershoufang/105113530881.html,['162'],"['24,681元/平']",0人关注 ,2室1厅1厨1卫,['低楼层/共1层'],['南'],['平层/简装'],['65.64平米'],['2004年建'],['东方牡丹园'],['集美'],['杏东'],无,暂无数据,['2023-04-30'],['2017-04-12']
1454,['业主诚意出售 经典海景大3房中庭、视野开阔'],https://xm.lianjia.com/ershoufang/105115996462.html,['385'],"['30,627元/平']",0人关注 ,3室2厅1厨2卫,['高楼层/共30层'],['南 北'],['平层/精装'],['125.71平米'],['2012年建'],['宁宝世家'],['集美'],['杏东'],有,两梯四户,['2024-02-01'],['2015-03-05']
1455,['楼层好户型方正视野开阔，看中庭采光好'],https://xm.lianjia.com/ershoufang/105110566212.html,['389'],"['31,083元/平']",3人关注 ,4室1厅1厨2卫,['中楼层/共42层'],['东南 南 北'],['平层/精装'],['125.15平米'],['2015年建'],['万科金域华府二期'],['集美'],['杏林桥头'],有,三梯五户,['2022-05-21'],['2015-05-21']
1456,['地铁1号线大4房 精装边套通透性好朝南格局全明采光'],https://xm.lianjia.com/ershoufang/105112231150.html,['425'],"['32,146元/平']",2人关注 ,4室2厅1厨2卫,['低楼层/共38层'],['南 北'],['平层/精装'],['132.21平米'],['2014年建'],['禹洲中央海岸二期'],['集美'],['杏林桥头'],有,两梯四户,['2022-12-08'],['2020-12-01']
1457,['地铁口 万科二期精装两房 看中庭 安静不靠路'],https://xm.lianjia.com/ershoufang/105112625704.html,['610'],"['67,997元/平']",3人关注 ,2室2厅1厨1卫,['中楼层/共18层'],['东 西'],['精装'],['89.71平米'],['2010年建'],['万科金域蓝湾二期'],['思明'],['瑞景'],有,两梯四户,['2023-02-11'],['2012-05-18']
1458,['万科金域蓝湾二期正规南北户型 精装修看房方便'],https://xm.lianjia.com/ershoufang/105111381294.html,['1300'],"['69,765元/平']",7人关注 ,4室2厅1厨3卫,['高楼层/共30层'],['南'],['平层/精装'],['186.34平米'],['2010年建'],['万科金域蓝湾二期'],['思明'],['瑞景'],有,两梯两户,['2022-08-31'],['2011-08-01']
1459,['看海景 电梯大三房 满五年 24小时安保 楼间距宽'],https://xm.lianjia.com/ershoufang/105105615647.html,['800'],"['63,801元/平']",30人关注 ,3室2厅1厨2卫,['中楼层/共29层'],['南 西南 北'],['平层/简装'],['125.39平米'],['2009年建'],['国际邮轮城'],['湖里'],['邮轮城'],有,两梯两户,['2020-10-25'],['2014-10-29']
1460,['二号线地铁口 万科物业 边套西南北三面采光四房'],https://xm.lianjia.com/ershoufang/105110932798.html,['1050'],"['71,889元/平']",0人关注 ,4室2厅1厨2卫,['低楼层/共28层'],['东南 北'],['精装'],['146.06平米'],['2008年建'],['万科金域蓝湾一期'],['思明'],['瑞景'],有,两梯三户,['2022-07-07'],['2010-12-23']
1461,['R3-3户型，通风，通风采光好，看中庭，'],https://xm.lianjia.com/ershoufang/105112743797.html,['330'],"['37,117元/平']",2人关注 ,3室1厅1厨1卫,['高楼层/共33层'],['南'],['平层/简装'],['88.91平米'],['2015年建'],['橡树湾三期'],['集美'],['杏北'],有,两梯两户,['2023-02-21'],['2018-12-24']
1462,['杏林桥头 万科精装四房 满五， 证在手 随时过户'],https://xm.lianjia.com/ershoufang/105113159360.html,['420'],"['32,844元/平']",0人关注 ,4室1厅1厨2卫,['高楼层/共42层'],['南 北'],['平层/精装'],['127.88平米'],['2014年建'],['万科金域华府二期'],['集美'],['杏林桥头'],有,三梯四户,['2023-03-27'],['2023-03-28']
1463,['一线海景、正规大4房，二次精装修拎包入住，产权满二'],https://xm.lianjia.com/ershoufang/105115024836.html,['316'],"['32,118元/平']",0人关注 ,4室2厅1厨2卫,['中楼层/共33层'],['南 北'],['跃层/精装'],['98.39平米'],['2017年建'],['保利叁仟栋一期'],['同安'],['环东海域'],有,两梯四户,['2023-10-11'],['2019-02-27']
1464,['高层海景房，满2年，采光好，通透'],https://xm.lianjia.com/ershoufang/105113051392.html,['136'],"['33,806元/平']",0人关注 ,1室0厅1厨1卫,['高楼层/共18层'],['东'],['平层/简装'],['40.23平米'],['2009年建'],['汇景雅苑'],['海沧'],['未来海岸北师大'],有,两梯七户,['2023-03-18'],['2020-01-14']
1465,['满五年，好楼层，朝南 采光好 价格可谈'],https://xm.lianjia.com/ershoufang/105113101308.html,['100'],"['31,192元/平']",0人关注 ,1室1厅1厨1卫,['中楼层/共5层'],['南'],['平层/简装'],['32.06平米'],['2005年建'],['未来橙堡'],['海沧'],['海沧体育中心'],无,暂无数据,['2023-03-22'],['2023-03-22']
1466,['房子满五年 空户 看房方便 价格可谈'],https://xm.lianjia.com/ershoufang/105113147943.html,['108.9'],"['31,899元/平']",0人关注 ,1室1厅1厨1卫,['高楼层/共6层'],['南'],['平层/简装'],['34.14平米'],['2005年建'],['未来橙堡'],['海沧'],['海沧体育中心'],无,暂无数据,['2023-03-26'],['2016-04-09']
1467,['万科一期三号楼南北大四房 户型方正 看湖边水库'],https://xm.lianjia.com/ershoufang/105113305170.html,['1180'],"['72,384元/平']",1人关注 ,4室2厅1厨2卫,['中楼层/共28层'],['南 北'],['平层/精装'],['163.02平米'],['2007年建'],['万科金域蓝湾一期'],['思明'],['瑞景'],有,两梯两户,['2023-04-09'],['2019-12-10']
1468,['白鹭洲公园边正规两房两厅电梯房'],https://xm.lianjia.com/ershoufang/105115199397.html,['800'],"['86,468元/平']",0人关注 ,1室2厅1厨2卫,['低楼层/共29层'],['北'],['平层/精装'],['92.52平米'],['2002年建'],['天耀湖畔'],['思明'],['白鹭洲'],有,两梯四户,['2023-10-31'],['2007-07-11']
1469,['莲花国际C区，南北3房，出售，满2年，没按揭'],https://xm.lianjia.com/ershoufang/105113067953.html,['435'],"['37,072元/平']",2人关注 ,3室2厅1厨2卫,['中楼层/共18层'],['南'],['平层/简装'],['117.34平米'],['2015年建'],['住宅莲花国际'],['集美'],['集美新城'],有,两梯四户,['2023-03-19'],['2016-05-24']
1470,['此房满二 朝那格局 采光充足 配套设施齐全 交通便利'],https://xm.lianjia.com/ershoufang/105114255421.html,['210'],"['23,323元/平']",0人关注 ,2室1厅1厨1卫,['低楼层/共27层'],['南'],['平层/精装'],['90.04平米'],['2014年建'],['首开领翔国际'],['翔安'],['新店'],有,两梯三户,['2023-07-15'],['2019-01-03']
1471,['地铁口复式两房一厅楼层好边套大窗户采光好'],https://xm.lianjia.com/ershoufang/105116018787.html,['142'],"['28,868元/平']",0人关注 ,2室1厅1厨1卫,['低楼层/共7层'],['东南'],['复式/其他'],['49.19平米'],['2000年建'],['大金门花园'],['海沧'],['海沧生活区'],无,暂无数据,['2024-02-12'],['2023-09-19']
1472,['白鹭洲，楼层高，看湖景，教科院边上，小区管理好'],https://xm.lianjia.com/ershoufang/105113674062.html,['770'],"['65,527元/平']",1人关注 ,3室2厅1厨2卫,['高楼层/共26层'],['东北'],['平层/简装'],['117.51平米'],['2000年建'],['湖滨名宫'],['思明'],['白鹭洲'],有,两梯六户,['2023-05-14'],['2008-07-21']
1473,['金沙电梯正规一房，此房满五年，产权在手，中间楼层'],https://xm.lianjia.com/ershoufang/105114963384.html,['316'],"['58,025元/平']",0人关注 ,1室2厅1厨1卫,['中楼层/共9层'],['南'],['平层/简装'],['54.46平米'],['2005年建'],['金沙花园'],['思明'],['金鸡亭'],有,一梯四户,['2023-10-05'],['2015-08-31']
1474,['：：此房小区中庭，楼梯公摊小，满五，双阳台。'],https://xm.lianjia.com/ershoufang/105115143406.html,['360'],"['33,702元/平']",0人关注 ,3室2厅1厨2卫,['中楼层/共7层'],['南 北'],['平层/精装'],['106.82平米'],['2009年建'],['集美中心花园'],['集美'],['集美文教区'],无,暂无数据,['2023-10-24'],['2013-02-28']
1475,['地铁口朝南正规两房业主诚意出售'],https://xm.lianjia.com/ershoufang/105115408279.html,['125'],"['18,356元/平']",3人关注 ,2室2厅1厨1卫,['高楼层/共18层'],['南 东北'],['平层/精装'],['68.1平米'],['2016年建'],['后溪花园'],['集美'],['厦门北站商业区'],暂无数据,暂无数据,['2023-11-23'],['2023-01-18']
1476,['此房满五 南北通透格局，高楼层，俯瞰体育场公园.'],https://xm.lianjia.com/ershoufang/105113317323.html,['246'],"['21,231元/平']",3人关注 ,3室1厅1厨2卫,['中楼层/共32层'],['北 南'],['平层/精装'],['115.87平米'],['2015年建'],['宝嘉誉园'],['翔安'],['新店'],有,两梯四户,['2023-04-10'],['2016-05-02']
1477,['唐庄别墅社区温馨小三房小区中庭诚意出售'],https://xm.lianjia.com/ershoufang/105111188683.html,['459'],"['49,181元/平']",1人关注 ,3室1厅1厨1卫,['低楼层/共12层'],['南 北'],['平层/精装'],['93.33平米'],['2001年建'],['唐庄'],['湖里'],['金尚'],有,两梯四户,['2022-08-08'],['2018-03-21']
1478,['视野好，复式楼中楼，使用空间大。格局方正.'],https://xm.lianjia.com/ershoufang/105114039274.html,['142'],"['26,884元/平']",2人关注 ,2室2厅1厨2卫,['中楼层/共23层'],['北'],['平层/精装'],['52.82平米'],['2019年建'],['宝龙一城'],['湖里'],['湖边水库'],有,六梯二十四户,['2023-06-20'],['2021-08-12']
1479,['蓝月湾一期，大三房，动静分离，看中庭'],https://xm.lianjia.com/ershoufang/105109329063.html,['318'],"['24,051元/平']",3人关注 ,3室2厅1厨2卫,['低楼层/共18层'],['南 北'],['错层/简装'],['132.22平米'],['2007年建'],['未来海岸蓝月湾一期'],['海沧'],['未来海岸北师大'],有,两梯两户,['2021-11-26'],['2010-01-04']
1480,['东渡模范花园小区正规2房房东诚意出售'],https://xm.lianjia.com/ershoufang/105109427474.html,['290'],"['43,433元/平']",29人关注 ,2室1厅1厨1卫,['高楼层/共8层'],['南 西 北'],['平层/简装'],['66.77平米'],['未知年建'],['东渡三航小区'],['湖里'],['东渡'],无,暂无数据,['2021-12-07'],['2001-11-29']
1481,['地铁2号线旁精明房型稳定出售。'],https://xm.lianjia.com/ershoufang/105104537084.html,['275'],"['44,177元/平']",13人关注 ,2室1厅1厨1卫,['低楼层/共28层'],['东'],['简装'],['62.25平米'],['2003年建'],['振华大厦'],['湖里'],['邮轮城'],有,两梯二十四户,['2020-06-07'],['2012-03-05']
1482,['格局好，宽敞大2房，楼层适中，采光好'],https://xm.lianjia.com/ershoufang/105115430354.html,['200'],"['21,200元/平']",0人关注 ,2室1厅1厨1卫,['中楼层/共31层'],['南'],['平层/毛坯'],['94.34平米'],['2017年建'],['金帝中洲滨海城'],['同安'],['环东海域'],有,两梯四户,['2023-11-25'],['2018-04-01']
1483,['鸿山大厦精准两房东南朝向全明格局中层电梯房'],https://xm.lianjia.com/ershoufang/105102763169.html,['595'],"['90,702元/平']",44人关注 ,2室1厅1厨1卫,['中楼层/共26层'],['东南'],['平层/精装'],['65.6平米'],['1993年建'],['鸿山大厦'],['思明'],['实验小学及周边'],有,三梯六户,['2019-07-29'],['1996-01-18']
1484,['水晶湖郡标准三房生活空间大，房子动静结合'],https://xm.lianjia.com/ershoufang/105109973549.html,['360'],"['37,217元/平']",4人关注 ,3室2厅1厨1卫,['低楼层/共32层'],['西南'],['平层/简装'],['96.73平米'],['2015年建'],['住宅·水晶湖郡'],['集美'],['集美新城'],有,两梯四户,['2022-03-06'],['2017-03-06']
1485,['楼层高，采光好，无遮挡，精装修三房'],https://xm.lianjia.com/ershoufang/105111475667.html,['480'],"['35,009元/平']",0人关注 ,3室1厅1厨2卫,['高楼层/共24层'],['东南'],['平层/精装'],['137.11平米'],['2009年建'],['加州海岸'],['海沧'],['海沧生活区'],有,两梯两户,['2022-09-11'],['2022-09-25']
1486,['海上世界旁正规三房好楼层，总价低，光线好，南北朝向'],https://xm.lianjia.com/ershoufang/105111158214.html,['406'],"['38,660元/平']",0人关注 ,3室2厅1厨1卫,['高楼层/共8层'],['南 北'],['其他'],['105.02平米'],['2000年建'],['榕海花园'],['湖里'],['东渡'],无,暂无数据,['2022-08-04'],['2018-11-08']
1487,['蓝月湾中楼层2+1户型，视野采光'],https://xm.lianjia.com/ershoufang/105116126507.html,['299'],"['33,138元/平']",0人关注 ,3室1厅1厨1卫,['低楼层/共18层'],['南 西'],['平层/精装'],['90.23平米'],['2008年建'],['未来海岸蓝月湾一期'],['海沧'],['未来海岸北师大'],有,两梯四户,['2024-02-25'],['2024-02-27']
1488,['省税，精装高层3房，楼层好 采光佳'],https://xm.lianjia.com/ershoufang/105115475264.html,['228'],"['25,998元/平']",0人关注 ,3室2厅1厨1卫,['中楼层/共26层'],['东 南 北'],['平层/精装'],['87.7平米'],['2012年建'],['美地雅登祥吴六里'],['翔安'],['新店'],有,两梯四户,['2023-11-30'],['2020-12-28']
1489,['此房为格局方正，正规一房一厅，东面采光足'],https://xm.lianjia.com/ershoufang/105108077512.html,['317'],"['48,434元/平']",3人关注 ,2室1厅1厨1卫,['低楼层/共28层'],['东'],['毛坯'],['65.45平米'],['2005年建'],['振华大厦'],['湖里'],['邮轮城'],有,两梯二十四户,['2021-07-23'],['2004-08-18']
1490,['东渡商检公交车站旁边，交通方便，户型方正，采光好'],https://xm.lianjia.com/ershoufang/105109195047.html,['510'],"['41,917元/平']",10人关注 ,3室2厅1厨2卫,['高楼层/共7层'],['东 西'],['平层/精装'],['121.67平米'],['2004年建'],['东渡华城'],['湖里'],['东渡'],暂无数据,暂无数据,['2021-11-06'],['2005-07-25']
1491,['小区是10年建成的封闭式花园小区、客厅带阳台。。。'],https://xm.lianjia.com/ershoufang/105105771847.html,['780'],"['55,324元/平']",29人关注 ,3室2厅1厨2卫,['中楼层/共32层'],['东南'],['平层/精装'],['140.99平米'],['2010年建'],['都市港湾'],['湖里'],['东渡'],有,三梯五户,['2020-11-13'],['2011-11-14']
1492,['省税 凤凰花城精装修二房，高层视野好诚意出售'],https://xm.lianjia.com/ershoufang/105109600311.html,['195'],"['21,029元/平']",6人关注 ,3室2厅1厨1卫,['高楼层/共27层'],['西南'],['平层/精装'],['92.73平米'],['2017年建'],['凤凰花城'],['集美'],['锦园'],有,两梯四户,['2022-01-03'],['2018-05-10']
1493,['新纪元精装修三房 高层拎包入住看房方便'],https://xm.lianjia.com/ershoufang/105111534609.html,['224'],"['25,403元/平']",0人关注 ,3室2厅1厨1卫,['高楼层/共27层'],['东南'],['平层/精装'],['88.18平米'],['2017年建'],['夏商新纪元'],['集美'],['锦园'],有,两梯四户,['2022-09-17'],['2018-08-18']
1494,['一梯两户好户型 商圈配套成熟 交通便利'],https://xm.lianjia.com/ershoufang/105110725168.html,['598'],"['41,606元/平']",3人关注 ,5室2厅1厨2卫,['高楼层/共7层'],['南 北'],['平层/简装'],['143.73平米'],['2005年建'],['侨福城侨龙里'],['思明'],['瑞景'],无,暂无数据,['2022-06-11'],['2005-07-01']
1495,['五缘湾 新景国际外滩 复式楼中楼 精装三房看海景'],https://xm.lianjia.com/ershoufang/105111799955.html,['1000'],"['101,205元/平']",0人关注 ,4室2厅1厨2卫,['中楼层/共15层'],['东'],['跃层/精装'],['98.81平米'],['2014年建'],['新景国际外滩'],['湖里'],['五缘湾'],有,两梯四户,['2022-10-18'],['2015-06-23']
1496,['此房满五年，客厅朝南带阳台，小区环境好，适合居住'],https://xm.lianjia.com/ershoufang/105111854852.html,['167'],"['27,927元/平']",0人关注 ,2室1厅1厨1卫,['低楼层/共18层'],['南'],['平层/精装'],['59.8平米'],['2014年建'],['首开领翔花郡'],['翔安'],['新店'],有,两梯四户,['2022-10-24'],['2015-07-30']
1497,['急降40万！电梯高层双卫 全明海景房 进出岛外方便'],https://xm.lianjia.com/ershoufang/105114123871.html,['358'],"['35,219元/平']",0人关注 ,2室2厅1厨2卫,['高楼层/共19层'],['南 西北'],['简装'],['101.65平米'],['1996年建'],['金龙大厦'],['湖里'],['东渡'],有,两梯八户,['2023-07-01'],['2017-07-21']
1498,['闹中取静，三房可利用的格局，精装修'],https://xm.lianjia.com/ershoufang/105114807476.html,['798'],"['65,935元/平']",1人关注 ,3室2厅1厨2卫,['中楼层/共7层'],['南 北'],['平层/精装'],['121.03平米'],['1997年建'],['金榜小区'],['思明'],['禾祥东路'],有,一梯两户,['2023-09-14'],['2022-09-16']
1499,['华铃花园客厅带落地窗阳台高层海景房'],https://xm.lianjia.com/ershoufang/105114792805.html,['150'],"['24,889元/平']",2人关注 ,2室1厅1厨1卫,['高楼层/共33层'],['南 北'],['平层/精装'],['60.27平米'],['2014年建'],['华铃花园'],['集美'],['杏东'],有,两梯六户,['2023-09-13'],['2020-03-06']
1500,['此房满二，精装修，客厅朝南带阳台。采光佳，景观好'],https://xm.lianjia.com/ershoufang/105113783378.html,['315'],"['38,679元/平']",0人关注 ,3室1厅1厨1卫,['低楼层/共26层'],['南'],['平层/精装'],['81.44平米'],['2018年建'],['保利叁仟栋二期'],['同安'],['环东海域'],有,两梯五户,['2023-05-25'],['2020-03-12']
1501,['05年小区 中间楼层 大三房，明厨明卫，采光好，户型正'],https://xm.lianjia.com/ershoufang/105114451069.html,['850'],"['61,891元/平']",0人关注 ,3室2厅1厨3卫,['中楼层/共4层'],['南'],['平层/简装'],['137.34平米'],['2005年建'],['古龙公寓'],['湖里'],['保税区'],无,暂无数据,['2023-08-07'],['2020-06-20']
1502,['集美文教区，楼中楼，四房3卫，南北朝向，动静分离！'],https://xm.lianjia.com/ershoufang/105110493811.html,['588'],"['34,583元/平']",4人关注 ,4室2厅1厨3卫,['高楼层/共7层'],['南'],['复式/精装'],['170.03平米'],['2009年建'],['集美中心花园'],['集美'],['集美文教区'],无,暂无数据,['2022-05-11'],['2004-12-24']
1503,['房子精装修。保养好，满五可省税费'],https://xm.lianjia.com/ershoufang/105110505638.html,['708'],"['56,433元/平']",6人关注 ,3室2厅1厨2卫,['中楼层/共15层'],['南 北'],['平层/精装'],['125.46平米'],['2003年建'],['卧龙晓城'],['思明'],['莲前'],有,两梯四户,['2022-05-12'],['2015-12-17']
1504,['正规 两房满5年 居家装修拎包入住狐尾山旁'],https://xm.lianjia.com/ershoufang/105113352190.html,['266'],"['45,486元/平']",1人关注 ,2室1厅1厨1卫,['中楼层/共6层'],['南 北'],['平层/精装'],['58.48平米'],['1988年建'],['东兴小区'],['湖里'],['东渡'],无,暂无数据,['2023-04-13'],['2017-05-23']
1505,['业主急售 自住装修 可拎包入住'],https://xm.lianjia.com/ershoufang/105116488486.html,['370'],"['31,883元/平']",1人关注 ,3室1厅1厨2卫,['低楼层/共32层'],['南'],['平层/精装'],['116.05平米'],['2015年建'],['住宅·水晶湖郡'],['集美'],['集美新城'],有,两梯三户,['2024-03-26'],['2021-01-18']
1506,['此别墅产权满二，业主稳定出售，有钥匙，随时看房'],https://xm.lianjia.com/ershoufang/105111148593.html,['1300'],"['45,991元/平']",1人关注 ,5室2厅1厨5卫,['低楼层/共3层'],['南 北'],['跃层/毛坯'],['282.67平米'],['2015年建'],['住宅·水晶湖郡'],['集美'],['集美新城'],无,暂无数据,['2022-08-03'],['2018-07-19']
1507,['地铁口旁 信义里 南北通透 3房2厅 随时看房'],https://xm.lianjia.com/ershoufang/105110572500.html,['785'],"['141,646元/平']",0人关注 ,3室2厅1厨2卫,['低楼层/共6层'],['南 北'],['平层/简装'],['55.42平米'],['1990年建'],['信义里社区'],['思明'],['实验小学及周边'],无,暂无数据,['2022-05-22'],['2020-04-10']
1508,['翔安隧道口   青年城  精装  使用面积大'],https://xm.lianjia.com/ershoufang/105106726506.html,['58'],"['10,221元/平']",44人关注 ,2室1厅1厨2卫,['低楼层/共29层'],['北'],['复式/精装'],['56.75平米'],['2019年建'],['龙郡青年城'],['翔安'],['翔安新城'],暂无数据,暂无数据,['2021-03-22'],['2020-10-14']
1509,['名汇广场  单排   22年精装配中秧空调   1+1房   高层'],https://xm.lianjia.com/ershoufang/105114143724.html,['398'],"['77,372元/平']",0人关注 ,2室1厅1厨1卫,['高楼层/共9层'],['东'],['平层/精装'],['51.44平米'],['2008年建'],['名汇广场'],['思明'],['中山路'],有,四梯五十六户,['2023-07-03'],['2023-07-06']
1510,['京口岩东南向，产权满2，土地出让金已交，省税！'],https://xm.lianjia.com/ershoufang/105115741174.html,['125'],"['23,506元/平']",0人关注 ,1室1厅1厨1卫,['中楼层/共18层'],['东'],['平层/简装'],['53.18平米'],['2009年建'],['京口岩小区'],['海沧'],['未来海岸北师大'],有,两梯十一户,['2023-12-31'],['2020-01-01']
1511,['格局方正，小高层朝西户型，交通便利，地铁口，'],https://xm.lianjia.com/ershoufang/105110275654.html,['277'],"['48,794元/平']",5人关注 ,2室1厅1厨1卫,['低楼层/共28层'],['西'],['平层/精装'],['56.77平米'],['2005年建'],['振华大厦'],['湖里'],['邮轮城'],有,两梯二十四户,['2022-04-13'],['2005-03-10']
1512,['店长推荐的好房子，房东诚意出售'],https://xm.lianjia.com/ershoufang/105106246251.html,['95'],"['29,540元/平']",27人关注 ,1室1厅1厨1卫,['低楼层/共11层'],['南'],['平层/精装'],['32.16平米'],['2014年建'],['美地雅登祥吴五里'],['翔安'],['新店'],有,一梯四户,['2021-01-13'],['2017-05-26']
1513,['叠加别墅 室内精装修 拎包就可入'],https://xm.lianjia.com/ershoufang/105113314617.html,['1345'],"['68,334元/平']",2人关注 ,5室2厅1厨3卫,['低楼层/共4层'],['南 北'],['精装'],['196.83平米'],['2014年建'],['水晶湖郡A区'],['集美'],['集美新城'],有,一梯两户,['2023-04-10'],['2016-05-18']
1514,['看房方便，诚意出售，低楼层，方便老人小孩居住'],https://xm.lianjia.com/ershoufang/105109985788.html,['370'],"['39,773元/平']",7人关注 ,3室2厅1厨1卫,['低楼层/共7层'],['南 北'],['平层/简装'],['93.03平米'],['2009年建'],['集美中心花园'],['集美'],['集美文教区'],无,暂无数据,['2022-03-07'],['2015-05-08']
1515,['瑞景新村新出 复式楼中楼 大三房两卫'],https://xm.lianjia.com/ershoufang/105115891822.html,['668'],"['44,797元/平']",0人关注 ,3室2厅1厨2卫,['高楼层/共7层'],['南 北'],['跃层/简装'],['149.12平米'],['2000年建'],['瑞景新村寿鹤苑'],['思明'],['瑞景'],无,暂无数据,['2024-01-17'],['2003-08-04']
1516,['海景5房 客厅挑空6米 景观位置好'],https://xm.lianjia.com/ershoufang/105110509059.html,['1570'],"['80,849元/平']",2人关注 ,5室2厅1厨2卫,['中楼层/共31层'],['东南'],['复式/毛坯'],['194.19平米'],['2009年建'],['江山帝景'],['思明'],['会展中心'],有,两梯三户,['2022-05-13'],['2020-08-21']
1517,['泰地海西中心 精装高层看海东边套 诚售'],https://xm.lianjia.com/ershoufang/105115550861.html,['103'],"['18,572元/平']",0人关注 ,1室1厅1厨1卫,['中楼层/共31层'],['东南'],['平层/精装'],['55.46平米'],['2015年建'],['泰地海西中心'],['海沧'],['海沧区政府'],有,六梯二十四户,['2023-12-08'],['2016-08-03']
1518,['地铁2号线旁精明房型稳定出售。'],https://xm.lianjia.com/ershoufang/105104537084.html,['275'],"['44,177元/平']",13人关注 ,2室1厅1厨1卫,['低楼层/共28层'],['东'],['简装'],['62.25平米'],['2003年建'],['振华大厦'],['湖里'],['邮轮城'],有,两梯二十四户,['2020-06-07'],['2012-03-05']
1519,['此房满五年，客厅朝南带阳台，小区环境好，适合居住'],https://xm.lianjia.com/ershoufang/105111854852.html,['167'],"['27,927元/平']",0人关注 ,2室1厅1厨1卫,['低楼层/共18层'],['南'],['平层/精装'],['59.8平米'],['2014年建'],['首开领翔花郡'],['翔安'],['新店'],有,两梯四户,['2022-10-24'],['2015-07-30']
1520,['五缘湾 新景国际外滩 复式楼中楼 精装三房看海景'],https://xm.lianjia.com/ershoufang/105111799955.html,['1000'],"['101,205元/平']",0人关注 ,4室2厅1厨2卫,['中楼层/共15层'],['东'],['跃层/精装'],['98.81平米'],['2014年建'],['新景国际外滩'],['湖里'],['五缘湾'],有,两梯四户,['2022-10-18'],['2015-06-23']
1521,['格局好，宽敞大2房，楼层适中，采光好'],https://xm.lianjia.com/ershoufang/105115430354.html,['200'],"['21,200元/平']",0人关注 ,2室1厅1厨1卫,['中楼层/共31层'],['南'],['平层/毛坯'],['94.34平米'],['2017年建'],['金帝中洲滨海城'],['同安'],['环东海域'],有,两梯四户,['2023-11-25'],['2018-04-01']
1522,['业主诚意出售，看房方便随时约。配套完善，'],https://xm.lianjia.com/ershoufang/105115859952.html,['300'],"['34,076元/平']",1人关注 ,2室2厅1厨1卫,['低楼层/共26层'],['南 北'],['平层/精装'],['88.04平米'],['2012年建'],['泉水湾二期'],['集美'],['集美其它'],有,两梯六户,['2024-01-13'],['2014-01-17']
1523,['正规精装两房，南北通透，满五*，利用率高采光好'],https://xm.lianjia.com/ershoufang/105107081223.html,['285'],"['42,922元/平']",56人关注 ,2室1厅1厨1卫,['中楼层/共8层'],['南 北'],['平层/精装'],['66.4平米'],['1997年建'],['新丰家园'],['湖里'],['东渡'],暂无数据,暂无数据,['2021-04-21'],['2016-11-30']
1524,['市政府 筼筜湖 地铁口  中间楼层朝南大阳台'],https://xm.lianjia.com/ershoufang/105110793268.html,['402'],"['64,641元/平']",5人关注 ,2室1厅1厨1卫,['中楼层/共7层'],['南'],['平层/简装'],['62.19平米'],['1994年建'],['石亭小区'],['思明'],['市政府'],无,暂无数据,['2022-06-20'],['2003-03-24']
1525,['小区内有配套公立未来之星，9年北附'],https://xm.lianjia.com/ershoufang/105114986261.html,['183'],"['35,132元/平']",0人关注 ,2室1厅1厨1卫,['低楼层/共11层'],['南 北'],['平层/精装'],['52.09平米'],['2008年建'],['未来海岸蓝月湾二期'],['海沧'],['未来海岸北师大'],暂无数据,暂无数据,['2023-10-07'],['2020-10-15']
1526,['五缘湾苏式林园小区  高层朝南楼中楼三房'],https://xm.lianjia.com/ershoufang/105107664471.html,['1150'],"['83,887元/平']",31人关注 ,3室2厅1厨2卫,['中楼层/共27层'],['南'],['跃层/精装'],['137.09平米'],['2016年建'],['建发央玺'],['湖里'],['五缘湾'],有,两梯两户,['2021-06-18'],['2018-04-23']
1527,['东晖广场 2室2厅 北'],https://xm.lianjia.com/ershoufang/105115408964.html,['450'],"['76,871元/平']",0人关注 ,2室2厅1厨1卫,['高楼层/共12层'],['北'],['平层/精装'],['58.54平米'],['2013年建'],['东晖广场'],['湖里'],['枋湖'],有,两梯八户,['2023-11-23'],['2016-05-10']
1528,['此房坐落于厦门市湖里区美丽的狐尾山gy，'],https://xm.lianjia.com/ershoufang/105114188979.html,['428'],"['47,231元/平']",0人关注 ,2室1厅1厨1卫,['中楼层/共22层'],['西'],['平层/简装'],['90.62平米'],['2000年建'],['港吉大厦'],['湖里'],['东渡'],有,两梯八户,['2023-07-08'],['2010-03-19']
1529,['2000年小区挑高做两层 使用空间大 总价低的三房'],https://xm.lianjia.com/ershoufang/105113322265.html,['268'],"['47,952元/平']",3人关注 ,3室1厅1厨1卫,['低楼层/共8层'],['西南 东北'],['复式/简装'],['55.89平米'],['1998年建'],['榕海花园'],['湖里'],['东渡'],无,暂无数据,['2023-04-11'],['2017-09-14']
1530,['莲花新城边套，全明格局，精装保养好，拎包入住'],https://xm.lianjia.com/ershoufang/105111036069.html,['365'],"['40,597元/平']",3人关注 ,2室2厅1厨2卫,['高楼层/共33层'],['西南'],['平层/精装'],['89.91平米'],['2017年建'],['莲花新城三期'],['集美'],['集美新城'],有,两梯四户,['2022-07-20'],['2017-09-06']
1531,['业主急售 自住装修 可拎包入住'],https://xm.lianjia.com/ershoufang/105116488486.html,['370'],"['31,883元/平']",1人关注 ,3室1厅1厨2卫,['低楼层/共32层'],['南'],['平层/精装'],['116.05平米'],['2015年建'],['住宅·水晶湖郡'],['集美'],['集美新城'],有,两梯三户,['2024-03-26'],['2021-01-18']
1532,['叠加别墅 室内精装修 拎包就可入'],https://xm.lianjia.com/ershoufang/105113314617.html,['1345'],"['68,334元/平']",2人关注 ,5室2厅1厨3卫,['低楼层/共4层'],['南 北'],['精装'],['196.83平米'],['2014年建'],['水晶湖郡A区'],['集美'],['集美新城'],有,一梯两户,['2023-04-10'],['2016-05-18']
1533,['正规 两房满5年 居家装修拎包入住狐尾山旁'],https://xm.lianjia.com/ershoufang/105113352190.html,['266'],"['45,486元/平']",1人关注 ,2室1厅1厨1卫,['中楼层/共6层'],['南 北'],['平层/精装'],['58.48平米'],['1988年建'],['东兴小区'],['湖里'],['东渡'],无,暂无数据,['2023-04-13'],['2017-05-23']
1534,['此房座落于海上花园厦门市湖里区东渡海上世界旁'],https://xm.lianjia.com/ershoufang/105112723624.html,['287'],"['42,525元/平']",0人关注 ,2室1厅1厨1卫,['高楼层/共6层'],['南 北'],['平层/简装'],['67.49平米'],['未知年建'],['东渡路'],['湖里'],['东渡'],无,暂无数据,['2023-02-19'],['2013-01-15']
1535,['户型方正 双阳台 楼层好 采光通透 诚意出售'],https://xm.lianjia.com/ershoufang/105114385876.html,['636'],"['55,266元/平']",0人关注 ,4室2厅1厨2卫,['中楼层/共9层'],['东 北'],['平层/精装'],['115.08平米'],['2000年建'],['福津大街（风屿路302-320）'],['思明'],['槟榔'],无,暂无数据,['2023-07-31'],['2013-08-08']
1536,['白鹭洲，楼层高，看湖景，教科院边上，小区管理好'],https://xm.lianjia.com/ershoufang/105113674062.html,['770'],"['65,527元/平']",1人关注 ,3室2厅1厨2卫,['高楼层/共26层'],['东北'],['平层/简装'],['117.51平米'],['2000年建'],['湖滨名宫'],['思明'],['白鹭洲'],有,两梯六户,['2023-05-14'],['2008-07-21']
1537,['地铁口复式两房一厅楼层好边套大窗户采光好'],https://xm.lianjia.com/ershoufang/105116018787.html,['142'],"['28,868元/平']",0人关注 ,2室1厅1厨1卫,['低楼层/共7层'],['东南'],['复式/其他'],['49.19平米'],['2000年建'],['大金门花园'],['海沧'],['海沧生活区'],无,暂无数据,['2024-02-12'],['2023-09-19']
1538,['此房满二 朝那格局 采光充足 配套设施齐全 交通便利'],https://xm.lianjia.com/ershoufang/105114255421.html,['210'],"['23,323元/平']",0人关注 ,2室1厅1厨1卫,['低楼层/共27层'],['南'],['平层/精装'],['90.04平米'],['2014年建'],['首开领翔国际'],['翔安'],['新店'],有,两梯三户,['2023-07-15'],['2019-01-03']
1539,['莲花新城好房 产权满二年 毛坯'],https://xm.lianjia.com/ershoufang/105110542792.html,['427'],"['34,095元/平']",6人关注 ,3室2厅1厨2卫,['低楼层/共33层'],['东南 北'],['平层/毛坯'],['125.24平米'],['2015年建'],['莲花新城二期'],['集美'],['集美新城'],有,两梯四户,['2022-05-18'],['2020-03-10']
1540,['户型方正，东南朝向.房东急卖小两房'],https://xm.lianjia.com/ershoufang/105113844151.html,['153'],"['24,426元/平']",2人关注 ,2室1厅1厨1卫,['中楼层/共33层'],['东南'],['平层/精装'],['62.64平米'],['2018年建'],['华铃花园'],['集美'],['杏东'],暂无数据,暂无数据,['2023-05-31'],['2020-07-01']
1541,['建发开发2006年建成，全明3+1房精装修 看海仙岳山'],https://xm.lianjia.com/ershoufang/105112507910.html,['946'],"['64,067元/平']",0人关注 ,3室2厅1厨2卫,['中楼层/共11层'],['南 北'],['精装'],['147.66平米'],['2006年建'],['优山美地'],['湖里'],['东渡'],有,一梯两户,['2023-02-01'],['2010-04-13']
1542,['思北正规一房一厅，西南朝向，高楼层采光好视野开阔'],https://xm.lianjia.com/ershoufang/105112921643.html,['338'],"['76,195元/平']",2人关注 ,1室1厅1厨1卫,['中楼层/共31层'],['西南'],['平层/精装'],['44.36平米'],['2004年建'],['源通中心'],['思明'],['思北'],有,六梯十七户,['2023-03-07'],['2005-07-29']
1543,['杏林城芯带小区 兴阁里 精装3房，低楼层，采光好'],https://xm.lianjia.com/ershoufang/105115233026.html,['236'],"['21,201元/平']",0人关注 ,3室2厅1厨2卫,['低楼层/共6层'],['南 西 北'],['平层/精装'],['111.32平米'],['1997年建'],['兴阁里小区'],['集美'],['杏东'],无,暂无数据,['2023-11-03'],['2022-01-26']
1544,['精装修。可以拎包入住，房东诚意出售，'],https://xm.lianjia.com/ershoufang/105115608486.html,['165'],"['20,100元/平']",0人关注 ,2室1厅1厨1卫,['低楼层/共18层'],['南'],['平层/精装'],['82.09平米'],['2012年建'],['鑫锦家园北区'],['集美'],['锦园'],有,两梯四户,['2023-12-14'],['2018-05-30']
1545,['地铁口 明园大厦电梯高层格局采光好交通方便'],https://xm.lianjia.com/ershoufang/105115793526.html,['458'],"['33,667元/平']",0人关注 ,4室1厅1厨2卫,['高楼层/共10层'],['东南'],['平层/简装'],['136.04平米'],['1998年建'],['明园大厦'],['湖里'],['湖里大道'],有,两梯八户,['2024-01-06'],['2021-11-01']
1546,['2000年小区挑高做两层 使用空间大 总价低的三房'],https://xm.lianjia.com/ershoufang/105113322265.html,['268'],"['47,952元/平']",3人关注 ,3室1厅1厨1卫,['低楼层/共8层'],['西南 东北'],['复式/简装'],['55.89平米'],['1998年建'],['榕海花园'],['湖里'],['东渡'],无,暂无数据,['2023-04-11'],['2017-09-14']
1547,['此房坐落于厦门市湖里区美丽的狐尾山gy，'],https://xm.lianjia.com/ershoufang/105114188979.html,['428'],"['47,231元/平']",0人关注 ,2室1厅1厨1卫,['中楼层/共22层'],['西'],['平层/简装'],['90.62平米'],['2000年建'],['港吉大厦'],['湖里'],['东渡'],有,两梯八户,['2023-07-08'],['2010-03-19']
1548,['蓝月湾中楼层2+1户型，视野采光'],https://xm.lianjia.com/ershoufang/105116126507.html,['299'],"['33,138元/平']",0人关注 ,3室1厅1厨1卫,['低楼层/共18层'],['南 西'],['平层/精装'],['90.23平米'],['2008年建'],['未来海岸蓝月湾一期'],['海沧'],['未来海岸北师大'],有,两梯四户,['2024-02-25'],['2024-02-27']
1549,['省税，精装高层3房，楼层好 采光佳'],https://xm.lianjia.com/ershoufang/105115475264.html,['228'],"['25,998元/平']",0人关注 ,3室2厅1厨1卫,['中楼层/共26层'],['东 南 北'],['平层/精装'],['87.7平米'],['2012年建'],['美地雅登祥吴六里'],['翔安'],['新店'],有,两梯四户,['2023-11-30'],['2020-12-28']
1550,['业主诚意出售，看房方便随时约。配套完善，'],https://xm.lianjia.com/ershoufang/105115859952.html,['300'],"['34,076元/平']",1人关注 ,2室2厅1厨1卫,['低楼层/共26层'],['南 北'],['平层/精装'],['88.04平米'],['2012年建'],['泉水湾二期'],['集美'],['集美其它'],有,两梯六户,['2024-01-13'],['2014-01-17']
1551,['正规精装两房，南北通透，满五*，利用率高采光好'],https://xm.lianjia.com/ershoufang/105107081223.html,['285'],"['42,922元/平']",56人关注 ,2室1厅1厨1卫,['中楼层/共8层'],['南 北'],['平层/精装'],['66.4平米'],['1997年建'],['新丰家园'],['湖里'],['东渡'],暂无数据,暂无数据,['2021-04-21'],['2016-11-30']
1552,['唐庄别墅社区温馨小三房小区中庭诚意出售'],https://xm.lianjia.com/ershoufang/105111188683.html,['459'],"['49,181元/平']",1人关注 ,3室1厅1厨1卫,['低楼层/共12层'],['南 北'],['平层/精装'],['93.33平米'],['2001年建'],['唐庄'],['湖里'],['金尚'],有,两梯四户,['2022-08-08'],['2018-03-21']
1553,['此房满五 南北通透格局，高楼层，俯瞰体育场公园.'],https://xm.lianjia.com/ershoufang/105113317323.html,['246'],"['21,231元/平']",3人关注 ,3室1厅1厨2卫,['中楼层/共32层'],['北 南'],['平层/精装'],['115.87平米'],['2015年建'],['宝嘉誉园'],['翔安'],['新店'],有,两梯四户,['2023-04-10'],['2016-05-02']
1554,['海上世界，2号地铁口旁，交通生活便利。。。。'],https://xm.lianjia.com/ershoufang/105114540683.html,['311'],"['40,879元/平']",2人关注 ,3室1厅1厨1卫,['中楼层/共7层'],['南 北'],['平层/精装'],['76.08平米'],['未知年建'],['金鼎巷'],['湖里'],['东渡'],无,暂无数据,['2023-08-17'],['2009-06-02']
1555,['政府盘 首开上郡 国企  高楼层两房 有钥匙'],https://xm.lianjia.com/ershoufang/105110624764.html,['189'],"['21,685元/平']",0人关注 ,2室2厅1厨1卫,['高楼层/共33层'],['南'],['平层/简装'],['87.16平米'],['2017年建'],['首开领翔上郡二期'],['翔安'],['新店'],有,两梯四户,['2022-05-29'],['2021-01-06']
1556,['精装修，南北通透，轻松改四房。'],https://xm.lianjia.com/ershoufang/105114144339.html,['330'],"['26,464元/平']",0人关注 ,4室2厅1厨2卫,['中楼层/共18层'],['南 北'],['平层/精装'],['124.7平米'],['2015年建'],['芸溪居住公园(四期)'],['同安'],['同安其它'],暂无数据,暂无数据,['2023-07-03'],['2018-08-15']
1557,['正规3房2厅2卫  南北通透 厅朝南带阳台'],https://xm.lianjia.com/ershoufang/105107257862.html,['388'],"['34,921元/平']",4人关注 ,3室2厅1厨2卫,['低楼层/共18层'],['南 北'],['错层/精装'],['111.11平米'],['2008年建'],['未来海岸蓝月湾一期'],['海沧'],['未来海岸北师大'],有,两梯四户,['2021-05-08'],['2017-04-07']
1558,['东晖广场 2室2厅 北'],https://xm.lianjia.com/ershoufang/105115408964.html,['450'],"['76,871元/平']",0人关注 ,2室2厅1厨1卫,['高楼层/共12层'],['北'],['平层/精装'],['58.54平米'],['2013年建'],['东晖广场'],['湖里'],['枋湖'],有,两梯八户,['2023-11-23'],['2016-05-10']
1559,['小区内有配套公立未来之星，9年北附'],https://xm.lianjia.com/ershoufang/105114986261.html,['183'],"['35,132元/平']",0人关注 ,2室1厅1厨1卫,['低楼层/共11层'],['南 北'],['平层/精装'],['52.09平米'],['2008年建'],['未来海岸蓝月湾二期'],['海沧'],['未来海岸北师大'],暂无数据,暂无数据,['2023-10-07'],['2020-10-15']
1560,['地铁口旁 信义里 南北通透 3房2厅 随时看房'],https://xm.lianjia.com/ershoufang/105110572500.html,['785'],"['141,646元/平']",0人关注 ,3室2厅1厨2卫,['低楼层/共6层'],['南 北'],['平层/简装'],['55.42平米'],['1990年建'],['信义里社区'],['思明'],['实验小学及周边'],无,暂无数据,['2022-05-22'],['2020-04-10']
1561,['名汇广场  单排   22年精装配中秧空调   1+1房   高层'],https://xm.lianjia.com/ershoufang/105114143724.html,['398'],"['77,372元/平']",0人关注 ,2室1厅1厨1卫,['高楼层/共9层'],['东'],['平层/精装'],['51.44平米'],['2008年建'],['名汇广场'],['思明'],['中山路'],有,四梯五十六户,['2023-07-03'],['2023-07-06']
1562,['京口岩东南向，产权满2，土地出让金已交，省税！'],https://xm.lianjia.com/ershoufang/105115741174.html,['125'],"['23,506元/平']",0人关注 ,1室1厅1厨1卫,['中楼层/共18层'],['东'],['平层/简装'],['53.18平米'],['2009年建'],['京口岩小区'],['海沧'],['未来海岸北师大'],有,两梯十一户,['2023-12-31'],['2020-01-01']
1563,['格局方正，小高层朝西户型，交通便利，地铁口，'],https://xm.lianjia.com/ershoufang/105110275654.html,['277'],"['48,794元/平']",5人关注 ,2室1厅1厨1卫,['低楼层/共28层'],['西'],['平层/精装'],['56.77平米'],['2005年建'],['振华大厦'],['湖里'],['邮轮城'],有,两梯二十四户,['2022-04-13'],['2005-03-10']
1564,['店长推荐的好房子，房东诚意出售'],https://xm.lianjia.com/ershoufang/105106246251.html,['95'],"['29,540元/平']",27人关注 ,1室1厅1厨1卫,['低楼层/共11层'],['南'],['平层/精装'],['32.16平米'],['2014年建'],['美地雅登祥吴五里'],['翔安'],['新店'],有,一梯四户,['2021-01-13'],['2017-05-26']
1565,['此房座落于美丽的厦门市湖里区东渡路海上世界。'],https://xm.lianjia.com/ershoufang/105112583097.html,['996'],"['64,529元/平']",1人关注 ,7室2厅1厨3卫,['低楼层/共30层'],['东南 北'],['复式/精装'],['154.35平米'],['2006年建'],['源昌大厦'],['湖里'],['东渡'],有,两梯五户,['2023-02-08'],['2007-06-27']
1566,['小区是10年建成的封闭式花园小区，客厅带阳台。'],https://xm.lianjia.com/ershoufang/105110979823.html,['602'],"['59,276元/平']",1人关注 ,2室2厅1厨1卫,['中楼层/共25层'],['西南'],['平层/精装'],['101.56平米'],['2010年建'],['都市港湾'],['湖里'],['东渡'],有,两梯四户,['2022-07-13'],['2012-03-12']
1567,['正规 两房满5年 居家装修拎包入住狐尾山旁'],https://xm.lianjia.com/ershoufang/105113352190.html,['266'],"['45,486元/平']",1人关注 ,2室1厅1厨1卫,['中楼层/共6层'],['南 北'],['平层/精装'],['58.48平米'],['1988年建'],['东兴小区'],['湖里'],['东渡'],无,暂无数据,['2023-04-13'],['2017-05-23']
1568,['空户 上瑞景  朝南 正看瑞景公园 电梯高层'],https://xm.lianjia.com/ershoufang/105113124801.html,['195'],"['70,961元/平']",0人关注 ,1室1厅1厨1卫,['中楼层/共15层'],['南'],['平层/精装'],['27.48平米'],['2008年建'],['瑞景苑'],['思明'],['瑞景'],有,两梯二十五户,['2023-03-24'],['2019-04-28']
1569,['业主急售 自住装修 可拎包入住'],https://xm.lianjia.com/ershoufang/105116488486.html,['370'],"['31,883元/平']",1人关注 ,3室1厅1厨2卫,['低楼层/共32层'],['南'],['平层/精装'],['116.05平米'],['2015年建'],['住宅·水晶湖郡'],['集美'],['集美新城'],有,两梯三户,['2024-03-26'],['2021-01-18']
1570,['古兴里，电梯中间楼层东边套明厨自住装修安静舒适'],https://xm.lianjia.com/ershoufang/105116471716.html,['418'],"['49,287元/平']",0人关注 ,2室1厅1厨1卫,['中楼层/共17层'],['东南'],['平层/简装'],['84.81平米'],['2001年建'],['古兴里'],['思明'],['前埔'],有,两梯六户,['2024-03-25'],['2003-11-07']
1571,['全明 小区中庭 厅带阳台朝南 光线视野好'],https://xm.lianjia.com/ershoufang/105113574909.html,['330'],"['36,675元/平']",0人关注 ,3室1厅1厨1卫,['高楼层/共7层'],['南 北'],['平层/简装'],['89.98平米'],['1997年建'],['金鸡亭小区西区'],['思明'],['金鸡亭'],无,暂无数据,['2023-05-05'],['2019-11-20']
1572,['叠加别墅 室内精装修 拎包就可入'],https://xm.lianjia.com/ershoufang/105113314617.html,['1345'],"['68,334元/平']",2人关注 ,5室2厅1厨3卫,['低楼层/共4层'],['南 北'],['精装'],['196.83平米'],['2014年建'],['水晶湖郡A区'],['集美'],['集美新城'],有,一梯两户,['2023-04-10'],['2016-05-18']
1573,['集美文教区，楼中楼，四房3卫，南北朝向，动静分离！'],https://xm.lianjia.com/ershoufang/105110493811.html,['588'],"['34,583元/平']",4人关注 ,4室2厅1厨3卫,['高楼层/共7层'],['南'],['复式/精装'],['170.03平米'],['2009年建'],['集美中心花园'],['集美'],['集美文教区'],无,暂无数据,['2022-05-11'],['2004-12-24']
1574,['看房方便，诚意出售，低楼层，方便老人小孩居住'],https://xm.lianjia.com/ershoufang/105109985788.html,['370'],"['39,773元/平']",7人关注 ,3室2厅1厨1卫,['低楼层/共7层'],['南 北'],['平层/简装'],['93.03平米'],['2009年建'],['集美中心花园'],['集美'],['集美文教区'],无,暂无数据,['2022-03-07'],['2015-05-08']
1575,['瑞景新村新出 复式楼中楼 大三房两卫'],https://xm.lianjia.com/ershoufang/105115891822.html,['668'],"['44,797元/平']",0人关注 ,3室2厅1厨2卫,['高楼层/共7层'],['南 北'],['跃层/简装'],['149.12平米'],['2000年建'],['瑞景新村寿鹤苑'],['思明'],['瑞景'],无,暂无数据,['2024-01-17'],['2003-08-04']
1576,['海景5房 客厅挑空6米 景观位置好'],https://xm.lianjia.com/ershoufang/105110509059.html,['1570'],"['80,849元/平']",2人关注 ,5室2厅1厨2卫,['中楼层/共31层'],['东南'],['复式/毛坯'],['194.19平米'],['2009年建'],['江山帝景'],['思明'],['会展中心'],有,两梯三户,['2022-05-13'],['2020-08-21']
1577,['泰地海西中心 精装高层看海东边套 诚售'],https://xm.lianjia.com/ershoufang/105115550861.html,['103'],"['18,572元/平']",0人关注 ,1室1厅1厨1卫,['中楼层/共31层'],['东南'],['平层/精装'],['55.46平米'],['2015年建'],['泰地海西中心'],['海沧'],['海沧区政府'],有,六梯二十四户,['2023-12-08'],['2016-08-03']
1578,['格局方正 位置好  交通便利  家电齐全'],https://xm.lianjia.com/ershoufang/105103085967.html,['66'],"['21,134元/平']",2人关注 ,1室1厅0厨1卫,['中楼层/共11层'],['西'],['平层/精装'],['31.23平米'],['2012年建'],['永建顶尚'],['湖里'],['枋湖'],有,两梯二十八户,['2019-09-25'],['2013-10-16']
1579,['火车站，繁华商圈，封闭式小区，精装小三房，拎包入住'],https://xm.lianjia.com/ershoufang/105112162082.html,['439'],"['64,531元/平']",0人关注 ,3室2厅1厨1卫,['低楼层/共17层'],['西北'],['平层/精装'],['68.03平米'],['2001年建'],['源昌广场'],['思明'],['火车站'],有,两梯六户,['2022-11-30'],['2019-11-06']
1580,['永建顶尚 高层大套复式  方正格局'],https://xm.lianjia.com/ershoufang/105108462366.html,['60'],"['19,468元/平']",7人关注 ,1室1厅0厨1卫,['高楼层/共11层'],['西'],['平层/精装'],['30.82平米'],['2012年建'],['永建顶尚'],['湖里'],['枋湖'],有,两梯二十八户,['2021-08-20'],['2016-10-28']
1581,['看湖看白鹭洲 省个税05年电梯高层全明大3房 拎包入住'],https://xm.lianjia.com/ershoufang/105115006770.html,['768'],"['56,529元/平']",0人关注 ,3室2厅1厨1卫,['高楼层/共33层'],['东北'],['平层/精装'],['135.86平米'],['2005年建'],['普利花园大厦'],['思明'],['禾祥西路'],有,两梯四户,['2023-10-09'],['2024-02-22']
1582,['西南朝向大3房，安静小区。简单装修 业主诚售'],https://xm.lianjia.com/ershoufang/105112559311.html,['799'],"['59,353元/平']",0人关注 ,3室2厅1厨2卫,['低楼层/共18层'],['西南'],['平层/简装'],['134.62平米'],['2001年建'],['源昌广场'],['思明'],['火车站'],有,一梯四户,['2023-02-06'],['2007-09-27']
1583,['禹洲二期，精装一线看海，现代简约风，诚意出售。'],https://xm.lianjia.com/ershoufang/105113979851.html,['450'],"['32,581元/平']",0人关注 ,3室2厅1厨2卫,['低楼层/共41层'],['东南'],['平层/精装'],['138.12平米'],['2014年建'],['禹洲中央海岸二期'],['集美'],['杏林桥头'],有,三梯六户,['2023-06-14'],['2019-10-10']
1584,['将军祠地铁口 阳台山路  南北2房 适中楼层 外墙贴瓷砖'],https://xm.lianjia.com/ershoufang/105112896736.html,['443'],"['64,409元/平']",0人关注 ,2室1厅1厨1卫,['低楼层/共10层'],['南 北'],['平层/简装'],['68.78平米'],['1996年建'],['阳台山路19-25号'],['思明'],['文园路'],无,暂无数据,['2023-03-05'],['1999-07-07']
1585,['集美桥头 保利海上五月花六期 海景房 诚意出售'],https://xm.lianjia.com/ershoufang/105114400062.html,['315'],"['34,962元/平']",0人关注 ,3室2厅1厨1卫,['高楼层/共39层'],['东南'],['平层/精装'],['90.1平米'],['2016年建'],['海上五月花六期'],['集美'],['集美其它'],有,两梯四户,['2023-08-02'],['2017-08-01']
1586,['禹洲大学城大三房，业主自住装修，诚意出售'],https://xm.lianjia.com/ershoufang/105108535730.html,['210'],"['21,230元/平']",19人关注 ,3室2厅1厨2卫,['中楼层/共35层'],['东北'],['平层/精装'],['98.92平米'],['2012年建'],['禹洲大学城'],['同安'],['集美其它'],有,三梯八户,['2021-08-26'],['2021-10-19']
1587,['精装2房朝南，契税满二，位置安静，上学近，总价低'],https://xm.lianjia.com/ershoufang/105112798417.html,['450'],"['56,103元/平']",0人关注 ,2室2厅1厨1卫,['低楼层/共27层'],['南'],['平层/精装'],['80.21平米'],['2020年建'],['建发央著二期'],['集美'],['集美新城'],有,两梯四户,['2023-02-25'],['2021-03-17']
1588,['万寿路，安静小区，精装4房2厅2卫，东西南北四面采光'],https://xm.lianjia.com/ershoufang/105115199493.html,['828'],"['73,574元/平']",0人关注 ,4室2厅1厨2卫,['高楼层/共7层'],['南 北'],['平层/精装'],['112.54平米'],['1998年建'],['文园公寓一期'],['思明'],['文园路'],无,暂无数据,['2023-10-31'],['2021-06-11']
1589,['文园路，将军祠文灶双地铁口，精装2房，低总价诚售！'],https://xm.lianjia.com/ershoufang/105115203483.html,['350'],"['76,187元/平']",0人关注 ,2室1厅1厨1卫,['高楼层/共7层'],['南 北'],['平层/精装'],['45.94平米'],['1984年建'],['塔厝社'],['思明'],['文园路'],无,暂无数据,['2023-10-31'],['2020-02-27']
1590,['集美桥头，三房两卫，边套户型，高楼层看海景'],https://xm.lianjia.com/ershoufang/105111985839.html,['350'],"['30,526元/平']",2人关注 ,3室2厅1厨2卫,['高楼层/共30层'],['南'],['平层/简装'],['114.66平米'],['2015年建'],['新景舜弘天籁'],['集美'],['集美其它'],有,两梯四户,['2022-11-08'],['2017-04-17']
1591,['房子精装修。保养好，满五可省税费'],https://xm.lianjia.com/ershoufang/105110505638.html,['708'],"['56,433元/平']",6人关注 ,3室2厅1厨2卫,['中楼层/共15层'],['南 北'],['平层/精装'],['125.46平米'],['2003年建'],['卧龙晓城'],['思明'],['莲前'],有,两梯四户,['2022-05-12'],['2015-12-17']
1592,['正规 两房满5年 居家装修拎包入住狐尾山旁'],https://xm.lianjia.com/ershoufang/105113352190.html,['266'],"['45,486元/平']",1人关注 ,2室1厅1厨1卫,['中楼层/共6层'],['南 北'],['平层/精装'],['58.48平米'],['1988年建'],['东兴小区'],['湖里'],['东渡'],无,暂无数据,['2023-04-13'],['2017-05-23']
1593,['BRT旁 清新小户型 交通便利 诚意出售'],https://xm.lianjia.com/ershoufang/105106426229.html,['208'],"['68,063元/平']",83人关注 ,1室0厅1厨1卫,['低楼层/共18层'],['北'],['平层/精装'],['30.56平米'],['2003年建'],['阳光百合'],['思明'],['火车站'],有,两梯八户,['2021-02-20'],['2007-08-08']
1594,['火车站 富山 莲坂地铁口，总价低，随时看，'],https://xm.lianjia.com/ershoufang/105114863994.html,['195.8'],"['47,979元/平']",1人关注 ,1室1厅1厨1卫,['高楼层/共13层'],['西北'],['平层/简装'],['40.81平米'],['2000年建'],['富山花园'],['思明'],['富山'],有,三梯二十七户,['2023-09-21'],['2012-06-14']
1595,['莲坂地铁口 花园式小区 游泳池 带电梯'],https://xm.lianjia.com/ershoufang/105113756270.html,['260'],"['70,157元/平']",0人关注 ,1室1厅1厨1卫,['高楼层/共12层'],['东'],['平层/简装'],['37.06平米'],['2000年建'],['富山花园罗马假日'],['思明'],['富山'],有,两梯十一户,['2023-05-22'],['2023-07-07']
1596,['精装修三房  南北通透，户型方正  采光好'],https://xm.lianjia.com/ershoufang/105109213997.html,['1050'],"['63,819元/平']",5人关注 ,3室2厅1厨2卫,['高楼层/共32层'],['南 北'],['平层/精装'],['164.53平米'],['2009年建'],['海豚湾'],['思明'],['会展中心'],有,两梯两户,['2021-11-09'],['2016-04-12']
1597,['高层海景房 边套户型，西南北三面采光'],https://xm.lianjia.com/ershoufang/105110917050.html,['1250'],"['58,758元/平']",1人关注 ,5室2厅1厨3卫,['高楼层/共32层'],['南 西南 北'],['简装'],['212.74平米'],['2008年建'],['海豚湾'],['思明'],['会展中心'],有,两梯两户,['2022-07-05'],['2010-06-22']
1598,['业主急售 自住装修 可拎包入住'],https://xm.lianjia.com/ershoufang/105116488486.html,['370'],"['31,883元/平']",1人关注 ,3室1厅1厨2卫,['低楼层/共32层'],['南'],['平层/精装'],['116.05平米'],['2015年建'],['住宅·水晶湖郡'],['集美'],['集美新城'],有,两梯三户,['2024-03-26'],['2021-01-18']
1599,['自住装修，保养得比较好，随时可以过户，方正三房户型'],https://xm.lianjia.com/ershoufang/105108675571.html,['208'],"['19,092元/平']",2人关注 ,3室2厅1厨2卫,['中楼层/共30层'],['南 西南'],['错层/精装'],['108.95平米'],['2012年建'],['禹洲大学城'],['同安'],['集美其它'],有,两梯四户,['2021-09-07'],['2011-08-10']
1600,['高层 视野无遮挡 看海 毛坯随心装修'],https://xm.lianjia.com/ershoufang/105111353308.html,['1200'],"['128,055元/平']",0人关注 ,3室2厅1厨2卫,['中楼层/共16层'],['东南'],['平层/毛坯'],['93.71平米'],['2017年建'],['新景国际外滩'],['湖里'],['五缘湾'],有,两梯四户,['2022-08-27'],['2017-12-02']
1601,['前埔南区店上东里 电梯大3房 无遮挡视野开阔 户型方正'],https://xm.lianjia.com/ershoufang/105114466173.html,['455'],"['35,401元/平']",10人关注 ,3室2厅1厨2卫,['中楼层/共15层'],['南 北'],['平层/简装'],['128.53平米'],['1999年建'],['前埔南小区一区'],['思明'],['前埔'],有,两梯四户,['2023-08-09'],['2005-10-26']
1602,['此房一梯两户，小区中庭 高层 视野佳 闹中取静!'],https://xm.lianjia.com/ershoufang/105112622907.html,['739'],"['59,244元/平']",3人关注 ,4室2厅1厨2卫,['高楼层/共15层'],['东南'],['错层/毛坯'],['124.74平米'],['2007年建'],['禹洲香槟城'],['湖里'],['枋湖'],有,一梯两户,['2023-02-11'],['2023-02-12']
1603,['禹洲四房，南北通透，高层视野开阔，北师大'],https://xm.lianjia.com/ershoufang/105113397059.html,['438'],"['36,400元/平']",0人关注 ,4室1厅1厨2卫,['高楼层/共33层'],['南 北'],['错层/简装'],['120.33平米'],['2008年建'],['禹洲华侨金海岸'],['海沧'],['海沧体育中心'],有,三梯四户,['2023-04-17'],['2010-10-15']
1604,['南北通透格局，楼层好，视野宽阔，采光充足，交通便利'],https://xm.lianjia.com/ershoufang/105113476763.html,['246'],"['24,952元/平']",1人关注 ,2室2厅1厨1卫,['中楼层/共7层'],['南 北'],['平层/简装'],['98.59平米'],['2002年建'],['信发楼'],['海沧'],['海沧生活区'],无,暂无数据,['2023-04-25'],['2004-11-09']
1605,"['此房采光通风好,精装修可拎包入住']",https://xm.lianjia.com/ershoufang/105106983860.html,['126'],"['24,765元/平']",22人关注 ,1室1厅1厨1卫,['低楼层/共34层'],['北'],['平层/精装'],['50.88平米'],['2011年建'],['禹洲大学城'],['同安'],['集美其它'],有,三梯六户,['2021-04-13'],['2019-08-28']
1606,['龙湖二期安静位置，采光好，视野宽阔'],https://xm.lianjia.com/ershoufang/105112911360.html,['386'],"['35,964元/平']",0人关注 ,3室2厅1厨2卫,['中楼层/共30层'],['南 北'],['平层/精装'],['107.33平米'],['2018年建'],['龙湖春江彼岸二期'],['海沧'],['马銮湾中心片区'],有,两梯五户,['2023-03-06'],['2020-08-26']
1607,['莲花新城边套，全明格局，精装保养好，拎包入住'],https://xm.lianjia.com/ershoufang/105111036069.html,['365'],"['40,597元/平']",3人关注 ,2室2厅1厨2卫,['高楼层/共33层'],['西南'],['平层/精装'],['89.91平米'],['2017年建'],['莲花新城三期'],['集美'],['集美新城'],有,两梯四户,['2022-07-20'],['2017-09-06']
1608,['五缘湾  亿力悦海 正规2房 看湾'],https://xm.lianjia.com/ershoufang/105114885804.html,['750'],"['92,995元/平']",0人关注 ,2室2厅1厨1卫,['中楼层/共13层'],['南'],['平层/精装'],['80.65平米'],['2011年建'],['亿力悦海'],['湖里'],['五缘湾'],有,两梯四户,['2023-09-23'],['2013-09-12']
1609,['五缘湾 源昌宝墅湾 南北精装3房 拎包入住'],https://xm.lianjia.com/ershoufang/105115465216.html,['850'],"['103,824元/平']",0人关注 ,3室1厅1厨1卫,['低楼层/共17层'],['南 北'],['平层/精装'],['81.87平米'],['2013年建'],['源昌宝墅湾'],['湖里'],['五缘湾'],有,一梯两户,['2023-11-29'],['2021-06-08']
1610,['五缘湾 国贸润园 精装 总价低 采光好'],https://xm.lianjia.com/ershoufang/105112456229.html,['592'],"['117,929元/平']",1人关注 ,1室0厅1厨1卫,['中楼层/共21层'],['南'],['精装'],['50.2平米'],['2014年建'],['国贸润园'],['湖里'],['五缘湾'],有,两梯四户,['2023-01-18'],['2020-12-15']
1611,['房格局方正， 全明结构，采光好，通风佳， 近地铁口'],https://xm.lianjia.com/ershoufang/105114424022.html,['318'],"['44,998元/平']",0人关注 ,2室2厅1厨1卫,['中楼层/共10层'],['南 北'],['平层/精装'],['70.67平米'],['1997年建'],['禹洲新村'],['湖里'],['南山路'],无,暂无数据,['2023-08-04'],['2016-08-11']
1612,['禹洲二期，精装一线看海，现代简约风，诚意出售。'],https://xm.lianjia.com/ershoufang/105113979851.html,['450'],"['32,581元/平']",0人关注 ,3室2厅1厨2卫,['低楼层/共41层'],['东南'],['平层/精装'],['138.12平米'],['2014年建'],['禹洲中央海岸二期'],['集美'],['杏林桥头'],有,三梯六户,['2023-06-14'],['2019-10-10']
1613,['海豚湾，低层4房2厅，位置安静，看中庭，采光充足'],https://xm.lianjia.com/ershoufang/105110774113.html,['845'],"['53,519元/平']",6人关注 ,4室2厅1厨2卫,['低楼层/共31层'],['东'],['平层/精装'],['157.89平米'],['2008年建'],['海豚湾'],['思明'],['会展中心'],有,两梯两户,['2022-06-17'],['2010-07-12']
1614,['金海湾  安静位置  小高层电梯房   公摊小  看中庭'],https://xm.lianjia.com/ershoufang/105111857112.html,['428'],"['31,891元/平']",1人关注 ,3室2厅1厨2卫,['中楼层/共11层'],['南'],['平层/精装'],['134.21平米'],['2010年建'],['金海湾'],['集美'],['杏林桥头'],有,两梯两户,['2022-10-24'],['2014-12-02']
1615,['省优延奎旁 精装修正规两房 户型方正 直接拎包入住！'],https://xm.lianjia.com/ershoufang/105108456312.html,['235'],"['30,229元/平']",4人关注 ,2室2厅1厨1卫,['高楼层/共6层'],['南 北'],['平层/精装'],['77.74平米'],['未知年建'],['水务宿舍'],['海沧'],['海沧生活区'],无,暂无数据,['2021-08-20'],['2016-05-12']
1616,['两套单身公寓已打通成一套两房一厅 一套55万报价'],https://xm.lianjia.com/ershoufang/105113291995.html,['55'],"['14,593元/平']",4人关注 ,2室1厅1厨1卫,['高楼层/共7层'],['东 南'],['平层/精装'],['37.69平米'],['1996年建'],['万佳公寓'],['集美'],['杏西'],无,暂无数据,['2023-04-08'],['2016-09-08']
1617,['杏林桥头，边套大三房，采光好看海景'],https://xm.lianjia.com/ershoufang/105114057633.html,['425'],"['36,131元/平']",1人关注 ,3室2厅1厨2卫,['高楼层/共26层'],['东南'],['平层/精装'],['117.63平米'],['2014年建'],['中海寰宇天下'],['集美'],['杏林桥头'],有,两梯三户,['2023-06-23'],['2015-11-12']
1618,['地铁口旁，满5*，小区居住舒适，配套成熟'],https://xm.lianjia.com/ershoufang/105105536355.html,['244'],"['28,189元/平']",30人关注 ,3室2厅1厨1卫,['高楼层/共6层'],['南 北'],['平层/简装'],['86.56平米'],['1998年建'],['海沧生活区一小区'],['海沧'],['海沧生活区'],无,暂无数据,['2020-10-15'],['1995-03-01']
1619,['精装温馨大两房，户型方正、拎包入住，'],https://xm.lianjia.com/ershoufang/105115774758.html,['658'],"['67,578元/平']",1人关注 ,2室2厅1厨1卫,['低楼层/共42层'],['南'],['平层/精装'],['97.37平米'],['2018年建'],['源昌君悦山思明'],['思明'],['莲前'],有,两梯三户,['2024-01-04'],['2019-09-10']
1620,['莲花首岸，双阳台，沿湖位置，采光充足'],https://xm.lianjia.com/ershoufang/105111112035.html,['460'],"['39,793元/平']",3人关注 ,3室2厅1厨2卫,['低楼层/共33层'],['南'],['平层/毛坯'],['115.6平米'],['2019年建'],['莲花首岸'],['集美'],['集美新城'],有,两梯四户,['2022-07-29'],['2019-07-05']
1621,['五缘湾  亿力悦海 正规2房 看湾'],https://xm.lianjia.com/ershoufang/105114885804.html,['750'],"['92,995元/平']",0人关注 ,2室2厅1厨1卫,['中楼层/共13层'],['南'],['平层/精装'],['80.65平米'],['2011年建'],['亿力悦海'],['湖里'],['五缘湾'],有,两梯四户,['2023-09-23'],['2013-09-12']
1622,['前埔南区店上东里 电梯大3房 无遮挡视野开阔 户型方正'],https://xm.lianjia.com/ershoufang/105114466173.html,['455'],"['35,401元/平']",10人关注 ,3室2厅1厨2卫,['中楼层/共15层'],['南 北'],['平层/简装'],['128.53平米'],['1999年建'],['前埔南小区一区'],['思明'],['前埔'],有,两梯四户,['2023-08-09'],['2005-10-26']
1623,['火车站，繁华商圈，封闭式小区，精装小三房，拎包入住'],https://xm.lianjia.com/ershoufang/105112162082.html,['439'],"['64,531元/平']",0人关注 ,3室2厅1厨1卫,['低楼层/共17层'],['西北'],['平层/精装'],['68.03平米'],['2001年建'],['源昌广场'],['思明'],['火车站'],有,两梯六户,['2022-11-30'],['2019-11-06']
1624,['禹洲海岸一期大三房 安静、看海、视野好'],https://xm.lianjia.com/ershoufang/105112820951.html,['428'],"['32,232元/平']",0人关注 ,3室2厅1厨2卫,['高楼层/共41层'],['南'],['平层/精装'],['132.79平米'],['2015年建'],['禹洲中央海岸一期'],['集美'],['杏林桥头'],有,三梯六户,['2023-02-27'],['2015-04-01']
1625,['永建顶尚 高层大套复式  方正格局'],https://xm.lianjia.com/ershoufang/105108462366.html,['60'],"['19,468元/平']",7人关注 ,1室1厅0厨1卫,['高楼层/共11层'],['西'],['平层/精装'],['30.82平米'],['2012年建'],['永建顶尚'],['湖里'],['枋湖'],有,两梯二十八户,['2021-08-20'],['2016-10-28']
1626,['集美桥头 保利海上五月花六期 海景房 诚意出售'],https://xm.lianjia.com/ershoufang/105114400062.html,['315'],"['34,962元/平']",0人关注 ,3室2厅1厨1卫,['高楼层/共39层'],['东南'],['平层/精装'],['90.1平米'],['2016年建'],['海上五月花六期'],['集美'],['集美其它'],有,两梯四户,['2023-08-02'],['2017-08-01']
1627,['西南朝向大3房，安静小区。简单装修 业主诚售'],https://xm.lianjia.com/ershoufang/105112559311.html,['799'],"['59,353元/平']",0人关注 ,3室2厅1厨2卫,['低楼层/共18层'],['西南'],['平层/简装'],['134.62平米'],['2001年建'],['源昌广场'],['思明'],['火车站'],有,一梯四户,['2023-02-06'],['2007-09-27']
1628,['瑞景新村新出 复式楼中楼 大三房两卫'],https://xm.lianjia.com/ershoufang/105115891822.html,['668'],"['44,797元/平']",0人关注 ,3室2厅1厨2卫,['高楼层/共7层'],['南 北'],['跃层/简装'],['149.12平米'],['2000年建'],['瑞景新村寿鹤苑'],['思明'],['瑞景'],无,暂无数据,['2024-01-17'],['2003-08-04']
1629,['海景5房 客厅挑空6米 景观位置好'],https://xm.lianjia.com/ershoufang/105110509059.html,['1570'],"['80,849元/平']",2人关注 ,5室2厅1厨2卫,['中楼层/共31层'],['东南'],['复式/毛坯'],['194.19平米'],['2009年建'],['江山帝景'],['思明'],['会展中心'],有,两梯三户,['2022-05-13'],['2020-08-21']
1630,['泰地海西中心 精装高层看海东边套 诚售'],https://xm.lianjia.com/ershoufang/105115550861.html,['103'],"['18,572元/平']",0人关注 ,1室1厅1厨1卫,['中楼层/共31层'],['东南'],['平层/精装'],['55.46平米'],['2015年建'],['泰地海西中心'],['海沧'],['海沧区政府'],有,六梯二十四户,['2023-12-08'],['2016-08-03']
1631,['近地铁金榜公园BRT旁，中间楼层采光好南北2房2卫急售'],https://xm.lianjia.com/ershoufang/105111674901.html,['518'],"['58,209元/平']",1人关注 ,2室2厅1厨1卫,['中楼层/共7层'],['南 北'],['平层/简装'],['88.99平米'],['1997年建'],['华普'],['思明'],['文灶'],无,暂无数据,['2022-10-04'],['2017-03-01']
1632,['软三、万达旁 禹洲璟阅城，89楼中楼三房两卫 高利用'],https://xm.lianjia.com/ershoufang/105115897795.html,['248'],"['28,395元/平']",0人关注 ,3室2厅1厨2卫,['中楼层/共20层'],['东南'],['复式/简装'],['87.34平米'],['2021年建'],['禹洲璟阅城'],['集美'],['灌口'],暂无数据,暂无数据,['2024-01-18'],['2022-08-15']
1633,['金尚小区框架两房，边套，靠中庭，视野好'],https://xm.lianjia.com/ershoufang/105111423967.html,['363'],"['49,652元/平']",0人关注 ,2室2厅1厨1卫,['高楼层/共7层'],['南 西 北'],['平层/简装'],['73.11平米'],['1998年建'],['金尚小区'],['湖里'],['金尚'],无,暂无数据,['2022-09-04'],['2017-06-08']
1634,['瑞景 客厅带阳台朝南三房 一梯两户 南北通透'],https://xm.lianjia.com/ershoufang/105113919188.html,['410'],"['45,415元/平']",0人关注 ,3室2厅1厨1卫,['低楼层/共8层'],['东 南 北'],['平层/简装'],['90.28平米'],['2000年建'],['侨福城侨文里'],['思明'],['瑞景'],无,暂无数据,['2023-06-08'],['2005-09-12']
1635,['此房采光好，户型好，电梯正规四房，业主诚意出售'],https://xm.lianjia.com/ershoufang/105110018457.html,['450'],"['28,545元/平']",2人关注 ,4室2厅1厨2卫,['低楼层/共30层'],['东南'],['平层/简装'],['157.65平米'],['2010年建'],['金海湾'],['集美'],['杏林桥头'],有,两梯四户,['2022-03-10'],['2013-05-29']
1636,['房子满5年  业主诚意出售  精装修采光好'],https://xm.lianjia.com/ershoufang/105114889077.html,['309'],"['35,078元/平']",0人关注 ,2室2厅1厨1卫,['高楼层/共24层'],['南'],['平层/精装'],['88.09平米'],['2012年建'],['泉水湾二期'],['集美'],['集美其它'],有,两梯四户,['2023-09-24'],['2013-05-15']
1637,['地铁后埔站150米，南北朝向，业主诚意出售'],https://xm.lianjia.com/ershoufang/105112936887.html,['580'],"['50,687元/平']",1人关注 ,3室1厅1厨2卫,['中楼层/共7层'],['南 北'],['平层/简装'],['114.43平米'],['1998年建'],['丰泽苑小区'],['湖里'],['金尚'],无,暂无数据,['2023-03-08'],['2018-12-25']
1638,['露台金秋花园南北朝向，业主诚意出售'],https://xm.lianjia.com/ershoufang/105113652333.html,['468'],"['61,177元/平']",0人关注 ,2室2厅1厨1卫,['低楼层/共6层'],['南 北'],['平层/简装'],['76.5平米'],['2000年建'],['金秋花园'],['湖里'],['金尚'],无,暂无数据,['2023-05-12'],['2018-05-09']
1639,['金尚公园旁金秋花园，中楼层，南北朝向，业主诚意出售'],https://xm.lianjia.com/ershoufang/105110247486.html,['518'],"['52,852元/平']",2人关注 ,3室1厅1厨2卫,['中楼层/共6层'],['南 北'],['平层/简装'],['98.01平米'],['2002年建'],['金秋花园'],['湖里'],['金尚'],无,暂无数据,['2022-04-10'],['2008-12-16']
1640,['电梯精装大四房，南北朝向，业主诚意出售'],https://xm.lianjia.com/ershoufang/105113234027.html,['628'],"['46,035元/平']",1人关注 ,4室1厅1厨2卫,['中楼层/共7层'],['南 北'],['平层/精装'],['136.42平米'],['1998年建'],['玉鹭苑'],['湖里'],['金尚'],有,一梯四户,['2023-04-02'],['2017-04-14']
1641,['翔安隧道口 边套大三房 南北通透  直接拎包入住'],https://xm.lianjia.com/ershoufang/105111684643.html,['315'],"['25,581元/平']",0人关注 ,3室2厅1厨2卫,['高楼层/共31层'],['南 北'],['平层/精装'],['123.14平米'],['2015年建'],['阳光城翡丽湾二期'],['翔安'],['翔安新城'],有,两梯四户,['2022-10-05'],['2019-01-16']
1642,['金秋花园，框架结构，南北厅带阳台，中间楼层'],https://xm.lianjia.com/ershoufang/105113631313.html,['443'],"['55,815元/平']",0人关注 ,2室2厅1厨1卫,['中楼层/共6层'],['南 北'],['平层/精装'],['79.37平米'],['2000年建'],['金秋花园'],['湖里'],['金尚'],无,暂无数据,['2023-05-10'],['2012-11-27']
1643,['地铁后埔站、正规三房、南北朝向、看房方便'],https://xm.lianjia.com/ershoufang/105107544717.html,['596'],"['46,006元/平']",1人关注 ,3室2厅1厨2卫,['高楼层/共7层'],['南'],['平层/简装'],['129.55平米'],['1999年建'],['中福城'],['湖里'],['金尚'],无,暂无数据,['2021-06-06'],['2002-01-16']
1644,['外表新，带菜地，业主空户诚意出售'],https://xm.lianjia.com/ershoufang/105113199154.html,['558'],"['77,468元/平']",0人关注 ,2室1厅1厨1卫,['中楼层/共4层'],['南'],['平层/简装'],['72.03平米'],['未知年建'],['阳台山路'],['思明'],['文园路'],无,暂无数据,['2023-03-30'],['2021-03-05']
1645,['集美桥头 海上五月花六期  顶层复式 一线海景'],https://xm.lianjia.com/ershoufang/105112252276.html,['1180'],"['70,761元/平']",0人关注 ,5室2厅1厨3卫,['高楼层/共39层'],['南 北'],['跃层/精装'],['166.76平米'],['2016年建'],['海上五月花六期'],['集美'],['集美其它'],有,两梯四户,['2022-12-11'],['2019-03-18']
1646,['地铁口 电梯房 配套成熟 交通便利 总价低 户型方正'],https://xm.lianjia.com/ershoufang/105114310063.html,['105'],"['23,676元/平']",0人关注 ,1室0厅1厨1卫,['中楼层/共12层'],['北'],['平层/简装'],['44.35平米'],['2000年建'],['海沧娱乐城'],['海沧'],['海沧生活区'],有,两梯四十户,['2023-07-22'],['2017-09-07']
1647,['金象嘉园 4房2厅3卫双阳 高层 看湖看山 免个税'],https://xm.lianjia.com/ershoufang/105110028242.html,['1039'],"['79,168元/平']",16人关注 ,4室2厅1厨3卫,['高楼层/共29层'],['南 北'],['平层/精装'],['131.24平米'],['2007年建'],['金象嘉园'],['思明'],['禾祥东路'],有,两梯四户,['2022-03-11'],['2007-07-11']
1648,['槟榔片区，户型方正 使用面积大'],https://xm.lianjia.com/ershoufang/105113292736.html,['468'],"['70,376元/平']",0人关注 ,4室2厅2厨2卫,['高楼层/共8层'],['南'],['平层/精装'],['66.5平米'],['1994年建'],['湖光路工业设计院'],['思明'],['槟榔'],无,暂无数据,['2023-04-08'],['2019-03-08']
1649,['正规三房，户型方正，楼层好，业主急售'],https://xm.lianjia.com/ershoufang/105108285958.html,['298'],"['25,182元/平']",5人关注 ,3室2厅1厨2卫,['中楼层/共18层'],['南 北'],['平层/毛坯'],['118.34平米'],['2014年建'],['集安广场'],['集美'],['集美其它'],有,两梯五户,['2021-08-07'],['2022-03-17']
1650,['禹洲海岸一期大三房 安静、看海、视野好'],https://xm.lianjia.com/ershoufang/105112820951.html,['428'],"['32,232元/平']",0人关注 ,3室2厅1厨2卫,['高楼层/共41层'],['南'],['平层/精装'],['132.79平米'],['2015年建'],['禹洲中央海岸一期'],['集美'],['杏林桥头'],有,三梯六户,['2023-02-27'],['2015-04-01']
1651,['看湖看白鹭洲 省个税05年电梯高层全明大3房 拎包入住'],https://xm.lianjia.com/ershoufang/105115006770.html,['768'],"['56,529元/平']",0人关注 ,3室2厅1厨1卫,['高楼层/共33层'],['东北'],['平层/精装'],['135.86平米'],['2005年建'],['普利花园大厦'],['思明'],['禾祥西路'],有,两梯四户,['2023-10-09'],['2024-02-22']
1652,['西南朝向大3房，安静小区。简单装修 业主诚售'],https://xm.lianjia.com/ershoufang/105112559311.html,['799'],"['59,353元/平']",0人关注 ,3室2厅1厨2卫,['低楼层/共18层'],['西南'],['平层/简装'],['134.62平米'],['2001年建'],['源昌广场'],['思明'],['火车站'],有,一梯四户,['2023-02-06'],['2007-09-27']
1653,['火车站，繁华商圈，封闭式小区，精装小三房，拎包入住'],https://xm.lianjia.com/ershoufang/105112162082.html,['439'],"['64,531元/平']",0人关注 ,3室2厅1厨1卫,['低楼层/共17层'],['西北'],['平层/精装'],['68.03平米'],['2001年建'],['源昌广场'],['思明'],['火车站'],有,两梯六户,['2022-11-30'],['2019-11-06']
1654,['正规三房，户型方正，楼层好，业主急售'],https://xm.lianjia.com/ershoufang/105108285958.html,['298'],"['25,182元/平']",5人关注 ,3室2厅1厨2卫,['中楼层/共18层'],['南 北'],['平层/毛坯'],['118.34平米'],['2014年建'],['集安广场'],['集美'],['集美其它'],有,两梯五户,['2021-08-07'],['2022-03-17']
1655,['金尚小区框架两房，边套，靠中庭，视野好'],https://xm.lianjia.com/ershoufang/105111423967.html,['363'],"['49,652元/平']",0人关注 ,2室2厅1厨1卫,['高楼层/共7层'],['南 西 北'],['平层/简装'],['73.11平米'],['1998年建'],['金尚小区'],['湖里'],['金尚'],无,暂无数据,['2022-09-04'],['2017-06-08']
1656,['房子满5年  业主诚意出售  精装修采光好'],https://xm.lianjia.com/ershoufang/105114889077.html,['309'],"['35,078元/平']",0人关注 ,2室2厅1厨1卫,['高楼层/共24层'],['南'],['平层/精装'],['88.09平米'],['2012年建'],['泉水湾二期'],['集美'],['集美其它'],有,两梯四户,['2023-09-24'],['2013-05-15']
1657,['此房采光好，户型好，电梯正规四房，业主诚意出售'],https://xm.lianjia.com/ershoufang/105110018457.html,['450'],"['28,545元/平']",2人关注 ,4室2厅1厨2卫,['低楼层/共30层'],['东南'],['平层/简装'],['157.65平米'],['2010年建'],['金海湾'],['集美'],['杏林桥头'],有,两梯四户,['2022-03-10'],['2013-05-29']
1658,['天虹汇腾大厦精装自住   交通便利'],https://xm.lianjia.com/ershoufang/105113895845.html,['668'],"['50,923元/平']",0人关注 ,2室2厅1厨2卫,['高楼层/共25层'],['西北'],['平层/精装'],['131.18平米'],['1997年建'],['汇腾大厦'],['思明'],['松柏'],有,三梯六户,['2023-06-05'],['2016-04-15']
1659,['莲坂商圈 精装两房 交通便利 带大阳台'],https://xm.lianjia.com/ershoufang/105115371092.html,['436'],"['60,759元/平']",0人关注 ,2室1厅1厨1卫,['高楼层/共18层'],['东北'],['平层/精装'],['71.76平米'],['2004年建'],['万禾广场'],['思明'],['莲坂'],有,两梯八户,['2023-11-19'],['2009-03-13']
1660,['集美桥头 海上五月花六期  顶层复式 一线海景'],https://xm.lianjia.com/ershoufang/105112252276.html,['1180'],"['70,761元/平']",0人关注 ,5室2厅1厨3卫,['高楼层/共39层'],['南 北'],['跃层/精装'],['166.76平米'],['2016年建'],['海上五月花六期'],['集美'],['集美其它'],有,两梯四户,['2022-12-11'],['2019-03-18']
1661,['槟榔片区，户型方正 使用面积大'],https://xm.lianjia.com/ershoufang/105113292736.html,['468'],"['70,376元/平']",0人关注 ,4室2厅2厨2卫,['高楼层/共8层'],['南'],['平层/精装'],['66.5平米'],['1994年建'],['湖光路工业设计院'],['思明'],['槟榔'],无,暂无数据,['2023-04-08'],['2019-03-08']
1662,['地铁口 电梯房 配套成熟 交通便利 总价低 户型方正'],https://xm.lianjia.com/ershoufang/105114310063.html,['105'],"['23,676元/平']",0人关注 ,1室0厅1厨1卫,['中楼层/共12层'],['北'],['平层/简装'],['44.35平米'],['2000年建'],['海沧娱乐城'],['海沧'],['海沧生活区'],有,两梯四十户,['2023-07-22'],['2017-09-07']
1663,['金象嘉园 4房2厅3卫双阳 高层 看湖看山 免个税'],https://xm.lianjia.com/ershoufang/105110028242.html,['1039'],"['79,168元/平']",16人关注 ,4室2厅1厨3卫,['高楼层/共29层'],['南 北'],['平层/精装'],['131.24平米'],['2007年建'],['金象嘉园'],['思明'],['禾祥东路'],有,两梯四户,['2022-03-11'],['2007-07-11']
1664,"['电梯小高层前埔BRT封闭式小区 人车分流, 通风采光好']",https://xm.lianjia.com/ershoufang/105112992085.html,['450'],"['58,058元/平']",2人关注 ,2室2厅1厨1卫,['中楼层/共11层'],['南'],['平层/简装'],['77.51平米'],['2004年建'],['华林花园三期'],['思明'],['瑞景'],有,一梯三户,['2023-03-13'],['2005-12-30']
1665,['2009年封闭小区南北通透居家三房带两个露台'],https://xm.lianjia.com/ershoufang/105115262658.html,['1580'],"['129,149元/平']",1人关注 ,3室2厅1厨2卫,['低楼层/共19层'],['南 北'],['平层/精装'],['122.34平米'],['2009年建'],['新华城'],['思明'],['实验小学及周边'],有,两梯四户,['2023-11-06'],['2011-10-09']
1666,['将军祠地铁口 阳台山路  南北2房 适中楼层 外墙贴瓷砖'],https://xm.lianjia.com/ershoufang/105112896736.html,['443'],"['64,409元/平']",0人关注 ,2室1厅1厨1卫,['低楼层/共10层'],['南 北'],['平层/简装'],['68.78平米'],['1996年建'],['阳台山路19-25号'],['思明'],['文园路'],无,暂无数据,['2023-03-05'],['1999-07-07']
1667,['北附好房，南北通透，自住装修，通透'],https://xm.lianjia.com/ershoufang/105115769743.html,['340'],"['25,432元/平']",0人关注 ,3室2厅1厨3卫,['中楼层/共18层'],['南 北'],['平层/精装'],['133.69平米'],['2008年建'],['未来橙堡'],['海沧'],['海沧体育中心'],有,两梯四户,['2024-01-04'],['2009-02-01']
1668,['太湖新城 户型方正 南北 电梯四房'],https://xm.lianjia.com/ershoufang/105112703302.html,['950'],"['62,414元/平']",0人关注 ,4室2厅1厨2卫,['中楼层/共9层'],['西南'],['平层/简装'],['152.21平米'],['1995年建'],['太湖新城'],['思明'],['禾祥西路'],有,一梯三户,['2023-02-17'],['2009-12-31']
1669,['禾祥西 美湖花园 好 楼层东西通 大2房 闹中取静'],https://xm.lianjia.com/ershoufang/105113204162.html,['442'],"['53,674元/平']",0人关注 ,2室1厅1厨1卫,['低楼层/共8层'],['西'],['平层/简装'],['82.35平米'],['1991年建'],['美湖花园'],['思明'],['禾祥西路'],无,暂无数据,['2023-03-31'],['2012-04-10']
1670,['格局方正 位置好  交通便利  家电齐全'],https://xm.lianjia.com/ershoufang/105103085967.html,['66'],"['21,134元/平']",2人关注 ,1室1厅0厨1卫,['中楼层/共11层'],['西'],['平层/精装'],['31.23平米'],['2012年建'],['永建顶尚'],['湖里'],['枋湖'],有,两梯二十八户,['2019-09-25'],['2013-10-16']
1671,['集美万达商圈70年低总价小户 纯首付22万进岛便利'],https://xm.lianjia.com/ershoufang/105108849841.html,['66'],"['21,548元/平']",3人关注 ,1室0厅0厨1卫,['低楼层/共35层'],['北'],['平层/简装'],['30.63平米'],['2011年建'],['禹洲大学城'],['同安'],['集美其它'],有,三梯十户,['2021-09-25'],['2019-01-22']
1672,['古龙明珠上错户型，三房业主诚意出售！'],https://xm.lianjia.com/ershoufang/105102650544.html,['440'],"['45,483元/平']",17人关注 ,4室2厅1厨3卫,['中楼层/共11层'],['西南'],['跃层/简装'],['96.74平米'],['2006年建'],['古龙明珠'],['集美'],['集美文教区'],有,一梯四户,['2019-07-08'],['2009-02-24']
1673,['莲花首岸，双阳台，沿湖位置，采光充足'],https://xm.lianjia.com/ershoufang/105111112035.html,['460'],"['39,793元/平']",3人关注 ,3室2厅1厨2卫,['低楼层/共33层'],['南'],['平层/毛坯'],['115.6平米'],['2019年建'],['莲花首岸'],['集美'],['集美新城'],有,两梯四户,['2022-07-29'],['2019-07-05']
1674,['温莎大3房 南北通透，带大露台。光线好'],https://xm.lianjia.com/ershoufang/105110823253.html,['808'],"['64,398元/平']",11人关注 ,3室2厅1厨2卫,['低楼层/共33层'],['南 北'],['平层/精装'],['125.47平米'],['2015年建'],['温莎公馆'],['湖里'],['金尚'],有,两梯三户,['2022-06-24'],['2020-05-06']
1675,['高层精品小两房，两房两卫，采光充足，视野辽阔'],https://xm.lianjia.com/ershoufang/105109148471.html,['178'],"['33,086元/平']",32人关注 ,2室1厅1厨2卫,['高楼层/共18层'],['南'],['平层/简装'],['53.8平米'],['2009年建'],['京口岩小区'],['海沧'],['未来海岸北师大'],有,两梯八户,['2021-10-30'],['2017-12-20']
1676,['中山路电梯小户型实验幼儿园思北一 双  大同'],https://xm.lianjia.com/ershoufang/105110887137.html,['450'],"['110,349元/平']",0人关注 ,1室1厅1厨1卫,['中楼层/共8层'],['南'],['平层/简装'],['40.78平米'],['2005年建'],['虹霞大厦'],['思明'],['中山路'],有,两梯三十七户,['2022-07-01'],['2007-09-14']
1677,['产权满两年，户型方正，采光好，业主诚意出售'],https://xm.lianjia.com/ershoufang/105111441181.html,['215'],"['42,257元/平']",0人关注 ,1室1厅1厨1卫,['中楼层/共11层'],['南'],['平层/精装'],['50.88平米'],['2008年建'],['未来海岸蓝月湾二期'],['海沧'],['未来海岸北师大'],暂无数据,暂无数据,['2022-09-06'],['2015-05-13']
1678,['精装50万！高层看湖海双景视野无遮挡，带双阳台'],https://xm.lianjia.com/ershoufang/105116359613.html,['439'],"['32,887元/平']",1人关注 ,3室2厅1厨2卫,['高楼层/共33层'],['东'],['平层/精装'],['133.49平米'],['2012年建'],['天湖城'],['海沧'],['海沧区政府'],有,两梯四户,['2024-03-15'],['2013-01-11']
1679,['2013年新小区，特房品质，4房，边套'],https://xm.lianjia.com/ershoufang/105116390153.html,['740'],"['52,227元/平']",0人关注 ,4室2厅1厨2卫,['低楼层/共32层'],['东 南 北'],['平层/精装'],['141.69平米'],['2013年建'],['特房山水尚座'],['湖里'],['万达广场'],有,两梯两户,['2024-03-17'],['2016-03-05']
1680,['高林居住区三里 3室1厅 南'],https://xm.lianjia.com/ershoufang/105116456778.html,['309'],"['43,157元/平']",3人关注 ,3室1厅1厨1卫,['中楼层/共32层'],['南'],['平层/简装'],['71.6平米'],['2009年建'],['高林居住区三里'],['湖里'],['软件园'],有,两梯六户,['2024-03-23'],['2022-11-09']
1681,['朝南边套四房，横厅高层视野海景采光好无遮挡'],https://xm.lianjia.com/ershoufang/105113298088.html,['380'],"['30,126元/平']",3人关注 ,4室2厅1厨2卫,['高楼层/共42层'],['南'],['平层/精装'],['126.14平米'],['2015年建'],['万科金域华府二期'],['集美'],['杏林桥头'],有,三梯五户,['2023-04-08'],['2020-09-28']
1682,['南泉小筑 4室1厅 南'],https://xm.lianjia.com/ershoufang/105116179667.html,['1500'],"['51,077元/平']",0人关注 ,4室1厅1厨3卫,['低楼层/共3层'],['南'],['复式/简装'],['293.68平米'],['未知年建'],['南泉小筑'],['湖里'],['保税区'],无,暂无数据,['2024-02-29'],['2001-05-26']
1683,['北附大两房朝南采光好带电梯环境优美'],https://xm.lianjia.com/ershoufang/105112981439.html,['220'],"['23,789元/平']",0人关注 ,2室2厅1厨1卫,['低楼层/共18层'],['南'],['平层/简装'],['92.48平米'],['2008年建'],['未来橙堡'],['海沧'],['海沧体育中心'],有,两梯四户,['2023-03-12'],['2009-09-16']
1684,['地铁口，温莎公馆旁，全明格局，楼层佳，采光好'],https://xm.lianjia.com/ershoufang/105113812847.html,['390'],"['43,934元/平']",0人关注 ,3室1厅1厨1卫,['中楼层/共7层'],['南 北'],['平层/简装'],['88.77平米'],['1997年建'],['福龙公寓内院'],['湖里'],['金尚'],无,暂无数据,['2023-05-28'],['2008-09-09']
1685,['松岳里2+1房2厅2卫安静，精装婚房， 停车位月租200元'],https://xm.lianjia.com/ershoufang/105113197666.html,['539'],"['63,360元/平']",1人关注 ,3室2厅1厨2卫,['低楼层/共6层'],['南 北'],['平层/精装'],['85.07平米'],['2000年建'],['松岳里二区'],['思明'],['仙岳社区'],无,暂无数据,['2023-03-30'],['2020-11-18']
1686,['此房一梯二户，南北通透，新装修2年，可拧包入住。'],https://xm.lianjia.com/ershoufang/105112924733.html,['470'],"['45,136元/平']",1人关注 ,3室2厅1厨2卫,['高楼层/共7层'],['南 北'],['复式/精装'],['104.13平米'],['1997年建'],['金鸡亭小区西区'],['思明'],['金鸡亭'],无,暂无数据,['2023-03-07'],['2017-03-20']
1687,['小三房  框架结构  01年封闭式小区'],https://xm.lianjia.com/ershoufang/105113666267.html,['460'],"['53,915元/平']",0人关注 ,3室2厅1厨1卫,['中楼层/共7层'],['东 西'],['平层/精装'],['85.32平米'],['2001年建'],['龙福花园'],['思明'],['仙岳社区'],无,暂无数据,['2023-05-13'],['2003-10-10']
1688,['高楼层，东南向，大两房，采光好'],https://xm.lianjia.com/ershoufang/105113529423.html,['258'],"['27,944元/平']",0人关注 ,2室2厅1厨1卫,['高楼层/共18层'],['东 南'],['平层/简装'],['92.33平米'],['2008年建'],['未来橙堡'],['海沧'],['海沧体育中心'],有,两梯四户,['2023-04-30'],['2011-02-14']
1689,['源通中心 1室1厅 北'],https://xm.lianjia.com/ershoufang/105116629059.html,['239'],"['62,747元/平']",0人关注 ,1室1厅1厨1卫,['高楼层/共31层'],['北'],['平层/简装'],['38.09平米'],['2004年建'],['源通中心'],['思明'],['思北'],有,六梯十七户,['2024-04-09'],['2019-04-19']
1690,['洋房.坐北朝南.采光好.全实木.领包入住.'],https://xm.lianjia.com/ershoufang/105114395719.html,['520'],"['55,438元/平']",0人关注 ,4室2厅1厨2卫,['中楼层/共9层'],['东南'],['跃层/精装'],['93.8平米'],['2015年建'],['中交和美新城一期'],['集美'],['集美新城'],有,两梯四户,['2023-08-01'],['2014-06-13']
1691,['满二年，位置安静，交通便利，毛坯大四房'],https://xm.lianjia.com/ershoufang/105113267726.html,['603'],"['42,385元/平']",0人关注 ,3室2厅1厨2卫,['中楼层/共33层'],['东南'],['平层/毛坯'],['142.27平米'],['2019年建'],['莲花首岸'],['集美'],['集美新城'],有,两梯四户,['2023-04-06'],['2019-09-20']
1692,['朝南两房，筼筜湖畔，白鹭洲公园旁'],https://xm.lianjia.com/ershoufang/105111743643.html,['620'],"['59,979元/平']",0人关注 ,2室1厅1厨1卫,['中楼层/共21层'],['南'],['平层/简装'],['103.37平米'],['2001年建'],['大正大厦'],['思明'],['白鹭洲'],有,两梯八户,['2022-10-12'],['2007-01-25']
1693,['江头吕厝双地铁口，精装一房，04年电梯高层，省个 税'],https://xm.lianjia.com/ershoufang/105112974614.html,['178'],"['61,742元/平']",0人关注 ,1室0厅1厨1卫,['低楼层/共29层'],['北'],['平层/精装'],['28.83平米'],['2005年建'],['新景园'],['湖里'],['江头'],有,两梯八户,['2023-03-11'],['2009-09-30']
1694,['滨北 水岸筼筜 高层看湖景 拎包入住 ！有钥匙！'],https://xm.lianjia.com/ershoufang/105113063531.html,['1140'],"['69,632元/平']",0人关注 ,4室2厅1厨2卫,['高楼层/共31层'],['西南'],['错层/精装'],['163.72平米'],['2004年建'],['水岸筼筜'],['思明'],['体育中心'],有,三梯四户,['2023-03-19'],['2008-04-16']
1695,['江浦南里  精装三房 南北通透'],https://xm.lianjia.com/ershoufang/105113167918.html,['398'],"['44,861元/平']",0人关注 ,3室1厅1厨2卫,['高楼层/共7层'],['南 北'],['平层/精装'],['88.72平米'],['未知年建'],['江浦南里'],['湖里'],['江头'],暂无数据,暂无数据,['2023-03-28'],['2016-03-29']
1696,['音乐家生活广场 2室2厅 南 北'],https://xm.lianjia.com/ershoufang/105112502761.html,['558'],"['59,782元/平']",0人关注 ,2室2厅1厨1卫,['中楼层/共31层'],['南 北'],['平层/简装'],['93.34平米'],['2006年建'],['音乐家生活广场'],['思明'],['松柏'],有,三梯十四户,['2023-02-01'],['2007-04-12']
1697,['几年才出一套的刚需小户型，户型方正，采光好。'],https://xm.lianjia.com/ershoufang/105110890448.html,['265'],"['54,505元/平']",37人关注 ,1室1厅1厨1卫,['中楼层/共7层'],['南 北'],['平层/简装'],['48.62平米'],['未知年建'],['仙岳东村'],['思明'],['仙岳社区'],无,暂无数据,['2022-07-02'],['2015-10-13']
1698,['源昌君悦山 精装修 拎包入住 前排 视野无遮挡'],https://xm.lianjia.com/ershoufang/105112467540.html,['697'],"['72,559元/平']",0人关注 ,2室2厅1厨1卫,['中楼层/共26层'],['东南'],['平层/简装'],['96.06平米'],['2015年建'],['源昌君悦山思明'],['思明'],['莲前'],有,两梯三户,['2023-01-28'],['2015-01-02']
1699,['仙岳路地铁口   正规一房  采光好'],https://xm.lianjia.com/ershoufang/105113021405.html,['235'],"['52,095元/平']",0人关注 ,1室1厅1厨1卫,['中楼层/共19层'],['东 北'],['平层/简装'],['45.11平米'],['2006年建'],['永同昌假日国际公寓'],['湖里'],['江头'],有,一梯四户,['2023-03-15'],['2016-03-24']
1700,['国贸汇景 电梯正规大两房出售 明厨明卫'],https://xm.lianjia.com/ershoufang/105112875069.html,['485'],"['49,490元/平']",1人关注 ,2室2厅1厨1卫,['高楼层/共24层'],['西 南'],['平层/简装'],['98平米'],['2003年建'],['国贸汇景'],['思明'],['前埔'],有,两梯七户,['2023-03-03'],['2015-03-04']
1701,['SM旁地铁口鑫新景地大厦小面积单间出售'],https://xm.lianjia.com/ershoufang/105115438889.html,['66'],"['17,461元/平']",3人关注 ,1室0厅0厨1卫,['中楼层/共10层'],['南'],['平层/简装'],['37.8平米'],['2007年建'],['鑫新景地大厦'],['湖里'],['江头'],有,三梯四十一户,['2023-11-26'],['2013-02-16']
1702,['IOI棕榈城 4室2厅 东南'],https://xm.lianjia.com/ershoufang/105114976460.html,['650'],"['49,901元/平']",0人关注 ,4室2厅1厨2卫,['低楼层/共9层'],['东南'],['平层/毛坯'],['130.26平米'],['2017年建'],['IOI棕榈城'],['集美'],['集美新城'],有,两梯两户,['2023-10-06'],['2022-04-18']
1703,['精装大三房两卫采光好通透生活便利'],https://xm.lianjia.com/ershoufang/105115103742.html,['310'],"['23,188元/平']",1人关注 ,3室2厅1厨2卫,['中楼层/共18层'],['北'],['平层/精装'],['133.69平米'],['2008年建'],['未来橙堡'],['海沧'],['海沧体育中心'],有,两梯四户,['2023-10-20'],['2019-04-13']
1704,['镇海大厦 3房 西南北 看海看鼓浪屿  采光好 视野好'],https://xm.lianjia.com/ershoufang/105115211730.html,['999'],"['88,158元/平']",1人关注 ,3室2厅1厨2卫,['中楼层/共29层'],['西南 北'],['平层/精装'],['113.32平米'],['2001年建'],['镇海大厦'],['思明'],['实验小学及周边'],有,三梯九户,['2023-11-01'],['2019-12-27']
1705,['前面没有遮挡  低楼层 总价低，通透户型'],https://xm.lianjia.com/ershoufang/105113795892.html,['99'],"['32,248元/平']",0人关注 ,1室0厅1厨1卫,['中楼层/共5层'],['南'],['平层/简装'],['30.7平米'],['2006年建'],['未来橙堡'],['海沧'],['海沧体育中心'],无,暂无数据,['2023-05-26'],['2021-06-17']
1706,['吕厝双地铁口，电梯全明格局大两房，业主诚意出售'],https://xm.lianjia.com/ershoufang/105114312774.html,['418'],"['52,493元/平']",2人关注 ,2室2厅1厨1卫,['低楼层/共29层'],['南'],['平层/简装'],['79.63平米'],['2005年建'],['新景园'],['湖里'],['江头'],有,两梯八户,['2023-07-22'],['2009-03-18']
1707,['满五、省税、边套、高层视野好。'],https://xm.lianjia.com/ershoufang/105113680730.html,['239'],"['19,636元/平']",0人关注 ,2室2厅1厨1卫,['中楼层/共27层'],['南 北'],['平层/精装'],['121.72平米'],['2014年建'],['首开领翔国际'],['翔安'],['新店'],有,两梯三户,['2023-05-15'],['2018-05-31']
1708,['中海品质小区，户型方正，五开间全朝南，高层视野'],https://xm.lianjia.com/ershoufang/105113163099.html,['538'],"['51,283元/平']",1人关注 ,3室2厅1厨2卫,['高楼层/共33层'],['东南'],['平层/精装'],['104.91平米'],['2021年建'],['中海杏林鹭湾'],['集美'],['集美新城'],暂无数据,暂无数据,['2023-03-27'],['2022-04-12']
1709,['吕厝电梯 双地铁口  楼层无遮挡'],https://xm.lianjia.com/ershoufang/105114694976.html,['505'],"['56,960元/平']",0人关注 ,3室1厅0厨1卫,['中楼层/共17层'],['西南'],['平层/精装'],['88.66平米'],['2000年建'],['中环花园'],['湖里'],['江头'],有,两梯十八户,['2023-09-03'],['1998-11-04']
1710,['SM旁地铁口鑫新景地大厦小面积单间出售'],https://xm.lianjia.com/ershoufang/105115438889.html,['66'],"['17,461元/平']",3人关注 ,1室0厅0厨1卫,['中楼层/共10层'],['南'],['平层/简装'],['37.8平米'],['2007年建'],['鑫新景地大厦'],['湖里'],['江头'],有,三梯四十一户,['2023-11-26'],['2013-02-16']
1711,['湖景房，双面看湖，视野好，四阳台'],https://xm.lianjia.com/ershoufang/105109064932.html,['520'],"['41,084元/平']",10人关注 ,3室1厅1厨2卫,['高楼层/共26层'],['南 北'],['平层/简装'],['126.57平米'],['2014年建'],['水晶湖郡A区'],['集美'],['集美新城'],有,两梯三户,['2021-10-21'],['2017-08-12']
1712,['此房南北通透，采光好，低总价，离校园近'],https://xm.lianjia.com/ershoufang/105110718878.html,['180'],"['50,042元/平']",0人关注 ,1室0厅1厨1卫,['中楼层/共6层'],['南 北'],['平层/简装'],['35.97平米'],['1984年建'],['德信庄园'],['湖里'],['南山路'],无,暂无数据,['2022-06-10'],['1990-06-04']
1713,['房子满5，2017年自住装修，东南朝向'],https://xm.lianjia.com/ershoufang/105110961397.html,['286'],"['37,711元/平']",6人关注 ,2室1厅1厨1卫,['高楼层/共7层'],['东南'],['平层/精装'],['75.84平米'],['1997年建'],['金鸡亭小区西区'],['思明'],['金鸡亭'],无,暂无数据,['2022-07-10'],['2006-10-19']
1714,['莲花新城三期 边套 集美新城 诚毅广场地铁口 价格可谈'],https://xm.lianjia.com/ershoufang/105111696637.html,['307'],"['34,639元/平']",3人关注 ,3室2厅1厨1卫,['低楼层/共29层'],['西南'],['平层/精装'],['88.63平米'],['2017年建'],['莲花新城三期'],['集美'],['集美新城'],有,两梯四户,['2022-10-07'],['2017-12-26']
1715,['海景花园小区 高层视野开阔 安静宜居 稳定出售'],https://xm.lianjia.com/ershoufang/105112797946.html,['410'],"['31,925元/平']",1人关注 ,3室2厅1厨2卫,['中楼层/共41层'],['南'],['平层/毛坯'],['128.43平米'],['2016年建'],['联发杏林湾一号一期'],['集美'],['杏林桥头'],有,两梯四户,['2023-02-25'],['2014-07-11']
1716,['中海品质小区，户型方正，五开间全朝南，高层视野'],https://xm.lianjia.com/ershoufang/105113163099.html,['538'],"['51,283元/平']",1人关注 ,3室2厅1厨2卫,['高楼层/共33层'],['东南'],['平层/精装'],['104.91平米'],['2021年建'],['中海杏林鹭湾'],['集美'],['集美新城'],暂无数据,暂无数据,['2023-03-27'],['2022-04-12']
1717,['满五、省税、边套、高层视野好。'],https://xm.lianjia.com/ershoufang/105113680730.html,['239'],"['19,636元/平']",0人关注 ,2室2厅1厨1卫,['中楼层/共27层'],['南 北'],['平层/精装'],['121.72平米'],['2014年建'],['首开领翔国际'],['翔安'],['新店'],有,两梯三户,['2023-05-15'],['2018-05-31']
1718,['看中庭带装修很好诚意出售  享受行'],https://xm.lianjia.com/ershoufang/105113625685.html,['530'],"['37,999元/平']",0人关注 ,3室2厅1厨2卫,['低楼层/共33层'],['东南'],['平层/精装'],['139.48平米'],['2015年建'],['海投天源'],['海沧'],['海沧体育中心'],有,两梯两户,['2023-05-10'],['2017-01-22']
1719,['嘉禾路乌石浦地铁口电梯房3房  多个露台在隔壁套。'],https://xm.lianjia.com/ershoufang/105115992138.html,['620'],"['38,931元/平']",0人关注 ,3室2厅1厨2卫,['中楼层/共30层'],['东北'],['平层/精装'],['159.26平米'],['1999年建'],['永同昌大厦'],['湖里'],['江头'],有,三梯八户,['2024-01-31'],['2004-09-07']
1720,['新景天湖广场 3室2厅 东 西'],https://xm.lianjia.com/ershoufang/105116113688.html,['399'],"['84,948元/平']",0人关注 ,3室2厅1厨2卫,['低楼层/共12层'],['东 西'],['复式/简装'],['46.97平米'],['2007年建'],['新景天湖广场'],['湖里'],['江头'],有,一梯八户,['2024-02-23'],['2008-03-19']
1721,['地铁口.SM.电梯.高层国泰大厦东南向.阳光充足'],https://xm.lianjia.com/ershoufang/105115548456.html,['800'],"['34,489元/平']",0人关注 ,4室2厅1厨2卫,['高楼层/共31层'],['东南'],['平层/简装'],['231.96平米'],['1997年建'],['国泰大厦'],['湖里'],['江头'],有,三梯六户,['2023-12-07'],['2019-06-27']
1722,['好楼层 平层边套大4房 40平米大客厅及7米大阳台'],https://xm.lianjia.com/ershoufang/105115486866.html,['429'],"['33,884元/平']",1人关注 ,4室2厅1厨2卫,['低楼层/共34层'],['南'],['平层/毛坯'],['126.61平米'],['2016年建'],['龙湖春江郦城一期'],['集美'],['杏北'],有,两梯五户,['2023-12-01'],['2019-09-03']
1723,['精装大三房两卫采光好通透生活便利'],https://xm.lianjia.com/ershoufang/105115103742.html,['310'],"['23,188元/平']",1人关注 ,3室2厅1厨2卫,['中楼层/共18层'],['北'],['平层/精装'],['133.69平米'],['2008年建'],['未来橙堡'],['海沧'],['海沧体育中心'],有,两梯四户,['2023-10-20'],['2019-04-13']
1724,['源昌君悦山 精装修 拎包入住 前排 视野无遮挡'],https://xm.lianjia.com/ershoufang/105112467540.html,['697'],"['72,559元/平']",0人关注 ,2室2厅1厨1卫,['中楼层/共26层'],['东南'],['平层/简装'],['96.06平米'],['2015年建'],['源昌君悦山思明'],['思明'],['莲前'],有,两梯三户,['2023-01-28'],['2015-01-02']
1725,['滨北 水岸筼筜 高层看湖景 拎包入住 ！有钥匙！'],https://xm.lianjia.com/ershoufang/105113063531.html,['1140'],"['69,632元/平']",0人关注 ,4室2厅1厨2卫,['高楼层/共31层'],['西南'],['错层/精装'],['163.72平米'],['2004年建'],['水岸筼筜'],['思明'],['体育中心'],有,三梯四户,['2023-03-19'],['2008-04-16']
1726,['仙岳路地铁口   正规一房  采光好'],https://xm.lianjia.com/ershoufang/105113021405.html,['235'],"['52,095元/平']",0人关注 ,1室1厅1厨1卫,['中楼层/共19层'],['东 北'],['平层/简装'],['45.11平米'],['2006年建'],['永同昌假日国际公寓'],['湖里'],['江头'],有,一梯四户,['2023-03-15'],['2016-03-24']
1727,['产权满二 恒大帝景 精装修边套通透三房 配套成熟'],https://xm.lianjia.com/ershoufang/105109293282.html,['329'],"['27,193元/平']",18人关注 ,3室2厅1厨2卫,['低楼层/共30层'],['东南'],['平层/精装'],['120.99平米'],['2019年建'],['恒大帝景'],['集美'],['集美新城'],有,两梯四户,['2021-11-21'],['2021-11-10']
1728,['音乐家生活广场 2室2厅 南 北'],https://xm.lianjia.com/ershoufang/105112502761.html,['558'],"['59,782元/平']",0人关注 ,2室2厅1厨1卫,['中楼层/共31层'],['南 北'],['平层/简装'],['93.34平米'],['2006年建'],['音乐家生活广场'],['思明'],['松柏'],有,三梯十四户,['2023-02-01'],['2007-04-12']
1729,['几年才出一套的刚需小户型，户型方正，采光好。'],https://xm.lianjia.com/ershoufang/105110890448.html,['265'],"['54,505元/平']",37人关注 ,1室1厅1厨1卫,['中楼层/共7层'],['南 北'],['平层/简装'],['48.62平米'],['未知年建'],['仙岳东村'],['思明'],['仙岳社区'],无,暂无数据,['2022-07-02'],['2015-10-13']
1730,['江浦南里  精装三房 南北通透'],https://xm.lianjia.com/ershoufang/105113167918.html,['398'],"['44,861元/平']",0人关注 ,3室1厅1厨2卫,['高楼层/共7层'],['南 北'],['平层/精装'],['88.72平米'],['未知年建'],['江浦南里'],['湖里'],['江头'],暂无数据,暂无数据,['2023-03-28'],['2016-03-29']
1731,['联发杏林湾一号三期 3室2厅 南 东 北'],https://xm.lianjia.com/ershoufang/105115957241.html,['378'],"['31,279元/平']",0人关注 ,3室2厅1厨2卫,['低楼层/共47层'],['南 东 北'],['平层/精装'],['120.85平米'],['2015年建'],['联发杏林湾一号三期'],['集美'],['杏林桥头'],有,三梯六户,['2024-01-26'],['2016-09-06']
1732,['业主置换，产权满五，看房子方便。'],https://xm.lianjia.com/ershoufang/105113884295.html,['220'],"['21,360元/平']",0人关注 ,2室1厅1厨1卫,['中楼层/共11层'],['西'],['平层/精装'],['103平米'],['2006年建'],['杏花苑'],['集美'],['杏南'],有,两梯四户,['2023-06-04'],['2007-02-02']
1733,['江浦北里 3室1厅 南 北'],https://xm.lianjia.com/ershoufang/105115242034.html,['358'],"['40,379元/平']",1人关注 ,3室1厅1厨2卫,['高楼层/共7层'],['南 北'],['平层/简装'],['88.66平米'],['1999年建'],['江浦北里'],['湖里'],['江头'],无,暂无数据,['2023-11-04'],['2018-11-23']
1734,['前排带露台三房、全明户型南北通透双大阳台'],https://xm.lianjia.com/ershoufang/105114392242.html,['956'],"['69,976元/平']",0人关注 ,3室2厅1厨2卫,['低楼层/共38层'],['南 北'],['平层/简装'],['136.62平米'],['2015年建'],['源昌君悦山思明'],['思明'],['莲前'],有,两梯三户,['2023-08-01'],['2021-12-27']
1735,['产权满二 洋房设计一梯两户前后无遮挡比邻天虹双十'],https://xm.lianjia.com/ershoufang/105115192039.html,['420'],"['47,641元/平']",1人关注 ,4室2厅1厨1卫,['低楼层/共11层'],['东南'],['平层/精装'],['88.16平米'],['2011年建'],['绿苑新城二组团'],['海沧'],['滨海社区'],有,一梯两户,['2023-10-30'],['2019-08-16']
1736,['五缘湾公园小区复式大三房  阳台有改动'],https://xm.lianjia.com/ershoufang/105107810835.html,['1133'],"['79,027元/平']",40人关注 ,3室2厅1厨2卫,['中楼层/共26层'],['南'],['跃层/精装'],['143.37平米'],['2016年建'],['建发央玺'],['湖里'],['五缘湾'],有,两梯两户,['2021-07-02'],['2019-01-04']
1737,['禹洲品质，电梯三房，安静，全明，大阳台'],https://xm.lianjia.com/ershoufang/105109788078.html,['521'],"['46,547元/平']",11人关注 ,3室1厅1厨2卫,['中楼层/共17层'],['东北'],['平层/简装'],['111.93平米'],['2005年建'],['禹洲棕榈城二期'],['湖里'],['东渡'],有,两梯六户,['2022-02-14'],['2016-11-14']
1738,['融信海上城 精装修3 朝南向 大坪山下'],https://xm.lianjia.com/ershoufang/105111630471.html,['118'],"['19,203元/平']",1人关注 ,3室2厅1厨2卫,['低楼层/共24层'],['南'],['跃层/精装'],['61.45平米'],['2016年建'],['融信海上城'],['海沧'],['滨海社区'],有,六梯二十二户,['2022-09-27'],['2019-08-26']
1739,['杏林湾一号，业主诚意卖，采光很好，省税费'],https://xm.lianjia.com/ershoufang/105111537843.html,['477'],"['33,907元/平']",0人关注 ,3室2厅1厨2卫,['低楼层/共33层'],['东南'],['平层/精装'],['140.68平米'],['2016年建'],['联发杏林湾一号二期'],['集美'],['杏林桥头'],有,三梯五户,['2022-09-17'],['2015-04-14']
1740,['满五、全明户型、阳光充足、南北通透、拎包入住。'],https://xm.lianjia.com/ershoufang/105110848848.html,['486'],"['62,212元/平']",3人关注 ,2室2厅1厨1卫,['高楼层/共6层'],['南 北'],['平层/精装'],['78.12平米'],['未知年建'],['曾厝垵西里'],['思明'],['曾厝垵'],暂无数据,暂无数据,['2022-06-27'],['2016-04-18']
1741,['首排无遮挡 花园小区环境 视野好，楼层位置'],https://xm.lianjia.com/ershoufang/105110933288.html,['733'],"['76,474元/平']",2人关注 ,2室1厅1厨1卫,['中楼层/共32层'],['南'],['平层/精装'],['95.85平米'],['2015年建'],['源昌君悦山思明'],['思明'],['莲前'],有,两梯三户,['2022-07-07'],['2019-04-08']
1742,['万达成熟商圈，交通便利，小区位置繁华'],https://xm.lianjia.com/ershoufang/105110512399.html,['170'],"['26,563元/平']",5人关注 ,3室2厅1厨2卫,['高楼层/共33层'],['南'],['复式/精装'],['64平米'],['2016年建'],['万科中心云玺'],['湖里'],['万达广场'],有,六梯二十六户,['2022-05-13'],['2019-05-21']
1743,['此房满五唯采光通风好楼层好小区生活配套设施齐全。'],https://xm.lianjia.com/ershoufang/105111948451.html,['558'],"['56,564元/平']",1人关注 ,3室2厅1厨1卫,['中楼层/共5层'],['南 北'],['平层/精装'],['98.65平米'],['未知年建'],['曾厝垵西里'],['思明'],['曾厝垵'],暂无数据,暂无数据,['2022-11-04'],['2012-11-15']
1744,['一号线地铁乌石浦站 带电梯三房有入户花园'],https://xm.lianjia.com/ershoufang/105107236334.html,['548'],"['52,306元/平']",15人关注 ,3室1厅1厨1卫,['中楼层/共19层'],['南 北'],['平层/简装'],['104.77平米'],['2005年建'],['永同昌假日国际公寓'],['湖里'],['江头'],有,一梯五户,['2021-05-06'],['2021-05-09']
1745,['台湾街，吕厝地铁口，厅带阳台 看房方便'],https://xm.lianjia.com/ershoufang/105107928313.html,['495'],"['46,064元/平']",14人关注 ,3室1厅1厨1卫,['低楼层/共22层'],['东'],['平层/简装'],['107.46平米'],['2003年建'],['科瑞大厦'],['湖里'],['江头'],有,两梯七户,['2021-07-11'],['2019-10-17']
1746,['自住装修  格局好 出行方便 户型方正'],https://xm.lianjia.com/ershoufang/105111733817.html,['229'],"['29,195元/平']",1人关注 ,2室1厅1厨1卫,['高楼层/共7层'],['东'],['平层/精装'],['78.44平米'],['2003年建'],['银都花园'],['海沧'],['海沧生活区'],无,暂无数据,['2022-10-11'],['2006-12-30']
1747,['都市港湾，高层，看景观，双阳台，低公摊，南北向'],https://xm.lianjia.com/ershoufang/105112980995.html,['930'],"['55,141元/平']",0人关注 ,4室2厅1厨2卫,['高楼层/共32层'],['南'],['错层/精装'],['168.66平米'],['2010年建'],['都市港湾'],['湖里'],['东渡'],有,三梯五户,['2023-03-12'],['2011-09-07']
1748,['，位于吕岭路和江头东路交界处有报业大厦站'],https://xm.lianjia.com/ershoufang/105112221865.html,['320'],"['48,648元/平']",3人关注 ,3室1厅1厨1卫,['高楼层/共7层'],['东南'],['平层/精装'],['65.78平米'],['1990年建'],['吕岭路'],['湖里'],['金尚'],暂无数据,暂无数据,['2022-12-07'],['2020-12-15']
1749,['房子方正  装修保养干净  有商量加装电梯'],https://xm.lianjia.com/ershoufang/105110771546.html,['415'],"['44,643元/平']",0人关注 ,2室2厅1厨1卫,['中楼层/共7层'],['南'],['平层/精装'],['92.96平米'],['1999年建'],['芙蓉苑二期'],['湖里'],['湖里大道'],无,暂无数据,['2022-06-17'],['2006-06-09']
1750,['江头台湾街，南北通透大平层，价优急售。'],https://xm.lianjia.com/ershoufang/105115167990.html,['720'],"['45,255元/平']",0人关注 ,4室2厅1厨2卫,['高楼层/共16层'],['东南 北'],['平层/简装'],['159.1平米'],['2002年建'],['桃源大厦'],['湖里'],['江头'],有,一梯三户,['2023-10-27'],['2020-01-16']
1751,['六中前门  小城故事  一梯两户全明三房'],https://xm.lianjia.com/ershoufang/105112979960.html,['650'],"['54,199元/平']",0人关注 ,3室2厅1厨2卫,['中楼层/共7层'],['南 北'],['精装'],['119.93平米'],['2003年建'],['小城故事禹洲新城一期'],['湖里'],['东渡'],无,暂无数据,['2023-03-12'],['2003-06-23']
1752,['业主自住精装修，交通便利配套齐全'],https://xm.lianjia.com/ershoufang/105113367867.html,['229'],"['23,790元/平']",0人关注 ,2室1厅1厨2卫,['高楼层/共7层'],['东南'],['平层/精装'],['96.26平米'],['2000年建'],['大金门花园'],['海沧'],['海沧生活区'],无,暂无数据,['2023-04-15'],['2013-01-15']
1753,['万科金域蓝湾，边套，南北通透，双主卧，户型方正'],https://xm.lianjia.com/ershoufang/105113325715.html,['1210'],"['64,362元/平']",1人关注 ,4室2厅1厨3卫,['低楼层/共28层'],['南 西 北'],['平层/精装'],['188平米'],['2008年建'],['万科金域蓝湾一期'],['思明'],['瑞景'],有,两梯两户,['2023-04-11'],['2011-01-12']
1754,['万科金域蓝湾一期 自住装修 保养好 南北通透'],https://xm.lianjia.com/ershoufang/105113028780.html,['1200'],"['74,038元/平']",0人关注 ,4室2厅1厨2卫,['低楼层/共28层'],['南 北'],['平层/精装'],['162.08平米'],['2008年建'],['万科金域蓝湾一期'],['思明'],['瑞景'],有,两梯两户,['2023-03-16'],['2019-03-23']
1755,['万科金域蓝湾 高层精装修四房 南北通透'],https://xm.lianjia.com/ershoufang/105113923325.html,['1350'],"['70,127元/平']",1人关注 ,4室2厅1厨3卫,['高楼层/共28层'],['南 北'],['平层/精装'],['192.51平米'],['2008年建'],['万科金域蓝湾一期'],['思明'],['瑞景'],有,两梯两户,['2023-06-08'],['2016-06-11']
1756,['高层看海看中庭安静不靠路精装两房'],https://xm.lianjia.com/ershoufang/105113556979.html,['938'],"['96,493元/平']",0人关注 ,2室2厅1厨1卫,['高楼层/共29层'],['南'],['精装'],['97.21平米'],['2012年建'],['联发滨海名居'],['思明'],['会展中心'],有,两梯四户,['2023-05-04'],['2016-07-02']
1757,['地铁口正规大三房 户型好楼层高'],https://xm.lianjia.com/ershoufang/105107681496.html,['1000'],"['75,393元/平']",1人关注 ,3室2厅1厨2卫,['中楼层/共28层'],['南'],['平层/精装'],['132.64平米'],['2008年建'],['万科金域蓝湾一期'],['思明'],['瑞景'],有,两梯三户,['2021-06-20'],['2016-09-02']
1758,['高林居住区一里 3室1厅 南 北'],https://xm.lianjia.com/ershoufang/105114746031.html,['310'],"['44,369元/平']",2人关注 ,3室1厅1厨1卫,['低楼层/共18层'],['南 北'],['平层/简装'],['69.87平米'],['2009年建'],['高林居住区一里'],['湖里'],['万达广场'],有,一梯四户,['2023-09-08'],['2017-08-09']
1759,['东方新城二期 2室1厅 南'],https://xm.lianjia.com/ershoufang/105116344932.html,['120'],"['19,268元/平']",1人关注 ,2室1厅1厨1卫,['低楼层/共18层'],['南'],['平层/精装'],['62.28平米'],['2017年建'],['东方新城二期'],['翔安'],['新店'],暂无数据,暂无数据,['2024-03-13'],['2021-05-07']
1760,['东方新城大两房 南北朝向 满五'],https://xm.lianjia.com/ershoufang/105115329534.html,['140'],"['18,843元/平']",0人关注 ,2室2厅1厨1卫,['高楼层/共6层'],['南 北'],['平层/精装'],['74.3平米'],['2010年建'],['东方新城三区'],['翔安'],['新店'],无,暂无数据,['2023-11-14'],['2018-07-02']
1761,['6号楼唯二在售边套，带25平露台，价格可谈'],https://xm.lianjia.com/ershoufang/105112706389.html,['478'],"['37,883元/平']",1人关注 ,5室2厅1厨2卫,['低楼层/共34层'],['东南'],['复式/毛坯'],['126.18平米'],['2017年建'],['龙湖春江郦城一期'],['集美'],['杏北'],有,两梯六户,['2023-02-18'],['2018-02-11']
1762,['房子满两年 看房方便 朝南户型方正 价格可谈'],https://xm.lianjia.com/ershoufang/105113382919.html,['95.6'],"['31,867元/平']",0人关注 ,1室1厅1厨1卫,['高楼层/共6层'],['南 北'],['平层/简装'],['30平米'],['2005年建'],['未来橙堡'],['海沧'],['海沧体育中心'],无,暂无数据,['2023-04-16'],['2020-04-23']
1763,['江头公园旁 环境优美 交通便利 电梯四房 厅带大阳台'],https://xm.lianjia.com/ershoufang/105115130321.html,['678'],"['50,837元/平']",0人关注 ,4室2厅1厨2卫,['低楼层/共23层'],['东 南 西'],['平层/精装'],['133.37平米'],['2005年建'],['东方威尼斯'],['湖里'],['江头'],有,两梯六户,['2023-10-23'],['2013-10-28']
1764,['中山公寓边上精装两房，拎包入住，房东诚意出售'],https://xm.lianjia.com/ershoufang/105116147962.html,['450'],"['90,163元/平']",0人关注 ,2室1厅1厨1卫,['高楼层/共6层'],['南 北'],['平层/精装'],['49.91平米'],['1977年建'],['深田路'],['思明'],['实验小学及周边'],无,暂无数据,['2024-02-26'],['2021-02-19']
1765,['源昌鑫海湾 双阳台 中庭位置看海 业主诚意卖'],https://xm.lianjia.com/ershoufang/105112127642.html,['1266'],"['101,305元/平']",0人关注 ,4室2厅1厨3卫,['中楼层/共17层'],['南'],['复式/精装'],['124.97平米'],['2010年建'],['源昌鑫海湾'],['湖里'],['五缘湾'],有,两梯三户,['2022-11-25'],['2012-03-31']
1766,['高层西南朝向，看山看海，户型方正格局佳'],https://xm.lianjia.com/ershoufang/105114008911.html,['1390'],"['98,352元/平']",0人关注 ,3室2厅1厨2卫,['高楼层/共33层'],['西南'],['平层/精装'],['141.33平米'],['1996年建'],['天鹭大厦'],['思明'],['实验小学及周边'],有,三梯八户,['2023-06-17'],['2020-04-06']
1767,['江头电梯正规两房带小区近商场近地铁口'],https://xm.lianjia.com/ershoufang/105115502207.html,['296'],"['54,273元/平']",0人关注 ,2室1厅1厨1卫,['中楼层/共16层'],['北'],['平层/精装'],['54.54平米'],['2002年建'],['桃源大厦'],['湖里'],['江头'],有,一梯三户,['2023-12-03'],['2021-02-22']
1768,['大润发 五一广场 悦享旁  正规1房1厅1厨1卫1阳台。'],https://xm.lianjia.com/ershoufang/105111676849.html,['249.9'],"['53,685元/平']",1人关注 ,1室1厅1厨1卫,['中楼层/共7层'],['南 北'],['平层/简装'],['46.55平米'],['1996年建'],['仙岳东村'],['思明'],['仙岳社区'],无,暂无数据,['2022-10-04'],['2020-11-19']
1769,['小区门口就是公园，07年电梯，复式楼中楼，实用面积多'],https://xm.lianjia.com/ershoufang/105111136301.html,['415'],"['87,295元/平']",6人关注 ,2室2厅1厨2卫,['高楼层/共12层'],['东 西'],['复式/精装'],['47.54平米'],['2007年建'],['新景天湖广场'],['湖里'],['江头'],有,一梯八户,['2022-08-02'],['2017-04-28']
1770,['2006年小区 一梯两户 电梯高层楼中楼'],https://xm.lianjia.com/ershoufang/105114579405.html,['1250'],"['57,719元/平']",1人关注 ,4室1厅1厨3卫,['高楼层/共6层'],['南'],['复式/简装'],['216.57平米'],['2005年建'],['艺术中心综合楼'],['思明'],['仙岳社区'],有,两梯两户,['2023-08-21'],['2022-01-28']
1771,['江头电梯正规两房带小区近商场近地铁口'],https://xm.lianjia.com/ershoufang/105115502207.html,['296'],"['54,273元/平']",0人关注 ,2室1厅1厨1卫,['中楼层/共16层'],['北'],['平层/精装'],['54.54平米'],['2002年建'],['桃源大厦'],['湖里'],['江头'],有,一梯三户,['2023-12-03'],['2021-02-22']
1772,['满五、全明户型、阳光充足、南北通透、拎包入住。'],https://xm.lianjia.com/ershoufang/105110848848.html,['486'],"['62,212元/平']",3人关注 ,2室2厅1厨1卫,['高楼层/共6层'],['南 北'],['平层/精装'],['78.12平米'],['未知年建'],['曾厝垵西里'],['思明'],['曾厝垵'],暂无数据,暂无数据,['2022-06-27'],['2016-04-18']
1773,['首排无遮挡 花园小区环境 视野好，楼层位置'],https://xm.lianjia.com/ershoufang/105110933288.html,['733'],"['76,474元/平']",2人关注 ,2室1厅1厨1卫,['中楼层/共32层'],['南'],['平层/精装'],['95.85平米'],['2015年建'],['源昌君悦山思明'],['思明'],['莲前'],有,两梯三户,['2022-07-07'],['2019-04-08']
1774,['万达成熟商圈，交通便利，小区位置繁华'],https://xm.lianjia.com/ershoufang/105110512399.html,['170'],"['26,563元/平']",5人关注 ,3室2厅1厨2卫,['高楼层/共33层'],['南'],['复式/精装'],['64平米'],['2016年建'],['万科中心云玺'],['湖里'],['万达广场'],有,六梯二十六户,['2022-05-13'],['2019-05-21']
1775,['此房满五唯采光通风好楼层好小区生活配套设施齐全。'],https://xm.lianjia.com/ershoufang/105111948451.html,['558'],"['56,564元/平']",1人关注 ,3室2厅1厨1卫,['中楼层/共5层'],['南 北'],['平层/精装'],['98.65平米'],['未知年建'],['曾厝垵西里'],['思明'],['曾厝垵'],暂无数据,暂无数据,['2022-11-04'],['2012-11-15']
1776,['房子满两年 看房方便 朝南户型方正 价格可谈'],https://xm.lianjia.com/ershoufang/105113382919.html,['95.6'],"['31,867元/平']",0人关注 ,1室1厅1厨1卫,['高楼层/共6层'],['南 北'],['平层/简装'],['30平米'],['2005年建'],['未来橙堡'],['海沧'],['海沧体育中心'],无,暂无数据,['2023-04-16'],['2020-04-23']
1777,['源昌鑫海湾 双阳台 中庭位置看海 业主诚意卖'],https://xm.lianjia.com/ershoufang/105112127642.html,['1266'],"['101,305元/平']",0人关注 ,4室2厅1厨3卫,['中楼层/共17层'],['南'],['复式/精装'],['124.97平米'],['2010年建'],['源昌鑫海湾'],['湖里'],['五缘湾'],有,两梯三户,['2022-11-25'],['2012-03-31']
1778,['小区门口就是公园，07年电梯，复式楼中楼，实用面积多'],https://xm.lianjia.com/ershoufang/105111136301.html,['415'],"['87,295元/平']",6人关注 ,2室2厅1厨2卫,['高楼层/共12层'],['东 西'],['复式/精装'],['47.54平米'],['2007年建'],['新景天湖广场'],['湖里'],['江头'],有,一梯八户,['2022-08-02'],['2017-04-28']
1779,['南北通透、釆光好、居住环境佳、交通便利、'],https://xm.lianjia.com/ershoufang/105111636015.html,['380'],"['40,944元/平']",0人关注 ,3室2厅1厨1卫,['中楼层/共8层'],['南 北'],['平层/精装'],['92.81平米'],['未知年建'],['气象局宿舍'],['湖里'],['东渡'],无,暂无数据,['2022-09-28'],['2022-09-28']
1780,['地铁口，文园路建成年份Z新的楼盘，小区人车分流'],https://xm.lianjia.com/ershoufang/105112897332.html,['865'],"['109,842元/平']",0人关注 ,3室1厅1厨1卫,['中楼层/共17层'],['东 南 北'],['平层/精装'],['78.75平米'],['2010年建'],['文园新村'],['思明'],['文园路'],有,两梯三户,['2023-03-05'],['2021-03-24']
1781,['大润发 五一广场 悦享旁  正规1房1厅1厨1卫1阳台。'],https://xm.lianjia.com/ershoufang/105111676849.html,['249.9'],"['53,685元/平']",1人关注 ,1室1厅1厨1卫,['中楼层/共7层'],['南 北'],['平层/简装'],['46.55平米'],['1996年建'],['仙岳东村'],['思明'],['仙岳社区'],无,暂无数据,['2022-10-04'],['2020-11-19']
1782,['全明通透，户型佳，电梯房2005年，有装修 5-4年级'],https://xm.lianjia.com/ershoufang/105116031789.html,['671'],"['49,796元/平']",0人关注 ,3室2厅1厨2卫,['中楼层/共17层'],['南 北'],['平层/精装'],['134.75平米'],['2004年建'],['山木清华'],['思明'],['莲前'],有,两梯四户,['2024-02-17'],['2005-07-11']
1783,['近地铁口，精装修，可拎包入住，中楼层，视野开阔'],https://xm.lianjia.com/ershoufang/105113297611.html,['460'],"['36,848元/平']",4人关注 ,3室2厅1厨2卫,['中楼层/共30层'],['东南'],['平层/精装'],['124.84平米'],['2005年建'],['天心岛'],['海沧'],['滨海社区'],有,两梯四户,['2023-04-08'],['2011-09-13']
1784,['产权满二 洋房设计一梯两户前后无遮挡比邻天虹双十'],https://xm.lianjia.com/ershoufang/105115192039.html,['420'],"['47,641元/平']",1人关注 ,4室2厅1厨1卫,['低楼层/共11层'],['东南'],['平层/精装'],['88.16平米'],['2011年建'],['绿苑新城二组团'],['海沧'],['滨海社区'],有,一梯两户,['2023-10-30'],['2019-08-16']
1785,['金海湾安静楼栋 中间楼层两室两卫'],https://xm.lianjia.com/ershoufang/105113730802.html,['285'],"['29,843元/平']",0人关注 ,2室1厅1厨2卫,['中楼层/共24层'],['南 北'],['平层/精装'],['95.5平米'],['2010年建'],['金海湾'],['集美'],['杏林桥头'],有,两梯五户,['2023-05-19'],['2012-03-26']
1786,['房子方正  装修保养干净  有商量加装电梯'],https://xm.lianjia.com/ershoufang/105110771546.html,['415'],"['44,643元/平']",0人关注 ,2室2厅1厨1卫,['中楼层/共7层'],['南'],['平层/精装'],['92.96平米'],['1999年建'],['芙蓉苑二期'],['湖里'],['湖里大道'],无,暂无数据,['2022-06-17'],['2006-06-09']
1787,['自住装修  格局好 出行方便 户型方正'],https://xm.lianjia.com/ershoufang/105111733817.html,['229'],"['29,195元/平']",1人关注 ,2室1厅1厨1卫,['高楼层/共7层'],['东'],['平层/精装'],['78.44平米'],['2003年建'],['银都花园'],['海沧'],['海沧生活区'],无,暂无数据,['2022-10-11'],['2006-12-30']
1788,['，位于吕岭路和江头东路交界处有报业大厦站'],https://xm.lianjia.com/ershoufang/105112221865.html,['320'],"['48,648元/平']",3人关注 ,3室1厅1厨1卫,['高楼层/共7层'],['东南'],['平层/精装'],['65.78平米'],['1990年建'],['吕岭路'],['湖里'],['金尚'],暂无数据,暂无数据,['2022-12-07'],['2020-12-15']
1789,['都市港湾，高层，看景观，双阳台，低公摊，南北向'],https://xm.lianjia.com/ershoufang/105112980995.html,['930'],"['55,141元/平']",0人关注 ,4室2厅1厨2卫,['高楼层/共32层'],['南'],['错层/精装'],['168.66平米'],['2010年建'],['都市港湾'],['湖里'],['东渡'],有,三梯五户,['2023-03-12'],['2011-09-07']
1790,['六中前门  小城故事  一梯两户全明三房'],https://xm.lianjia.com/ershoufang/105112979960.html,['650'],"['54,199元/平']",0人关注 ,3室2厅1厨2卫,['中楼层/共7层'],['南 北'],['精装'],['119.93平米'],['2003年建'],['小城故事禹洲新城一期'],['湖里'],['东渡'],无,暂无数据,['2023-03-12'],['2003-06-23']
1791,['万科金域蓝湾，边套，南北通透，双主卧，户型方正'],https://xm.lianjia.com/ershoufang/105113325715.html,['1210'],"['64,362元/平']",1人关注 ,4室2厅1厨3卫,['低楼层/共28层'],['南 西 北'],['平层/精装'],['188平米'],['2008年建'],['万科金域蓝湾一期'],['思明'],['瑞景'],有,两梯两户,['2023-04-11'],['2011-01-12']
1792,['万科金域蓝湾 高层精装修四房 南北通透'],https://xm.lianjia.com/ershoufang/105113923325.html,['1350'],"['70,127元/平']",1人关注 ,4室2厅1厨3卫,['高楼层/共28层'],['南 北'],['平层/精装'],['192.51平米'],['2008年建'],['万科金域蓝湾一期'],['思明'],['瑞景'],有,两梯两户,['2023-06-08'],['2016-06-11']
1793,['万科金域蓝湾一期 自住装修 保养好 南北通透'],https://xm.lianjia.com/ershoufang/105113028780.html,['1200'],"['74,038元/平']",0人关注 ,4室2厅1厨2卫,['低楼层/共28层'],['南 北'],['平层/精装'],['162.08平米'],['2008年建'],['万科金域蓝湾一期'],['思明'],['瑞景'],有,两梯两户,['2023-03-16'],['2019-03-23']
1794,['保利品质，自住型精装修，保养好，三开间朝南。'],https://xm.lianjia.com/ershoufang/105106287792.html,['235'],"['29,266元/平']",21人关注 ,2室1厅1厨1卫,['低楼层/共33层'],['南'],['平层/精装'],['80.3平米'],['2013年建'],['海上五月花一期'],['集美'],['集美其它'],有,两梯四户,['2021-01-18'],['2019-03-13']
1795,['业主自住精装修，交通便利配套齐全'],https://xm.lianjia.com/ershoufang/105113367867.html,['229'],"['23,790元/平']",0人关注 ,2室1厅1厨2卫,['高楼层/共7层'],['东南'],['平层/精装'],['96.26平米'],['2000年建'],['大金门花园'],['海沧'],['海沧生活区'],无,暂无数据,['2023-04-15'],['2013-01-15']
1796,['精装2房朝南，契税满二，位置安静，上学近，总价低'],https://xm.lianjia.com/ershoufang/105112798417.html,['450'],"['56,103元/平']",0人关注 ,2室2厅1厨1卫,['低楼层/共27层'],['南'],['平层/精装'],['80.21平米'],['2020年建'],['建发央著二期'],['集美'],['集美新城'],有,两梯四户,['2023-02-25'],['2021-03-17']
1797,['禹洲大学城大三房，业主自住装修，诚意出售'],https://xm.lianjia.com/ershoufang/105108535730.html,['210'],"['21,230元/平']",19人关注 ,3室2厅1厨2卫,['中楼层/共35层'],['东北'],['平层/精装'],['98.92平米'],['2012年建'],['禹洲大学城'],['同安'],['集美其它'],有,三梯八户,['2021-08-26'],['2021-10-19']
1798,['文园路，将军祠文灶双地铁口，精装2房，低总价诚售！'],https://xm.lianjia.com/ershoufang/105115203483.html,['350'],"['76,187元/平']",0人关注 ,2室1厅1厨1卫,['高楼层/共7层'],['南 北'],['平层/精装'],['45.94平米'],['1984年建'],['塔厝社'],['思明'],['文园路'],无,暂无数据,['2023-10-31'],['2020-02-27']
1799,['万寿路，安静小区，精装4房2厅2卫，东西南北四面采光'],https://xm.lianjia.com/ershoufang/105115199493.html,['828'],"['73,574元/平']",0人关注 ,4室2厅1厨2卫,['高楼层/共7层'],['南 北'],['平层/精装'],['112.54平米'],['1998年建'],['文园公寓一期'],['思明'],['文园路'],无,暂无数据,['2023-10-31'],['2021-06-11']
1800,['外表新，带菜地，业主空户诚意出售'],https://xm.lianjia.com/ershoufang/105113199154.html,['558'],"['77,468元/平']",0人关注 ,2室1厅1厨1卫,['中楼层/共4层'],['南'],['平层/简装'],['72.03平米'],['未知年建'],['阳台山路'],['思明'],['文园路'],无,暂无数据,['2023-03-30'],['2021-03-05']
1801,['露台金秋花园南北朝向，业主诚意出售'],https://xm.lianjia.com/ershoufang/105113652333.html,['468'],"['61,177元/平']",0人关注 ,2室2厅1厨1卫,['低楼层/共6层'],['南 北'],['平层/简装'],['76.5平米'],['2000年建'],['金秋花园'],['湖里'],['金尚'],无,暂无数据,['2023-05-12'],['2018-05-09']
1802,['金尚2号线地铁口，电梯高层三房，两梯两户。'],https://xm.lianjia.com/ershoufang/105110452280.html,['730'],"['54,296元/平']",1人关注 ,3室1厅1厨2卫,['中楼层/共23层'],['南 北'],['平层/精装'],['134.45平米'],['2014年建'],['金尚首府'],['湖里'],['金尚'],有,两梯两户,['2022-05-05'],['2016-03-15']
1803,['金秋花园，框架结构，南北厅带阳台，中间楼层'],https://xm.lianjia.com/ershoufang/105113631313.html,['443'],"['55,815元/平']",0人关注 ,2室2厅1厨1卫,['中楼层/共6层'],['南 北'],['平层/精装'],['79.37平米'],['2000年建'],['金秋花园'],['湖里'],['金尚'],无,暂无数据,['2023-05-10'],['2012-11-27']
1804,['金尚公园旁金秋花园，中楼层，南北朝向，业主诚意出售'],https://xm.lianjia.com/ershoufang/105110247486.html,['518'],"['52,852元/平']",2人关注 ,3室1厅1厨2卫,['中楼层/共6层'],['南 北'],['平层/简装'],['98.01平米'],['2002年建'],['金秋花园'],['湖里'],['金尚'],无,暂无数据,['2022-04-10'],['2008-12-16']
1805,['电梯精装大四房，南北朝向，业主诚意出售'],https://xm.lianjia.com/ershoufang/105113234027.html,['628'],"['46,035元/平']",1人关注 ,4室1厅1厨2卫,['中楼层/共7层'],['南 北'],['平层/精装'],['136.42平米'],['1998年建'],['玉鹭苑'],['湖里'],['金尚'],有,一梯四户,['2023-04-02'],['2017-04-14']
1806,['翔安隧道口 边套大三房 南北通透  直接拎包入住'],https://xm.lianjia.com/ershoufang/105111684643.html,['315'],"['25,581元/平']",0人关注 ,3室2厅1厨2卫,['高楼层/共31层'],['南 北'],['平层/精装'],['123.14平米'],['2015年建'],['阳光城翡丽湾二期'],['翔安'],['翔安新城'],有,两梯四户,['2022-10-05'],['2019-01-16']
1807,['地铁后埔站、正规三房、南北朝向、看房方便'],https://xm.lianjia.com/ershoufang/105107544717.html,['596'],"['46,006元/平']",1人关注 ,3室2厅1厨2卫,['高楼层/共7层'],['南'],['平层/简装'],['129.55平米'],['1999年建'],['中福城'],['湖里'],['金尚'],无,暂无数据,['2021-06-06'],['2002-01-16']
1808,['业主自住精装修，交通便利配套齐全'],https://xm.lianjia.com/ershoufang/105113367867.html,['229'],"['23,790元/平']",0人关注 ,2室1厅1厨2卫,['高楼层/共7层'],['东南'],['平层/精装'],['96.26平米'],['2000年建'],['大金门花园'],['海沧'],['海沧生活区'],无,暂无数据,['2023-04-15'],['2013-01-15']
1809,['华林品质 拎包入住 电梯房  业主诚意出售 满五年'],https://xm.lianjia.com/ershoufang/105112008416.html,['295'],"['52,670元/平']",4人关注 ,1室1厅1厨1卫,['低楼层/共11层'],['东'],['平层/精装'],['56.01平米'],['2005年建'],['华林金盛花园'],['湖里'],['金尚'],有,一梯三户,['2022-11-11'],['2015-05-21']
1810,['高林居住区一里 3室1厅 南 北'],https://xm.lianjia.com/ershoufang/105114746031.html,['310'],"['44,369元/平']",2人关注 ,3室1厅1厨1卫,['低楼层/共18层'],['南 北'],['平层/简装'],['69.87平米'],['2009年建'],['高林居住区一里'],['湖里'],['万达广场'],有,一梯四户,['2023-09-08'],['2017-08-09']
1811,['卧龙BRT旁正规一房一厅诚意出售全明户型'],https://xm.lianjia.com/ershoufang/105114600589.html,['289'],"['50,410元/平']",0人关注 ,1室1厅1厨1卫,['中楼层/共8层'],['南'],['平层/精装'],['57.33平米'],['2001年建'],['云亭花园'],['思明'],['金鸡亭'],无,暂无数据,['2023-08-23'],['2009-07-03']
1812,['翔安隧道口复式挑高楼，精装，交通便利进岛快！'],https://xm.lianjia.com/ershoufang/105114087116.html,['43'],"['11,054元/平']",12人关注 ,2室1厅1厨1卫,['中楼层/共18层'],['南'],['跃层/精装'],['38.9平米'],['2018年建'],['菁英公馆'],['翔安'],['翔安新城'],有,四梯四十二户,['2023-06-27'],['2020-07-15']
1813,['保利品质，自住型精装修，保养好，三开间朝南。'],https://xm.lianjia.com/ershoufang/105106287792.html,['235'],"['29,266元/平']",21人关注 ,2室1厅1厨1卫,['低楼层/共33层'],['南'],['平层/精装'],['80.3平米'],['2013年建'],['海上五月花一期'],['集美'],['集美其它'],有,两梯四户,['2021-01-18'],['2019-03-13']
1814,['低总价精装修高使用西南北三面采光正规四房'],https://xm.lianjia.com/ershoufang/105115128078.html,['998'],"['72,267元/平']",2人关注 ,4室2厅1厨2卫,['中楼层/共31层'],['南'],['平层/精装'],['138.1平米'],['2009年建'],['万科金域蓝湾二期'],['思明'],['瑞景'],有,两梯四户,['2023-10-22'],['2020-05-26']
1815,['高层看海看中庭安静不靠路精装两房'],https://xm.lianjia.com/ershoufang/105113556979.html,['938'],"['96,493元/平']",0人关注 ,2室2厅1厨1卫,['高楼层/共29层'],['南'],['精装'],['97.21平米'],['2012年建'],['联发滨海名居'],['思明'],['会展中心'],有,两梯四户,['2023-05-04'],['2016-07-02']
1816,['地铁口正规大三房 户型好楼层高'],https://xm.lianjia.com/ershoufang/105107681496.html,['1000'],"['75,393元/平']",1人关注 ,3室2厅1厨2卫,['中楼层/共28层'],['南'],['平层/精装'],['132.64平米'],['2008年建'],['万科金域蓝湾一期'],['思明'],['瑞景'],有,两梯三户,['2021-06-20'],['2016-09-02']
1817,['满五  金尚小区 2房 框架结构 全明户型'],https://xm.lianjia.com/ershoufang/105109830441.html,['375'],"['53,290元/平']",9人关注 ,2室2厅1厨1卫,['中楼层/共7层'],['南 北'],['平层/简装'],['70.37平米'],['1998年建'],['金尚小区'],['湖里'],['金尚'],无,暂无数据,['2022-02-18'],['2001-01-04']
1818,['SM旁，06年电梯高层，全明精装三房，视野无遮挡。'],https://xm.lianjia.com/ershoufang/105114995203.html,['450'],"['50,201元/平']",1人关注 ,3室2厅1厨2卫,['高楼层/共19层'],['西北'],['平层/精装'],['89.64平米'],['2005年建'],['永同昌假日国际公寓'],['湖里'],['江头'],有,一梯四户,['2023-10-08'],['2015-07-10']
1819,['槟榔 海晟棕蓝海 稀有在售户型 带独立露台 精装 7房'],https://xm.lianjia.com/ershoufang/105112576505.html,['2200'],"['83,246元/平']",1人关注 ,6室2厅1厨3卫,['高楼层/共28层'],['西南'],['复式/精装'],['264.28平米'],['2005年建'],['海晟棕蓝海'],['思明'],['槟榔'],有,两梯四户,['2023-02-07'],['2020-10-12']
1820,['江头！江浦南里！二号线地铁口！南北通透！精装三房！'],https://xm.lianjia.com/ershoufang/105109763031.html,['325'],"['54,705元/平']",25人关注 ,3室2厅1厨1卫,['中楼层/共7层'],['南 北'],['平层/精装'],['59.41平米'],['1994年建'],['江浦南里'],['湖里'],['江头'],无,暂无数据,['2022-02-11'],['2019-10-23']
1821,['露台金秋电梯高层三房，三面采光，业主诚意出售'],https://xm.lianjia.com/ershoufang/105110174109.html,['598'],"['65,477元/平']",6人关注 ,3室2厅1厨2卫,['高楼层/共18层'],['南 北'],['平层/精装'],['91.33平米'],['2002年建'],['金秋花园'],['湖里'],['金尚'],有,一梯五户,['2022-03-31'],['2005-10-31']
1822,['惠鸿花园正规大三房，业主诚意出售'],https://xm.lianjia.com/ershoufang/105110243960.html,['500'],"['39,075元/平']",0人关注 ,3室2厅1厨2卫,['中楼层/共7层'],['南 北'],['平层/简装'],['127.96平米'],['未知年建'],['惠鸿花园'],['湖里'],['金尚'],无,暂无数据,['2022-04-09'],['2002-08-16']
1823,['松柏楼中楼 港龙新城 框架高层 南北 视野开阔'],https://xm.lianjia.com/ershoufang/105115615928.html,['870'],"['46,962元/平']",1人关注 ,4室2厅1厨2卫,['高楼层/共9层'],['南 北'],['平层/简装'],['185.26平米'],['2000年建'],['港龙新城'],['思明'],['体育中心'],有,一梯两户,['2023-12-15'],['2003-05-19']
1824,['房东稳定出售，看房方便，朝南户型，采光好'],https://xm.lianjia.com/ershoufang/105112613353.html,['350'],"['64,244元/平']",0人关注 ,1室1厅1厨1卫,['低楼层/共30层'],['南'],['平层/简装'],['54.48平米'],['2015年建'],['中关委大厦'],['思明'],['松柏'],有,三梯十二户,['2023-02-10'],['2017-08-08']
1825,['产权满五只用契税，楼上露台独立使用'],https://xm.lianjia.com/ershoufang/105109641010.html,['442'],"['81,671元/平']",7人关注 ,2室2厅1厨1卫,['中楼层/共7层'],['东 西'],['平层/简装'],['54.12平米'],['1995年建'],['长青北里小区'],['思明'],['松柏'],无,暂无数据,['2022-01-09'],['2022-01-16']
1826,['房产站大永固 三房 东南向  采光好 配套齐全'],https://xm.lianjia.com/ershoufang/105111635947.html,['280'],"['20,628元/平']",0人关注 ,3室2厅1厨2卫,['中楼层/共8层'],['东'],['平层/简装'],['135.74平米'],['1994年建'],['大永固花园'],['海沧'],['海沧生活区'],无,暂无数据,['2022-09-28'],['2003-12-30']
1827,['新景国际外滩B户型 精装4房 保养好 使用面积160平'],https://xm.lianjia.com/ershoufang/105115236162.html,['1080'],"['102,966元/平']",0人关注 ,4室2厅1厨3卫,['低楼层/共16层'],['东'],['跃层/精装'],['104.89平米'],['2014年建'],['新景国际外滩'],['湖里'],['五缘湾'],有,两梯四户,['2023-11-03'],['2015-07-07']
1828,['集美杏林桥头高层海景大四房高档装修保养好诚意出售'],https://xm.lianjia.com/ershoufang/105115245266.html,['499'],"['38,985元/平']",1人关注 ,4室2厅1厨2卫,['高楼层/共39层'],['南'],['平层/精装'],['128平米'],['2013年建'],['中海寰宇天下'],['集美'],['杏林桥头'],有,两梯三户,['2023-11-04'],['2017-09-30']
1829,['杏林桥头海景房看中庭看海，景观好，保养好，住家装修'],https://xm.lianjia.com/ershoufang/105112614528.html,['275'],"['30,573元/平']",0人关注 ,2室2厅1厨1卫,['低楼层/共40层'],['南'],['平层/简装'],['89.95平米'],['2016年建'],['禹洲中央海岸二期'],['集美'],['杏林桥头'],有,两梯四户,['2023-02-10'],['2021-07-05']
1830,['马銮公寓处于马銮湾新城边上，交通便利，进岛便利'],https://xm.lianjia.com/ershoufang/105110766301.html,['66'],"['21,270元/平']",4人关注 ,2室1厅1厨1卫,['低楼层/共5层'],['南'],['平层/简装'],['31.03平米'],['1995年建'],['马銮公寓'],['集美'],['杏南'],无,暂无数据,['2022-06-17'],['2022-07-27']
1831,['火车站地铁口 电梯高层 低总价 交通便利视野好'],https://xm.lianjia.com/ershoufang/105112750750.html,['180'],"['52,833元/平']",2人关注 ,1室1厅1厨1卫,['高楼层/共28层'],['南'],['平层/精装'],['34.07平米'],['1999年建'],['银河大厦'],['思明'],['火车站'],有,三梯三十四户,['2023-02-21'],['2021-05-20']
1832,['新景天湖广场  电梯楼中楼   南北通透！'],https://xm.lianjia.com/ershoufang/105107727072.html,['799'],"['79,345元/平']",2人关注 ,6室0厅0厨6卫,['低楼层/共11层'],['南 北'],['毛坯'],['100.7平米'],['2007年建'],['新景天湖广场2期'],['湖里'],['江头'],有,一梯两户,['2021-06-24'],['2011-05-03']
1833,['隧道口 阳光城精装3房 领不入住'],https://xm.lianjia.com/ershoufang/105112659422.html,['260'],"['27,115元/平']",0人关注 ,3室1厅1厨1卫,['高楼层/共31层'],['南 北'],['平层/精装'],['95.89平米'],['2014年建'],['阳光城翡丽湾一期'],['翔安'],['翔安新城'],有,两梯六户,['2023-02-14'],['2015-09-11']
1834,['世茂御海墅 无遮挡 南北通透 三房两卫 改善'],https://xm.lianjia.com/ershoufang/105110122780.html,['248'],"['25,361元/平']",16人关注 ,3室1厅1厨2卫,['低楼层/共31层'],['南 北'],['平层/精装'],['97.79平米'],['2018年建'],['世茂御海墅'],['翔安'],['翔安新城'],有,两梯五户,['2022-03-25'],['2019-07-18']
1835,['隧道口  翔安新城 阳光城 精装3房  拎包入住'],https://xm.lianjia.com/ershoufang/105113957520.html,['285'],"['31,216元/平']",0人关注 ,3室2厅1厨1卫,['中楼层/共31层'],['东 南 北'],['平层/精装'],['91.3平米'],['2015年建'],['阳光城翡丽湾二期'],['翔安'],['翔安新城'],有,两梯六户,['2023-06-11'],['2016-04-15']
1836,['金辉园正规单身公寓带阳台，朝南看小区，很安静。'],https://xm.lianjia.com/ershoufang/105109246378.html,['320'],"['67,497元/平']",2人关注 ,1室1厅1厨1卫,['高楼层/共14层'],['南'],['平层/精装'],['47.41平米'],['2005年建'],['金辉园'],['思明'],['富山'],有,一梯八户,['2021-11-14'],['2014-09-01']
1837,['前埔北区华林东盛花园 电梯高层一梯两户 厅带阳台'],https://xm.lianjia.com/ershoufang/105115260632.html,['610'],"['48,598元/平']",5人关注 ,3室2厅1厨2卫,['中楼层/共15层'],['南 北'],['平层/精装'],['125.52平米'],['2004年建'],['华林东盛花园一期'],['思明'],['前埔'],有,一梯两户,['2023-11-06'],['2016-03-03']
1838,['世茂二期 中楼层 复式三房 精装交付 拎包入住'],https://xm.lianjia.com/ershoufang/105112301985.html,['480'],"['45,258元/平']",2人关注 ,3室1厅1厨2卫,['中楼层/共33层'],['南'],['跃层/精装'],['106.06平米'],['2019年建'],['世茂璀璨天城二期'],['集美'],['集美新城'],有,两梯八户,['2022-12-18'],['2020-08-31']
1839,['绿苑三期 高层通透三房 精装修可直接入住  坐看海'],https://xm.lianjia.com/ershoufang/105115257427.html,['535'],"['43,778元/平']",2人关注 ,3室2厅2厨2卫,['中楼层/共30层'],['南'],['平层/精装'],['122.21平米'],['2014年建'],['绿苑新城三组团'],['海沧'],['滨海社区'],有,两梯四户,['2023-11-06'],['2019-08-05']
1840,['全明户型，楼层好，采光好，看中庭'],https://xm.lianjia.com/ershoufang/105112748453.html,['698'],"['49,858元/平']",2人关注 ,3室2厅1厨2卫,['高楼层/共23层'],['南'],['平层/精装'],['140平米'],['2014年建'],['金尚首府'],['湖里'],['金尚'],有,两梯两户,['2023-02-21'],['2019-02-04']
1841,['嘉庚体育馆南北通风满二了税费低，高楼层视野采光好'],https://xm.lianjia.com/ershoufang/105112077776.html,['378'],"['28,296元/平']",0人关注 ,3室2厅1厨2卫,['中楼层/共34层'],['东南'],['平层/简装'],['133.59平米'],['2017年建'],['国贸商城同悦'],['集美'],['集美其它'],有,两梯三户,['2022-11-19'],['2018-01-10']
1842,['南湖明珠 三房 南北 通风 采光佳 看湖景'],https://xm.lianjia.com/ershoufang/105110350727.html,['1220'],"['64,732元/平']",7人关注 ,3室2厅1厨3卫,['低楼层/共33层'],['北 西北'],['跃层/精装'],['188.47平米'],['2004年建'],['南湖明珠'],['思明'],['滨东'],有,两梯六户,['2022-04-21'],['2019-06-20']
1843,['地铁2号线 狐尾山 白鹭洲 石亭小区 3房出售'],https://xm.lianjia.com/ershoufang/105115836003.html,['538'],"['57,553元/平']",0人关注 ,3室2厅1厨1卫,['低楼层/共6层'],['南 北'],['平层/简装'],['93.48平米'],['1994年建'],['石亭小区'],['思明'],['市政府'],无,暂无数据,['2024-01-11'],['2006-09-28']
1844,['集美世茂，ioi世茂广场就在家门口。交通便利，急售'],https://xm.lianjia.com/ershoufang/105110546694.html,['390'],"['37,920元/平']",0人关注 ,3室2厅1厨2卫,['低楼层/共34层'],['南 北'],['复式/精装'],['102.85平米'],['未知年建'],['世茂璀璨天城二期'],['集美'],['集美新城'],有,两梯八户,['2022-05-18'],['2020-08-31']
1845,['房子是电梯复式高层，厅带阳台朝南，南北通透，'],https://xm.lianjia.com/ershoufang/105109720279.html,['1310'],"['94,232元/平']",32人关注 ,5室3厅1厨3卫,['高楼层/共25层'],['南 北'],['复式/精装'],['139.02平米'],['2008年建'],['瑞景公园'],['思明'],['瑞景'],有,两梯两户,['2022-01-28'],['2016-06-13']
1846,['室内安静，视野很远，通风采光很好，装修保养好'],https://xm.lianjia.com/ershoufang/105110078392.html,['210'],"['22,834元/平']",10人关注 ,3室2厅1厨1卫,['低楼层/共42层'],['东南'],['平层/精装'],['91.97平米'],['2017年建'],['万科广场幸福里'],['集美'],['厦门北站商业区'],有,三梯六户,['2022-03-19'],['2017-06-20']
1847,"['金岭花园二号地铁 江头站 电梯房, 交通购物方便']",https://xm.lianjia.com/ershoufang/105113065526.html,['196'],"['50,257元/平']",2人关注 ,2室1厅1厨1卫,['高楼层/共17层'],['北'],['平层/精装'],['39平米'],['2000年建'],['金岭花园'],['湖里'],['金尚'],有,两梯八户,['2023-03-19'],['2020-11-20']
1848,['莲坂地铁口，花园小区，1房1厅，朝南。'],https://xm.lianjia.com/ershoufang/105111685496.html,['308'],"['67,074元/平']",1人关注 ,1室1厅1厨1卫,['中楼层/共14层'],['南'],['平层/精装'],['45.92平米'],['2005年建'],['金辉园'],['思明'],['富山'],有,一梯八户,['2022-10-05'],['2011-09-22']
1849,['龙华里房子三房 看中庭 诚意出售'],https://xm.lianjia.com/ershoufang/105110045389.html,['463'],"['54,001元/平']",5人关注 ,3室2厅1厨1卫,['高楼层/共6层'],['南'],['平层/简装'],['85.74平米'],['1996年建'],['龙华里'],['思明'],['莲花'],无,暂无数据,['2022-03-13'],['2008-05-14']
1850,['莲坂富山地铁口，精品1房，小户型梯户少'],https://xm.lianjia.com/ershoufang/105109424417.html,['300'],"['65,891元/平']",15人关注 ,1室1厅1厨1卫,['中楼层/共18层'],['西'],['平层/简装'],['45.53平米'],['2004年建'],['美迪斯小区'],['思明'],['富山'],有,一梯七户,['2021-12-07'],['2019-07-18']
1851,['中间楼层通透户型  看海 3梯6户高速电梯'],https://xm.lianjia.com/ershoufang/105116473953.html,['408'],"['33,231元/平']",0人关注 ,3室2厅1厨2卫,['中楼层/共49层'],['南'],['平层/毛坯'],['122.78平米'],['2015年建'],['联发杏林湾一号三期'],['集美'],['杏林桥头'],有,三梯六户,['2024-03-25'],['2016-05-27']
1852,['枋湖全明结构高楼层三房，南北，小区里面安静！'],https://xm.lianjia.com/ershoufang/105112675816.html,['608'],"['70,896元/平']",0人关注 ,3室2厅1厨1卫,['高楼层/共14层'],['南 北'],['平层/简装'],['85.76平米'],['2010年建'],['新港龙世家幸福密码'],['湖里'],['枋湖'],有,一梯三户,['2023-02-16'],['2020-12-28']
1853,['特房品质正规三房两卫，万达商圈，配套齐全'],https://xm.lianjia.com/ershoufang/105113821911.html,['530'],"['48,389元/平']",3人关注 ,3室2厅1厨2卫,['低楼层/共18层'],['南'],['平层/简装'],['109.53平米'],['2012年建'],['特房山水新座'],['湖里'],['万达广场'],有,两梯三户,['2023-05-29'],['2014-03-04']
1854,['毛坯房，可自由设计装修，附加一个大露台阳台'],https://xm.lianjia.com/ershoufang/105114992294.html,['230'],"['25,599元/平']",0人关注 ,2室2厅1厨1卫,['中楼层/共6层'],['南 北'],['平层/简装'],['89.85平米'],['2009年建'],['彩虹湾'],['同安'],['环东海域'],有,一梯两户,['2023-10-08'],['2021-04-20']
1855,['此房满五，南北通透格局，楼层好'],https://xm.lianjia.com/ershoufang/105112963200.html,['389'],"['57,511元/平']",0人关注 ,2室2厅1厨1卫,['中楼层/共7层'],['南 北'],['平层/精装'],['67.64平米'],['1990年建'],['制革宿舍'],['思明'],['富山'],无,暂无数据,['2023-03-10'],['1998-12-22']
1856,['集美桥头堡，古龙御景大平层，交通便利，出岛即达'],https://xm.lianjia.com/ershoufang/105115269091.html,['450'],"['31,266元/平']",0人关注 ,3室2厅1厨2卫,['低楼层/共23层'],['南 北'],['平层/精装'],['143.93平米'],['2012年建'],['古龙御景二期'],['集美'],['集美其它'],有,两梯两户,['2023-11-07'],['2013-10-14']
1857,['厅带阳台朝南，主卧带朝南，看小区中庭；使用面积大..'],https://xm.lianjia.com/ershoufang/105113036971.html,['498'],"['71,194元/平']",2人关注 ,3室2厅1厨1卫,['低楼层/共18层'],['南'],['平层/精装'],['69.95平米'],['2014年建'],['禾丰新景'],['思明'],['莲花'],有,两梯四户,['2023-03-16'],['2020-11-20']
1858,['全新未入住，南北通透，双阳台户型，高层，房东诚售'],https://xm.lianjia.com/ershoufang/105112683822.html,['500'],"['39,756元/平']",0人关注 ,3室2厅1厨2卫,['高楼层/共32层'],['南 北'],['平层/精装'],['125.77平米'],['2019年建'],['国贸天悦'],['集美'],['杏北'],有,两梯三户,['2023-02-16'],['2020-07-07']
1859,['集美新城  地铁口 华润品质  户型方正  朝南，采光好'],https://xm.lianjia.com/ershoufang/105113379005.html,['250'],"['34,436元/平']",1人关注 ,3室1厅1厨1卫,['低楼层/共30层'],['南'],['平层/精装'],['72.6平米'],['2017年建'],['橡树湾四期'],['集美'],['杏北'],有,两梯五户,['2023-04-16'],['2018-05-03']
1860,['联发杏林湾一号精装自住大三房，临海一线居住舒适'],https://xm.lianjia.com/ershoufang/105107999221.html,['544.9'],"['33,740元/平']",24人关注 ,3室2厅1厨2卫,['低楼层/共26层'],['南 北'],['平层/精装'],['161.5平米'],['2015年建'],['联发杏林湾一号三期'],['集美'],['杏林桥头'],有,两梯两户,['2021-07-17'],['2016-06-30']
1861,['五缘湾 中铁元湾 中庭位置 楼层位置均适合购房需求'],https://xm.lianjia.com/ershoufang/105111655156.html,['2480'],"['105,546元/平']",1人关注 ,4室2厅1厨3卫,['中楼层/共17层'],['南 北'],['平层/毛坯'],['234.97平米'],['2015年建'],['中铁元湾'],['湖里'],['五缘湾'],有,三梯两户,['2022-09-30'],['2019-03-26']
1862,['产权满二，精装三房两卫，采光好，高楼层。视野佳。'],https://xm.lianjia.com/ershoufang/105109294450.html,['300'],"['36,219元/平']",54人关注 ,3室2厅1厨2卫,['高楼层/共30层'],['西南'],['平层/精装'],['82.83平米'],['2017年建'],['橡树湾四期'],['集美'],['杏北'],有,两梯五户,['2021-11-21'],['2018-01-05']
1863,['杏林桥头，满五*，通透大三房，高层看海'],https://xm.lianjia.com/ershoufang/105106460308.html,['350'],"['28,507元/平']",40人关注 ,3室2厅1厨2卫,['中楼层/共49层'],['东南'],['平层/简装'],['122.78平米'],['2015年建'],['联发杏林湾一号三期'],['集美'],['杏林桥头'],有,三梯六户,['2021-02-24'],['2016-06-27']
1864,['隧道口 法式园林 高层  大三房'],https://xm.lianjia.com/ershoufang/105114842373.html,['309'],"['24,557元/平']",0人关注 ,3室1厅1厨2卫,['高楼层/共31层'],['南 北'],['平层/精装'],['125.83平米'],['2015年建'],['阳光城翡丽湾二期'],['翔安'],['翔安新城'],有,两梯四户,['2023-09-18'],['2017-05-31']
1865,['火车站大3房，公摊小 得房高 闹中取静'],https://xm.lianjia.com/ershoufang/105112367232.html,['628'],"['44,692元/平']",0人关注 ,3室2厅1厨2卫,['高楼层/共7层'],['东 西 南'],['平层/简装'],['140.52平米'],['1998年建'],['红杏花园'],['思明'],['火车站'],无,暂无数据,['2023-01-01'],['2019-01-15']
1866,['汇景片区新复式 国贸品质社区，视野好无遮挡，'],https://xm.lianjia.com/ershoufang/105112714556.html,['160'],"['23,846元/平']",3人关注 ,2室2厅1厨2卫,['中楼层/共40层'],['南'],['跃层/精装'],['67.1平米'],['2019年建'],['东城合院'],['翔安'],['新店'],有,四梯十户,['2023-02-18'],['2020-04-23']
1867,['封闭小区两房带电梯高层采光好 视野好无遮挡'],https://xm.lianjia.com/ershoufang/105108193043.html,['560'],"['56,807元/平']",15人关注 ,2室1厅1厨1卫,['高楼层/共29层'],['东南 北'],['平层/简装'],['98.58平米'],['2009年建'],['森海丽景'],['思明'],['火车站'],有,三梯四户,['2021-08-01'],['2010-10-22']
1868,['新出洪文BRT旁电梯2房，高层采光好'],https://xm.lianjia.com/ershoufang/105111765592.html,['590'],"['68,701元/平']",0人关注 ,2室1厅1厨1卫,['高楼层/共18层'],['南 北'],['简装'],['85.88平米'],['2010年建'],['洪山柄南区'],['思明'],['瑞景'],有,一梯四户,['2022-10-14'],['2011-12-28']
1869,['环东海域精装，诚意出售，户型好，阳光充足。'],https://xm.lianjia.com/ershoufang/105114950112.html,['152'],"['25,864元/平']",0人关注 ,2室1厅1厨1卫,['低楼层/共11层'],['南'],['平层/其他'],['58.77平米'],['2008年建'],['彩虹湾'],['同安'],['环东海域'],有,一梯两户,['2023-10-03'],['2014-03-03']
1870,['集美桥头，产权满二，高楼层南北通透三房'],https://xm.lianjia.com/ershoufang/105108616702.html,['336'],"['35,096元/平']",15人关注 ,3室2厅1厨1卫,['高楼层/共30层'],['南 北'],['平层/毛坯'],['95.74平米'],['2017年建'],['中央公园城'],['集美'],['集美其它'],有,两梯四户,['2021-09-02'],['2019-04-12']
1871,['此房朝南，楼层好，采光好，无遮挡视野好'],https://xm.lianjia.com/ershoufang/105111270711.html,['125'],"['39,112元/平']",0人关注 ,1室0厅0厨1卫,['高楼层/共7层'],['南'],['平层/简装'],['31.96平米'],['2004年建'],['欣家园'],['湖里'],['殿前'],无,暂无数据,['2022-08-18'],['2015-12-23']
1872,['文教区小两房，离1小近，好楼层，自住装修'],https://xm.lianjia.com/ershoufang/105111229772.html,['225'],"['36,628元/平']",1人关注 ,2室1厅1厨1卫,['低楼层/共6层'],['南 北'],['平层/精装'],['61.43平米'],['未知年建'],['嘉庚路'],['集美'],['集美文教区'],无,暂无数据,['2022-08-13'],['2022-11-25']
1873,['跃三层楼中楼，使用面积大，大露台，朝南视野好'],https://xm.lianjia.com/ershoufang/105113082815.html,['1800'],"['65,939元/平']",0人关注 ,6室2厅1厨3卫,['高楼层/共22层'],['南 北'],['复式/精装'],['272.98平米'],['2002年建'],['聚祥广场'],['思明'],['禾祥西路'],有,两梯六户,['2023-03-20'],['2003-10-26']
1874,['近地铁，上松柏，低楼层，一梯两户，南北通透'],https://xm.lianjia.com/ershoufang/105113372732.html,['407'],"['54,941元/平']",2人关注 ,2室1厅1厨1卫,['中楼层/共7层'],['南 北'],['平层/简装'],['74.08平米'],['1990年建'],['莲坂西小区'],['思明'],['莲坂'],无,暂无数据,['2023-04-15'],['2004-03-17']
1875,['恒大帝景精装大三房 交通便利 配套齐全'],https://xm.lianjia.com/ershoufang/105109820054.html,['396'],"['32,540元/平']",5人关注 ,3室2厅1厨2卫,['低楼层/共30层'],['东南'],['平层/精装'],['121.7平米'],['2019年建'],['恒大帝景'],['集美'],['集美新城'],有,两梯四户,['2022-02-17'],['2021-11-16']
1876,['正规一房一厅，框架结构，总价低，户型方正'],https://xm.lianjia.com/ershoufang/105113221808.html,['282'],"['85,300元/平']",0人关注 ,1室1厅1厨1卫,['高楼层/共7层'],['西'],['平层/精装'],['33.06平米'],['2000年建'],['富山花园紫荆苑'],['思明'],['莲坂'],无,暂无数据,['2023-04-01'],['2019-08-20']
1877,['单身公寓  精装修拎包入住   楼层高视野好'],https://xm.lianjia.com/ershoufang/105112620693.html,['89'],"['27,778元/平']",0人关注 ,1室1厅1厨1卫,['中楼层/共11层'],['南'],['平层/精装'],['32.04平米'],['2013年建'],['美地雅登祥吴五里'],['翔安'],['新店'],有,一梯四户,['2023-02-11'],['2015-06-29']
1878,['此房户型方正，交通便利，厅带阳台'],https://xm.lianjia.com/ershoufang/105114410290.html,['265'],"['43,443元/平']",0人关注 ,2室1厅1厨1卫,['中楼层/共7层'],['北 南'],['平层/精装'],['61平米'],['2000年建'],['金庄花园'],['湖里'],['保税区'],无,暂无数据,['2023-08-03'],['2020-06-01']
1879,['近集美桥头嘉庚体育馆，楼层好户型好，总楼层视野宽阔'],https://xm.lianjia.com/ershoufang/105114419801.html,['178'],"['16,974元/平']",2人关注 ,3室2厅1厨2卫,['低楼层/共35层'],['南 北'],['平层/精装'],['104.87平米'],['2012年建'],['禹洲大学城'],['同安'],['集美其它'],有,三梯八户,['2023-08-03'],['2013-01-27']
1880,['特殊的房源，面积使用3房，户型方正'],https://xm.lianjia.com/ershoufang/105113766186.html,['225'],"['35,760元/平']",1人关注 ,3室1厅1厨1卫,['高楼层/共17层'],['东北'],['复式/精装'],['62.92平米'],['2016年建'],['滨水二里'],['集美'],['集美新城'],有,两梯四户,['2023-05-23'],['2021-08-19']
1881,['单价低！产权清晰，光线足， 业主诚意出售。用两套'],https://xm.lianjia.com/ershoufang/105113885456.html,['560'],"['71,961元/平']",0人关注 ,2室2厅1厨1卫,['高楼层/共7层'],['南 北'],['平层/简装'],['77.82平米'],['未知年建'],['长青北里小区'],['思明'],['松柏'],无,暂无数据,['2023-06-04'],['2008-09-12']
1882,['东坑安居房 2室2厅 南'],https://xm.lianjia.com/ershoufang/105116436393.html,['285'],"['29,881元/平']",0人关注 ,2室2厅1厨1卫,['低楼层/共32层'],['南'],['平层/毛坯'],['95.38平米'],['2021年建'],['东坑安居房'],['海沧'],['滨海社区'],有,两梯四户,['2024-03-21'],['2023-09-22']
1883,['家家海景 3室2厅 南 北'],https://xm.lianjia.com/ershoufang/105114146681.html,['720'],"['50,070元/平']",0人关注 ,3室2厅1厨2卫,['高楼层/共11层'],['南 北'],['平层/精装'],['143.8平米'],['2005年建'],['家家海景'],['思明'],['前埔'],有,一梯两户,['2023-07-03'],['2013-03-29']
1884,['思北2005年 复式楼中楼 电梯小高层，业主诚意出售'],https://xm.lianjia.com/ershoufang/105115856514.html,['450'],"['122,550元/平']",0人关注 ,2室1厅1厨1卫,['高楼层/共8层'],['南'],['跃层/简装'],['36.72平米'],['2005年建'],['虹霞大厦'],['思明'],['中山路'],有,两梯三十七户,['2024-01-13'],['2021-04-23']
1885,['xue校旁 视野采光好 正规3房'],https://xm.lianjia.com/ershoufang/105112957542.html,['225'],"['25,017元/平']",0人关注 ,3室1厅1厨1卫,['中楼层/共16层'],['南'],['平层/精装'],['89.94平米'],['2014年建'],['中骏四季阳光'],['集美'],['厦门北站商业区'],有,两梯四户,['2023-03-10'],['2019-07-10']
1886,['水晶公寓 高层海景 满5年 离校近'],https://xm.lianjia.com/ershoufang/105108896590.html,['2400'],"['89,134元/平']",12人关注 ,5室2厅1厨2卫,['低楼层/共30层'],['南 北'],['错层/精装'],['269.26平米'],['2009年建'],['海峡国际社区一期'],['思明'],['会展中心'],有,两梯两户,['2021-09-30'],['2016-05-19']
1887,['思北，电梯高层，朝南单身公寓，视野开阔，'],https://xm.lianjia.com/ershoufang/105113049714.html,['328'],"['73,924元/平']",3人关注 ,1室1厅1厨1卫,['高楼层/共31层'],['南'],['平层/简装'],['44.37平米'],['2004年建'],['源通中心'],['思明'],['思北'],有,六梯十七户,['2023-03-17'],['2013-03-19']
1888,['生活便利，BRT总站就在家门口，省优四幼！'],https://xm.lianjia.com/ershoufang/105111316068.html,['380'],"['46,615元/平']",3人关注 ,3室1厅1厨1卫,['高楼层/共7层'],['东'],['平层/简装'],['81.52平米'],['1999年建'],['前埔南区文兴东一里'],['思明'],['前埔'],无,暂无数据,['2022-08-23'],['2002-12-06']
1889,['集美桥头，泉水湾高层精装两房，夜景漂亮，看老城区'],https://xm.lianjia.com/ershoufang/105107274581.html,['307'],"['35,090元/平']",41人关注 ,2室2厅1厨2卫,['高楼层/共28层'],['南'],['平层/精装'],['87.49平米'],['2010年建'],['泉水湾一期'],['集美'],['集美其它'],有,两梯六户,['2021-05-09'],['2018-05-17']
1890,['总价低，诚意出售，繁华地段电梯两房'],https://xm.lianjia.com/ershoufang/105113764208.html,['458'],"['59,014元/平']",2人关注 ,2室1厅1厨1卫,['中楼层/共19层'],['东'],['平层/精装'],['77.61平米'],['1998年建'],['祥云公寓'],['思明'],['禾祥西路'],有,两梯十户,['2023-05-23'],['2017-02-24']
1891,['三房自住装修，楼层好，视野好，小区中庭位置'],https://xm.lianjia.com/ershoufang/105110056493.html,['199'],"['20,472元/平']",4人关注 ,3室2厅1厨2卫,['低楼层/共35层'],['北'],['平层/精装'],['97.21平米'],['2012年建'],['禹洲大学城'],['同安'],['集美其它'],有,三梯六户,['2022-03-15'],['2015-08-18']
1892,['天鹅美苑，电梯房，一梯2户..'],https://xm.lianjia.com/ershoufang/105101940400.html,['498'],"['35,320元/平']",15人关注 ,4室2厅1厨2卫,['低楼层/共11层'],['南 北'],['平层/简装'],['141平米'],['2009年建'],['天鹅美苑'],['集美'],['集美文教区'],有,一梯两户,['2019-01-14'],['2014-06-04']
1893,['保利叁仟栋二期 高层海景大四房'],https://xm.lianjia.com/ershoufang/105109939184.html,['419'],"['37,311元/平']",3人关注 ,4室2厅1厨2卫,['中楼层/共26层'],['南'],['平层/精装'],['112.3平米'],['2018年建'],['保利叁仟栋二期'],['同安'],['环东海域'],有,两梯四户,['2022-03-02'],['2020-07-03']
1894,['环东海域大三房 精装修 拎包入住 诚意出售'],https://xm.lianjia.com/ershoufang/105111323140.html,['335'],"['25,961元/平']",0人关注 ,3室2厅1厨2卫,['低楼层/共32层'],['南 北'],['平层/精装'],['129.04平米'],['2017年建'],['金帝中洲滨海城'],['同安'],['环东海域'],有,两梯三户,['2022-08-24'],['2018-06-27']
1895,['此房满五，视野宽阔，采光充足，改好的两房'],https://xm.lianjia.com/ershoufang/105116626340.html,['173'],"['29,900元/平']",0人关注 ,2室1厅1厨1卫,['高楼层/共6层'],['东南'],['平层/简装'],['57.86平米'],['2004年建'],['金龙商城二期'],['海沧'],['海沧生活区'],无,暂无数据,['2024-04-09'],['2016-04-20']
1896,['集美桥头。产权已经满2年。业主换房诚意出售。'],https://xm.lianjia.com/ershoufang/105103289081.html,['246'],"['20,742元/平']",4人关注 ,4室2厅1厨2卫,['低楼层/共35层'],['西南'],['平层/精装'],['118.6平米'],['2012年建'],['禹洲大学城'],['同安'],['集美其它'],有,三梯六户,['2019-10-31'],['2014-10-24']
1897,['业主自住大三房出售  朝南  带三个阳台'],https://xm.lianjia.com/ershoufang/105110978509.html,['199'],"['21,449元/平']",0人关注 ,3室1厅1厨1卫,['中楼层/共24层'],['东南'],['平层/精装'],['92.78平米'],['2012年建'],['禹洲大学城'],['同安'],['集美其它'],有,两梯六户,['2022-07-12'],['2013-10-28']
1898,['莲花国际地铁大2房 业主稳定出售'],https://xm.lianjia.com/ershoufang/105114682206.html,['230'],"['25,250元/平']",3人关注 ,2室2厅1厨1卫,['高楼层/共16层'],['东南'],['平层/精装'],['91.09平米'],['2015年建'],['住宅莲花国际'],['集美'],['集美新城'],有,两梯三户,['2023-09-01'],['2016-06-06']
1899,['抽教科院  总价低 少有低楼层湖滨E居精装单身公寓'],https://xm.lianjia.com/ershoufang/105116141338.html,['230'],"['61,367元/平']",0人关注 ,1室1厅1厨1卫,['低楼层/共6层'],['南'],['错层/简装'],['37.48平米'],['1986年建'],['湖滨E居'],['思明'],['禾祥西路'],无,暂无数据,['2024-02-26'],['2022-02-14']
1900,['IOI世茂商圈 配套好 精装三房 稳定出售'],https://xm.lianjia.com/ershoufang/105116074449.html,['378'],"['39,375元/平']",1人关注 ,3室2厅1厨1卫,['低楼层/共34层'],['东南'],['平层/精装'],['96平米'],['2017年建'],['IOI棕榈城'],['集美'],['集美新城'],有,两梯三户,['2024-02-20'],['2021-11-29']
1901,['业主自住装修，基本没住，诚意出售'],https://xm.lianjia.com/ershoufang/105115822818.html,['270'],"['28,964元/平']",0人关注 ,3室1厅1厨2卫,['中楼层/共32层'],['南 北'],['平层/精装'],['93.22平米'],['2020年建'],['国贸远洋天和'],['翔安'],['翔安新城'],有,两梯四户,['2024-01-09'],['2021-06-29']
1902,['带70平花园，交通便利，低总价，自住装修'],https://xm.lianjia.com/ershoufang/105115853628.html,['388'],"['44,696元/平']",0人关注 ,3室2厅1厨1卫,['低楼层/共7层'],['南'],['平层/精装'],['86.81平米'],['2001年建'],['大唐世家六期'],['湖里'],['大唐世家'],无,暂无数据,['2024-01-13'],['2010-07-22']
1903,['中山路 片云居 有天有地 独栋私宅'],https://xm.lianjia.com/ershoufang/105115354506.html,['1380'],"['90,244元/平']",2人关注 ,5室2厅1厨3卫,['低楼层/共1层'],['东 南 西 北'],['跃层/精装'],['152.92平米'],['1985年建'],['南田巷'],['思明'],['中山路'],暂无数据,暂无数据,['2023-11-17'],['2021-08-03']
1904,['楼层好，视野宽阔，精装两房，全小区Z低价'],https://xm.lianjia.com/ershoufang/105115801590.html,['188'],"['26,506元/平']",1人关注 ,2室1厅1厨1卫,['中楼层/共15层'],['东南'],['平层/简装'],['70.93平米'],['2013年建'],['丰融尚城'],['集美'],['集美其它'],有,两梯六户,['2024-01-07'],['2021-01-15']
1905,['08年小区，火车站TOD，电梯中高层，朝南视野无遮挡'],https://xm.lianjia.com/ershoufang/105115052476.html,['500'],"['63,212元/平']",1人关注 ,2室1厅1厨1卫,['中楼层/共30层'],['南'],['平层/简装'],['79.1平米'],['2008年建'],['百源双玺'],['思明'],['火车站'],有,三梯九户,['2023-10-14'],['2009-11-24']
1906,['户型方正，采光好，格局规整，视野开阔，适合居住。'],https://xm.lianjia.com/ershoufang/105113067078.html,['168'],"['19,150元/平']",0人关注 ,3室1厅1厨2卫,['高楼层/共35层'],['北'],['平层/精装'],['87.73平米'],['2012年建'],['禹洲大学城'],['同安'],['集美其它'],有,三梯十户,['2023-03-19'],['2012-12-12']
1907,['国贸同悦，管理严格，交通便利，配套齐全'],https://xm.lianjia.com/ershoufang/105104973800.html,['370'],"['29,303元/平']",145人关注 ,3室2厅1厨2卫,['中楼层/共18层'],['南'],['平层/精装'],['126.27平米'],['2017年建'],['国贸商城同悦'],['集美'],['集美其它'],有,两梯三户,['2020-08-01'],['2018-07-01']
1908,['自住精装领包入住，厅朝南带阳台，看房方便'],https://xm.lianjia.com/ershoufang/105112196488.html,['173'],"['23,541元/平']",0人关注 ,2室2厅1厨1卫,['低楼层/共18层'],['南'],['平层/精装'],['73.49平米'],['2009年建'],['美地雅登祥吴二里'],['翔安'],['新店'],有,两梯四户,['2022-12-04'],['2016-01-08']
1909,['绿苑新城三组团 正规2房户型 产权满5年 高层视野好'],https://xm.lianjia.com/ershoufang/105113782591.html,['387'],"['38,763元/平']",0人关注 ,2室2厅1厨1卫,['高楼层/共30层'],['南'],['平层/精装'],['99.84平米'],['2013年建'],['绿苑新城三组团'],['海沧'],['滨海社区'],有,两梯四户,['2023-05-25'],['2015-08-18']
1910,['瑞成大厦 3室2厅 南'],https://xm.lianjia.com/ershoufang/105116506029.html,['720'],"['66,256元/平']",0人关注 ,3室2厅1厨2卫,['低楼层/共33层'],['南'],['平层/简装'],['108.67平米'],['2006年建'],['瑞成大厦'],['思明'],['斗西路'],有,三梯八户,['2024-03-28'],['2022-02-22']
1911,['外国语翔城，闽南城市广场旁，精装3房'],https://xm.lianjia.com/ershoufang/105116462922.html,['238'],"['31,055元/平']",0人关注 ,3室2厅1厨1卫,['低楼层/共25层'],['南'],['平层/精装'],['76.64平米'],['2021年建'],['中南青樾'],['翔安'],['翔安新城'],有,两梯四户,['2024-03-24'],['2022-10-11']
1912,['产权满五年 省税费 户型方正 业主诚意出售'],https://xm.lianjia.com/ershoufang/105108091504.html,['738'],"['39,514元/平']",12人关注 ,3室2厅1厨3卫,['低楼层/共4层'],['南 北'],['复式/精装'],['186.77平米'],['2010年建'],['未来海岸鹭景湾'],['海沧'],['未来海岸北师大'],无,暂无数据,['2021-07-24'],['2010-04-29']
1913,['高楼层，采光、视野好，小区里生活气息浓厚'],https://xm.lianjia.com/ershoufang/105109545977.html,['225'],"['23,818元/平']",4人关注 ,2室2厅1厨2卫,['高楼层/共30层'],['南 北'],['平层/简装'],['94.47平米'],['2014年建'],['首开领翔国际'],['翔安'],['新店'],有,两梯四户,['2021-12-25'],['2015-06-12']
1914,['精致小三房，精装修可拎包入住。'],https://xm.lianjia.com/ershoufang/105115524558.html,['268'],"['43,282元/平']",0人关注 ,3室1厅1厨1卫,['低楼层/共6层'],['南 北'],['平层/精装'],['61.92平米'],['未知年建'],['兴隆路75-77号'],['湖里'],['湖里大道'],暂无数据,暂无数据,['2023-12-05'],['2021-08-23']
1915,['此房大三房，满5年，，南临筼筜湖，西接体育馆'],https://xm.lianjia.com/ershoufang/105111150365.html,['746'],"['55,145元/平']",1人关注 ,3室2厅1厨2卫,['低楼层/共33层'],['西北'],['平层/简装'],['135.28平米'],['2003年建'],['育秀中心'],['思明'],['体育中心'],有,三梯五户,['2022-08-03'],['2006-05-11']
1916,['环东海域 两房户型方正，宽敞明亮， 住家精装'],https://xm.lianjia.com/ershoufang/105112512370.html,['280'],"['32,547元/平']",0人关注 ,2室2厅1厨1卫,['中楼层/共23层'],['南'],['平层/精装'],['86.03平米'],['2016年建'],['溢翔首府'],['同安'],['环东海域'],有,两梯七户,['2023-02-01'],['2016-11-28']
1917,['翔安南 世茂御海墅精装三房 满二看海'],https://xm.lianjia.com/ershoufang/105112569943.html,['188'],"['21,730元/平']",1人关注 ,3室1厅1厨1卫,['高楼层/共31层'],['南 北'],['简装'],['86.52平米'],['2018年建'],['世茂御海墅'],['翔安'],['翔安新城'],有,两梯五户,['2023-02-07'],['2020-06-24']
1918,['金帝中洲滨海城，毛坯，复式楼中楼。稳定出售'],https://xm.lianjia.com/ershoufang/105110723309.html,['280'],"['31,990元/平']",1人关注 ,3室2厅1厨2卫,['低楼层/共14层'],['南'],['复式/毛坯'],['87.53平米'],['2019年建'],['金帝中洲滨海城二期'],['同安'],['环东海域'],有,两梯十户,['2022-06-11'],['2022-02-12']
1919,['此房已经满五年，四开间朝南，能看海，业主诚意出售'],https://xm.lianjia.com/ershoufang/105111390672.html,['280'],"['37,920元/平']",0人关注 ,2室2厅1厨1卫,['高楼层/共35层'],['南'],['平层/精装'],['73.84平米'],['2014年建'],['海上五月花三期'],['集美'],['集美其它'],有,两梯六户,['2022-09-01'],['2015-03-30']
1920,['集美桥头BRT旁大三房通透户型位置安静'],https://xm.lianjia.com/ershoufang/105114291280.html,['360'],"['29,854元/平']",0人关注 ,3室2厅1厨2卫,['低楼层/共7层'],['南'],['平层/简装'],['120.59平米'],['2004年建'],['大唐世家一期(集美)'],['集美'],['集美文教区'],无,暂无数据,['2023-07-20'],['2021-10-28']
1921,['建发品质 精装交付 空户空XUE位上车小户型'],https://xm.lianjia.com/ershoufang/105115317858.html,['449'],"['55,867元/平']",0人关注 ,2室2厅1厨1卫,['高楼层/共27层'],['南'],['平层/精装'],['80.37平米'],['2020年建'],['建发央著二期'],['集美'],['集美新城'],有,两梯四户,['2023-11-12'],['2022-02-11']
1922,['店长推荐 美地雅登两房客厅带阳台 格局方正'],https://xm.lianjia.com/ershoufang/105114607212.html,['185'],"['20,824元/平']",0人关注 ,2室2厅1厨1卫,['高楼层/共18层'],['南 北'],['平层/精装'],['88.84平米'],['2009年建'],['美地雅登祥吴二里'],['翔安'],['新店'],有,两梯三户,['2023-08-24'],['2015-08-18']
1923,['金庄花园 1室1厅 南'],https://xm.lianjia.com/ershoufang/105115696790.html,['193'],"['39,959元/平']",0人关注 ,1室1厅1厨1卫,['中楼层/共7层'],['南'],['平层/简装'],['48.3平米'],['2000年建'],['金庄花园'],['湖里'],['保税区'],无,暂无数据,['2023-12-26'],['2014-05-03']
1924,['翔安隧道口奥特莱斯旁、业主急售价格好谈'],https://xm.lianjia.com/ershoufang/105115752360.html,['229'],"['20,280元/平']",6人关注 ,4室2厅1厨2卫,['低楼层/共18层'],['南'],['平层/精装'],['112.92平米'],['2018年建'],['世茂御海墅'],['翔安'],['翔安新城'],有,两梯四户,['2024-01-02'],['2021-08-19']
1925,['诚意出售，朝南采光好，阳台带小露台看中庭，安静不吵'],https://xm.lianjia.com/ershoufang/105114049412.html,['266'],"['28,977元/平']",2人关注 ,4室2厅1厨2卫,['低楼层/共33层'],['南 北'],['复式/精装'],['91.8平米'],['未知年建'],['保利叁仟栋壹海里地块一'],['同安'],['环东海域'],有,两梯八户,['2023-06-22'],['2021-11-18']
1926,['电梯四房二厅二卫南北通透全明，花园小区低总价'],https://xm.lianjia.com/ershoufang/105109496713.html,['738'],"['60,059元/平']",9人关注 ,4室2厅1厨2卫,['中楼层/共8层'],['东 南 北'],['平层/简装'],['122.88平米'],['1992年建'],['华鸿花园'],['思明'],['禾祥西路'],有,一梯两户,['2021-12-17'],['2001-08-30']
1927,['环东海域大三房 精装修 拎包入住 诚意出售'],https://xm.lianjia.com/ershoufang/105111323140.html,['335'],"['25,961元/平']",0人关注 ,3室2厅1厨2卫,['低楼层/共32层'],['南 北'],['平层/精装'],['129.04平米'],['2017年建'],['金帝中洲滨海城'],['同安'],['环东海域'],有,两梯三户,['2022-08-24'],['2018-06-27']
1928,['集美桥头，泉水湾高层精装两房，夜景漂亮，看老城区'],https://xm.lianjia.com/ershoufang/105107274581.html,['307'],"['35,090元/平']",41人关注 ,2室2厅1厨2卫,['高楼层/共28层'],['南'],['平层/精装'],['87.49平米'],['2010年建'],['泉水湾一期'],['集美'],['集美其它'],有,两梯六户,['2021-05-09'],['2018-05-17']
1929,['总价低，诚意出售，繁华地段电梯两房'],https://xm.lianjia.com/ershoufang/105113764208.html,['458'],"['59,014元/平']",2人关注 ,2室1厅1厨1卫,['中楼层/共19层'],['东'],['平层/精装'],['77.61平米'],['1998年建'],['祥云公寓'],['思明'],['禾祥西路'],有,两梯十户,['2023-05-23'],['2017-02-24']
1930,['生活便利，BRT总站就在家门口，省优四幼！'],https://xm.lianjia.com/ershoufang/105111316068.html,['380'],"['46,615元/平']",3人关注 ,3室1厅1厨1卫,['高楼层/共7层'],['东'],['平层/简装'],['81.52平米'],['1999年建'],['前埔南区文兴东一里'],['思明'],['前埔'],无,暂无数据,['2022-08-23'],['2002-12-06']
1931,['此房满五，视野宽阔，采光充足，改好的两房'],https://xm.lianjia.com/ershoufang/105116626340.html,['173'],"['29,900元/平']",0人关注 ,2室1厅1厨1卫,['高楼层/共6层'],['东南'],['平层/简装'],['57.86平米'],['2004年建'],['金龙商城二期'],['海沧'],['海沧生活区'],无,暂无数据,['2024-04-09'],['2016-04-20']
1932,['莲花国际地铁大2房 业主稳定出售'],https://xm.lianjia.com/ershoufang/105114682206.html,['230'],"['25,250元/平']",3人关注 ,2室2厅1厨1卫,['高楼层/共16层'],['东南'],['平层/精装'],['91.09平米'],['2015年建'],['住宅莲花国际'],['集美'],['集美新城'],有,两梯三户,['2023-09-01'],['2016-06-06']
1933,['水晶公寓 高层海景 满5年 离校近'],https://xm.lianjia.com/ershoufang/105108896590.html,['2400'],"['89,134元/平']",12人关注 ,5室2厅1厨2卫,['低楼层/共30层'],['南 北'],['错层/精装'],['269.26平米'],['2009年建'],['海峡国际社区一期'],['思明'],['会展中心'],有,两梯两户,['2021-09-30'],['2016-05-19']
1934,['自住精装领包入住，厅朝南带阳台，看房方便'],https://xm.lianjia.com/ershoufang/105112196488.html,['173'],"['23,541元/平']",0人关注 ,2室2厅1厨1卫,['低楼层/共18层'],['南'],['平层/精装'],['73.49平米'],['2009年建'],['美地雅登祥吴二里'],['翔安'],['新店'],有,两梯四户,['2022-12-04'],['2016-01-08']
1935,['思北，电梯高层，朝南单身公寓，视野开阔，'],https://xm.lianjia.com/ershoufang/105113049714.html,['328'],"['73,924元/平']",3人关注 ,1室1厅1厨1卫,['高楼层/共31层'],['南'],['平层/简装'],['44.37平米'],['2004年建'],['源通中心'],['思明'],['思北'],有,六梯十七户,['2023-03-17'],['2013-03-19']
1936,['xue校旁 视野采光好 正规3房'],https://xm.lianjia.com/ershoufang/105112957542.html,['225'],"['25,017元/平']",0人关注 ,3室1厅1厨1卫,['中楼层/共16层'],['南'],['平层/精装'],['89.94平米'],['2014年建'],['中骏四季阳光'],['集美'],['厦门北站商业区'],有,两梯四户,['2023-03-10'],['2019-07-10']
1937,['看房约，使用面积大，业主诚意卖，看房时候陪'],https://xm.lianjia.com/ershoufang/105114971478.html,['230'],"['18,703元/平']",0人关注 ,4室2厅1厨2卫,['低楼层/共34层'],['南'],['错层/毛坯'],['122.98平米'],['2012年建'],['禹洲大学城'],['同安'],['集美其它'],有,三梯六户,['2023-10-06'],['2013-11-11']
1938,['思北2005年 复式楼中楼 电梯小高层，业主诚意出售'],https://xm.lianjia.com/ershoufang/105115856514.html,['450'],"['122,550元/平']",0人关注 ,2室1厅1厨1卫,['高楼层/共8层'],['南'],['跃层/简装'],['36.72平米'],['2005年建'],['虹霞大厦'],['思明'],['中山路'],有,两梯三十七户,['2024-01-13'],['2021-04-23']
1939,['IOI世茂商圈 配套好 精装三房 稳定出售'],https://xm.lianjia.com/ershoufang/105116074449.html,['378'],"['39,375元/平']",1人关注 ,3室2厅1厨1卫,['低楼层/共34层'],['东南'],['平层/精装'],['96平米'],['2017年建'],['IOI棕榈城'],['集美'],['集美新城'],有,两梯三户,['2024-02-20'],['2021-11-29']
1940,['抽教科院  总价低 少有低楼层湖滨E居精装单身公寓'],https://xm.lianjia.com/ershoufang/105116141338.html,['230'],"['61,367元/平']",0人关注 ,1室1厅1厨1卫,['低楼层/共6层'],['南'],['错层/简装'],['37.48平米'],['1986年建'],['湖滨E居'],['思明'],['禾祥西路'],无,暂无数据,['2024-02-26'],['2022-02-14']
1941,['业主自住装修，基本没住，诚意出售'],https://xm.lianjia.com/ershoufang/105115822818.html,['270'],"['28,964元/平']",0人关注 ,3室1厅1厨2卫,['中楼层/共32层'],['南 北'],['平层/精装'],['93.22平米'],['2020年建'],['国贸远洋天和'],['翔安'],['翔安新城'],有,两梯四户,['2024-01-09'],['2021-06-29']
1942,['带70平花园，交通便利，低总价，自住装修'],https://xm.lianjia.com/ershoufang/105115853628.html,['388'],"['44,696元/平']",0人关注 ,3室2厅1厨1卫,['低楼层/共7层'],['南'],['平层/精装'],['86.81平米'],['2001年建'],['大唐世家六期'],['湖里'],['大唐世家'],无,暂无数据,['2024-01-13'],['2010-07-22']
1943,['楼层好，视野宽阔，精装两房，全小区Z低价'],https://xm.lianjia.com/ershoufang/105115801590.html,['188'],"['26,506元/平']",1人关注 ,2室1厅1厨1卫,['中楼层/共15层'],['东南'],['平层/简装'],['70.93平米'],['2013年建'],['丰融尚城'],['集美'],['集美其它'],有,两梯六户,['2024-01-07'],['2021-01-15']
1944,['新出洪文BRT旁电梯2房，高层采光好'],https://xm.lianjia.com/ershoufang/105111765592.html,['590'],"['68,701元/平']",0人关注 ,2室1厅1厨1卫,['高楼层/共18层'],['南 北'],['简装'],['85.88平米'],['2010年建'],['洪山柄南区'],['思明'],['瑞景'],有,一梯四户,['2022-10-14'],['2011-12-28']
1945,['环东海域精装，诚意出售，户型好，阳光充足。'],https://xm.lianjia.com/ershoufang/105114950112.html,['152'],"['25,864元/平']",0人关注 ,2室1厅1厨1卫,['低楼层/共11层'],['南'],['平层/其他'],['58.77平米'],['2008年建'],['彩虹湾'],['同安'],['环东海域'],有,一梯两户,['2023-10-03'],['2014-03-03']
1946,['集美桥头，产权满二，高楼层南北通透三房'],https://xm.lianjia.com/ershoufang/105108616702.html,['336'],"['35,096元/平']",15人关注 ,3室2厅1厨1卫,['高楼层/共30层'],['南 北'],['平层/毛坯'],['95.74平米'],['2017年建'],['中央公园城'],['集美'],['集美其它'],有,两梯四户,['2021-09-02'],['2019-04-12']
1947,['绿苑新城三组团 正规2房户型 产权满5年 高层视野好'],https://xm.lianjia.com/ershoufang/105113782591.html,['387'],"['38,763元/平']",0人关注 ,2室2厅1厨1卫,['高楼层/共30层'],['南'],['平层/精装'],['99.84平米'],['2013年建'],['绿苑新城三组团'],['海沧'],['滨海社区'],有,两梯四户,['2023-05-25'],['2015-08-18']
1948,['精致小三房，精装修可拎包入住。'],https://xm.lianjia.com/ershoufang/105115524558.html,['268'],"['43,282元/平']",0人关注 ,3室1厅1厨1卫,['低楼层/共6层'],['南 北'],['平层/精装'],['61.92平米'],['未知年建'],['兴隆路75-77号'],['湖里'],['湖里大道'],暂无数据,暂无数据,['2023-12-05'],['2021-08-23']
1949,['此房大三房，满5年，，南临筼筜湖，西接体育馆'],https://xm.lianjia.com/ershoufang/105111150365.html,['746'],"['55,145元/平']",1人关注 ,3室2厅1厨2卫,['低楼层/共33层'],['西北'],['平层/简装'],['135.28平米'],['2003年建'],['育秀中心'],['思明'],['体育中心'],有,三梯五户,['2022-08-03'],['2006-05-11']
1950,['龙华里房子三房 看中庭 诚意出售'],https://xm.lianjia.com/ershoufang/105110045389.html,['463'],"['54,001元/平']",5人关注 ,3室2厅1厨1卫,['高楼层/共6层'],['南'],['平层/简装'],['85.74平米'],['1996年建'],['龙华里'],['思明'],['莲花'],无,暂无数据,['2022-03-13'],['2008-05-14']
1951,['火车站莲坂富山，03年3房，低总价'],https://xm.lianjia.com/ershoufang/105115362914.html,['488'],"['55,461元/平']",1人关注 ,3室2厅1厨1卫,['中楼层/共8层'],['东南'],['平层/精装'],['87.99平米'],['2003年建'],['福津大街（双涵路117-127）'],['思明'],['富山'],无,暂无数据,['2023-11-18'],['2008-04-09']
1952,['厅带阳台朝南，主卧带朝南，看小区中庭；使用面积大..'],https://xm.lianjia.com/ershoufang/105113036971.html,['498'],"['71,194元/平']",2人关注 ,3室2厅1厨1卫,['低楼层/共18层'],['南'],['平层/精装'],['69.95平米'],['2014年建'],['禾丰新景'],['思明'],['莲花'],有,两梯四户,['2023-03-16'],['2020-11-20']
1953,['汇景片区新复式 国贸品质社区视野好无遮挡，自住精装'],https://xm.lianjia.com/ershoufang/105111480493.html,['188'],"['27,815元/平']",0人关注 ,2室2厅1厨2卫,['低楼层/共40层'],['南 北'],['跃层/精装'],['67.59平米'],['未知年建'],['东城合院'],['翔安'],['新店'],有,四梯十户,['2022-09-11'],['2020-03-16']
1954,['新景天湖靠湖边的户型，入户花园厅朝南'],https://xm.lianjia.com/ershoufang/105115105452.html,['1050'],"['72,052元/平']",1人关注 ,5室2厅1厨3卫,['高楼层/共15层'],['南 北'],['平层/毛坯'],['145.73平米'],['2007年建'],['新景天湖广场'],['湖里'],['江头'],有,一梯两户,['2023-10-20'],['2016-06-16']
1955,['汇景新城，精装2房，满2年，省税，带 露台'],https://xm.lianjia.com/ershoufang/105109822880.html,['180'],"['27,718元/平']",12人关注 ,2室1厅1厨1卫,['低楼层/共16层'],['南 北'],['平层/精装'],['64.94平米'],['2011年建'],['汇景新城中心'],['翔安'],['新店'],有,两梯六户,['2022-02-18'],['2015-06-20']
1956,['室内安静，视野很远，通风采光很好，装修保养好'],https://xm.lianjia.com/ershoufang/105110078392.html,['210'],"['22,834元/平']",10人关注 ,3室2厅1厨1卫,['低楼层/共42层'],['东南'],['平层/精装'],['91.97平米'],['2017年建'],['万科广场幸福里'],['集美'],['厦门北站商业区'],有,三梯六户,['2022-03-19'],['2017-06-20']
1957,['前埔北区华林东盛花园 电梯高层一梯两户 厅带阳台'],https://xm.lianjia.com/ershoufang/105115260632.html,['610'],"['48,598元/平']",5人关注 ,3室2厅1厨2卫,['中楼层/共15层'],['南 北'],['平层/精装'],['125.52平米'],['2004年建'],['华林东盛花园一期'],['思明'],['前埔'],有,一梯两户,['2023-11-06'],['2016-03-03']
1958,['世茂二期 中楼层 复式三房 精装交付 拎包入住'],https://xm.lianjia.com/ershoufang/105112301985.html,['480'],"['45,258元/平']",2人关注 ,3室1厅1厨2卫,['中楼层/共33层'],['南'],['跃层/精装'],['106.06平米'],['2019年建'],['世茂璀璨天城二期'],['集美'],['集美新城'],有,两梯八户,['2022-12-18'],['2020-08-31']
1959,['绿苑三期 高层通透三房 精装修可直接入住  坐看海'],https://xm.lianjia.com/ershoufang/105115257427.html,['535'],"['43,778元/平']",2人关注 ,3室2厅2厨2卫,['中楼层/共30层'],['南'],['平层/精装'],['122.21平米'],['2014年建'],['绿苑新城三组团'],['海沧'],['滨海社区'],有,两梯四户,['2023-11-06'],['2019-08-05']
1960,['江头公园  SM旁3房2厅楼中楼'],https://xm.lianjia.com/ershoufang/105115155617.html,['615'],"['66,870元/平']",0人关注 ,3室2厅1厨2卫,['中楼层/共14层'],['南 北'],['复式/精装'],['91.97平米'],['2003年建'],['新景雅苑'],['湖里'],['江头'],有,一梯两户,['2023-10-25'],['2007-09-20']
1961,['牡丹酒店旁正规大三房电梯房交通方便客厅带阳台朝南呀'],https://xm.lianjia.com/ershoufang/105115508384.html,['698'],"['54,303元/平']",0人关注 ,3室2厅2厨2卫,['中楼层/共31层'],['南 北'],['平层/简装'],['128.54平米'],['2010年建'],['墩仔家园'],['思明'],['金鸡亭'],有,两梯六户,['2023-12-03'],['2017-11-03']
1962,['明发半岛祥湾B区 2室1厅 南'],https://xm.lianjia.com/ershoufang/105114384921.html,['205'],"['23,602元/平']",0人关注 ,2室1厅1厨1卫,['中楼层/共26层'],['南'],['平层/精装'],['86.86平米'],['2014年建'],['明发半岛祥湾B区'],['翔安'],['翔安新城'],有,两梯四户,['2023-07-31'],['2019-07-12']
1963,['大洲国际龙郡 挑空 使用两层 250平 人车分流'],https://xm.lianjia.com/ershoufang/105114531615.html,['1160'],"['89,972元/平']",1人关注 ,6室2厅2厨3卫,['中楼层/共19层'],['东南'],['复式/毛坯'],['128.93平米'],['2014年建'],['大洲国际龙郡'],['思明'],['前埔'],有,两梯四户,['2023-08-16'],['2021-08-10']
1964,['厦大老城区 人文烟火气 楼层位置佳 南北朝向正规两房'],https://xm.lianjia.com/ershoufang/105115214102.html,['432'],"['58,736元/平']",0人关注 ,2室2厅1厨1卫,['中楼层/共7层'],['南 北'],['平层/精装'],['73.55平米'],['1993年建'],['厦港新村'],['思明'],['厦大'],无,暂无数据,['2023-11-01'],['2005-09-13']
1965,['挑高楼中楼 一梯两户 南北 全明户型 使用面积大'],https://xm.lianjia.com/ershoufang/105112821013.html,['1070'],"['60,569元/平']",0人关注 ,4室2厅1厨4卫,['中楼层/共9层'],['南'],['跃层/毛坯'],['176.66平米'],['2010年建'],['香山海景苑'],['思明'],['前埔'],有,一梯两户,['2023-02-27'],['2021-04-07']
1966,['边套大平层视野好，前后无遮挡可看内海'],https://xm.lianjia.com/ershoufang/105113117972.html,['323'],"['28,044元/平']",4人关注 ,3室2厅1厨2卫,['中楼层/共32层'],['东南'],['平层/精装'],['115.18平米'],['2018年建'],['龙湖春江彼岸二期'],['海沧'],['马銮湾中心片区'],有,三梯六户,['2023-03-23'],['2020-08-05']
1967,['地铁2号线 狐尾山 白鹭洲 石亭小区 3房出售'],https://xm.lianjia.com/ershoufang/105115836003.html,['538'],"['57,553元/平']",0人关注 ,3室2厅1厨1卫,['低楼层/共6层'],['南 北'],['平层/简装'],['93.48平米'],['1994年建'],['石亭小区'],['思明'],['市政府'],无,暂无数据,['2024-01-11'],['2006-09-28']
1968,['联丰商城电梯精装大2房全明户型  南北向'],https://xm.lianjia.com/ershoufang/105115323436.html,['493'],"['50,046元/平']",0人关注 ,2室2厅1厨1卫,['高楼层/共6层'],['东南 南 西南 西'],['平层/精装'],['98.51平米'],['1999年建'],['联丰商城'],['思明'],['瑞景'],有,一梯四户,['2023-11-13'],['2017-05-23']
1969,['世茂璀璨天城 高层复式四房 得房率高 精装可拎包入住'],https://xm.lianjia.com/ershoufang/105112255814.html,['730'],"['59,739元/平']",0人关注 ,4室2厅1厨3卫,['高楼层/共33层'],['南'],['跃层/精装'],['122.2平米'],['2018年建'],['世茂璀璨天城一期'],['集美'],['集美新城'],有,两梯八户,['2022-12-11'],['2019-11-18']
1970,['联发滨海，电梯3房精装 高层 视野好'],https://xm.lianjia.com/ershoufang/105115696928.html,['1020'],"['77,762元/平']",0人关注 ,3室2厅1厨2卫,['高楼层/共29层'],['南 北'],['平层/精装'],['131.17平米'],['2012年建'],['联发滨海名居'],['思明'],['会展中心'],有,两梯四户,['2023-12-26'],['2013-09-17']
1971,['水晶湖郡 IOI 世茂 商圈 高层 毛坯  边套'],https://xm.lianjia.com/ershoufang/105114443402.html,['485'],"['36,696元/平']",0人关注 ,3室2厅1厨2卫,['高楼层/共31层'],['西南'],['平层/毛坯'],['132.17平米'],['2015年建'],['住宅·水晶湖郡'],['集美'],['集美新城'],有,两梯三户,['2023-08-06'],['2017-09-11']
1972,['小三房，进出岛交通便利，近会展体育新城'],https://xm.lianjia.com/ershoufang/105113880765.html,['225'],"['26,338元/平']",0人关注 ,3室2厅1厨1卫,['低楼层/共33层'],['南'],['平层/简装'],['85.43平米'],['2014年建'],['阳光城翡丽湾一期'],['翔安'],['翔安新城'],有,两梯六户,['2023-06-04'],['2016-04-22']
1973,['看房约，使用面积大，业主诚意卖，看房时候陪'],https://xm.lianjia.com/ershoufang/105114971478.html,['230'],"['18,703元/平']",0人关注 ,4室2厅1厨2卫,['低楼层/共34层'],['南'],['错层/毛坯'],['122.98平米'],['2012年建'],['禹洲大学城'],['同安'],['集美其它'],有,三梯六户,['2023-10-06'],['2013-11-11']
1974,['源盛花园 2室2厅 南 北'],https://xm.lianjia.com/ershoufang/105114864307.html,['550'],"['51,446元/平']",0人关注 ,2室2厅1厨1卫,['中楼层/共8层'],['南 北'],['平层/简装'],['106.91平米'],['1996年建'],['源盛花园'],['思明'],['松柏'],无,暂无数据,['2023-09-21'],['2020-09-01']
1975,['集安广场 人车分流 小区环境好 出行方便'],https://xm.lianjia.com/ershoufang/105106330280.html,['165'],"['27,237元/平']",1人关注 ,1室1厅1厨1卫,['高楼层/共18层'],['东南'],['平层/毛坯'],['60.58平米'],['2014年建'],['集安广场'],['集美'],['集美其它'],有,两梯五户,['2021-01-25'],['2021-08-16']
1976,['小区内架空层上，采光好，双阳台，户型方正'],https://xm.lianjia.com/ershoufang/105108243031.html,['488'],"['42,376元/平']",1人关注 ,3室2厅1厨2卫,['低楼层/共12层'],['南'],['平层/简装'],['115.16平米'],['2005年建'],['祥店新村'],['湖里'],['祥店'],有,两梯三户,['2021-08-04'],['2007-12-06']
1977,['海上世界旁，海景精装三房，业主诚意出售'],https://xm.lianjia.com/ershoufang/105110116385.html,['896'],"['78,302元/平']",15人关注 ,2室2厅1厨2卫,['高楼层/共30层'],['西 西南'],['跃层/精装'],['114.43平米'],['2011年建'],['国际邮轮城二期'],['湖里'],['邮轮城'],有,两梯四户,['2022-03-24'],['2015-11-30']
1978,['翔安隧道口 精装大三房 看中庭不吵+'],https://xm.lianjia.com/ershoufang/105110147628.html,['326'],"['25,660元/平']",1人关注 ,3室2厅1厨2卫,['中楼层/共39层'],['南'],['平层/精装'],['127.05平米'],['2015年建'],['阳光城翡丽湾二期'],['翔安'],['翔安新城'],有,两梯两户,['2022-03-28'],['2016-07-23']
1979,['此房满2年， 实际使用面积大  采光好'],https://xm.lianjia.com/ershoufang/105113439538.html,['780'],"['38,626元/平']",0人关注 ,5室1厅1厨3卫,['中楼层/共4层'],['南'],['跃层/简装'],['201.94平米'],['2012年建'],['招商海德公园一期'],['集美'],['集美其它'],无,暂无数据,['2023-04-21'],['2019-04-30']
1980,['满二，客厅阳台朝南，大二房中层，视野开阔'],https://xm.lianjia.com/ershoufang/105108078528.html,['353'],"['26,033元/平']",3人关注 ,3室2厅1厨2卫,['中楼层/共31层'],['南'],['平层/毛坯'],['135.6平米'],['2017年建'],['金帝中洲滨海城'],['同安'],['环东海域'],有,两梯四户,['2021-07-23'],['2018-09-18']
1981,['火车站 复式楼中楼 电梯2房 采光好'],https://xm.lianjia.com/ershoufang/105112141795.html,['396'],"['78,791元/平']",1人关注 ,2室2厅1厨2卫,['低楼层/共16层'],['南 北'],['跃层/简装'],['50.26平米'],['2005年建'],['官邸大厦'],['思明'],['富山'],有,六梯五十三户,['2022-11-27'],['2021-01-02']
1982,['俩房 俩房  俩房 俩房  大大大大 俩房来了'],https://xm.lianjia.com/ershoufang/105112174291.html,['308'],"['34,253元/平']",0人关注 ,2室1厅1厨2卫,['中楼层/共31层'],['东南 南'],['平层/精装'],['89.92平米'],['2015年建'],['莲花新城二期'],['集美'],['集美新城'],有,两梯四户,['2022-12-01'],['2020-07-14']
1983,['保利叁仟栋一期  精装3房2厅'],https://xm.lianjia.com/ershoufang/105108682401.html,['325'],"['34,527元/平']",7人关注 ,3室2厅1厨1卫,['高楼层/共46层'],['南'],['平层/精装'],['94.13平米'],['2017年建'],['保利叁仟栋一期'],['同安'],['环东海域'],有,两梯四户,['2021-09-08'],['2019-11-11']
1984,['二次精装、拎包入住、产权清晰满二、看海效果好、诚意'],https://xm.lianjia.com/ershoufang/105116435988.html,['172'],"['25,220元/平']",2人关注 ,2室2厅1厨2卫,['低楼层/共26层'],['东南'],['平层/精装'],['68.2平米'],['2018年建'],['保利叁仟栋二期'],['同安'],['环东海域'],有,两梯五户,['2024-03-21'],['2019-12-09']
1985,['首开 三房  户型好  便宜出售'],https://xm.lianjia.com/ershoufang/105111714877.html,['213'],"['18,698元/平']",2人关注 ,3室2厅1厨2卫,['低楼层/共34层'],['南 北'],['平层/毛坯'],['113.92平米'],['2018年建'],['首开领翔上郡三期'],['翔安'],['新店'],有,两梯四户,['2022-10-09'],['2020-04-23']
1986,['中间楼层，南北朝向，采光通风好，小区配套齐全'],https://xm.lianjia.com/ershoufang/105112713862.html,['360'],"['32,351元/平']",0人关注 ,3室2厅1厨2卫,['中楼层/共7层'],['南 北'],['平层/简装'],['111.28平米'],['2009年建'],['集美中心花园'],['集美'],['集美文教区'],无,暂无数据,['2023-02-18'],['2010-07-27']
1987,['前埔BRT旁电梯高层3房，业主诚意出售'],https://xm.lianjia.com/ershoufang/105116632016.html,['436'],"['44,572元/平']",0人关注 ,3室1厅1厨1卫,['中楼层/共19层'],['东 北'],['平层/精装'],['97.82平米'],['2003年建'],['国贸汇景'],['思明'],['前埔'],有,两梯七户,['2024-04-09'],['2004-05-25']
1988,['校门口，正规单身公寓，带煤气管道，带大阳台'],https://xm.lianjia.com/ershoufang/105115353422.html,['210'],"['70,994元/平']",0人关注 ,1室1厅1厨1卫,['低楼层/共7层'],['东'],['平层/简装'],['29.58平米'],['1998年建'],['富山花园紫荆苑'],['思明'],['莲坂'],无,暂无数据,['2023-11-17'],['2021-08-16']
1989,['前埔北区一里精装楼中楼诚意出售'],https://xm.lianjia.com/ershoufang/105115715778.html,['419'],"['56,907元/平']",1人关注 ,3室2厅1厨1卫,['高楼层/共6层'],['南 北'],['平层/精装'],['73.63平米'],['2001年建'],['前埔北区一里'],['思明'],['前埔'],无,暂无数据,['2023-12-28'],['2021-05-27']
1990,['一梯两户，南北 通透，标准大两房'],https://xm.lianjia.com/ershoufang/105115271410.html,['318'],"['35,683元/平']",0人关注 ,2室1厅1厨1卫,['低楼层/共7层'],['南 北'],['平层/简装'],['89.12平米'],['1999年建'],['长乐邨一期'],['湖里'],['殿前'],无,暂无数据,['2023-11-07'],['2009-05-12']
1991,['松柏  地铁口  4房楼中楼  户型方正'],https://xm.lianjia.com/ershoufang/105114299980.html,['770'],"['46,322元/平']",0人关注 ,3室3厅1厨2卫,['高楼层/共7层'],['东'],['复式/精装'],['166.23平米'],['未知年建'],['邦妮大厦'],['思明'],['松柏'],无,暂无数据,['2023-07-21'],['2003-04-02']
1992,['此房满2年， 实际使用面积大  采光好'],https://xm.lianjia.com/ershoufang/105113439538.html,['780'],"['38,626元/平']",0人关注 ,5室1厅1厨3卫,['中楼层/共4层'],['南'],['跃层/简装'],['201.94平米'],['2012年建'],['招商海德公园一期'],['集美'],['集美其它'],无,暂无数据,['2023-04-21'],['2019-04-30']
1993,['集美新城恒大帝景边套精装三室 业主诚意出售'],https://xm.lianjia.com/ershoufang/105115249634.html,['396'],"['32,730元/平']",0人关注 ,3室2厅1厨2卫,['中楼层/共30层'],['南'],['平层/精装'],['120.99平米'],['2019年建'],['恒大帝景'],['集美'],['集美新城'],有,两梯四户,['2023-11-05'],['2021-09-10']
1994,['定安小区高层电梯房诚售，户型方正，西南朝向。'],https://xm.lianjia.com/ershoufang/105112820067.html,['715'],"['90,541元/平']",2人关注 ,2室1厅1厨1卫,['高楼层/共13层'],['西南'],['平层/精装'],['78.97平米'],['1999年建'],['定安小区'],['思明'],['思明南路'],有,一梯五户,['2023-02-27'],['2010-11-29']
1995,['中式风格 楼栋安静 视野无遮挡 直看园博苑 夜景特美'],https://xm.lianjia.com/ershoufang/105113720465.html,['680'],"['58,880元/平']",0人关注 ,3室2厅1厨2卫,['高楼层/共33层'],['东南'],['平层/精装'],['115.49平米'],['2020年建'],['建发央著二期'],['集美'],['集美新城'],有,两梯四户,['2023-05-18'],['2021-11-18']
1996,['产权证满二，高层看海，采光好，视野好'],https://xm.lianjia.com/ershoufang/105107072810.html,['368'],"['29,587元/平']",5人关注 ,4室2厅1厨2卫,['高楼层/共33层'],['南'],['复式/毛坯'],['124.38平米'],['2014年建'],['阳光城翡丽湾一期'],['翔安'],['翔安新城'],有,两梯四户,['2021-04-20'],['2016-02-03']
1997,['电梯露台，南北，地铁后埔站200米，出租自住皆宜'],https://xm.lianjia.com/ershoufang/105114151222.html,['498'],"['42,423元/平']",0人关注 ,3室2厅1厨2卫,['低楼层/共7层'],['南 北'],['平层/简装'],['117.39平米'],['2000年建'],['天宇花园北区'],['湖里'],['金尚'],无,暂无数据,['2023-07-04'],['2013-10-17']
1998,['西雅图精装四房两卫，高层自住装修，拎包入住'],https://xm.lianjia.com/ershoufang/105114778858.html,['446'],"['32,175元/平']",0人关注 ,4室2厅1厨2卫,['中楼层/共45层'],['东南'],['平层/精装'],['138.62平米'],['2017年建'],['西雅图'],['海沧'],['海沧外国语片区'],有,三梯四户,['2023-09-12'],['2020-11-05']
1999,['台湾街 航空大厦 电梯高层大三房近地铁，出行方便'],https://xm.lianjia.com/ershoufang/105114958836.html,['550'],"['37,716元/平']",0人关注 ,3室2厅1厨3卫,['低楼层/共26层'],['东南'],['平层/精装'],['145.83平米'],['1997年建'],['航空大厦'],['湖里'],['江头'],有,四梯十二户,['2023-10-04'],['2020-05-26']
2000,['新景七星  府 邸  南北通透 标准三房  高层 楼中楼'],https://xm.lianjia.com/ershoufang/105108910959.html,['668'],"['52,356元/平']",1人关注 ,3室2厅1厨2卫,['高楼层/共28层'],['南 北'],['跃层/简装'],['127.59平米'],['2017年建'],['新景七星府邸'],['湖里'],['金尚'],有,两梯四户,['2021-10-02'],['2020-09-09']
2001,['小区门口就是公园，07年电梯，复式楼中楼，客厅挑空。'],https://xm.lianjia.com/ershoufang/105110739689.html,['790'],"['79,879元/平']",1人关注 ,3室2厅1厨2卫,['中楼层/共12层'],['南 北'],['复式/精装'],['98.9平米'],['2007年建'],['新景天湖广场'],['湖里'],['江头'],有,一梯两户,['2022-06-13'],['2008-05-08']
2002,['岛内17年次新房 带独立露台 真正南 北通透 全明户型'],https://xm.lianjia.com/ershoufang/105107349470.html,['686'],"['48,584元/平']",13人关注 ,2室1厅1厨2卫,['低楼层/共28层'],['北 南'],['平层/精装'],['141.2平米'],['2015年建'],['新景七星府邸'],['湖里'],['金尚'],有,两梯四户,['2021-05-18'],['2018-09-12']
2003,['万象城边上 双地铁口南北通透空户采光户型好'],https://xm.lianjia.com/ershoufang/105115311299.html,['350'],"['53,963元/平']",1人关注 ,2室1厅1厨1卫,['高楼层/共7层'],['南 北'],['平层/简装'],['64.86平米'],['未知年建'],['湖滨东路'],['思明'],['火车站'],无,暂无数据,['2023-11-12'],['2016-03-31']
2004,['五缘湾 正规三房 格局方正 带窗户 通风好 总价低'],https://xm.lianjia.com/ershoufang/105104684668.html,['690'],"['71,025元/平']",5人关注 ,3室2厅1厨2卫,['低楼层/共17层'],['南 北'],['平层/精装'],['97.15平米'],['2010年建'],['源昌鑫海湾'],['湖里'],['五缘湾'],有,一梯两户,['2020-06-26'],['2012-07-30']
2005,['南北通透格局，低楼层，视野宽阔，采光充足'],https://xm.lianjia.com/ershoufang/105108278443.html,['1060'],"['80,115元/平']",0人关注 ,5室2厅1厨3卫,['低楼层/共17层'],['南 北'],['平层/简装'],['132.31平米'],['2010年建'],['源昌鑫海湾'],['湖里'],['五缘湾'],有,一梯两户,['2021-08-06'],['2017-04-20']
2006,['SM商圈乌石浦地铁口南北通透正规大两房'],https://xm.lianjia.com/ershoufang/105113656446.html,['280'],"['36,497元/平']",0人关注 ,3室1厅1厨1卫,['高楼层/共7层'],['南 北'],['平层/简装'],['76.72平米'],['2000年建'],['梅阳花园'],['湖里'],['SM'],无,暂无数据,['2023-05-12'],['2023-01-15']
2007,['产权满2年两房，朝南采光好，视野开阔'],https://xm.lianjia.com/ershoufang/105113686255.html,['668'],"['137,506元/平']",0人关注 ,2室2厅1厨1卫,['低楼层/共16层'],['东 南'],['平层/简装'],['48.58平米'],['2010年建'],['源昌鑫海湾'],['湖里'],['五缘湾'],有,两梯三户,['2023-05-15'],['2013-03-07']
2008,['全明格局户型方正格局方正业主诚意出售采光通风好'],https://xm.lianjia.com/ershoufang/105112807579.html,['549'],"['44,693元/平']",0人关注 ,3室2厅1厨2卫,['中楼层/共9层'],['西 北'],['平层/精装'],['122.84平米'],['1999年建'],['永升彩虹花园'],['湖里'],['金尚'],无,暂无数据,['2023-02-26'],['2016-04-25']
2009,['翔安区政府旁，正规3房，户型方正，高楼层，视野好。'],https://xm.lianjia.com/ershoufang/105111987243.html,['199'],"['19,741元/平']",1人关注 ,3室1厅1厨1卫,['高楼层/共33层'],['南'],['平层/毛坯'],['100.81平米'],['2017年建'],['首开领翔上郡二期'],['翔安'],['新店'],有,两梯四户,['2022-11-09'],['2018-11-19']
2010,['汇景边上，经典三房，南北 对流，高层视野好'],https://xm.lianjia.com/ershoufang/105103648895.html,['218'],"['21,630元/平']",21人关注 ,3室2厅1厨1卫,['低楼层/共33层'],['东南'],['平层/毛坯'],['100.79平米'],['2017年建'],['首开领翔上郡二期'],['翔安'],['新店'],有,两梯四户,['2020-01-03'],['2018-11-23']
2011,['实验旁 正规精装三房  南北通透 有电梯 930万'],https://xm.lianjia.com/ershoufang/105110295260.html,['930'],"['91,106元/平']",2人关注 ,3室1厅1厨1卫,['中楼层/共14层'],['南 北'],['平层/简装'],['102.08平米'],['2001年建'],['广播电台综合楼'],['思明'],['实验小学及周边'],有,两梯五户,['2022-04-15'],['2019-07-10']
2012,['汇景单身公寓 高层视野好 无遮挡'],https://xm.lianjia.com/ershoufang/105114186096.html,['110'],"['23,636元/平']",0人关注 ,1室0厅0厨1卫,['高楼层/共18层'],['南 北'],['平层/简装'],['46.54平米'],['2010年建'],['汇景新城中心'],['翔安'],['新店'],有,两梯十七户,['2023-07-07'],['2017-01-13']
2013,['新景国际外滩空间大视野好海景楼中楼'],https://xm.lianjia.com/ershoufang/105108470858.html,['1280'],"['117,951元/平']",13人关注 ,4室2厅1厨2卫,['低楼层/共16层'],['南 北'],['跃层/简装'],['108.52平米'],['2014年建'],['新景国际外滩'],['湖里'],['五缘湾'],有,两梯四户,['2021-08-21'],['2015-12-28']
2014,['国贸润园 边套看海大平层 装修好 保养新'],https://xm.lianjia.com/ershoufang/105106491225.html,['1350'],"['79,948元/平']",79人关注 ,4室2厅1厨2卫,['高楼层/共21层'],['东 南 北'],['平层/精装'],['168.86平米'],['2014年建'],['国贸润园'],['湖里'],['五缘湾'],有,两梯两户,['2021-02-27'],['2019-06-27']
2015,['五缘湾 特房五缘尊府 带露台三房 南北通透 使用面积大'],https://xm.lianjia.com/ershoufang/105104236097.html,['1213'],"['96,370元/平']",26人关注 ,3室2厅1厨2卫,['中楼层/共26层'],['东 南 北'],['平层/精装'],['125.87平米'],['2012年建'],['特房五缘尊府'],['湖里'],['五缘湾'],有,两梯三户,['2020-05-01'],['2015-04-09']
2016,['火车站大3房，公摊小 得房高 闹中取静'],https://xm.lianjia.com/ershoufang/105112367232.html,['628'],"['44,692元/平']",0人关注 ,3室2厅1厨2卫,['高楼层/共7层'],['东 西 南'],['平层/简装'],['140.52平米'],['1998年建'],['红杏花园'],['思明'],['火车站'],无,暂无数据,['2023-01-01'],['2019-01-15']
2017,['汇景片区新复式 国贸品质社区，视野好无遮挡，'],https://xm.lianjia.com/ershoufang/105112714556.html,['160'],"['23,846元/平']",3人关注 ,2室2厅1厨2卫,['中楼层/共40层'],['南'],['跃层/精装'],['67.1平米'],['2019年建'],['东城合院'],['翔安'],['新店'],有,四梯十户,['2023-02-18'],['2020-04-23']
2018,['封闭小区两房带电梯高层采光好 视野好无遮挡'],https://xm.lianjia.com/ershoufang/105108193043.html,['560'],"['56,807元/平']",15人关注 ,2室1厅1厨1卫,['高楼层/共29层'],['东南 北'],['平层/简装'],['98.58平米'],['2009年建'],['森海丽景'],['思明'],['火车站'],有,三梯四户,['2021-08-01'],['2010-10-22']
2019,['隧道口 法式园林 高层  大三房'],https://xm.lianjia.com/ershoufang/105114842373.html,['309'],"['24,557元/平']",0人关注 ,3室1厅1厨2卫,['高楼层/共31层'],['南 北'],['平层/精装'],['125.83平米'],['2015年建'],['阳光城翡丽湾二期'],['翔安'],['翔安新城'],有,两梯四户,['2023-09-18'],['2017-05-31']
2020,['五月花紧凑三房 独特魅力 无浪费空间'],https://xm.lianjia.com/ershoufang/105107298518.html,['330'],"['35,389元/平']",18人关注 ,3室2厅1厨2卫,['低楼层/共35层'],['南 北'],['平层/毛坯'],['93.25平米'],['2014年建'],['海上五月花三期'],['集美'],['集美其它'],有,两梯六户,['2021-05-12'],['2015-12-22']
2021,['精装修三房，楼层好，视野开阔，诚意出售。'],https://xm.lianjia.com/ershoufang/105109394940.html,['345'],"['34,024元/平']",18人关注 ,3室1厅1厨1卫,['中楼层/共31层'],['南'],['平层/精装'],['101.4平米'],['2015年建'],['禹洲中央海岸一期'],['集美'],['杏林桥头'],有,三梯六户,['2021-12-04'],['2015-01-09']
2022,['新景国际外滩，B户型，高层，位置好'],https://xm.lianjia.com/ershoufang/105113060757.html,['1249'],"['135,747元/平']",0人关注 ,4室2厅1厨2卫,['高楼层/共16层'],['东南'],['平层/简装'],['92.01平米'],['2017年建'],['新景国际外滩'],['湖里'],['五缘湾'],有,两梯四户,['2023-03-18'],['2018-03-17']
2023,['五缘湾 中铁元湾 中庭位置 楼层位置均适合购房需求'],https://xm.lianjia.com/ershoufang/105111655156.html,['2480'],"['105,546元/平']",1人关注 ,4室2厅1厨3卫,['中楼层/共17层'],['南 北'],['平层/毛坯'],['234.97平米'],['2015年建'],['中铁元湾'],['湖里'],['五缘湾'],有,三梯两户,['2022-09-30'],['2019-03-26']
2024,['杏林桥头，满五*，通透大三房，高层看海'],https://xm.lianjia.com/ershoufang/105106460308.html,['350'],"['28,507元/平']",40人关注 ,3室2厅1厨2卫,['中楼层/共49层'],['东南'],['平层/简装'],['122.78平米'],['2015年建'],['联发杏林湾一号三期'],['集美'],['杏林桥头'],有,三梯六户,['2021-02-24'],['2016-06-27']
2025,['产权满二，精装三房两卫，采光好，高楼层。视野佳。'],https://xm.lianjia.com/ershoufang/105109294450.html,['300'],"['36,219元/平']",54人关注 ,3室2厅1厨2卫,['高楼层/共30层'],['西南'],['平层/精装'],['82.83平米'],['2017年建'],['橡树湾四期'],['集美'],['杏北'],有,两梯五户,['2021-11-21'],['2018-01-05']
2026,['联发杏林湾一号精装自住大三房，临海一线居住舒适'],https://xm.lianjia.com/ershoufang/105107999221.html,['544.9'],"['33,740元/平']",24人关注 ,3室2厅1厨2卫,['低楼层/共26层'],['南 北'],['平层/精装'],['161.5平米'],['2015年建'],['联发杏林湾一号三期'],['集美'],['杏林桥头'],有,两梯两户,['2021-07-17'],['2016-06-30']
2027,['海德公园洋房复式楼中楼，利用率高'],https://xm.lianjia.com/ershoufang/105105616000.html,['700'],"['50,248元/平']",18人关注 ,5室2厅1厨3卫,['高楼层/共6层'],['东北 西南'],['简装'],['139.31平米'],['2015年建'],['招商海德公馆二期'],['集美'],['集美其它'],有,一梯两户,['2020-10-25'],['2016-09-23']
2028,['看中庭B户型，朝南双阳台，毛坯'],https://xm.lianjia.com/ershoufang/105113062870.html,['950'],"['101,550元/平']",2人关注 ,1室1厅1厨1卫,['中楼层/共16层'],['南 北'],['复式/毛坯'],['93.55平米'],['2014年建'],['新景国际外滩'],['湖里'],['五缘湾'],有,两梯四户,['2023-03-19'],['2010-01-01']
2029,['新景天湖靠湖边的户型，入户花园厅朝南'],https://xm.lianjia.com/ershoufang/105115105452.html,['1050'],"['72,052元/平']",1人关注 ,5室2厅1厨3卫,['高楼层/共15层'],['南 北'],['平层/毛坯'],['145.73平米'],['2007年建'],['新景天湖广场'],['湖里'],['江头'],有,一梯两户,['2023-10-20'],['2016-06-16']
2030,['汇景新城，精装2房，满2年，省税，带 露台'],https://xm.lianjia.com/ershoufang/105109822880.html,['180'],"['27,718元/平']",12人关注 ,2室1厅1厨1卫,['低楼层/共16层'],['南 北'],['平层/精装'],['64.94平米'],['2011年建'],['汇景新城中心'],['翔安'],['新店'],有,两梯六户,['2022-02-18'],['2015-06-20']
2031,['台湾街福洋花园精装修两房，小区闹中取静！'],https://xm.lianjia.com/ershoufang/105115067195.html,['299'],"['50,885元/平']",0人关注 ,2室1厅1厨1卫,['中楼层/共6层'],['东'],['平层/简装'],['58.76平米'],['未知年建'],['福洋花园'],['湖里'],['江头'],无,暂无数据,['2023-10-16'],['2012-06-06']
2032,['边套大平层视野好，前后无遮挡可看内海'],https://xm.lianjia.com/ershoufang/105113117972.html,['323'],"['28,044元/平']",4人关注 ,3室2厅1厨2卫,['中楼层/共32层'],['东南'],['平层/精装'],['115.18平米'],['2018年建'],['龙湖春江彼岸二期'],['海沧'],['马銮湾中心片区'],有,三梯六户,['2023-03-23'],['2020-08-05']
2033,['联丰商城电梯精装大2房全明户型  南北向'],https://xm.lianjia.com/ershoufang/105115323436.html,['493'],"['50,046元/平']",0人关注 ,2室2厅1厨1卫,['高楼层/共6层'],['东南 南 西南 西'],['平层/精装'],['98.51平米'],['1999年建'],['联丰商城'],['思明'],['瑞景'],有,一梯四户,['2023-11-13'],['2017-05-23']
2034,['降60万！安家在美丽的湖边！225平大house仅售1339万！'],https://xm.lianjia.com/ershoufang/105110012716.html,['1099'],"['48,806元/平']",16人关注 ,5室2厅1厨3卫,['低楼层/共31层'],['南 北'],['平层/精装'],['225.18平米'],['2012年建'],['融景湾'],['湖里'],['湖边水库'],有,三梯两户,['2022-03-10'],['2016-05-03']
2035,['恒亿尚品湾一线海景两房毛坯看马拉松无遮挡'],https://xm.lianjia.com/ershoufang/105110473092.html,['260'],"['28,641元/平']",6人关注 ,2室1厅1厨1卫,['高楼层/共27层'],['东南'],['平层/毛坯'],['90.78平米'],['2017年建'],['恒亿尚品湾（1/2/5/6期）'],['同安'],['环东海域'],有,两梯三户,['2022-05-08'],['2019-09-02']
2036,['地铁2号线旁精明房型稳定出售。'],https://xm.lianjia.com/ershoufang/105104545791.html,['258'],"['45,447元/平']",31人关注 ,2室1厅1厨1卫,['低楼层/共28层'],['西'],['平层/简装'],['56.77平米'],['2005年建'],['振华大厦'],['湖里'],['邮轮城'],有,两梯二十四户,['2020-06-08'],['2004-12-24']
2037,['莲花禾丰新景次新花园小区，明厨明卫，户型方正'],https://xm.lianjia.com/ershoufang/105114202175.html,['516'],"['74,149元/平']",2人关注 ,2室2厅1厨1卫,['中楼层/共18层'],['南'],['平层/简装'],['69.59平米'],['2017年建'],['禾丰新景'],['思明'],['莲花'],有,两梯四户,['2023-07-09'],['2018-03-19']
2038,['云海山庄，看海别墅。东南北无遮挡！毛坯随意发挥。'],https://xm.lianjia.com/ershoufang/105106364081.html,['1550'],"['69,188元/平']",75人关注 ,5室2厅1厨3卫,['共5层'],['东南 北'],['复式/毛坯'],['224.03平米'],['未知年建'],['云海山庄'],['思明'],['黄厝'],,,['2021-01-31'],['1997-10-28']
2039,['出岛首站家门口的BRT！一线海景房！'],https://xm.lianjia.com/ershoufang/105107427345.html,['175'],"['37,692元/平']",8人关注 ,1室0厅1厨1卫,['高楼层/共20层'],['南'],['平层/简装'],['46.43平米'],['2010年建'],['古龙御景一期北区'],['集美'],['集美其它'],有,两梯四户,['2021-05-25'],['2014-04-04']
2040,['嘉庚体育馆南北通风格局方正，自己住装修，真材实料'],https://xm.lianjia.com/ershoufang/105113553039.html,['410'],"['29,812元/平']",0人关注 ,3室2厅1厨2卫,['高楼层/共34层'],['南'],['平层/精装'],['137.53平米'],['2017年建'],['国贸商城同悦'],['集美'],['集美其它'],有,两梯三户,['2023-05-03'],['2018-01-11']
2041,['翔安两房，户型方正，房东急售价格好谈'],https://xm.lianjia.com/ershoufang/105113992146.html,['102'],"['14,079元/平']",1人关注 ,2室2厅1厨1卫,['中楼层/共18层'],['南 北'],['平层/精装'],['72.45平米'],['2016年建'],['中澳城'],['翔安'],['翔安其他'],有,两梯四户,['2023-06-15'],['2018-11-29']
2042,['满五年省税 朝南大两房高楼层，双阳台，精装拎包入住'],https://xm.lianjia.com/ershoufang/105112725385.html,['300'],"['34,033元/平']",2人关注 ,2室2厅1厨1卫,['高楼层/共24层'],['南 北'],['平层/精装'],['88.15平米'],['2012年建'],['泉水湾二期'],['集美'],['集美其它'],有,两梯四户,['2023-02-19'],['2013-05-14']
2043,['瑞景电梯朝南两房 生活，交通，方便'],https://xm.lianjia.com/ershoufang/105113228139.html,['390'],"['48,763元/平']",5人关注 ,2室1厅1厨1卫,['中楼层/共12层'],['南'],['平层/简装'],['79.98平米'],['2001年建'],['联丰商城二期'],['思明'],['瑞景'],有,两梯八户,['2023-04-02'],['2006-08-29']
2044,['地铁口 振华大厦 紧凑楼中楼 带4阳台 产权在手s'],https://xm.lianjia.com/ershoufang/105105464875.html,['752'],"['47,674元/平']",20人关注 ,6室0厅1厨3卫,['中楼层/共28层'],['西北'],['跃层/简装'],['157.74平米'],['2005年建'],['振华大厦'],['湖里'],['邮轮城'],有,三梯八户,['2020-10-05'],['2002-11-19']
2045,['火车站人车分流花园小区 电梯高层朝南日照充足 空气好'],https://xm.lianjia.com/ershoufang/105114771446.html,['503'],"['57,322元/平']",0人关注 ,2室2厅1厨1卫,['中楼层/共11层'],['东 南'],['平层/精装'],['87.75平米'],['2005年建'],['自然家园'],['思明'],['火车站'],有,一梯四户,['2023-09-11'],['2015-11-03']
2046,['急售，业主诚意卖，房东急售，随时签约'],https://xm.lianjia.com/ershoufang/105116662472.html,['100'],"['13,803元/平']",2人关注 ,2室1厅1厨1卫,['中楼层/共18层'],['南'],['平层/精装'],['72.45平米'],['2018年建'],['中澳城'],['翔安'],['翔安其他'],有,两梯四户,['2024-04-12'],['2019-08-19']
2047,['装修好，南北通透，楼层好，光线好'],https://xm.lianjia.com/ershoufang/105116026902.html,['340'],"['48,614元/平']",0人关注 ,2室1厅1厨1卫,['中楼层/共7层'],['南 北'],['平层/精装'],['69.94平米'],['1998年建'],['金尚小区'],['湖里'],['金尚'],无,暂无数据,['2024-02-16'],['2018-09-10']
2048,['低首付，小复式户型。采光好，业主诚意出售'],https://xm.lianjia.com/ershoufang/105111744685.html,['66'],"['12,622元/平']",1人关注 ,1室1厅1厨1卫,['低楼层/共22层'],['东南'],['平层/毛坯'],['52.29平米'],['2018年建'],['海西9号'],['翔安'],['翔安新城'],有,两梯三十二户,['2022-10-12'],['2021-04-14']
2049,['文灶封闭小区。不沿街环境优美，绿化好。'],https://xm.lianjia.com/ershoufang/105108944535.html,['1126'],"['70,375元/平']",3人关注 ,3室2厅1厨2卫,['低楼层/共8层'],['南 北'],['平层/简装'],['160平米'],['2000年建'],['鹭腾花园'],['思明'],['火车站'],有,一梯两户,['2021-10-07'],['2004-03-02']
2050,['新出 滨北16年次新房 高楼层看海 精装4房拎包入住'],https://xm.lianjia.com/ershoufang/105111476651.html,['1500'],"['83,533元/平']",1人关注 ,4室2厅1厨2卫,['高楼层/共39层'],['西北'],['平层/精装'],['179.57平米'],['2016年建'],['信和银湖天峰'],['思明'],['市政府'],有,七梯二十三户,['2022-09-11'],['2017-09-22']
2051,['思明区 岳阳小区 两房 南北通透 采光好 小区中间位置'],https://xm.lianjia.com/ershoufang/105110310778.html,['349'],"['55,966元/平']",40人关注 ,2室1厅1厨1卫,['高楼层/共7层'],['南 北'],['平层/简装'],['62.36平米'],['1994年建'],['岳阳西里'],['思明'],['岳阳社区'],无,暂无数据,['2022-04-17'],['2006-11-28']
2052,['地铁口两房 好楼层 一梯两户 南北通透 全明户型'],https://xm.lianjia.com/ershoufang/105116478855.html,['255'],"['49,067元/平']",1人关注 ,2室1厅1厨1卫,['低楼层/共7层'],['南 北'],['平层/简装'],['51.97平米'],['1995年建'],['岳阳西里'],['思明'],['岳阳社区'],无,暂无数据,['2024-03-25'],['2021-06-16']
2053,['厅带阳台，全明格局，三面采光，采光通透性好'],https://xm.lianjia.com/ershoufang/105109677450.html,['580'],"['57,284元/平']",4人关注 ,3室2厅1厨1卫,['中楼层/共8层'],['南 北'],['平层/简装'],['101.25平米'],['1999年建'],['瑞景新村宾鸿苑'],['思明'],['瑞景'],无,暂无数据,['2022-01-15'],['2009-11-02']
2054,['集美新城上叠别墅，南北通透，实际使用三层'],https://xm.lianjia.com/ershoufang/105109675367.html,['760'],"['50,146元/平']",1人关注 ,4室2厅1厨2卫,['高楼层/共6层'],['南 北'],['跃层/精装'],['151.56平米'],['2019年建'],['国贸天悦'],['集美'],['杏北'],有,一梯两户,['2022-01-15'],['2020-06-19']
2055,['环东海域 金帝复式楼 朝南带阳台  温馨舒适'],https://xm.lianjia.com/ershoufang/105113159838.html,['260'],"['30,339元/平']",0人关注 ,3室2厅1厨2卫,['高楼层/共10层'],['南'],['跃层/毛坯'],['85.7平米'],['未知年建'],['金帝中洲滨海城二期'],['同安'],['环东海域'],有,两梯十户,['2023-03-27'],['2019-08-21']
2056,['新景七星 府 邸 高层 东南北 客厅带阳台朝南 全明结构'],https://xm.lianjia.com/ershoufang/105114366305.html,['730'],"['53,328元/平']",0人关注 ,3室2厅1厨2卫,['中楼层/共28层'],['南 北'],['平层/简装'],['136.89平米'],['2017年建'],['新景七星府邸'],['湖里'],['金尚'],有,两梯四户,['2023-07-29'],['2020-08-25']
2057,['莲板外文图书 地铁 一旁 楼层好居住安静 有钥匙'],https://xm.lianjia.com/ershoufang/105113288754.html,['705'],"['61,066元/平']",0人关注 ,3室2厅1厨2卫,['高楼层/共18层'],['西北'],['平层/简装'],['115.45平米'],['2004年建'],['美迪斯小区'],['思明'],['富山'],有,一梯四户,['2023-04-08'],['2019-06-19']
2058,['莲坂地 铁口，电梯，视野采光好，空户 交通便利'],https://xm.lianjia.com/ershoufang/105116415906.html,['226'],"['65,890元/平']",0人关注 ,1室1厅1厨1卫,['低楼层/共23层'],['南'],['平层/精装'],['34.3平米'],['2004年建'],['裕发广场'],['思明'],['富山'],有,三梯二十二户,['2024-03-20'],['2020-02-01']
2059,['假日花园\u3000地铁ＢＲＴ旁\u3000边全套\u3000两房\u3000采光好\u3000空户'],https://xm.lianjia.com/ershoufang/105114689434.html,['298'],"['61,254元/平']",1人关注 ,2室1厅1厨1卫,['中楼层/共16层'],['东南'],['平层/精装'],['48.65平米'],['2002年建'],['假日花园'],['思明'],['火车站'],有,两梯十户,['2023-09-02'],['2020-12-21']
2060,['台北新村使用200平楼中楼，可种花种菜带露台'],https://xm.lianjia.com/ershoufang/105116668424.html,['386'],"['62,329元/平']",0人关注 ,3室2厅1厨2卫,['高楼层/共9层'],['南 北'],['平层/精装'],['61.93平米'],['1996年建'],['台北新村'],['湖里'],['南山路'],无,暂无数据,['2024-04-13'],['2002-08-01']
2061,['产权满2年， 产权清晰没按揭，朝南户型，看海看桥'],https://xm.lianjia.com/ershoufang/105111820242.html,['365'],"['25,996元/平']",2人关注 ,3室1厅1厨2卫,['中楼层/共11层'],['南 北'],['平层/精装'],['140.41平米'],['2015年建'],['丰融尚城'],['集美'],['集美其它'],有,两梯六户,['2022-10-20'],['2014-06-11']
2062,['此房格局方正，双阳台，厅带阳台朝南，日照充足'],https://xm.lianjia.com/ershoufang/105112033718.html,['368'],"['42,961元/平']",0人关注 ,2室2厅1厨1卫,['中楼层/共9层'],['南 北'],['平层/简装'],['85.66平米'],['2001年建'],['云亭花园'],['思明'],['金鸡亭'],无,暂无数据,['2022-11-14'],['2003-12-04']
2063,['近集美桥头嘉庚体育馆，楼层好户型好，总楼层视野宽阔'],https://xm.lianjia.com/ershoufang/105114438015.html,['225'],"['22,265元/平']",0人关注 ,3室2厅1厨2卫,['低楼层/共35层'],['南 西南'],['错层/精装'],['101.06平米'],['2012年建'],['禹洲大学城'],['同安'],['集美其它'],有,三梯六户,['2023-08-05'],['2015-04-13']
2064,['五月花五期精装3房，无遮挡看房方便；游泳池看海'],https://xm.lianjia.com/ershoufang/105111125655.html,['329'],"['35,607元/平']",0人关注 ,3室1厅1厨1卫,['中楼层/共33层'],['东南'],['平层/精装'],['92.4平米'],['2015年建'],['海上五月花五期'],['同安'],['集美其它'],有,两梯四户,['2022-07-31'],['2016-08-30']
2065,['火车站旁 朝南  3房 高层 带空中花园 万象城边上'],https://xm.lianjia.com/ershoufang/105112107524.html,['782'],"['66,120元/平']",2人关注 ,3室1厅1厨1卫,['高楼层/共32层'],['西南 北'],['平层/精装'],['118.27平米'],['1997年建'],['凯旋广场'],['思明'],['火车站'],有,三梯八户,['2022-11-23'],['2019-03-18']
2066,['世茂湖滨首府D区 4室1厅 东南 南'],https://xm.lianjia.com/ershoufang/105116227724.html,['1380'],"['72,011元/平']",0人关注 ,4室1厅1厨2卫,['中楼层/共41层'],['东南 南'],['平层/精装'],['191.64平米'],['2013年建'],['世茂湖滨首府D区'],['湖里'],['湖边水库'],有,三梯三户,['2024-03-04'],['2014-09-03']
2067,['2005年 邮轮城地铁口  鹭槟大厦首付100万 买电梯两房s'],https://xm.lianjia.com/ershoufang/105114343554.html,['388'],"['55,295元/平']",0人关注 ,2室1厅1厨1卫,['中楼层/共31层'],['东 南'],['平层/简装'],['70.17平米'],['2005年建'],['鹭槟大厦'],['湖里'],['邮轮城'],有,三梯二十三户,['2023-07-26'],['2017-02-14']
2068,['特房樾琴湾 精装3房 温馨舒适'],https://xm.lianjia.com/ershoufang/105115497107.html,['180'],"['23,089元/平']",1人关注 ,3室1厅1厨1卫,['低楼层/共31层'],['南'],['平层/精装'],['77.96平米'],['2020年建'],['特房樾琴湾'],['同安'],['环东海域'],暂无数据,暂无数据,['2023-12-02'],['2021-05-28']
2069,['集美新城 龙湖品质 近地铁 中层采光好 使用面积大诚售'],https://xm.lianjia.com/ershoufang/105112767927.html,['403'],"['41,106元/平']",0人关注 ,4室2厅1厨2卫,['低楼层/共34层'],['南 东 西'],['复式/毛坯'],['98.04平米'],['2017年建'],['龙湖春江郦城二期'],['集美'],['杏北'],有,两梯六户,['2023-02-23'],['2018-10-31']
2070,['地铁口，二次精装80万，奢居大4房，新社区，西雅图'],https://xm.lianjia.com/ershoufang/105116048463.html,['568'],"['26,859元/平']",0人关注 ,4室1厅1厨3卫,['中楼层/共44层'],['南 北'],['平层/精装'],['211.48平米'],['2017年建'],['西雅图'],['海沧'],['海沧外国语片区'],有,三梯三户,['2024-02-18'],['2019-02-18']
2071,['华铃花园中庭楼栋，两梯四户。精装拎包入住诚意出售'],https://xm.lianjia.com/ershoufang/105115203199.html,['160'],"['26,513元/平']",1人关注 ,2室1厅1厨1卫,['高楼层/共18层'],['南'],['平层/精装'],['60.35平米'],['2014年建'],['华铃花园'],['集美'],['杏东'],有,两梯四户,['2023-10-31'],['2021-01-19']
2072,['近湖心岛 全屋精装  高配 2.5房 宜居'],https://xm.lianjia.com/ershoufang/105111710952.html,['670'],"['65,887元/平']",4人关注 ,2室2厅1厨1卫,['低楼层/共40层'],['南'],['平层/精装'],['101.69平米'],['2016年建'],['世茂湖滨首府D区'],['湖里'],['湖边水库'],有,两梯三户,['2022-10-08'],['2016-09-02']
2073,['产权证满两年  客厅带阳台朝南。安静3房'],https://xm.lianjia.com/ershoufang/105109747638.html,['200'],"['23,305元/平']",3人关注 ,3室1厅1厨1卫,['低楼层/共31层'],['南'],['平层/毛坯'],['85.82平米'],['2015年建'],['阳光城翡丽湾二期'],['翔安'],['翔安新城'],有,两梯四户,['2022-02-09'],['2019-03-15']
2074,['高层全南户型 自住精装修 产权满二 采光好 拎包入住'],https://xm.lianjia.com/ershoufang/105110316013.html,['370'],"['40,424元/平']",11人关注 ,3室1厅1厨1卫,['高楼层/共33层'],['南'],['平层/精装'],['91.53平米'],['2015年建'],['住宅·水晶湖郡'],['集美'],['集美新城'],有,两梯十一户,['2022-04-18'],['2020-05-01']
2075,['湖边水库三梯三户三面采光，精装南北通透4房'],https://xm.lianjia.com/ershoufang/105111982720.html,['1300'],"['72,259元/平']",0人关注 ,4室2厅1厨2卫,['低楼层/共41层'],['南 北'],['平层/精装'],['179.91平米'],['2013年建'],['世茂湖滨首府D区'],['湖里'],['湖边水库'],有,三梯三户,['2022-11-08'],['2014-09-09']
2076,['地铁、闽篮、科技旁，保利和光城悦，一房一厅'],https://xm.lianjia.com/ershoufang/105113174490.html,['208'],"['43,109元/平']",0人关注 ,1室1厅1厨1卫,['低楼层/共33层'],['南'],['平层/精装'],['48.25平米'],['2021年建'],['保利和光城悦'],['翔安'],['翔安新城'],有,三梯六户,['2023-03-28'],['2022-09-19']
2077,['2号线地铁口，交通生活便利，延奎'],https://xm.lianjia.com/ershoufang/105111067991.html,['320'],"['27,283元/平']",2人关注 ,3室2厅1厨2卫,['低楼层/共9层'],['南 北'],['平层/精装'],['117.29平米'],['2000年建'],['鑫茂花园'],['海沧'],['海沧生活区'],无,暂无数据,['2022-07-24'],['2016-04-25']
2078,['湖边高层2房，朝南采光好，户型方正。'],https://xm.lianjia.com/ershoufang/105114868047.html,['360'],"['59,475元/平']",0人关注 ,2室1厅1厨1卫,['高楼层/共34层'],['南'],['平层/简装'],['60.53平米'],['2011年建'],['湖边花园B区东区'],['湖里'],['湖边水库'],有,两梯六户,['2023-09-21'],['2021-10-25']
2079,['滨北共和大厦 居家装修 低楼层  诚意出售'],https://xm.lianjia.com/ershoufang/105114100651.html,['298'],"['62,383元/平']",1人关注 ,3室1厅1厨1卫,['低楼层/共9层'],['北'],['平层/简装'],['47.77平米'],['2000年建'],['共和大厦'],['思明'],['七星路'],无,暂无数据,['2023-06-28'],['2017-06-07']
2080,['临万象城 文灶地铁口 大两房 居家品质装 花园社区'],https://xm.lianjia.com/ershoufang/105116401179.html,['558'],"['65,020元/平']",0人关注 ,2室2厅1厨1卫,['中楼层/共7层'],['东 西'],['平层/精装'],['85.82平米'],['2000年建'],['益城广场'],['思明'],['火车站'],有,一梯三户,['2024-03-18'],['2016-04-21']
2081,['维多利亚 经典4房 视野开阔 看中庭'],https://xm.lianjia.com/ershoufang/105113547310.html,['536'],"['46,472元/平']",1人关注 ,4室2厅1厨2卫,['中楼层/共29层'],['东南'],['平层/精装'],['115.34平米'],['2010年建'],['海晟维多利亚'],['海沧'],['滨海社区'],有,两梯四户,['2023-05-02'],['2016-05-03']
2082,['地铁口丰泽苑全明三房诚意出售 格局好 通风采光佳'],https://xm.lianjia.com/ershoufang/105116024395.html,['488'],"['42,524元/平']",0人关注 ,3室1厅1厨2卫,['低楼层/共7层'],['南 北'],['平层/简装'],['114.76平米'],['2000年建'],['丰泽苑小区'],['湖里'],['金尚'],无,暂无数据,['2024-02-15'],['2019-11-12']
2083,['万禾春天 电梯高层 精装四房 拎包入住'],https://xm.lianjia.com/ershoufang/105115228239.html,['750'],"['50,104元/平']",0人关注 ,4室2厅1厨2卫,['中楼层/共25层'],['西南'],['平层/精装'],['149.69平米'],['2006年建'],['万禾春天'],['思明'],['岳阳社区'],有,三梯八户,['2023-11-02'],['2021-09-10']
2084,['急售，业主诚意卖，房东急售，随时签约'],https://xm.lianjia.com/ershoufang/105116662472.html,['100'],"['13,803元/平']",2人关注 ,2室1厅1厨1卫,['中楼层/共18层'],['南'],['平层/精装'],['72.45平米'],['2018年建'],['中澳城'],['翔安'],['翔安其他'],有,两梯四户,['2024-04-12'],['2019-08-19']
2085,['降60万！安家在美丽的湖边！225平大house仅售1339万！'],https://xm.lianjia.com/ershoufang/105110012716.html,['1099'],"['48,806元/平']",16人关注 ,5室2厅1厨3卫,['低楼层/共31层'],['南 北'],['平层/精装'],['225.18平米'],['2012年建'],['融景湾'],['湖里'],['湖边水库'],有,三梯两户,['2022-03-10'],['2016-05-03']
2086,['恒亿尚品湾一线海景两房毛坯看马拉松无遮挡'],https://xm.lianjia.com/ershoufang/105110473092.html,['260'],"['28,641元/平']",6人关注 ,2室1厅1厨1卫,['高楼层/共27层'],['东南'],['平层/毛坯'],['90.78平米'],['2017年建'],['恒亿尚品湾（1/2/5/6期）'],['同安'],['环东海域'],有,两梯三户,['2022-05-08'],['2019-09-02']
2087,['瑞景电梯朝南两房 生活，交通，方便'],https://xm.lianjia.com/ershoufang/105113228139.html,['390'],"['48,763元/平']",5人关注 ,2室1厅1厨1卫,['中楼层/共12层'],['南'],['平层/简装'],['79.98平米'],['2001年建'],['联丰商城二期'],['思明'],['瑞景'],有,两梯八户,['2023-04-02'],['2006-08-29']
2088,['地铁2号线旁精明房型稳定出售。'],https://xm.lianjia.com/ershoufang/105104545791.html,['258'],"['45,447元/平']",31人关注 ,2室1厅1厨1卫,['低楼层/共28层'],['西'],['平层/简装'],['56.77平米'],['2005年建'],['振华大厦'],['湖里'],['邮轮城'],有,两梯二十四户,['2020-06-08'],['2004-12-24']
2089,['莲花禾丰新景次新花园小区，明厨明卫，户型方正'],https://xm.lianjia.com/ershoufang/105114202175.html,['516'],"['74,149元/平']",2人关注 ,2室2厅1厨1卫,['中楼层/共18层'],['南'],['平层/简装'],['69.59平米'],['2017年建'],['禾丰新景'],['思明'],['莲花'],有,两梯四户,['2023-07-09'],['2018-03-19']
2090,['云海山庄，看海别墅。东南北无遮挡！毛坯随意发挥。'],https://xm.lianjia.com/ershoufang/105106364081.html,['1550'],"['69,188元/平']",75人关注 ,5室2厅1厨3卫,['共5层'],['东南 北'],['复式/毛坯'],['224.03平米'],['未知年建'],['云海山庄'],['思明'],['黄厝'],,,['2021-01-31'],['1997-10-28']
2091,['出岛首站家门口的BRT！一线海景房！'],https://xm.lianjia.com/ershoufang/105107427345.html,['175'],"['37,692元/平']",8人关注 ,1室0厅1厨1卫,['高楼层/共20层'],['南'],['平层/简装'],['46.43平米'],['2010年建'],['古龙御景一期北区'],['集美'],['集美其它'],有,两梯四户,['2021-05-25'],['2014-04-04']
2092,['嘉庚体育馆南北通风格局方正，自己住装修，真材实料'],https://xm.lianjia.com/ershoufang/105113553039.html,['410'],"['29,812元/平']",0人关注 ,3室2厅1厨2卫,['高楼层/共34层'],['南'],['平层/精装'],['137.53平米'],['2017年建'],['国贸商城同悦'],['集美'],['集美其它'],有,两梯三户,['2023-05-03'],['2018-01-11']
2093,['翔安两房，户型方正，房东急售价格好谈'],https://xm.lianjia.com/ershoufang/105113992146.html,['102'],"['14,079元/平']",1人关注 ,2室2厅1厨1卫,['中楼层/共18层'],['南 北'],['平层/精装'],['72.45平米'],['2016年建'],['中澳城'],['翔安'],['翔安其他'],有,两梯四户,['2023-06-15'],['2018-11-29']
2094,['新景七星 府 邸 高层 东南北 客厅带阳台朝南 全明结构'],https://xm.lianjia.com/ershoufang/105114366305.html,['730'],"['53,328元/平']",0人关注 ,3室2厅1厨2卫,['中楼层/共28层'],['南 北'],['平层/简装'],['136.89平米'],['2017年建'],['新景七星府邸'],['湖里'],['金尚'],有,两梯四户,['2023-07-29'],['2020-08-25']
2095,['莲坂地 铁口，电梯，视野采光好，空户 交通便利'],https://xm.lianjia.com/ershoufang/105116415906.html,['226'],"['65,890元/平']",0人关注 ,1室1厅1厨1卫,['低楼层/共23层'],['南'],['平层/精装'],['34.3平米'],['2004年建'],['裕发广场'],['思明'],['富山'],有,三梯二十二户,['2024-03-20'],['2020-02-01']
2096,['金尚小区 3室1厅 南 北'],https://xm.lianjia.com/ershoufang/105116143958.html,['408'],"['46,924元/平']",0人关注 ,3室1厅1厨1卫,['低楼层/共7层'],['南 北'],['平层/精装'],['86.95平米'],['1999年建'],['金尚小区'],['湖里'],['金尚'],无,暂无数据,['2024-02-26'],['2016-09-05']
2097,['业主诚意出售，南北格局好楼层好，视野宽阔.采光充足'],https://xm.lianjia.com/ershoufang/105112753637.html,['719'],"['72,899元/平']",0人关注 ,2室2厅1厨2卫,['中楼层/共6层'],['南 北'],['平层/简装'],['98.63平米'],['2001年建'],['雅观园'],['思明'],['文园路'],无,暂无数据,['2023-02-21'],['2004-03-08']
2098,['电梯2房，松柏，地铁口，松柏公园，中高层，空户'],https://xm.lianjia.com/ershoufang/105113004969.html,['370'],"['52,084元/平']",0人关注 ,2室2厅1厨1卫,['中楼层/共33层'],['东南'],['平层/简装'],['71.04平米'],['2001年建'],['湖北大厦'],['思明'],['松柏'],有,三梯十七户,['2023-03-14'],['2018-12-20']
2099,['滨北 万象里旁 岳阳小区 精装2房 南北通透 换房诚售'],https://xm.lianjia.com/ershoufang/105113758227.html,['269'],"['50,075元/平']",0人关注 ,2室1厅1厨1卫,['高楼层/共7层'],['南 北'],['平层/精装'],['53.72平米'],['1997年建'],['岳阳西里'],['思明'],['岳阳社区'],无,暂无数据,['2023-05-22'],['2018-05-17']
2100,['江头 地铁 福龙公寓 好楼层南北'],https://xm.lianjia.com/ershoufang/105113301412.html,['335'],"['38,466元/平']",0人关注 ,3室1厅1厨1卫,['中楼层/共7层'],['南 北'],['平层/精装'],['87.09平米'],['1997年建'],['福龙公寓内院'],['湖里'],['金尚'],无,暂无数据,['2023-04-09'],['2021-06-21']
2101,['悦华旁 南泉小筑 双拼别墅 6房 边套三面采光'],https://xm.lianjia.com/ershoufang/105112251065.html,['1780'],"['60,611元/平']",1人关注 ,6室2厅1厨4卫,['低楼层/共3层'],['南 西 北'],['复式/精装'],['293.68平米'],['1999年建'],['南泉小筑'],['湖里'],['保税区'],无,暂无数据,['2022-12-11'],['2002-02-25']
2102,['电梯高层看筼筜湖，户型方正，明厨明卫，房东诚意出售'],https://xm.lianjia.com/ershoufang/105113700166.html,['860'],"['61,689元/平']",1人关注 ,4室2厅1厨2卫,['中楼层/共33层'],['西北'],['平层/简装'],['139.41平米'],['2005年建'],['瑞成大厦'],['思明'],['斗西路'],有,三梯八户,['2023-05-17'],['2006-05-28']
2103,['集美桥头大3房 自住装修 满五 南北通透 业主急售'],https://xm.lianjia.com/ershoufang/105113923453.html,['318'],"['30,681元/平']",1人关注 ,3室2厅1厨1卫,['低楼层/共30层'],['南 北'],['平层/精装'],['103.65平米'],['2015年建'],['新景舜弘天籁'],['集美'],['集美其它'],有,两梯四户,['2023-06-08'],['2016-06-20']
2104,['南北6房 全屋大理石白玉兰 拎包入住 看房方便'],https://xm.lianjia.com/ershoufang/105116239147.html,['1680'],"['95,776元/平']",0人关注 ,6室2厅1厨4卫,['低楼层/共28层'],['南 北'],['跃层/精装'],['175.41平米'],['2011年建'],['新景中心二期'],['思明'],['莲坂'],有,两梯两户,['2024-03-05'],['2016-07-06']
2105,"['满5年,3房,大阳台使用面积大']",https://xm.lianjia.com/ershoufang/105112935375.html,['188'],"['20,028元/平']",0人关注 ,3室1厅1厨1卫,['中楼层/共8层'],['西 北'],['平层/精装'],['93.87平米'],['1994年建'],['大永固花园'],['海沧'],['海沧生活区'],无,暂无数据,['2023-03-08'],['2010-03-02']
2106,['禾祥西泛华大厦电梯两房两厅拎包入住诚意出售'],https://xm.lianjia.com/ershoufang/105115486570.html,['408'],"['74,196元/平']",0人关注 ,2室2厅1厨1卫,['中楼层/共18层'],['南 东'],['平层/精装'],['54.99平米'],['2003年建'],['泛华大厦'],['思明'],['禾祥西路'],有,两梯六户,['2023-12-01'],['2014-02-26']
2107,['世茂品质 位置安静 高层看海 人车分流 高档社区'],https://xm.lianjia.com/ershoufang/105106285362.html,['2865'],"['82,144元/平']",4人关注 ,5室2厅1厨5卫,['低楼层/共40层'],['南 西北'],['平层/精装'],['348.78平米'],['2012年建'],['世茂湖滨首府C区'],['湖里'],['湖边水库'],有,三梯两户,['2021-01-18'],['2022-04-20']
2108,['含车位 楼层视野好 朝南通透 正规3房'],https://xm.lianjia.com/ershoufang/105106876288.html,['195'],"['21,022元/平']",3人关注 ,3室1厅1厨1卫,['高楼层/共42层'],['东南'],['平层/精装'],['92.76平米'],['2017年建'],['万科广场幸福里'],['集美'],['厦门北站商业区'],有,三梯六户,['2021-04-03'],['2017-08-18']
2109,['精装两房 可拎包入住 南北户型   交通便利配套齐全'],https://xm.lianjia.com/ershoufang/105111595735.html,['265'],"['50,218元/平']",1人关注 ,2室1厅1厨1卫,['低楼层/共6层'],['南 北'],['平层/精装'],['52.77平米'],['1999年建'],['太微花园'],['湖里'],['金尚'],无,暂无数据,['2022-09-23'],['2017-07-18']
2110,['江头地铁二号线泰和花园 南北 好楼层'],https://xm.lianjia.com/ershoufang/105115630837.html,['325'],"['42,197元/平']",0人关注 ,2室2厅1厨1卫,['中楼层/共7层'],['南 北'],['平层/简装'],['77.02平米'],['1997年建'],['泰和花园'],['湖里'],['金尚'],无,暂无数据,['2023-12-17'],['2000-03-08']
2111,['楼栋位置在校区属于看海很好的位置，高楼层景观视野好'],https://xm.lianjia.com/ershoufang/105112869921.html,['350'],"['32,726元/平']",0人关注 ,3室1厅1厨1卫,['低楼层/共32层'],['南'],['平层/毛坯'],['106.95平米'],['2015年建'],['国贸金沙湾'],['同安'],['环东海域'],有,两梯四户,['2023-03-03'],['2016-08-30']
2112,['金帝中洲滨海城南北通透朝南带阳台大3房'],https://xm.lianjia.com/ershoufang/105114710594.html,['296'],"['22,266元/平']",0人关注 ,3室2厅1厨2卫,['中楼层/共31层'],['南 北'],['平层/毛坯'],['132.94平米'],['2017年建'],['金帝中洲滨海城'],['同安'],['环东海域'],有,两梯三户,['2023-09-04'],['2018-07-10']
2113,['金帝中州滨海城小三房，客厅带阳台朝南，刚需福音'],https://xm.lianjia.com/ershoufang/105110124758.html,['195'],"['20,178元/平']",3人关注 ,2室1厅1厨1卫,['中楼层/共31层'],['南'],['平层/毛坯'],['96.64平米'],['2017年建'],['金帝中洲滨海城'],['同安'],['环东海域'],有,两梯四户,['2022-03-25'],['2018-07-09']
2114,['总监力荐，恒亿拎包入住精装修好房，一线瞰海无遮挡！'],https://xm.lianjia.com/ershoufang/105111622165.html,['280'],"['30,612元/平']",0人关注 ,2室1厅1厨1卫,['高楼层/共30层'],['南'],['平层/精装'],['91.47平米'],['2017年建'],['恒亿尚品湾（1/2/5/6期）'],['同安'],['环东海域'],有,两梯三户,['2022-09-26'],['2019-04-03']
2115,['环东海域特房银溪墅府精装大三房 环境优美'],https://xm.lianjia.com/ershoufang/105110614187.html,['320'],"['29,882元/平']",2人关注 ,3室2厅1厨2卫,['中楼层/共31层'],['南'],['平层/精装'],['107.09平米'],['2018年建'],['特房银溪墅府温尼花园'],['翔安'],['环东海域'],有,两梯四户,['2022-05-27'],['2019-12-30']
2116,['特房朗玥公馆 2室2厅 南'],https://xm.lianjia.com/ershoufang/105116481693.html,['148'],"['18,713元/平']",1人关注 ,2室2厅1厨1卫,['低楼层/共32层'],['南'],['平层/毛坯'],['79.09平米'],['2022年建'],['特房朗玥公馆'],['翔安'],['环东海域'],暂无数据,暂无数据,['2024-03-26'],['2023-04-26']
2117,['楼栋位置在校区属于看海很好的位置，高楼层景观视野好'],https://xm.lianjia.com/ershoufang/105114845256.html,['310'],"['34,703元/平']",0人关注 ,2室2厅1厨1卫,['高楼层/共30层'],['东南'],['平层/精装'],['89.33平米'],['2015年建'],['国贸金沙湾'],['同安'],['环东海域'],有,两梯四户,['2023-09-19'],['2016-09-26']
2118,['满五，电梯房，户型方正，采光好'],https://xm.lianjia.com/ershoufang/105115751113.html,['310'],"['28,983元/平']",0人关注 ,3室2厅1厨1卫,['低楼层/共32层'],['南'],['平层/简装'],['106.96平米'],['2015年建'],['国贸金沙湾'],['同安'],['环东海域'],有,两梯四户,['2024-01-02'],['2016-09-12']
2119,['集美新城，地铁口旁，业主自住精装2房，交通生活便利'],https://xm.lianjia.com/ershoufang/105115497751.html,['325'],"['37,314元/平']",0人关注 ,2室2厅1厨1卫,['中楼层/共18层'],['东南'],['平层/精装'],['87.1平米'],['2015年建'],['住宅莲花国际'],['集美'],['集美新城'],有,两梯四户,['2023-12-02'],['2021-05-17']
2120,['央企保利叁仟栋洋房 环东海域彩色跑道旁 刷卡入户'],https://xm.lianjia.com/ershoufang/105112428503.html,['435'],"['41,920元/平']",1人关注 ,3室2厅1厨2卫,['低楼层/共11层'],['东南'],['平层/精装'],['103.77平米'],['2017年建'],['保利叁仟栋一期'],['同安'],['环东海域'],有,一梯两户,['2023-01-10'],['2019-11-15']
2121,['集美新城边套大三房，靠湖边，杏林湾旁，配套齐又安静'],https://xm.lianjia.com/ershoufang/105113632264.html,['653'],"['46,058元/平']",0人关注 ,3室2厅1厨2卫,['中楼层/共33层'],['南 北'],['平层/毛坯'],['141.78平米'],['2019年建'],['莲花首岸'],['集美'],['集美新城'],有,两梯四户,['2023-05-10'],['2019-09-18']
2122,['南北东三面采光方正标准三房，名厨明卫，双阳台'],https://xm.lianjia.com/ershoufang/105110635640.html,['520'],"['65,114元/平']",10人关注 ,3室1厅1厨1卫,['低楼层/共7层'],['东南 北'],['平层/简装'],['79.86平米'],['1998年建'],['屿后南里'],['思明'],['松柏'],无,暂无数据,['2022-05-30'],['2015-07-09']
2123,['东区 国贸蓝海 精装自住 诚意出售 中楼层 视野宽阔'],https://xm.lianjia.com/ershoufang/105110141664.html,['1080'],"['67,119元/平']",11人关注 ,3室2厅1厨2卫,['中楼层/共21层'],['南'],['平层/精装'],['160.91平米'],['2008年建'],['国贸蓝海'],['湖里'],['五缘湾'],有,两梯两户,['2022-03-27'],['2017-04-13']
2124,['联发杏林湾一号一期 3室2厅 南'],https://xm.lianjia.com/ershoufang/105115032544.html,['428'],"['32,504元/平']",0人关注 ,3室2厅1厨2卫,['高楼层/共41层'],['南'],['平层/简装'],['131.68平米'],['2016年建'],['联发杏林湾一号一期'],['集美'],['杏林桥头'],有,两梯四户,['2023-10-12'],['2014-07-07']
2125,['天湖 前排四房湖海双景凤凰城业主诚售 看房方便免双税'],https://xm.lianjia.com/ershoufang/105113098060.html,['545'],"['35,638元/平']",1人关注 ,4室2厅1厨2卫,['高楼层/共33层'],['东南 西北'],['平层/精装'],['152.93平米'],['2012年建'],['天湖城'],['海沧'],['海沧区政府'],有,两梯四户,['2023-03-22'],['2014-06-25']
2126,['万达旁，全明格局，高楼层，采光充足，业主诚意出售'],https://xm.lianjia.com/ershoufang/105111656615.html,['730'],"['64,901元/平']",2人关注 ,3室2厅1厨2卫,['高楼层/共18层'],['南 北'],['平层/精装'],['112.48平米'],['2012年建'],['特房山水新座'],['湖里'],['万达广场'],有,两梯三户,['2022-09-30'],['2014-11-21']
2127,['五缘湾国贸品质，正规3房，业主诚意出售'],https://xm.lianjia.com/ershoufang/105107922553.html,['1130'],"['70,213元/平']",37人关注 ,3室2厅1厨2卫,['中楼层/共24层'],['南'],['平层/精装'],['160.94平米'],['2008年建'],['国贸蓝海'],['湖里'],['五缘湾'],有,两梯两户,['2021-07-11'],['2013-09-10']
2128,['此房户型好，带入户，配套齐全，业主诚意出售'],https://xm.lianjia.com/ershoufang/105114923100.html,['338'],"['56,054元/平']",1人关注 ,2室1厅1厨1卫,['中楼层/共31层'],['东南'],['平层/精装'],['60.3平米'],['2010年建'],['湖边花园A区'],['湖里'],['万达广场'],有,两梯六户,['2023-09-28'],['2016-10-18']
2129,['2016年万达片区高品质小区 经典南北户型'],https://xm.lianjia.com/ershoufang/105112687886.html,['680'],"['50,823元/平']",1人关注 ,3室1厅1厨2卫,['低楼层/共29层'],['南'],['平层/精装'],['133.8平米'],['2014年建'],['特房山水杰座'],['湖里'],['万达广场'],有,两梯三户,['2023-02-16'],['2017-04-06']
2130,['世茂  湖景 南北通透 精装大4房 可拎包入住'],https://xm.lianjia.com/ershoufang/105113717757.html,['1596'],"['78,521元/平']",1人关注 ,4室2厅1厨2卫,['低楼层/共28层'],['南 北'],['平层/精装'],['203.26平米'],['2010年建'],['世茂湖滨首府A区'],['湖里'],['湖边水库'],有,两梯三户,['2023-05-18'],['2016-04-27']
2131,['自主装修，采光充足，10年内的小区·'],https://xm.lianjia.com/ershoufang/105105080901.html,['666'],"['64,076元/平']",65人关注 ,2室1厅1厨1卫,['低楼层/共32层'],['南'],['平层/精装'],['103.94平米'],['2013年建'],['世茂湖滨首府D区'],['湖里'],['湖边水库'],有,两梯四户,['2020-08-14'],['2014-09-16']
2132,['特房樾琴湾 精装3房 温馨舒适'],https://xm.lianjia.com/ershoufang/105115497107.html,['180'],"['23,089元/平']",1人关注 ,3室1厅1厨1卫,['低楼层/共31层'],['南'],['平层/精装'],['77.96平米'],['2020年建'],['特房樾琴湾'],['同安'],['环东海域'],暂无数据,暂无数据,['2023-12-02'],['2021-05-28']
2133,['集美新城 龙湖春江郦城复式 使用面积大，采光通风好'],https://xm.lianjia.com/ershoufang/105113061078.html,['443'],"['34,913元/平']",1人关注 ,4室2厅1厨2卫,['中楼层/共33层'],['东南'],['简装'],['126.89平米'],['2016年建'],['龙湖春江郦城一期'],['集美'],['杏北'],有,两梯六户,['2023-03-18'],['2017-06-02']
2134,['禾祥西泛华大厦电梯两房两厅拎包入住诚意出售'],https://xm.lianjia.com/ershoufang/105115486570.html,['408'],"['74,196元/平']",0人关注 ,2室2厅1厨1卫,['中楼层/共18层'],['南 东'],['平层/精装'],['54.99平米'],['2003年建'],['泛华大厦'],['思明'],['禾祥西路'],有,两梯六户,['2023-12-01'],['2014-02-26']
2135,['世茂品质 位置安静 高层看海 人车分流 高档社区'],https://xm.lianjia.com/ershoufang/105106285362.html,['2865'],"['82,144元/平']",4人关注 ,5室2厅1厨5卫,['低楼层/共40层'],['南 西北'],['平层/精装'],['348.78平米'],['2012年建'],['世茂湖滨首府C区'],['湖里'],['湖边水库'],有,三梯两户,['2021-01-18'],['2022-04-20']
2136,['含车位 楼层视野好 朝南通透 正规3房'],https://xm.lianjia.com/ershoufang/105106876288.html,['195'],"['21,022元/平']",3人关注 ,3室1厅1厨1卫,['高楼层/共42层'],['东南'],['平层/精装'],['92.76平米'],['2017年建'],['万科广场幸福里'],['集美'],['厦门北站商业区'],有,三梯六户,['2021-04-03'],['2017-08-18']
2137,['精装两房 可拎包入住 南北户型   交通便利配套齐全'],https://xm.lianjia.com/ershoufang/105111595735.html,['265'],"['50,218元/平']",1人关注 ,2室1厅1厨1卫,['低楼层/共6层'],['南 北'],['平层/精装'],['52.77平米'],['1999年建'],['太微花园'],['湖里'],['金尚'],无,暂无数据,['2022-09-23'],['2017-07-18']
2138,['地铁口 振华大厦 紧凑楼中楼 带4阳台 产权在手s'],https://xm.lianjia.com/ershoufang/105105464875.html,['752'],"['47,674元/平']",20人关注 ,6室0厅1厨3卫,['中楼层/共28层'],['西北'],['跃层/简装'],['157.74平米'],['2005年建'],['振华大厦'],['湖里'],['邮轮城'],有,三梯八户,['2020-10-05'],['2002-11-19']
2139,['泛华大厦，正规两房，房东诚意出售'],https://xm.lianjia.com/ershoufang/105111714009.html,['660'],"['74,333元/平']",3人关注 ,2室2厅1厨1卫,['高楼层/共28层'],['西北'],['平层/精装'],['88.79平米'],['2004年建'],['泛华大厦'],['思明'],['禾祥西路'],有,三梯八户,['2022-10-09'],['2007-07-11']
2140,['产权满2年， 产权清晰没按揭，朝南户型，看海看桥'],https://xm.lianjia.com/ershoufang/105111820242.html,['365'],"['25,996元/平']",2人关注 ,3室1厅1厨2卫,['中楼层/共11层'],['南 北'],['平层/精装'],['140.41平米'],['2015年建'],['丰融尚城'],['集美'],['集美其它'],有,两梯六户,['2022-10-20'],['2014-06-11']
2141,['此房格局方正，双阳台，厅带阳台朝南，日照充足'],https://xm.lianjia.com/ershoufang/105112033718.html,['368'],"['42,961元/平']",0人关注 ,2室2厅1厨1卫,['中楼层/共9层'],['南 北'],['平层/简装'],['85.66平米'],['2001年建'],['云亭花园'],['思明'],['金鸡亭'],无,暂无数据,['2022-11-14'],['2003-12-04']
2142,['假日花园\u3000地铁ＢＲＴ旁\u3000边全套\u3000两房\u3000采光好\u3000空户'],https://xm.lianjia.com/ershoufang/105114689434.html,['298'],"['61,254元/平']",1人关注 ,2室1厅1厨1卫,['中楼层/共16层'],['东南'],['平层/精装'],['48.65平米'],['2002年建'],['假日花园'],['思明'],['火车站'],有,两梯十户,['2023-09-02'],['2020-12-21']
2143,['嘉庚入口处 精装大三房  业主诚意 低公摊'],https://xm.lianjia.com/ershoufang/105113847752.html,['195'],"['17,691元/平']",2人关注 ,3室2厅1厨2卫,['高楼层/共33层'],['南 北'],['平层/精装'],['110.23平米'],['2012年建'],['禹洲大学城'],['同安'],['集美其它'],有,三梯六户,['2023-05-31'],['2017-05-31']
2144,['吕岭路 彩虹花园  正规一居室 总价低  交通便利'],https://xm.lianjia.com/ershoufang/105113742039.html,['195'],"['37,414元/平']",0人关注 ,1室2厅1厨1卫,['高楼层/共7层'],['南'],['平层/简装'],['52.12平米'],['1999年建'],['永升彩虹花园'],['湖里'],['金尚'],无,暂无数据,['2023-05-21'],['2005-01-14']
2145,['近集美桥头嘉庚体育馆，楼层好户型好，总楼层视野宽阔'],https://xm.lianjia.com/ershoufang/105114438015.html,['225'],"['22,265元/平']",0人关注 ,3室2厅1厨2卫,['低楼层/共35层'],['南 西南'],['错层/精装'],['101.06平米'],['2012年建'],['禹洲大学城'],['同安'],['集美其它'],有,三梯六户,['2023-08-05'],['2015-04-13']
2146,['满五*，123平四房出售，随时可看房'],https://xm.lianjia.com/ershoufang/105107862157.html,['250'],"['20,327元/平']",4人关注 ,4室2厅0厨2卫,['高楼层/共34层'],['南'],['错层/毛坯'],['122.99平米'],['2012年建'],['禹洲大学城'],['同安'],['集美其它'],有,三梯六户,['2021-07-06'],['2012-04-13']
2147,['业主诚意出售  可装修成自己心仪的风格 可用160平'],https://xm.lianjia.com/ershoufang/105110797006.html,['340'],"['29,635元/平']",2人关注 ,3室2厅1厨2卫,['低楼层/共26层'],['南'],['复式/简装'],['114.73平米'],['2017年建'],['宝龙一城'],['湖里'],['湖边水库'],有,七梯十四户,['2022-06-21'],['2021-06-30']
2148,['隧道口会展旁透大三房 业主诚意出'],https://xm.lianjia.com/ershoufang/105112676743.html,['322'],"['26,209元/平']",0人关注 ,3室2厅1厨2卫,['低楼层/共31层'],['南'],['平层/简装'],['122.86平米'],['2014年建'],['阳光城翡丽湾一期'],['翔安'],['翔安新城'],有,两梯四户,['2023-02-16'],['2018-05-22']
2149,['世茂楼中楼，精装修，有花园，朝南，使用面积大'],https://xm.lianjia.com/ershoufang/105113321767.html,['738'],"['94,398元/平']",0人关注 ,4室1厅1厨3卫,['低楼层/共26层'],['南'],['复式/精装'],['78.18平米'],['2015年建'],['世茂湖滨首府B区'],['湖里'],['湖边水库'],有,两梯六户,['2023-04-11'],['2020-05-12']
2150,['户型方正南北朝向 两梯两户纯板楼 宽视野精装房。'],https://xm.lianjia.com/ershoufang/105114659484.html,['470'],"['33,933元/平']",4人关注 ,3室2厅2厨2卫,['低楼层/共31层'],['南 北'],['平层/精装'],['138.51平米'],['2015年建'],['1号公馆'],['海沧'],['海沧生活区'],有,两梯两户,['2023-08-30'],['2015-08-31']
2151,['金元宝户型 精装大四房 业主诚意出售'],https://xm.lianjia.com/ershoufang/105114308980.html,['850'],"['69,224元/平']",1人关注 ,4室2厅1厨3卫,['中楼层/共14层'],['南 北'],['错层/精装'],['122.79平米'],['2013年建'],['禹洲城上城'],['湖里'],['枋湖'],有,一梯两户,['2023-07-22'],['2019-01-21']
2152,['满五* ， 做北朝南，全明户型'],https://xm.lianjia.com/ershoufang/105103816995.html,['255'],"['20,900元/平']",13人关注 ,4室2厅1厨2卫,['低楼层/共34层'],['南'],['错层/毛坯'],['122.01平米'],['2011年建'],['禹洲大学城'],['同安'],['集美其它'],有,三梯六户,['2020-03-10'],['2017-02-26']
2153,['蓝水郡高层 精典一房 北附体育校区'],https://xm.lianjia.com/ershoufang/105115870843.html,['116'],"['34,068元/平']",0人关注 ,1室0厅1厨1卫,['中楼层/共18层'],['西'],['平层/精装'],['34.05平米'],['2009年建'],['未来海岸蓝水郡'],['海沧'],['海沧体育中心'],有,两梯九户,['2024-01-15'],['2020-11-01']
2154,"['满5年,3房,大阳台使用面积大']",https://xm.lianjia.com/ershoufang/105112935375.html,['188'],"['20,028元/平']",0人关注 ,3室1厅1厨1卫,['中楼层/共8层'],['西 北'],['平层/精装'],['93.87平米'],['1994年建'],['大永固花园'],['海沧'],['海沧生活区'],无,暂无数据,['2023-03-08'],['2010-03-02']
2155,['世茂湖滨沿湖前排看湖景，正规三房'],https://xm.lianjia.com/ershoufang/105114150606.html,['1000'],"['64,767元/平']",0人关注 ,3室2厅1厨2卫,['高楼层/共41层'],['南 北'],['平层/毛坯'],['154.4平米'],['2012年建'],['世茂湖滨首府C区'],['湖里'],['湖边水库'],有,三梯四户,['2023-07-04'],['2023-07-06']
2156,['泰和花园   南北朝向  地铁  交通 便利'],https://xm.lianjia.com/ershoufang/105111480382.html,['450'],"['37,778元/平']",1人关注 ,3室2厅1厨2卫,['中楼层/共8层'],['南 北'],['平层/精装'],['119.12平米'],['1999年建'],['泰和花园'],['湖里'],['金尚'],无,暂无数据,['2022-09-11'],['2002-06-08']
2157,['俯视整个小区，视野无遮挡，两梯四户 诚意出售看房约'],https://xm.lianjia.com/ershoufang/105111887235.html,['580'],"['64,046元/平']",0人关注 ,2室2厅1厨1卫,['高楼层/共22层'],['南'],['平层/简装'],['90.56平米'],['2012年建'],['中央美地'],['湖里'],['枋湖'],有,两梯三户,['2022-10-28'],['2012-11-19']
2158,['湖明南北通透两房，业主诚意出售，看房方便'],https://xm.lianjia.com/ershoufang/105113104408.html,['299'],"['46,814元/平']",0人关注 ,2室1厅1厨1卫,['高楼层/共7层'],['南 北'],['平层/简装'],['63.87平米'],['1989年建'],['蔬菜宿舍'],['思明'],['富山'],无,暂无数据,['2023-03-22'],['2019-03-20']
2159,['海沧临港新城区近岛望远海海景房花园式小区'],https://xm.lianjia.com/ershoufang/105114155316.html,['170'],"['22,890元/平']",1人关注 ,2室1厅1厨1卫,['中楼层/共33层'],['南'],['平层/毛坯'],['74.27平米'],['2019年建'],['海投自贸城'],['海沧'],['角嵩路'],暂无数据,暂无数据,['2023-07-04'],['2020-07-10']
2160,['集美新城核芯，沿湖品质小区，高层看湖精装三房！'],https://xm.lianjia.com/ershoufang/105111549891.html,['518'],"['44,958元/平']",0人关注 ,3室2厅1厨2卫,['中楼层/共33层'],['东南'],['平层/精装'],['115.22平米'],['2019年建'],['莲花首岸'],['集美'],['集美新城'],有,两梯四户,['2022-09-19'],['2019-09-11']
2161,['集美新城边套大三房，靠湖边，杏林湾旁，配套齐又安静'],https://xm.lianjia.com/ershoufang/105113632264.html,['653'],"['46,058元/平']",0人关注 ,3室2厅1厨2卫,['中楼层/共33层'],['南 北'],['平层/毛坯'],['141.78平米'],['2019年建'],['莲花首岸'],['集美'],['集美新城'],有,两梯四户,['2023-05-10'],['2019-09-18']
2162,['南北东三面采光方正标准三房，名厨明卫，双阳台'],https://xm.lianjia.com/ershoufang/105110635640.html,['520'],"['65,114元/平']",10人关注 ,3室1厅1厨1卫,['低楼层/共7层'],['东南 北'],['平层/简装'],['79.86平米'],['1998年建'],['屿后南里'],['思明'],['松柏'],无,暂无数据,['2022-05-30'],['2015-07-09']
2163,['此房位于松柏繁华地段，闹中取静，邻松柏公园。'],https://xm.lianjia.com/ershoufang/105110610998.html,['475'],"['61,007元/平']",0人关注 ,2室2厅1厨1卫,['低楼层/共7层'],['东南'],['平层/精装'],['77.86平米'],['1995年建'],['长青北里小区'],['思明'],['松柏'],无,暂无数据,['2022-05-27'],['2009-11-25']
2164,['满五，电梯房，户型方正，采光好'],https://xm.lianjia.com/ershoufang/105115751113.html,['310'],"['28,983元/平']",0人关注 ,3室2厅1厨1卫,['低楼层/共32层'],['南'],['平层/简装'],['106.96平米'],['2015年建'],['国贸金沙湾'],['同安'],['环东海域'],有,两梯四户,['2024-01-02'],['2016-09-12']
2165,['央企保利叁仟栋洋房 环东海域彩色跑道旁 刷卡入户'],https://xm.lianjia.com/ershoufang/105112428503.html,['435'],"['41,920元/平']",1人关注 ,3室2厅1厨2卫,['低楼层/共11层'],['东南'],['平层/精装'],['103.77平米'],['2017年建'],['保利叁仟栋一期'],['同安'],['环东海域'],有,一梯两户,['2023-01-10'],['2019-11-15']
2166,['环东海域特房银溪墅府精装大三房 环境优美'],https://xm.lianjia.com/ershoufang/105110614187.html,['320'],"['29,882元/平']",2人关注 ,3室2厅1厨2卫,['中楼层/共31层'],['南'],['平层/精装'],['107.09平米'],['2018年建'],['特房银溪墅府温尼花园'],['翔安'],['环东海域'],有,两梯四户,['2022-05-27'],['2019-12-30']
2167,['楼栋位置在校区属于看海很好的位置，高楼层景观视野好'],https://xm.lianjia.com/ershoufang/105112869921.html,['350'],"['32,726元/平']",0人关注 ,3室1厅1厨1卫,['低楼层/共32层'],['南'],['平层/毛坯'],['106.95平米'],['2015年建'],['国贸金沙湾'],['同安'],['环东海域'],有,两梯四户,['2023-03-03'],['2016-08-30']
2168,['金帝中洲滨海城南北通透朝南带阳台大3房'],https://xm.lianjia.com/ershoufang/105114710594.html,['296'],"['22,266元/平']",0人关注 ,3室2厅1厨2卫,['中楼层/共31层'],['南 北'],['平层/毛坯'],['132.94平米'],['2017年建'],['金帝中洲滨海城'],['同安'],['环东海域'],有,两梯三户,['2023-09-04'],['2018-07-10']
2169,['总监力荐，恒亿拎包入住精装修好房，一线瞰海无遮挡！'],https://xm.lianjia.com/ershoufang/105111622165.html,['280'],"['30,612元/平']",0人关注 ,2室1厅1厨1卫,['高楼层/共30层'],['南'],['平层/精装'],['91.47平米'],['2017年建'],['恒亿尚品湾（1/2/5/6期）'],['同安'],['环东海域'],有,两梯三户,['2022-09-26'],['2019-04-03']
2170,['金帝中州滨海城小三房，客厅带阳台朝南，刚需福音'],https://xm.lianjia.com/ershoufang/105110124758.html,['195'],"['20,178元/平']",3人关注 ,2室1厅1厨1卫,['中楼层/共31层'],['南'],['平层/毛坯'],['96.64平米'],['2017年建'],['金帝中洲滨海城'],['同安'],['环东海域'],有,两梯四户,['2022-03-25'],['2018-07-09']
2171,['特房朗玥公馆 2室2厅 南'],https://xm.lianjia.com/ershoufang/105116481693.html,['148'],"['18,713元/平']",1人关注 ,2室2厅1厨1卫,['低楼层/共32层'],['南'],['平层/毛坯'],['79.09平米'],['2022年建'],['特房朗玥公馆'],['翔安'],['环东海域'],暂无数据,暂无数据,['2024-03-26'],['2023-04-26']
2172,['楼栋位置在校区属于看海很好的位置，高楼层景观视野好'],https://xm.lianjia.com/ershoufang/105114845256.html,['310'],"['34,703元/平']",0人关注 ,2室2厅1厨1卫,['高楼层/共30层'],['东南'],['平层/精装'],['89.33平米'],['2015年建'],['国贸金沙湾'],['同安'],['环东海域'],有,两梯四户,['2023-09-19'],['2016-09-26']
2173,['电化宿舍 1998年小区 3开间朝南 满五 唯 一 位置安静'],https://xm.lianjia.com/ershoufang/105111788938.html,['490'],"['66,968元/平']",2人关注 ,2室1厅1厨1卫,['低楼层/共8层'],['南'],['平层/简装'],['73.17平米'],['1998年建'],['电化宿舍'],['思明'],['文灶'],无,暂无数据,['2022-10-17'],['2016-04-05']
2174,['江头地铁口二号线金彩花苑2005年人车分流'],https://xm.lianjia.com/ershoufang/105114145988.html,['260'],"['49,695元/平']",0人关注 ,2室1厅1厨1卫,['中楼层/共6层'],['南 西'],['平层/精装'],['52.32平米'],['2005年建'],['金彩花苑'],['湖里'],['金尚'],无,暂无数据,['2023-07-03'],['2021-02-07']
2175,['江头 地铁 福龙公寓 好楼层南北'],https://xm.lianjia.com/ershoufang/105113301412.html,['335'],"['38,466元/平']",0人关注 ,3室1厅1厨1卫,['中楼层/共7层'],['南 北'],['平层/精装'],['87.09平米'],['1997年建'],['福龙公寓内院'],['湖里'],['金尚'],无,暂无数据,['2023-04-09'],['2021-06-21']
2176,['挑高楼中楼 一梯两户 南北 全明户型 使用面积大'],https://xm.lianjia.com/ershoufang/105112821013.html,['1070'],"['60,569元/平']",0人关注 ,4室2厅1厨4卫,['中楼层/共9层'],['南'],['跃层/毛坯'],['176.66平米'],['2010年建'],['香山海景苑'],['思明'],['前埔'],有,一梯两户,['2023-02-27'],['2021-04-07']
2177,['联发滨海，电梯3房精装 高层 视野好'],https://xm.lianjia.com/ershoufang/105115696928.html,['1020'],"['77,762元/平']",0人关注 ,3室2厅1厨2卫,['高楼层/共29层'],['南 北'],['平层/精装'],['131.17平米'],['2012年建'],['联发滨海名居'],['思明'],['会展中心'],有,两梯四户,['2023-12-26'],['2013-09-17']
2178,['雅居公寓，小户型，装修好，可拎包入住'],https://xm.lianjia.com/ershoufang/105115855493.html,['218'],"['63,780元/平']",0人关注 ,1室1厅1厨1卫,['中楼层/共6层'],['南 北'],['平层/简装'],['34.18平米'],['1987年建'],['雅居公寓'],['思明'],['禾祥西路'],无,暂无数据,['2024-01-13'],['2020-07-06']
2179,['边套大平层视野好，前后无遮挡可看内海'],https://xm.lianjia.com/ershoufang/105113117972.html,['323'],"['28,044元/平']",4人关注 ,3室2厅1厨2卫,['中楼层/共32层'],['东南'],['平层/精装'],['115.18平米'],['2018年建'],['龙湖春江彼岸二期'],['海沧'],['马銮湾中心片区'],有,三梯六户,['2023-03-23'],['2020-08-05']
2180,['南湖明珠 三房 南北 通风 采光佳 看湖景'],https://xm.lianjia.com/ershoufang/105110350727.html,['1220'],"['64,732元/平']",7人关注 ,3室2厅1厨3卫,['低楼层/共33层'],['北 西北'],['跃层/精装'],['188.47平米'],['2004年建'],['南湖明珠'],['思明'],['滨东'],有,两梯六户,['2022-04-21'],['2019-06-20']
2181,['融创云潮府业主自住精装未入住诚意出售'],https://xm.lianjia.com/ershoufang/105114275000.html,['245'],"['32,711元/平']",0人关注 ,3室2厅1厨1卫,['中楼层/共15层'],['南'],['平层/精装'],['74.9平米'],['2021年建'],['融创云潮府'],['海沧'],['马銮湾中心片区'],暂无数据,暂无数据,['2023-07-18'],['2023-08-18']
2182,['海沧马銮湾1.7万方综合体旁海投第一湾87.10平'],https://xm.lianjia.com/ershoufang/105112345233.html,['296'],"['33,984元/平']",0人关注 ,2室2厅1厨1卫,['高楼层/共36层'],['南 北'],['平层/毛坯'],['87.1平米'],['2018年建'],['海投第一湾'],['海沧'],['马銮湾东'],有,两梯四户,['2022-12-28'],['2020-04-28']
2183,['联丰商城电梯精装大2房全明户型  南北向'],https://xm.lianjia.com/ershoufang/105115323436.html,['493'],"['50,046元/平']",0人关注 ,2室2厅1厨1卫,['高楼层/共6层'],['东南 南 西南 西'],['平层/精装'],['98.51平米'],['1999年建'],['联丰商城'],['思明'],['瑞景'],有,一梯四户,['2023-11-13'],['2017-05-23']
2184,['世茂璀璨天城 高层复式四房 得房率高 精装可拎包入住'],https://xm.lianjia.com/ershoufang/105112255814.html,['730'],"['59,739元/平']",0人关注 ,4室2厅1厨3卫,['高楼层/共33层'],['南'],['跃层/精装'],['122.2平米'],['2018年建'],['世茂璀璨天城一期'],['集美'],['集美新城'],有,两梯八户,['2022-12-11'],['2019-11-18']
2185,['马銮湾乐活岛高层精装近地铁诚意出售'],https://xm.lianjia.com/ershoufang/105114005932.html,['265'],"['32,416元/平']",0人关注 ,3室2厅1厨1卫,['高楼层/共31层'],['南'],['平层/精装'],['81.75平米'],['2020年建'],['海投第一湾二期湖海庄园'],['海沧'],['马銮湾中心片区'],有,两梯五户,['2023-06-16'],['2021-08-16']
2186,['牡丹酒店旁正规大三房电梯房交通方便客厅带阳台朝南呀'],https://xm.lianjia.com/ershoufang/105115508384.html,['698'],"['54,303元/平']",0人关注 ,3室2厅2厨2卫,['中楼层/共31层'],['南 北'],['平层/简装'],['128.54平米'],['2010年建'],['墩仔家园'],['思明'],['金鸡亭'],有,两梯六户,['2023-12-03'],['2017-11-03']
2187,['全明户型，楼层好，采光好，看中庭'],https://xm.lianjia.com/ershoufang/105112748453.html,['698'],"['49,858元/平']",2人关注 ,3室2厅1厨2卫,['高楼层/共23层'],['南'],['平层/精装'],['140平米'],['2014年建'],['金尚首府'],['湖里'],['金尚'],有,两梯两户,['2023-02-21'],['2019-02-04']
2188,['嘉庚体育馆南北通风满二了税费低，高楼层视野采光好'],https://xm.lianjia.com/ershoufang/105112077776.html,['378'],"['28,296元/平']",0人关注 ,3室2厅1厨2卫,['中楼层/共34层'],['东南'],['平层/简装'],['133.59平米'],['2017年建'],['国贸商城同悦'],['集美'],['集美其它'],有,两梯三户,['2022-11-19'],['2018-01-10']
2189,['集美新城，地铁口3房，看湖景采光好，配套齐全'],https://xm.lianjia.com/ershoufang/105113422903.html,['353'],"['39,482元/平']",2人关注 ,3室2厅1厨1卫,['中楼层/共31层'],['南'],['平层/简装'],['89.41平米'],['2015年建'],['莲花新城二期'],['集美'],['集美新城'],有,两梯四户,['2023-04-20'],['2015-04-01']
2190,['地铁口 振华大厦 紧凑楼中楼 带4阳台 产权在手s'],https://xm.lianjia.com/ershoufang/105105464875.html,['752'],"['47,674元/平']",20人关注 ,6室0厅1厨3卫,['中楼层/共28层'],['西北'],['跃层/简装'],['157.74平米'],['2005年建'],['振华大厦'],['湖里'],['邮轮城'],有,三梯八户,['2020-10-05'],['2002-11-19']
2191,['禾祥西泛华大厦电梯两房两厅拎包入住诚意出售'],https://xm.lianjia.com/ershoufang/105115486570.html,['408'],"['74,196元/平']",0人关注 ,2室2厅1厨1卫,['中楼层/共18层'],['南 东'],['平层/精装'],['54.99平米'],['2003年建'],['泛华大厦'],['思明'],['禾祥西路'],有,两梯六户,['2023-12-01'],['2014-02-26']
2192,['世茂品质 位置安静 高层看海 人车分流 高档社区'],https://xm.lianjia.com/ershoufang/105106285362.html,['2865'],"['82,144元/平']",4人关注 ,5室2厅1厨5卫,['低楼层/共40层'],['南 西北'],['平层/精装'],['348.78平米'],['2012年建'],['世茂湖滨首府C区'],['湖里'],['湖边水库'],有,三梯两户,['2021-01-18'],['2022-04-20']
2193,['含车位 楼层视野好 朝南通透 正规3房'],https://xm.lianjia.com/ershoufang/105106876288.html,['195'],"['21,022元/平']",3人关注 ,3室1厅1厨1卫,['高楼层/共42层'],['东南'],['平层/精装'],['92.76平米'],['2017年建'],['万科广场幸福里'],['集美'],['厦门北站商业区'],有,三梯六户,['2021-04-03'],['2017-08-18']
2194,['精装两房 可拎包入住 南北户型   交通便利配套齐全'],https://xm.lianjia.com/ershoufang/105111595735.html,['265'],"['50,218元/平']",1人关注 ,2室1厅1厨1卫,['低楼层/共6层'],['南 北'],['平层/精装'],['52.77平米'],['1999年建'],['太微花园'],['湖里'],['金尚'],无,暂无数据,['2022-09-23'],['2017-07-18']
2195,['火车站 浦南新村 正规大两房好改3房 朝东采光好'],https://xm.lianjia.com/ershoufang/105115643664.html,['272'],"['36,027元/平']",2人关注 ,2室2厅1厨1卫,['中楼层/共8层'],['东 西'],['平层/精装'],['75.5平米'],['1998年建'],['浦南新村'],['思明'],['火车站'],无,暂无数据,['2023-12-19'],['2009-10-19']
2196,['框架，三面采光，有两个大阳台，南北朝向，方正'],https://xm.lianjia.com/ershoufang/105109428955.html,['499'],"['41,958元/平']",11人关注 ,3室2厅1厨2卫,['低楼层/共6层'],['北 南'],['平层/简装'],['118.93平米'],['1999年建'],['太微花园'],['湖里'],['金尚'],有,一梯两户,['2021-12-07'],['2001-02-15']
2197,['五月花五期精装3房，无遮挡看房方便；游泳池看海'],https://xm.lianjia.com/ershoufang/105111125655.html,['329'],"['35,607元/平']",0人关注 ,3室1厅1厨1卫,['中楼层/共33层'],['东南'],['平层/精装'],['92.4平米'],['2015年建'],['海上五月花五期'],['同安'],['集美其它'],有,两梯四户,['2022-07-31'],['2016-08-30']
2198,['厅带阳台，全明格局，三面采光，采光通透性好'],https://xm.lianjia.com/ershoufang/105109677450.html,['580'],"['57,284元/平']",4人关注 ,3室2厅1厨1卫,['中楼层/共8层'],['南 北'],['平层/简装'],['101.25平米'],['1999年建'],['瑞景新村宾鸿苑'],['思明'],['瑞景'],无,暂无数据,['2022-01-15'],['2009-11-02']
2199,['集美新城 龙湖春江郦城复式 使用面积大，采光通风好'],https://xm.lianjia.com/ershoufang/105113061078.html,['443'],"['34,913元/平']",1人关注 ,4室2厅1厨2卫,['中楼层/共33层'],['东南'],['简装'],['126.89平米'],['2016年建'],['龙湖春江郦城一期'],['集美'],['杏北'],有,两梯六户,['2023-03-18'],['2017-06-02']
2200,['翔安两房，户型方正，房东急售价格好谈'],https://xm.lianjia.com/ershoufang/105113992146.html,['102'],"['14,079元/平']",1人关注 ,2室2厅1厨1卫,['中楼层/共18层'],['南 北'],['平层/精装'],['72.45平米'],['2016年建'],['中澳城'],['翔安'],['翔安其他'],有,两梯四户,['2023-06-15'],['2018-11-29']
2201,['地铁2号线旁精明房型稳定出售。'],https://xm.lianjia.com/ershoufang/105104545791.html,['258'],"['45,447元/平']",31人关注 ,2室1厅1厨1卫,['低楼层/共28层'],['西'],['平层/简装'],['56.77平米'],['2005年建'],['振华大厦'],['湖里'],['邮轮城'],有,两梯二十四户,['2020-06-08'],['2004-12-24']
2202,['嘉庚体育馆南北通风格局方正，自己住装修，真材实料'],https://xm.lianjia.com/ershoufang/105113553039.html,['410'],"['29,812元/平']",0人关注 ,3室2厅1厨2卫,['高楼层/共34层'],['南'],['平层/精装'],['137.53平米'],['2017年建'],['国贸商城同悦'],['集美'],['集美其它'],有,两梯三户,['2023-05-03'],['2018-01-11']
2203,['低首付，小复式户型。采光好，业主诚意出售'],https://xm.lianjia.com/ershoufang/105111744685.html,['66'],"['12,622元/平']",1人关注 ,1室1厅1厨1卫,['低楼层/共22层'],['东南'],['平层/毛坯'],['52.29平米'],['2018年建'],['海西9号'],['翔安'],['翔安新城'],有,两梯三十二户,['2022-10-12'],['2021-04-14']
2204,['滨北 万象里旁 岳阳小区 精装2房 南北通透 换房诚售'],https://xm.lianjia.com/ershoufang/105113758227.html,['269'],"['50,075元/平']",0人关注 ,2室1厅1厨1卫,['高楼层/共7层'],['南 北'],['平层/精装'],['53.72平米'],['1997年建'],['岳阳西里'],['思明'],['岳阳社区'],无,暂无数据,['2023-05-22'],['2018-05-17']
2205,['温莎公馆15年次新房 精装大三房 可拎包入住 全明格局'],https://xm.lianjia.com/ershoufang/105114855526.html,['670'],"['55,922元/平']",0人关注 ,3室2厅1厨2卫,['中楼层/共33层'],['南 北'],['平层/精装'],['119.81平米'],['2015年建'],['温莎公馆'],['湖里'],['金尚'],有,两梯三户,['2023-09-20'],['2016-08-11']
2206,['电梯2房，松柏，地铁口，松柏公园，中高层，空户'],https://xm.lianjia.com/ershoufang/105113004969.html,['370'],"['52,084元/平']",0人关注 ,2室2厅1厨1卫,['中楼层/共33层'],['东南'],['平层/简装'],['71.04平米'],['2001年建'],['湖北大厦'],['思明'],['松柏'],有,三梯十七户,['2023-03-14'],['2018-12-20']
2207,['阳光城高层两房，采光通风，高层看海，自住装，诚售！'],https://xm.lianjia.com/ershoufang/105115014675.html,['195'],"['26,175元/平']",0人关注 ,2室2厅1厨1卫,['高楼层/共33层'],['西南'],['平层/精装'],['74.5平米'],['2015年建'],['阳光城翡丽湾二期'],['翔安'],['翔安新城'],有,两梯六户,['2023-10-10'],['2016-09-07']
2208,['世茂D区德式园林  南北通透  户型佳  视野开阔'],https://xm.lianjia.com/ershoufang/105109557956.html,['1258'],"['75,195元/平']",0人关注 ,4室2厅1厨2卫,['高楼层/共33层'],['南 北'],['平层/毛坯'],['167.3平米'],['2014年建'],['世茂湖滨首府D区'],['湖里'],['湖边水库'],有,两梯三户,['2021-12-27'],['2016-09-02']
2209,['欣家园单身公寓装修清爽，可拎包入住。'],https://xm.lianjia.com/ershoufang/105108925045.html,['118'],"['42,249元/平']",0人关注 ,1室1厅1厨1卫,['中楼层/共7层'],['北'],['平层/精装'],['27.93平米'],['2004年建'],['欣家园'],['湖里'],['殿前'],无,暂无数据,['2021-10-05'],['2011-06-13']
2210,['省优延奎，近地铁，南北，双阳台，生活配套齐全'],https://xm.lianjia.com/ershoufang/105110276256.html,['250'],"['29,523元/平']",4人关注 ,3室1厅1厨1卫,['低楼层/共6层'],['南'],['平层/简装'],['84.68平米'],['2004年建'],['长欣花园'],['海沧'],['海沧生活区'],无,暂无数据,['2022-04-13'],['2005-04-15']
2211,['这套房子动静分离，房间，厨房多很大。'],https://xm.lianjia.com/ershoufang/105112183345.html,['550'],"['66,059元/平']",2人关注 ,2室1厅1厨1卫,['低楼层/共16层'],['南 北'],['平层/精装'],['83.26平米'],['2010年建'],['鑫龙大厦'],['思明'],['七星路'],有,两梯七户,['2022-12-02'],['2013-08-12']
2212,['祥店新村 7室2厅 南 北'],https://xm.lianjia.com/ershoufang/105114628162.html,['680'],"['37,707元/平']",0人关注 ,7室2厅1厨5卫,['高楼层/共7层'],['南 北'],['平层/精装'],['180.34平米'],['2005年建'],['祥店新村'],['湖里'],['祥店'],无,暂无数据,['2023-08-26'],['2020-07-15']
2213,['此房产权清晰，位置安静，小区自带泳池，看海三房朝南'],https://xm.lianjia.com/ershoufang/105114058662.html,['298'],"['32,252元/平']",1人关注 ,3室1厅1厨1卫,['低楼层/共33层'],['东南'],['平层/精装'],['92.4平米'],['2015年建'],['海上五月花五期'],['同安'],['集美其它'],有,两梯四户,['2023-06-23'],['2018-08-17']
2214,['翔安隧道口  一站进岛   南北通透  高层看全海景'],https://xm.lianjia.com/ershoufang/105114953704.html,['276'],"['31,258元/平']",1人关注 ,3室1厅1厨1卫,['高楼层/共33层'],['东南 北'],['平层/精装'],['88.3平米'],['2014年建'],['阳光城翡丽湾一期'],['翔安'],['翔安新城'],有,两梯六户,['2023-10-03'],['2016-09-27']
2215,['乌石浦地铁口 封闭式小区 无贷款 产权在手'],https://xm.lianjia.com/ershoufang/105113623950.html,['219'],"['58,354元/平']",0人关注 ,1室0厅1厨1卫,['高楼层/共23层'],['西'],['平层/精装'],['37.53平米'],['2004年建'],['龙门天下'],['湖里'],['江头'],有,两梯二十户,['2023-05-10'],['2007-10-26']
2216,['2号线地铁口，交通生活便利，延奎'],https://xm.lianjia.com/ershoufang/105111067991.html,['320'],"['27,283元/平']",2人关注 ,3室2厅1厨2卫,['低楼层/共9层'],['南 北'],['平层/精装'],['117.29平米'],['2000年建'],['鑫茂花园'],['海沧'],['海沧生活区'],无,暂无数据,['2022-07-24'],['2016-04-25']
2217,['玉泉花园 3室1厅 东 南 北'],https://xm.lianjia.com/ershoufang/105116670690.html,['580'],"['37,894元/平']",0人关注 ,3室1厅1厨2卫,['高楼层/共9层'],['东 南 北'],['平层/简装'],['153.06平米'],['1995年建'],['玉泉花园'],['湖里'],['保税区'],有,一梯三户,['2024-04-13'],['2017-06-29']
2218,['集美桥头大3房 自住装修 满五 南北通透 业主急售'],https://xm.lianjia.com/ershoufang/105113923453.html,['318'],"['30,681元/平']",1人关注 ,3室2厅1厨1卫,['低楼层/共30层'],['南 北'],['平层/精装'],['103.65平米'],['2015年建'],['新景舜弘天籁'],['集美'],['集美其它'],有,两梯四户,['2023-06-08'],['2016-06-20']
2219,['电梯高层看筼筜湖，户型方正，明厨明卫，房东诚意出售'],https://xm.lianjia.com/ershoufang/105113700166.html,['860'],"['61,689元/平']",1人关注 ,4室2厅1厨2卫,['中楼层/共33层'],['西北'],['平层/简装'],['139.41平米'],['2005年建'],['瑞成大厦'],['思明'],['斗西路'],有,三梯八户,['2023-05-17'],['2006-05-28']
2220,['新景龙郡  精装大3房 东边套'],https://xm.lianjia.com/ershoufang/105114886845.html,['750'],"['61,511元/平']",0人关注 ,3室2厅1厨2卫,['高楼层/共24层'],['南'],['平层/精装'],['121.93平米'],['2016年建'],['新景龙郡'],['湖里'],['枋湖'],有,两梯四户,['2023-09-23'],['2020-09-24']
2221,['前埔  瑞景  电梯三房，南北向，居住舒服，安静不吵闹'],https://xm.lianjia.com/ershoufang/105112085876.html,['635'],"['52,772元/平']",3人关注 ,3室2厅1厨2卫,['低楼层/共11层'],['南 北'],['平层/精装'],['120.33平米'],['2002年建'],['华林绿景花园'],['思明'],['瑞景'],有,一梯两户,['2022-11-20'],['2019-04-03']
2222,['彩虹花园三房两厅两卫明厨明卫户型方正'],https://xm.lianjia.com/ershoufang/105114129593.html,['463'],"['29,800元/平']",1人关注 ,3室1厅1厨2卫,['中楼层/共8层'],['北 西南'],['平层/简装'],['155.37平米'],['1999年建'],['永升彩虹花园'],['湖里'],['金尚'],无,暂无数据,['2023-07-01'],['2021-02-01']
2223,['吕厝双地铁口，大四房格局好，配套全二胎好选择'],https://xm.lianjia.com/ershoufang/105110900322.html,['698'],"['39,065元/平']",0人关注 ,3室2厅1厨2卫,['中楼层/共16层'],['东南'],['平层/简装'],['178.68平米'],['2004年建'],['豪峰大厦'],['湖里'],['江头'],有,两梯八户,['2022-07-03'],['2020-09-08']
2224,['文灶地铁口钨业宿舍96年小区西南北三面采光 好改造'],https://xm.lianjia.com/ershoufang/105114765302.html,['308'],"['52,089元/平']",0人关注 ,1室1厅1厨1卫,['中楼层/共8层'],['南 北'],['平层/简装'],['59.13平米'],['未知年建'],['钨业宿舍'],['思明'],['文灶'],无,暂无数据,['2023-09-10'],['1999-09-09']
2225,['南北通双阳台，免个税大2房急卖，价格可谈，户型方正'],https://xm.lianjia.com/ershoufang/105114909139.html,['190'],"['23,104元/平']",0人关注 ,2室1厅1厨1卫,['高楼层/共6层'],['东南'],['平层/精装'],['82.24平米'],['2002年建'],['金龙商城一期'],['海沧'],['海沧生活区'],无,暂无数据,['2023-09-26'],['2003-09-15']
2226,['正规楼中楼，南北通，采光很好，价格可谈'],https://xm.lianjia.com/ershoufang/105110250690.html,['335'],"['16,990元/平']",12人关注 ,4室3厅1厨2卫,['高楼层/共7层'],['南 北'],['跃层/简装'],['197.18平米'],['1998年建'],['信发楼'],['海沧'],['海沧生活区'],无,暂无数据,['2022-04-10'],['2005-11-04']
2227,['集美桥头嘉庚旁 花园小区禹洲正规三房两卫 大客厅'],https://xm.lianjia.com/ershoufang/105114402220.html,['266'],"['22,773元/平']",1人关注 ,3室2厅1厨2卫,['高楼层/共35层'],['南 北'],['平层/精装'],['116.81平米'],['2012年建'],['禹洲大学城'],['同安'],['集美其它'],有,三梯六户,['2023-08-02'],['2019-07-15']
2228,['世茂璀璨天城二期 3室1厅 东南'],https://xm.lianjia.com/ershoufang/105111307304.html,['449'],"['42,335元/平']",1人关注 ,3室1厅1厨2卫,['低楼层/共33层'],['东南'],['精装'],['106.06平米'],['2019年建'],['世茂璀璨天城二期'],['集美'],['集美新城'],有,两梯八户,['2022-08-22'],['2020-08-29']
2229,['公摊小，中间楼层，主卧朝南带阳台，江头公园'],https://xm.lianjia.com/ershoufang/105115842021.html,['368'],"['49,899元/平']",0人关注 ,2室1厅1厨1卫,['中楼层/共7层'],['南'],['平层/精装'],['73.75平米'],['1994年建'],['华成花园'],['湖里'],['江头'],无,暂无数据,['2024-01-11'],['2017-12-01']
2230,['万达商圈精装三房，拎包入住，随时可看可交易'],https://xm.lianjia.com/ershoufang/105114887334.html,['388'],"['53,837元/平']",0人关注 ,3室1厅1厨1卫,['低楼层/共31层'],['南 西 北'],['平层/精装'],['72.07平米'],['2009年建'],['湖边花园A区'],['湖里'],['万达广场'],有,两梯六户,['2023-09-23'],['2015-02-10']
2231,['瑞景苑 2室1厅 北'],https://xm.lianjia.com/ershoufang/105115703145.html,['235'],"['74,297元/平']",0人关注 ,2室1厅1厨1卫,['中楼层/共15层'],['北'],['平层/简装'],['31.63平米'],['2008年建'],['瑞景苑'],['思明'],['瑞景'],有,两梯二十五户,['2023-12-26'],['2018-07-26']
2232,['海沧双地铁口海景三房 南北通透楼层好【对望双子塔】'],https://xm.lianjia.com/ershoufang/105114560112.html,['315'],"['25,995元/平']",6人关注 ,3室2厅1厨2卫,['中楼层/共18层'],['南 北'],['平层/精装'],['121.18平米'],['2007年建'],['广场湖畔花园'],['海沧'],['海沧外国语片区'],有,一梯两户,['2023-08-19'],['2016-08-17']
2233,['天源满5年就一套，看小区中庭绿化水秀'],https://xm.lianjia.com/ershoufang/105115940905.html,['350'],"['37,018元/平']",0人关注 ,2室2厅1厨1卫,['低楼层/共29层'],['南 北'],['平层/精装'],['94.55平米'],['2016年建'],['海投天源'],['海沧'],['海沧体育中心'],有,两梯三户,['2024-01-24'],['2017-06-12']
2234,['枋湖凯悦新城  精装小两房   满五省个税'],https://xm.lianjia.com/ershoufang/105112209776.html,['298'],"['60,991元/平']",0人关注 ,2室1厅1厨1卫,['中楼层/共13层'],['北'],['平层/精装'],['48.86平米'],['2013年建'],['凯悦新城'],['湖里'],['枋湖'],有,两梯八户,['2022-12-06'],['2022-12-09']
2235,['北附电梯一房一厅 业主精心设计拎包住 高层视野 有锁'],https://xm.lianjia.com/ershoufang/105114228528.html,['128'],"['36,582元/平']",0人关注 ,1室1厅1厨1卫,['高楼层/共18层'],['北'],['平层/精装'],['34.99平米'],['2005年建'],['未来橙堡'],['海沧'],['海沧体育中心'],有,两梯六户,['2023-07-12'],['2020-04-23']
2236,['此房满五年，楼中楼，位置安静，使用面积大'],https://xm.lianjia.com/ershoufang/105111763264.html,['1450'],"['58,126元/平']",1人关注 ,5室2厅1厨2卫,['高楼层/共12层'],['南'],['复式/精装'],['249.46平米'],['2011年建'],['东晖广场'],['湖里'],['枋湖'],有,一梯两户,['2022-10-14'],['2016-02-22']
2237,['禾丰新景，莲花，电梯高层，厅带阳台朝南，采光好'],https://xm.lianjia.com/ershoufang/105114410757.html,['550'],"['78,449元/平']",0人关注 ,2室1厅1厨1卫,['高楼层/共18层'],['南 北'],['平层/精装'],['70.11平米'],['2017年建'],['禾丰新景'],['思明'],['莲花'],有,两梯四户,['2023-08-03'],['2017-10-23']
2238,['产权满五  户型方正  朝南看海  视野开阔'],https://xm.lianjia.com/ershoufang/105111756692.html,['451'],"['39,796元/平']",0人关注 ,3室2厅1厨1卫,['高楼层/共33层'],['南 北'],['平层/精装'],['113.33平米'],['2009年建'],['国贸商城集悦'],['集美'],['集美其它'],有,两梯三户,['2022-10-13'],['2017-05-27']
2239,['维多利亚，园林社区 带泳池 双拾教育'],https://xm.lianjia.com/ershoufang/105114879603.html,['380'],"['42,354元/平']",0人关注 ,2室1厅1厨1卫,['低楼层/共30层'],['南'],['平层/简装'],['89.72平米'],['2011年建'],['海晟维多利亚'],['海沧'],['滨海社区'],有,两梯四户,['2023-09-22'],['2023-08-16']
2240,['室内另有大阁楼间独立使用，电梯房，视野宽阔'],https://xm.lianjia.com/ershoufang/105114235153.html,['408'],"['45,771元/平']",0人关注 ,2室2厅1厨1卫,['高楼层/共7层'],['南'],['平层/简装'],['89.14平米'],['1999年建'],['芙蓉苑二期'],['湖里'],['湖里大道'],无,暂无数据,['2023-07-13'],['2000-09-26']
2241,['产权清晰，南北朝向，业主诚意出售。'],https://xm.lianjia.com/ershoufang/105112986112.html,['490'],"['40,287元/平']",0人关注 ,3室2厅1厨2卫,['低楼层/共11层'],['南 北'],['平层/简装'],['121.63平米'],['2004年建'],['翔鹭花城三期'],['湖里'],['殿前'],有,一梯两户,['2023-03-12'],['2020-10-24']
2242,['嘉禾路靠SM鑫景地朝东小户型 地铁口 出行便利'],https://xm.lianjia.com/ershoufang/105114968525.html,['87'],"['24,879元/平']",3人关注 ,1室1厅1厨1卫,['中楼层/共10层'],['东'],['平层/精装'],['34.97平米'],['2007年建'],['鑫新景地大厦'],['湖里'],['江头'],有,三梯四十三户,['2023-10-05'],['2021-04-19']
2243,['曾营大三房  高楼层   视线好'],https://xm.lianjia.com/ershoufang/105112369130.html,['285'],"['20,644元/平']",0人关注 ,3室2厅1厨2卫,['高楼层/共11层'],['南 北'],['平层/简装'],['138.06平米'],['未知年建'],['兴阁里小区'],['集美'],['杏东'],有,一梯两户,['2023-01-02'],['2012-01-19']
2244,['集美新城，华润品质，满五没有抵押，高层视野开阔'],https://xm.lianjia.com/ershoufang/105111553922.html,['319'],"['36,189元/平']",1人关注 ,3室2厅1厨1卫,['高楼层/共34层'],['南 北'],['平层/精装'],['88.15平米'],['2015年建'],['橡树湾三期'],['集美'],['杏北'],有,两梯两户,['2022-09-19'],['2017-10-01']
2245,['融信二次装修两个卫生 领包省心'],https://xm.lianjia.com/ershoufang/105115161678.html,['90'],"['23,113元/平']",1人关注 ,2室1厅1厨2卫,['高楼层/共26层'],['西'],['跃层/精装'],['38.94平米'],['2016年建'],['融信海上城'],['海沧'],['滨海社区'],有,六梯三十六户,['2023-10-26'],['2021-10-26']
2246,['可以随便买，文灶地铁和BRT旁'],https://xm.lianjia.com/ershoufang/105110595221.html,['113'],"['28,637元/平']",2人关注 ,1室0厅0厨1卫,['高楼层/共14层'],['东'],['平层/简装'],['39.46平米'],['1999年建'],['银龙广场二期'],['思明'],['火车站'],有,一梯十七户,['2022-05-25'],['2005-11-24']
2247,['高层海景四房西边套四房三卫低公摊'],https://xm.lianjia.com/ershoufang/105112189500.html,['350'],"['26,814元/平']",0人关注 ,4室2厅1厨2卫,['中楼层/共25层'],['南 北'],['平层/毛坯'],['130.53平米'],['2018年建'],['恒亿尚品湾3/4期'],['同安'],['环东海域'],有,两梯三户,['2022-12-03'],['2021-05-06']
2248,['西雅图，朝南大两房，诚意出售 看房方便'],https://xm.lianjia.com/ershoufang/105113473673.html,['275'],"['27,347元/平']",1人关注 ,2室2厅1厨1卫,['低楼层/共30层'],['南'],['平层/精装'],['100.56平米'],['2017年建'],['西雅图'],['海沧'],['海沧外国语片区'],有,三梯四户,['2023-04-24'],['2018-11-30']
2249,['产权满五 边套通透户型 三面采光 一线海景'],https://xm.lianjia.com/ershoufang/105111627216.html,['320'],"['35,461元/平']",2人关注 ,2室2厅1厨2卫,['低楼层/共20层'],['东南'],['平层/简装'],['90.24平米'],['2010年建'],['古龙御景一期北区'],['集美'],['集美其它'],有,两梯三户,['2022-09-27'],['2016-08-28']
2250,['桥头 禹洲大学城 格局方正 中间楼层 看房随时方便房子'],https://xm.lianjia.com/ershoufang/105115550805.html,['228'],"['18,481元/平']",0人关注 ,4室2厅1厨2卫,['中楼层/共34层'],['南 北'],['错层/简装'],['123.37平米'],['2012年建'],['禹洲大学城'],['同安'],['集美其它'],有,三梯六户,['2023-12-08'],['2013-01-10']
2251,['翔安隧道口，近地铁交通便利，中楼层看一线海景'],https://xm.lianjia.com/ershoufang/105115253710.html,['260'],"['27,123元/平']",0人关注 ,2室1厅1厨1卫,['中楼层/共31层'],['东南'],['平层/精装'],['95.86平米'],['2015年建'],['阳光城翡丽湾二期'],['翔安'],['翔安新城'],有,两梯六户,['2023-11-05'],['2021-08-27']
2252,['美地雅登祥吴二里 2室2厅 南 北 西'],https://xm.lianjia.com/ershoufang/105115755934.html,['189'],"['22,119元/平']",0人关注 ,2室2厅1厨1卫,['中楼层/共18层'],['南 北 西'],['平层/精装'],['85.45平米'],['2009年建'],['美地雅登祥吴二里'],['翔安'],['新店'],有,两梯三户,['2024-01-02'],['2020-04-13']
2253,['华林金盛花园电梯温馨两房业主诚意出售看房子方便'],https://xm.lianjia.com/ershoufang/105109558701.html,['308'],"['54,991元/平']",3人关注 ,2室1厅1厨1卫,['低楼层/共11层'],['东'],['平层/简装'],['56.01平米'],['2005年建'],['华林金盛花园'],['湖里'],['金尚'],有,一梯三户,['2021-12-27'],['2004-10-27']
2254,['联发品质 封闭式管理小区  视野佳  泳池'],https://xm.lianjia.com/ershoufang/105110895361.html,['808'],"['56,288元/平']",3人关注 ,3室1厅1厨2卫,['中楼层/共17层'],['南 北'],['平层/精装'],['143.55平米'],['2005年建'],['联发新天地'],['湖里'],['祥店'],有,两梯四户,['2022-07-02'],['2020-06-24']
2255,['地铁口交通方便，电梯房，满五*一免个税'],https://xm.lianjia.com/ershoufang/105111314335.html,['245'],"['28,740元/平']",1人关注 ,3室2厅1厨1卫,['低楼层/共32层'],['西 北'],['平层/简装'],['85.25平米'],['2013年建'],['海银大厦'],['海沧'],['海沧生活区'],有,三梯十一户,['2022-08-23'],['2017-07-17']
2256,['地铁口朝南精装公寓，无贷款，楼下图书城，学习近'],https://xm.lianjia.com/ershoufang/105115308244.html,['260'],"['58,493元/平']",0人关注 ,1室1厅1厨1卫,['中楼层/共31层'],['南'],['平层/精装'],['44.45平米'],['2005年建'],['国际文化大厦'],['思明'],['莲坂'],有,两梯十八户,['2023-11-11'],['2012-12-19']
2257,['地铁口精装公寓，即买即住，高层视野宽广。'],https://xm.lianjia.com/ershoufang/105114741378.html,['303'],"['59,634元/平']",0人关注 ,2室1厅1厨1卫,['高楼层/共31层'],['北'],['平层/精装'],['50.81平米'],['2007年建'],['国际文化大厦'],['思明'],['莲坂'],有,两梯十八户,['2023-09-07'],['2019-05-28']
2258,['莲坂地铁口 精品公寓 精装空户无贷'],https://xm.lianjia.com/ershoufang/105114053520.html,['316'],"['58,802元/平']",1人关注 ,1室1厅1厨1卫,['中楼层/共31层'],['南'],['平层/精装'],['53.74平米'],['2005年建'],['国际文化大厦'],['思明'],['莲坂'],有,两梯十八户,['2023-06-23'],['2009-07-08']
2259,['地铁口，诚意卖！高层视野开阔，精装，'],https://xm.lianjia.com/ershoufang/105114261435.html,['317'],"['31,396元/平']",1人关注 ,2室2厅1厨1卫,['高楼层/共45层'],['东南'],['平层/精装'],['100.97平米'],['2017年建'],['西雅图'],['海沧'],['海沧外国语片区'],有,三梯四户,['2023-07-16'],['2018-09-04']
2260,['高层电梯大两房，视野采光好，无遮挡，地段好'],https://xm.lianjia.com/ershoufang/105114392451.html,['490'],"['53,511元/平']",0人关注 ,2室1厅1厨1卫,['高楼层/共21层'],['东南'],['平层/简装'],['91.57平米'],['2005年建'],['富兴大厦'],['思明'],['火车站'],暂无数据,暂无数据,['2023-08-01'],['2004-11-05']
2261,['马銮湾 地铁口 龙湖春江彼岸 精装3房近教育小区环境好'],https://xm.lianjia.com/ershoufang/105113398907.html,['280'],"['31,617元/平']",0人关注 ,3室2厅1厨1卫,['中楼层/共31层'],['南'],['平层/精装'],['88.56平米'],['2018年建'],['首开龙湖春江彼岸三期'],['海沧'],['马銮湾中心片区'],有,三梯六户,['2023-04-17'],['2021-03-25']
2262,['旭日海湾三期电梯一房，带大阳台。'],https://xm.lianjia.com/ershoufang/105115058499.html,['135'],"['53,743元/平']",0人关注 ,1室1厅1厨1卫,['高楼层/共10层'],['西南'],['平层/简装'],['25.12平米'],['2003年建'],['旭日海湾三期'],['海沧'],['滨海社区'],有,一梯七户,['2023-10-15'],['2020-12-22']
2263,['美地雅登一里 2室2厅 南 北'],https://xm.lianjia.com/ershoufang/105115057279.html,['151'],"['20,253元/平']",0人关注 ,2室2厅1厨1卫,['高楼层/共18层'],['南 北'],['平层/精装'],['74.56平米'],['2009年建'],['美地雅登一里'],['翔安'],['新店'],有,两梯四户,['2023-10-14'],['2018-11-09']
2264,['莲花新城大户型，朝东面湖，两梯两户，总高18楼'],https://xm.lianjia.com/ershoufang/105109198148.html,['670'],"['35,956元/平']",19人关注 ,4室2厅1厨2卫,['低楼层/共18层'],['东 南 北'],['平层/毛坯'],['186.34平米'],['2015年建'],['莲花新城二期'],['集美'],['集美新城'],有,两梯两户,['2021-11-07'],['2013-10-03']
2265,['环东海域精装四房，业主诚心出售，看房方便有锁匙'],https://xm.lianjia.com/ershoufang/105113316957.html,['230'],"['23,902元/平']",0人关注 ,4室2厅1厨2卫,['中楼层/共18层'],['南 北'],['错层/精装'],['96.23平米'],['2012年建'],['禹洲大学城'],['同安'],['集美其它'],有,两梯四户,['2023-04-10'],['2023-04-19']
2266,['一梯两户，南北通透，户型方正，采光佳，价格低'],https://xm.lianjia.com/ershoufang/105115729510.html,['388'],"['49,239元/平']",0人关注 ,2室2厅1厨1卫,['高楼层/共6层'],['南 北'],['平层/简装'],['78.8平米'],['2000年建'],['前埔北区一里'],['思明'],['前埔'],无,暂无数据,['2023-12-29'],['2018-05-16']
2267,['电梯房，小区环境好，采光好，明厨明卫'],https://xm.lianjia.com/ershoufang/105103580299.html,['385'],"['31,630元/平']",15人关注 ,3室2厅2厨2卫,['低楼层/共30层'],['西南'],['平层/简装'],['121.72平米'],['2014年建'],['禹洲中央海岸二期'],['集美'],['杏林桥头'],有,三梯六户,['2019-12-20'],['2016-03-02']
2268,['集美沿湖低公摊多阳台通透奢阔大四房'],https://xm.lianjia.com/ershoufang/105114836956.html,['700'],"['48,928元/平']",0人关注 ,4室2厅1厨2卫,['中楼层/共8层'],['南'],['平层/毛坯'],['143.07平米'],['2017年建'],['IOI棕榈城'],['集美'],['集美新城'],有,两梯两户,['2023-09-18'],['2019-03-12']
2269,['福津大街正规大两房，产权清晰，随时可签'],https://xm.lianjia.com/ershoufang/105113684336.html,['336'],"['41,828元/平']",2人关注 ,2室1厅1厨1卫,['高楼层/共9层'],['北'],['平层/简装'],['80.33平米'],['2002年建'],['福津大街（凤屿路450-468号）'],['思明'],['槟榔'],无,暂无数据,['2023-05-15'],['2004-05-08']
2270,['银龙广场二期  电梯高层  南北大三房'],https://xm.lianjia.com/ershoufang/105115347710.html,['780'],"['55,461元/平']",0人关注 ,3室2厅1厨2卫,['中楼层/共19层'],['南 北'],['平层/简装'],['140.64平米'],['2001年建'],['银龙广场二期'],['思明'],['火车站'],有,一梯两户,['2023-11-16'],['1997-07-01']
2271,['集美新城  龙湖春江郦城   精装大三房  采光好'],https://xm.lianjia.com/ershoufang/105111605084.html,['380'],"['39,131元/平']",0人关注 ,3室2厅1厨2卫,['低楼层/共33层'],['东南'],['跃层/精装'],['97.11平米'],['未知年建'],['龙湖春江郦城二期'],['集美'],['杏北'],有,两梯六户,['2022-09-24'],['2018-09-25']
2272,['莲岳里小区东区 3室2厅 南 北'],https://xm.lianjia.com/ershoufang/105114236494.html,['526'],"['59,814元/平']",0人关注 ,3室2厅1厨1卫,['高楼层/共7层'],['南 北'],['平层/简装'],['87.94平米'],['1995年建'],['莲岳里小区东区'],['思明'],['松柏'],无,暂无数据,['2023-07-13'],['2004-10-14']
2273,['生活区电梯两房精装修拎包入住 地铁口'],https://xm.lianjia.com/ershoufang/105115592527.html,['270'],"['32,170元/平']",1人关注 ,2室2厅1厨1卫,['高楼层/共32层'],['南'],['平层/精装'],['83.93平米'],['2013年建'],['海银大厦'],['海沧'],['海沧生活区'],有,三梯十户,['2023-12-12'],['2013-10-12']
2274,['此房满五年，户型通透，采光好，配套设施齐全'],https://xm.lianjia.com/ershoufang/105115173338.html,['380'],"['28,414元/平']",0人关注 ,3室2厅1厨2卫,['高楼层/共7层'],['南 北'],['跃层/精装'],['133.74平米'],['未知年建'],['鑫荣苑'],['海沧'],['海沧生活区'],暂无数据,暂无数据,['2023-10-27'],['2004-06-29']
2275,['松柏  全明中层  大3房  南北双阳台  自住装修'],https://xm.lianjia.com/ershoufang/105115158518.html,['505'],"['50,279元/平']",6人关注 ,3室1厅1厨1卫,['中楼层/共7层'],['南 北'],['平层/简装'],['100.44平米'],['1998年建'],['阳光花园'],['思明'],['松柏'],无,暂无数据,['2023-10-26'],['2010-06-13']
2276,['瑞景公园旁，云顶 大四房，业主 诚意 出售！'],https://xm.lianjia.com/ershoufang/105110192330.html,['1690'],"['53,706元/平']",3人关注 ,4室3厅2厨4卫,['中楼层/共26层'],['东南'],['平层/精装'],['314.68平米'],['2011年建'],['云顶至尊'],['思明'],['瑞景'],有,两梯两户,['2022-04-02'],['2011-06-10']
2277,['瑞景新村 精致  跃层 楼中楼  业主诚意出售！'],https://xm.lianjia.com/ershoufang/105114019370.html,['720'],"['58,580元/平']",1人关注 ,3室2厅1厨2卫,['中楼层/共7层'],['南 北'],['跃层/精装'],['122.91平米'],['1998年建'],['瑞景新村鸣凤苑'],['思明'],['瑞景'],无,暂无数据,['2023-06-18'],['2022-02-21']
2278,['瑞景新村南北通透好房，业主诚意出售。'],https://xm.lianjia.com/ershoufang/105110777136.html,['615'],"['63,116元/平']",2人关注 ,3室2厅1厨2卫,['中楼层/共6层'],['东南 北'],['简装'],['97.44平米'],['1998年建'],['瑞景新村蟠龙苑'],['思明'],['瑞景'],无,暂无数据,['2022-06-18'],['2005-01-12']
2279,['福满园 3室2厅 南'],https://xm.lianjia.com/ershoufang/105115053972.html,['508'],"['53,017元/平']",0人关注 ,3室2厅1厨1卫,['高楼层/共6层'],['南'],['平层/精装'],['95.82平米'],['2006年建'],['福满园'],['湖里'],['祥店'],无,暂无数据,['2023-10-14'],['2017-05-12']
2280,['万象城  禾祥东 封闭小区 精装通透四房'],https://xm.lianjia.com/ershoufang/105112819768.html,['860'],"['53,523元/平']",0人关注 ,4室3厅1厨3卫,['中楼层/共6层'],['东 西'],['跃层/简装'],['160.68平米'],['2000年建'],['龙祥花园'],['思明'],['火车站'],无,暂无数据,['2023-02-27'],['2003-03-14']
2281,['精装2房 领包入住 ...................'],https://xm.lianjia.com/ershoufang/105109931104.html,['205'],"['26,283元/平']",6人关注 ,2室1厅1厨1卫,['低楼层/共9层'],['南'],['平层/精装'],['78平米'],['2014年建'],['万科城一期'],['海沧'],['马銮湾东'],有,一梯四户,['2022-03-01'],['2016-07-07']
2282,['文灶  02年花园小区  南北通透 三房两卫'],https://xm.lianjia.com/ershoufang/105111797593.html,['720'],"['66,147元/平']",2人关注 ,3室2厅1厨2卫,['低楼层/共6层'],['南 北'],['平层/简装'],['108.85平米'],['2000年建'],['文图花园'],['思明'],['文园路'],无,暂无数据,['2022-10-18'],['2022-10-05']
2283,['此房满2年 南北通透 采光充足 视野开阔 沿海前排'],https://xm.lianjia.com/ershoufang/105111907641.html,['1680'],"['104,745元/平']",0人关注 ,4室2厅1厨3卫,['中楼层/共17层'],['南 北'],['复式/精装'],['160.39平米'],['2010年建'],['源昌鑫海湾'],['湖里'],['五缘湾'],有,一梯两户,['2022-10-30'],['2019-10-16']
2284,['客厅带阳台朝南，精装修两房，房间格局方正，光线好。'],https://xm.lianjia.com/ershoufang/105112594838.html,['190'],"['23,202元/平']",0人关注 ,2室2厅1厨1卫,['高楼层/共30层'],['南'],['平层/简装'],['81.89平米'],['2014年建'],['首开领翔国际'],['翔安'],['新店'],有,两梯四户,['2023-02-09'],['2017-02-10']
2285,['瑞景墩仔家园 高层朝南大两房 全明格局'],https://xm.lianjia.com/ershoufang/105112750473.html,['502'],"['55,372元/平']",0人关注 ,3室2厅1厨1卫,['高楼层/共31层'],['南 北'],['平层/精装'],['90.66平米'],['2010年建'],['墩仔家园'],['思明'],['金鸡亭'],有,两梯六户,['2023-02-21'],['2014-08-19']
2286,['标准2方 通透户型 近地铁 交通方便'],https://xm.lianjia.com/ershoufang/105116639131.html,['239'],"['29,279元/平']",0人关注 ,2室1厅1厨1卫,['低楼层/共56层'],['东南'],['平层/毛坯'],['81.63平米'],['2018年建'],['厦门院子泰禾首玺B区'],['海沧'],['马銮湾中心片区'],有,三梯四户,['2024-04-10'],['2024-04-10']
2287,['3+1房 东南北三面采光 装修200万元 看景观'],https://xm.lianjia.com/ershoufang/105112198254.html,['1788'],"['96,383元/平']",4人关注 ,3室2厅1厨2卫,['高楼层/共34层'],['南 北'],['平层/精装'],['185.51平米'],['2012年建'],['国贸天琴湾一期'],['湖里'],['五缘湾'],有,两梯两户,['2022-12-04'],['2019-04-01']
2288,['莲坂高层电梯房 正规小三房 视野佳 采光充足 交通便利'],https://xm.lianjia.com/ershoufang/105110431540.html,['520'],"['49,066元/平']",2人关注 ,3室2厅1厨2卫,['中楼层/共34层'],['南 北'],['平层/精装'],['105.98平米'],['未知年建'],['莲富大厦'],['思明'],['火车站'],有,三梯八户,['2022-05-02'],['2013-12-13']
2289,['海沧未来海岸蓝月湾二期，北附社区旁'],https://xm.lianjia.com/ershoufang/105110211384.html,['386'],"['30,147元/平']",2人关注 ,3室2厅1厨2卫,['高楼层/共31层'],['东'],['平层/简装'],['128.04平米'],['2008年建'],['未来海岸蓝月湾二期'],['海沧'],['未来海岸北师大'],有,两梯四户,['2022-04-06'],['2022-04-08']
2290,['精品小一房！高层采光好！无遮挡，小区中庭位置。'],https://xm.lianjia.com/ershoufang/105107311986.html,['520'],"['103,586元/平']",31人关注 ,1室1厅1厨1卫,['中楼层/共21层'],['南'],['平层/精装'],['50.2平米'],['2014年建'],['国贸润园'],['湖里'],['五缘湾'],有,两梯四户,['2021-05-13'],['2021-05-15']
2291,['鼓浪屿带小花园别墅，独门独栋，目前经营民宿'],https://xm.lianjia.com/ershoufang/105107907285.html,['1240'],"['84,979元/平']",26人关注 ,9室1厅1厨9卫,['低楼层/共2层'],['东 南 西 北'],['平层/精装'],['145.92平米'],['1949年建'],['鼓浪屿别墅'],['思明'],['鼓浪屿'],暂无数据,暂无数据,['2021-07-09'],['2017-07-14']
2292,['马青路地铁口 建行公交车站 电梯大单间  采光好'],https://xm.lianjia.com/ershoufang/105113957535.html,['95'],"['23,251元/平']",0人关注 ,1室0厅1厨1卫,['高楼层/共12层'],['北'],['平层/简装'],['40.86平米'],['2000年建'],['海沧娱乐城'],['海沧'],['海沧生活区'],有,两梯三十六户,['2023-06-11'],['2015-05-25']
2293,['此房满五年，自住精装一房稳定出售'],https://xm.lianjia.com/ershoufang/105113318981.html,['320'],"['69,793元/平']",0人关注 ,1室1厅1厨1卫,['低楼层/共17层'],['北'],['平层/精装'],['45.85平米'],['2007年建'],['米兰春天'],['思明'],['七星路'],有,两梯十户,['2023-04-10'],['2017-03-10']
2294,['源昌鑫海湾 大5房3卫格局 毛坯可挑空可倒板'],https://xm.lianjia.com/ershoufang/105108789042.html,['1560'],"['97,306元/平']",3人关注 ,5室2厅1厨3卫,['低楼层/共17层'],['南 北'],['跃层/简装'],['160.32平米'],['2010年建'],['源昌鑫海湾'],['湖里'],['五缘湾'],有,一梯两户,['2021-09-18'],['2014-07-07']
2295,['新景华府二期  南  北   3面采光'],https://xm.lianjia.com/ershoufang/105108376671.html,['745'],"['54,571元/平']",3人关注 ,3室1厅1厨2卫,['低楼层/共28层'],['南 东 北'],['平层/简装'],['136.52平米'],['2017年建'],['新景七星府邸'],['湖里'],['金尚'],有,两梯四户,['2021-08-13'],['2018-08-12']
2296,['莲花电梯高层两房！东南向！精装修！小区中庭位置！'],https://xm.lianjia.com/ershoufang/105112970166.html,['379'],"['64,743元/平']",1人关注 ,2室1厅1厨1卫,['高楼层/共10层'],['东南'],['平层/精装'],['58.54平米'],['2000年建'],['天伦花园'],['思明'],['莲花'],有,一梯十户,['2023-03-11'],['2021-05-04']
2297,['九竹巷  安静社区 地铁口 两房'],https://xm.lianjia.com/ershoufang/105113475613.html,['410'],"['59,968元/平']",0人关注 ,2室1厅1厨1卫,['高楼层/共7层'],['西南 北'],['平层/精装'],['68.37平米'],['1986年建'],['九竹巷'],['思明'],['实验小学及周边'],无,暂无数据,['2023-04-24'],['2021-05-19']
2298,['特房品质大俩房，户型方正，二次装修'],https://xm.lianjia.com/ershoufang/105109861072.html,['230'],"['26,860元/平']",0人关注 ,2室2厅1厨1卫,['低楼层/共23层'],['南'],['平层/精装'],['85.63平米'],['2018年建'],['特房银溪墅府图尔花园'],['翔安'],['环东海域'],有,两梯四户,['2022-02-22'],['2019-03-18']
2299,['鸟语花香看日出月升！ 生活从此与众不同！满五'],https://xm.lianjia.com/ershoufang/105108426050.html,['1458'],"['92,425元/平']",8人关注 ,3室2厅1厨2卫,['低楼层/共35层'],['南 北'],['平层/精装'],['157.75平米'],['2013年建'],['国贸天琴湾二期'],['湖里'],['五缘湾'],有,两梯两户,['2021-08-17'],['2016-12-12']
2300,['阳光城精装三房，高层看海，自住精装，家具家电齐全'],https://xm.lianjia.com/ershoufang/105105059975.html,['262'],"['30,258元/平']",36人关注 ,3室2厅1厨1卫,['中楼层/共33层'],['东南'],['平层/精装'],['86.59平米'],['2015年建'],['阳光城翡丽湾二期'],['翔安'],['翔安新城'],有,两梯六户,['2020-08-11'],['2016-07-29']
2301,['思明南路、铁路公园小套一房一厅居住'],https://xm.lianjia.com/ershoufang/105108997959.html,['260'],"['73,426元/平']",19人关注 ,1室1厅1厨1卫,['高楼层/共7层'],['南 北'],['平层/简装'],['35.41平米'],['1983年建'],['思明南路'],['思明'],['厦大'],无,暂无数据,['2021-10-13'],['2019-03-08']
2302,['枋湖满五省1.5%个税 南北通透双阳台'],https://xm.lianjia.com/ershoufang/105108666677.html,['660'],"['52,949元/平']",17人关注 ,3室2厅1厨2卫,['中楼层/共14层'],['南 北'],['平层/精装'],['124.65平米'],['2010年建'],['新港龙世家幸福密码'],['湖里'],['枋湖'],有,一梯两户,['2021-09-06'],['2011-04-20']
2303,['业主自住壕装，标准三房，看房方便，拎包入住，配套全'],https://xm.lianjia.com/ershoufang/105113110149.html,['299'],"['31,192元/平']",0人关注 ,3室2厅1厨1卫,['低楼层/共59层'],['南'],['平层/精装'],['95.86平米'],['2018年建'],['厦门院子泰禾首玺B区'],['海沧'],['马銮湾中心片区'],有,两梯四户,['2023-03-23'],['2020-07-22']
2304,['电梯高层 正规2房 视野开阔 莲花'],https://xm.lianjia.com/ershoufang/105113012256.html,['510'],"['63,758元/平']",0人关注 ,2室1厅1厨1卫,['高楼层/共14层'],['南 北'],['平层/精装'],['79.99平米'],['2008年建'],['龙山二期安置房'],['思明'],['莲花'],有,一梯三户,['2023-03-14'],['2020-12-10']
2305,['国贸天悦边套 108平 3房 地铁口  470万'],https://xm.lianjia.com/ershoufang/105113252009.html,['438'],"['40,451元/平']",0人关注 ,3室1厅1厨1卫,['高楼层/共32层'],['南 北'],['平层/精装'],['108.28平米'],['2020年建'],['国贸天悦'],['集美'],['杏北'],有,两梯三户,['2023-04-04'],['2022-08-11']
2306,['集美新城 园博一号 湖海景房 地铁口园博苑 温泉入户'],https://xm.lianjia.com/ershoufang/105113135550.html,['453'],"['38,219元/平']",2人关注 ,2室1厅1厨1卫,['低楼层/共32层'],['南'],['平层/简装'],['118.53平米'],['2014年建'],['园博1号一期'],['集美'],['杏锦路'],有,两梯三户,['2023-03-25'],['2016-01-07']
2307,['使用面积大，五缘湾旁 坐拥3大商场，家住五缘公园旁边'],https://xm.lianjia.com/ershoufang/105110626492.html,['200'],"['31,521元/平']",2人关注 ,2室1厅1厨2卫,['高楼层/共20层'],['西'],['复式/精装'],['63.45平米'],['2015年建'],['建发中央湾区soho'],['湖里'],['五缘湾'],有,四梯三十一户,['2022-05-29'],['2017-04-01']
2308,['火车站 东浦路  2房三面采光全明户型楼层好，'],https://xm.lianjia.com/ershoufang/105111691557.html,['400'],"['52,618元/平']",1人关注 ,2室2厅1厨1卫,['中楼层/共6层'],['东 西'],['平层/简装'],['76.02平米'],['2005年建'],['广景花园'],['思明'],['火车站'],无,暂无数据,['2022-10-06'],['2007-04-10']
2309,['永升新城一期，2000年小区 ，大三房，三面采光'],https://xm.lianjia.com/ershoufang/105111772763.html,['467'],"['36,982元/平']",3人关注 ,3室2厅1厨2卫,['中楼层/共6层'],['南 北'],['平层/简装'],['126.28平米'],['1999年建'],['永升新城'],['湖里'],['湖里大道'],无,暂无数据,['2022-10-15'],['2002-12-12']
2310,['阳台山路19-25号 2室1厅 南'],https://xm.lianjia.com/ershoufang/105116137715.html,['405'],"['58,586元/平']",0人关注 ,2室1厅1厨1卫,['中楼层/共10层'],['南'],['平层/简装'],['69.13平米'],['1996年建'],['阳台山路19-25号'],['思明'],['文园路'],无,暂无数据,['2024-02-26'],['2016-05-20']
2311,['万科城一期 精装3房 户型方正高层采光好 随时看房'],https://xm.lianjia.com/ershoufang/105112071488.html,['238'],"['26,516元/平']",2人关注 ,3室2厅1厨1卫,['中楼层/共42层'],['西南'],['平层/精装'],['89.76平米'],['2015年建'],['万科城一期'],['海沧'],['马銮湾东'],有,三梯六户,['2022-11-18'],['2017-09-18']
2312,['火车站，金榜公园旁，双阳台西南，全明户型，诚意出售'],https://xm.lianjia.com/ershoufang/105113425352.html,['375'],"['48,963元/平']",0人关注 ,3室2厅1厨1卫,['高楼层/共7层'],['南 北'],['平层/简装'],['76.59平米'],['1997年建'],['站西路'],['思明'],['火车站'],暂无数据,暂无数据,['2023-04-20'],['2023-09-12']
2313,['建发品质 厦门一中旁 精装修 拎包入住'],https://xm.lianjia.com/ershoufang/105116686730.html,['248'],"['28,017元/平']",0人关注 ,3室2厅1厨2卫,['高楼层/共31层'],['南'],['平层/精装'],['88.52平米'],['未知年建'],['建发文澜和著'],['海沧'],['马銮湾中心片区'],暂无数据,暂无数据,['2024-04-14'],['2023-10-08']
2314,['天伦花园、正规大二房南北、客厅带阳台朝南'],https://xm.lianjia.com/ershoufang/105106721074.html,['490'],"['54,780元/平']",23人关注 ,2室2厅1厨1卫,['低楼层/共7层'],['南 北'],['平层/简装'],['89.45平米'],['2000年建'],['天伦花园'],['思明'],['莲花'],无,暂无数据,['2021-03-21'],['2003-04-14']
2315,['小户型 低总价 电梯房  采光好'],https://xm.lianjia.com/ershoufang/105113357858.html,['105'],"['32,793元/平']",0人关注 ,1室1厅0厨1卫,['中楼层/共32层'],['东 东南'],['平层/精装'],['32.02平米'],['2013年建'],['海银大厦'],['海沧'],['海沧生活区'],有,三梯十户,['2023-04-14'],['2020-01-01']
2316,['小区中庭 楼层好 一梯两户 南北通透 全明'],https://xm.lianjia.com/ershoufang/105113086186.html,['488'],"['51,137元/平']",1人关注 ,3室2厅1厨1卫,['中楼层/共6层'],['南 北'],['平层/精装'],['95.43平米'],['1998年建'],['龙盛里'],['思明'],['莲花'],无,暂无数据,['2023-03-21'],['2006-11-17']
2317,['楼梯低层 安静不沿街 中山路商圈'],https://xm.lianjia.com/ershoufang/105114935161.html,['306'],"['47,679元/平']",0人关注 ,2室1厅1厨1卫,['中楼层/共6层'],['东 西 北'],['平层/简装'],['64.18平米'],['1994年建'],['镇邦路'],['思明'],['中山路'],无,暂无数据,['2023-09-30'],['2006-05-16']
2318,['集美交通枢纽要地 精装小三房诚心出售 价格有空间'],https://xm.lianjia.com/ershoufang/105113453572.html,['195'],"['20,568元/平']",1人关注 ,3室2厅1厨1卫,['高楼层/共49层'],['东南'],['平层/精装'],['94.81平米'],['2020年建'],['万科广场幸福里'],['集美'],['厦门北站商业区'],有,三梯五户,['2023-04-22'],['2019-12-23']
2319,['莲花地铁口电梯大三房莲花 南北通透'],https://xm.lianjia.com/ershoufang/105107867552.html,['746'],"['54,681元/平']",3人关注 ,3室2厅2厨2卫,['中楼层/共9层'],['南 北'],['平层/简装'],['136.43平米'],['1999年建'],['鑫利花园'],['思明'],['莲花'],有,一梯两户,['2021-07-06'],['1999-12-07']
2320,['带电梯，视野开阔楼层好，西南北三面采光办公装大四房'],https://xm.lianjia.com/ershoufang/105102916306.html,['865'],"['55,588元/平']",5人关注 ,4室2厅1厨1卫,['高楼层/共26层'],['东南 南 北'],['平层/简装'],['155.61平米'],['2006年建'],['仙岳嘉园'],['思明'],['SM'],有,三梯十七户,['2019-08-25'],['2007-08-17']
2321,['21年新装80万，看湖看海电梯高层，南北通透可拎包入住'],https://xm.lianjia.com/ershoufang/105115683164.html,['468'],"['34,146元/平']",2人关注 ,3室2厅1厨2卫,['中楼层/共16层'],['南 北'],['平层/精装'],['137.06平米'],['2003年建'],['银河花园'],['海沧'],['海沧生活区'],有,一梯两户,['2023-12-24'],['2007-07-25']
2322,['莲花05年封闭小区，人车分流近公园 南北朝向格局方正'],https://xm.lianjia.com/ershoufang/105111112883.html,['598'],"['46,527元/平']",0人关注 ,3室1厅1厨2卫,['中楼层/共6层'],['东南 南'],['平层/精装'],['128.53平米'],['2006年建'],['鸿禧花园'],['思明'],['莲花'],暂无数据,暂无数据,['2022-07-30'],['2016-03-31']
2323,['院子B区3房2厅2卫 近地铁口 中高楼层 朝南 阳光充足'],https://xm.lianjia.com/ershoufang/105109600938.html,['319.99'],"['29,395元/平']",20人关注 ,3室2厅1厨2卫,['中楼层/共50层'],['东南'],['平层/毛坯'],['108.86平米'],['2018年建'],['厦门院子泰禾首玺B区'],['海沧'],['马銮湾中心片区'],有,两梯三户,['2022-01-03'],['2016-05-10']
2324,['天伦花园 2室1厅 西南'],https://xm.lianjia.com/ershoufang/105115334224.html,['315'],"['63,869元/平']",0人关注 ,2室1厅1厨1卫,['低楼层/共10层'],['西南'],['平层/精装'],['49.32平米'],['2000年建'],['天伦花园'],['思明'],['莲花'],有,一梯十户,['2023-11-14'],['2021-01-12']
2325,['满五*，高层三面采光，全明格局'],https://xm.lianjia.com/ershoufang/105107494861.html,['450'],"['46,768元/平']",29人关注 ,2室1厅1厨1卫,['高楼层/共29层'],['东南 北'],['平层/精装'],['96.22平米'],['2006年建'],['第二城快乐天地'],['湖里'],['祥店'],有,两梯六户,['2021-06-01'],['2010-11-05']
2326,['业主诚意出售 温馨两房 采光视野好 。'],https://xm.lianjia.com/ershoufang/105115114843.html,['238'],"['33,569元/平']",0人关注 ,2室1厅1厨1卫,['高楼层/共6层'],['南 北'],['平层/简装'],['70.9平米'],['2002年建'],['永乐阁'],['湖里'],['殿前'],无,暂无数据,['2023-10-21'],['2017-10-26']
2327,['高楼层双阳台精装修3房、东南北全明户型、拎包入住'],https://xm.lianjia.com/ershoufang/105115124804.html,['1028'],"['64,871元/平']",0人关注 ,3室2厅1厨2卫,['中楼层/共38层'],['南 北'],['平层/精装'],['158.47平米'],['2015年建'],['源昌君悦山思明'],['思明'],['莲前'],有,两梯三户,['2023-10-22'],['2017-01-12']
2328,['高层视野开阔，业主诚意出售，价格好谈，，，，，，'],https://xm.lianjia.com/ershoufang/105115327908.html,['330'],"['26,456元/平']",0人关注 ,4室1厅1厨2卫,['中楼层/共42层'],['东南'],['平层/简装'],['124.74平米'],['2015年建'],['万科城一期'],['海沧'],['马銮湾东'],有,三梯六户,['2023-11-14'],['2016-02-17']
2329,['中铁元湾 3室2厅 南 北'],https://xm.lianjia.com/ershoufang/105115243728.html,['1390'],"['87,001元/平']",2人关注 ,3室2厅1厨2卫,['低楼层/共13层'],['南 北'],['平层/精装'],['159.77平米'],['2017年建'],['中铁元湾'],['湖里'],['五缘湾'],有,三梯两户,['2023-11-04'],['2017-06-20']
2330,['正规朝南，采光通风效果好，视野无遮挡，交通生活便利'],https://xm.lianjia.com/ershoufang/105115191985.html,['265'],"['27,499元/平']",0人关注 ,3室2厅1厨1卫,['中楼层/共59层'],['西南'],['平层/精装'],['96.37平米'],['2018年建'],['厦门院子泰禾首玺B区'],['海沧'],['马銮湾中心片区'],有,两梯四户,['2023-10-30'],['2020-06-30']
2331,['天心岛 正规三房 通透户型 有入户花园'],https://xm.lianjia.com/ershoufang/105109975134.html,['465'],"['38,857元/平']",3人关注 ,3室2厅1厨2卫,['高楼层/共18层'],['南 北'],['平层/简装'],['119.67平米'],['2010年建'],['天心岛'],['海沧'],['滨海社区'],有,两梯两户,['2022-03-06'],['2021-06-07']
2332,['海沧水岸名筑 新上 高层东南北三面光 精装拎包住'],https://xm.lianjia.com/ershoufang/105116323020.html,['316'],"['27,320元/平']",0人关注 ,3室2厅1厨2卫,['高楼层/共18层'],['南 北'],['平层/精装'],['115.67平米'],['2010年建'],['水岸名筑'],['海沧'],['海沧体育中心'],有,两梯三户,['2024-03-12'],['2019-08-17']
2333,['建发中央美地，中庭位置诚意出售'],https://xm.lianjia.com/ershoufang/105110238340.html,['598'],"['68,001元/平']",4人关注 ,2室2厅1厨2卫,['低楼层/共23层'],['南'],['平层/精装'],['87.94平米'],['2011年建'],['中央美地'],['湖里'],['枋湖'],有,两梯四户,['2022-04-09'],['2018-10-17']
2334,['成熟地段，一梯两户，配套齐全，出行方便，低总价'],https://xm.lianjia.com/ershoufang/105116438542.html,['158'],"['17,621元/平']",2人关注 ,3室1厅1厨1卫,['高楼层/共6层'],['东南'],['平层/精装'],['89.67平米'],['未知年建'],['宁宝社区'],['集美'],['杏东'],无,暂无数据,['2024-03-22'],['2010-04-07']
2335,['北附低总价入门级单间1套房【助你安家厦门不再漂泊】'],https://xm.lianjia.com/ershoufang/105115714183.html,['84'],"['24,533元/平']",0人关注 ,1室0厅1厨1卫,['低楼层/共6层'],['西'],['平层/简装'],['34.24平米'],['2006年建'],['未来橙堡'],['海沧'],['海沧体育中心'],无,暂无数据,['2023-12-28'],['2020-11-12']
2336,['泉水湾三期 2室1厅 南'],https://xm.lianjia.com/ershoufang/105115909162.html,['300'],"['34,349元/平']",0人关注 ,2室1厅1厨1卫,['低楼层/共25层'],['南'],['平层/简装'],['87.34平米'],['2013年建'],['泉水湾三期'],['集美'],['集美其它'],有,两梯四户,['2024-01-19'],['2017-03-07']
2337,['毛坯小三房 中高层 视野无遮挡'],https://xm.lianjia.com/ershoufang/105113511816.html,['225'],"['22,832元/平']",1人关注 ,3室2厅1厨2卫,['高楼层/共18层'],['西南 南'],['平层/毛坯'],['98.55平米'],['2017年建'],['新城际广场二期'],['集美'],['厦门北站商业区'],有,两梯四户,['2023-04-28'],['2021-06-08']
2338,['保利开发，品质保障，产权满二，诚意出售'],https://xm.lianjia.com/ershoufang/105108651487.html,['220'],"['27,401元/平']",28人关注 ,2室2厅1厨1卫,['中楼层/共32层'],['东南'],['平层/精装'],['80.29平米'],['2013年建'],['海上五月花一期'],['集美'],['集美其它'],有,两梯四户,['2021-09-05'],['2017-03-31']
2339,['国贸品质精装三房两卫高楼层视野开阔'],https://xm.lianjia.com/ershoufang/105113162962.html,['420'],"['43,042元/平']",0人关注 ,3室2厅1厨2卫,['高楼层/共34层'],['南'],['平层/精装'],['97.58平米'],['2020年建'],['国贸天峯'],['集美'],['杏北'],有,两梯四户,['2023-03-27'],['2021-10-21']
2340,['此房满五，正规的小两房，采光好，阳台山比较好的位置'],https://xm.lianjia.com/ershoufang/105111977062.html,['250'],"['55,274元/平']",5人关注 ,2室1厅1厨1卫,['高楼层/共7层'],['南'],['平层/简装'],['45.23平米'],['1992年建'],['阳台山路'],['思明'],['文园路'],无,暂无数据,['2022-11-07'],['2007-05-23']
2341,['08年花园小区，南北看中庭，全明格局，自住，拎包入住'],https://xm.lianjia.com/ershoufang/105111924486.html,['1100'],"['74,943元/平']",1人关注 ,4室2厅1厨2卫,['低楼层/共14层'],['南 北'],['平层/简装'],['146.78平米'],['2007年建'],['新莲花新龙山花园'],['思明'],['莲花'],有,一梯两户,['2022-11-01'],['2009-04-17']
2342,['天伦花园格局方正，封闭小区，满五一'],https://xm.lianjia.com/ershoufang/105112488585.html,['285'],"['54,286元/平']",2人关注 ,1室1厅1厨1卫,['高楼层/共10层'],['南'],['平层/简装'],['52.5平米'],['2000年建'],['天伦花园'],['思明'],['莲花'],有,一梯十户,['2023-01-30'],['2020-05-07']
2343,['祥发广场  带电梯 南北向 户型方正 采光好'],https://xm.lianjia.com/ershoufang/105109742328.html,['308'],"['21,394元/平']",1人关注 ,3室2厅1厨2卫,['低楼层/共18层'],['南'],['平层/精装'],['143.97平米'],['1997年建'],['兴阁里小区'],['集美'],['杏东'],有,两梯四户,['2022-02-09'],['2008-11-26']
2344,['万象城旁   电梯高层   3房全朝南 精装'],https://xm.lianjia.com/ershoufang/105113146362.html,['662'],"['58,030元/平']",1人关注 ,3室2厅1厨2卫,['高楼层/共23层'],['南'],['平层/精装'],['114.08平米'],['1999年建'],['金祥大厦'],['思明'],['火车站'],有,六梯三十户,['2023-03-26'],['2019-09-11']
2345,['图尔花园 三面采光3房2厅2卫稳定在售'],https://xm.lianjia.com/ershoufang/105112456179.html,['345'],"['28,268元/平']",0人关注 ,3室2厅1厨2卫,['中楼层/共32层'],['南 北'],['平层/精装'],['122.05平米'],['2018年建'],['特房银溪墅府图尔花园'],['翔安'],['环东海域'],有,两梯四户,['2023-01-18'],['2019-03-22']
2346,['莲花五村龙盛花园  封闭式管理小区'],https://xm.lianjia.com/ershoufang/105110416528.html,['550'],"['54,548元/平']",7人关注 ,3室1厅1厨2卫,['高楼层/共7层'],['东 西'],['平层/精装'],['100.83平米'],['2001年建'],['龙盛花园'],['思明'],['莲花'],无,暂无数据,['2022-04-29'],['2019-05-30']
2347,['金尚小区 正规两房  全明格局 业主诚意出售 看房方便'],https://xm.lianjia.com/ershoufang/105113680648.html,['349'],"['48,278元/平']",2人关注 ,2室2厅1厨1卫,['中楼层/共7层'],['南 北'],['平层/简装'],['72.29平米'],['1998年建'],['金尚小区'],['湖里'],['金尚'],无,暂无数据,['2023-05-15'],['2016-03-09']
2348,['采光好双阳台。精装自住的。交通便利'],https://xm.lianjia.com/ershoufang/105109041514.html,['237'],"['26,597元/平']",4人关注 ,3室1厅1厨1卫,['中楼层/共6层'],['南'],['平层/精装'],['89.11平米'],['2009年建'],['彩虹湾'],['同安'],['环东海域'],有,一梯两户,['2021-10-19'],['2016-06-13']
2349,['鹭景湾联排别墅 客厅挑高 独门独户 享受墅质生活'],https://xm.lianjia.com/ershoufang/105105380700.html,['960'],"['51,792元/平']",79人关注 ,4室2厅1厨3卫,['联排/共1层'],['南 北'],['复式/精装'],['185.36平米'],['2003年建'],['未来海岸鹭景湾'],['海沧'],['未来海岸北师大'],,,['2020-09-22'],['2007-03-30']
2350,['厦门华玺，此房户型方正 ，明厨明卫，动静分离'],https://xm.lianjia.com/ershoufang/105102498227.html,['360'],"['28,533元/平']",1人关注 ,4室2厅1厨2卫,['中楼层/共34层'],['南'],['平层/精装'],['126.17平米'],['2018年建'],['华玺'],['海沧'],['马銮湾东'],有,三梯六户,['2019-06-08'],['2019-04-28']
2351,['厦门地铁口150米精装大两房保养好拎包入住'],https://xm.lianjia.com/ershoufang/105109228426.html,['180'],"['20,769元/平']",2人关注 ,2室2厅1厨1卫,['低楼层/共29层'],['西南'],['平层/精装'],['86.67平米'],['2017年建'],['新城际广场二期'],['集美'],['厦门北站商业区'],有,两梯四户,['2021-11-11'],['2020-01-03']
2352,['新纪元采光充足靠小区安静楼栋.'],https://xm.lianjia.com/ershoufang/105116213021.html,['210'],"['23,601元/平']",0人关注 ,3室2厅1厨2卫,['中楼层/共18层'],['南'],['平层/精装'],['88.98平米'],['2016年建'],['夏商新纪元'],['集美'],['锦园'],有,两梯四户,['2024-03-02'],['2016-08-01']
2353,['2021年建发次新房 中式园林式社区  南北通透 中庭位置'],https://xm.lianjia.com/ershoufang/105113829555.html,['1500'],"['80,399元/平']",0人关注 ,5室2厅1厨2卫,['低楼层/共22层'],['南 北'],['平层/精装'],['186.57平米'],['2020年建'],['建发玺樾'],['湖里'],['祥店'],有,两梯两户,['2023-05-30'],['2022-03-11']
2354,['封闭小区，年限新，边套全明，户型方正，客厅带阳台朝'],https://xm.lianjia.com/ershoufang/105113537912.html,['468'],"['49,243元/平']",1人关注 ,3室2厅1厨1卫,['高楼层/共7层'],['南 北'],['平层/简装'],['95.04平米'],['未知年建'],['金鼎社区'],['湖里'],['东渡'],无,暂无数据,['2023-05-01'],['2010-08-02']
2355,['吕厝双地铁口，高层东南朝向1房1厅急售'],https://xm.lianjia.com/ershoufang/105113312280.html,['310'],"['62,162元/平']",0人关注 ,1室1厅1厨1卫,['高楼层/共5层'],['东南'],['平层/精装'],['49.87平米'],['2004年建'],['东方巴黎广场'],['湖里'],['江头'],无,暂无数据,['2023-04-10'],['2015-05-29']
2356,['带二次精装修 中层看中庭 朝南带阳台 产权满五'],https://xm.lianjia.com/ershoufang/105115009470.html,['150'],"['18,088元/平']",2人关注 ,2室2厅1厨1卫,['中楼层/共33层'],['南'],['平层/精装'],['82.93平米'],['2015年建'],['中海锦城国际'],['集美'],['锦园'],有,两梯四户,['2023-10-10'],['2019-01-21']
2357,['地铁口朝南正规两房业主诚意出售'],https://xm.lianjia.com/ershoufang/105115186990.html,['125'],"['18,519元/平']",0人关注 ,2室2厅1厨1卫,['低楼层/共18层'],['东南 南'],['平层/精装'],['67.5平米'],['2016年建'],['后溪花园'],['集美'],['厦门北站商业区'],暂无数据,暂无数据,['2023-10-29'],['2019-06-18']
2358,['经典户型 3房 精装修 朝南  拎包入住'],https://xm.lianjia.com/ershoufang/105112920310.html,['418'],"['34,359元/平']",0人关注 ,3室2厅1厨2卫,['低楼层/共49层'],['南 北'],['平层/精装'],['121.66平米'],['2015年建'],['联发杏林湾一号三期'],['集美'],['杏林桥头'],有,三梯六户,['2023-03-07'],['2016-06-15']
2359,['莲花地铁口 框架全明 业主诚出售'],https://xm.lianjia.com/ershoufang/105115610096.html,['230'],"['49,431元/平']",0人关注 ,1室1厅1厨1卫,['高楼层/共7层'],['南 北'],['平层/简装'],['46.53平米'],['2001年建'],['建群花园'],['思明'],['莲花'],无,暂无数据,['2023-12-14'],['2019-03-25']
2360,['东坪安置房小区 3室2厅 南 北'],https://xm.lianjia.com/ershoufang/105115432379.html,['495'],"['44,676元/平']",1人关注 ,3室2厅1厨1卫,['低楼层/共34层'],['南 北'],['平层/毛坯'],['110.8平米'],['2018年建'],['东坪安置房小区'],['思明'],['火车站'],有,两梯七户,['2023-11-25'],['2021-02-24']
2361,['厦门院子B区 南北通透  精装70W 高楼层无遮挡拎包入住'],https://xm.lianjia.com/ershoufang/105115711070.html,['305'],"['28,370元/平']",0人关注 ,3室2厅1厨2卫,['高楼层/共50层'],['南 北'],['平层/精装'],['107.51平米'],['2018年建'],['厦门院子泰禾首玺B区'],['海沧'],['马銮湾中心片区'],有,两梯四户,['2023-12-27'],['2019-07-09']
2362,['21年厦门建发玺樾次新房现房户型4房一梯一户'],https://xm.lianjia.com/ershoufang/105114208149.html,['917'],"['69,607元/平']",1人关注 ,4室2厅1厨2卫,['低楼层/共18层'],['南'],['平层/精装'],['131.74平米'],['2020年建'],['建发玺樾'],['湖里'],['祥店'],暂无数据,暂无数据,['2023-07-10'],['2020-03-12']
2363,['中楼层 前面视野无遮挡 可以看海景 可玲包入住'],https://xm.lianjia.com/ershoufang/105115516264.html,['498'],"['43,233元/平']",0人关注 ,4室2厅1厨2卫,['中楼层/共24层'],['南 北'],['平层/精装'],['115.19平米'],['2010年建'],['海晟维多利亚'],['海沧'],['滨海社区'],有,两梯四户,['2023-12-04'],['2012-10-17']
2364,['禹洲一期，中间楼层，方正户型采光通透'],https://xm.lianjia.com/ershoufang/105113168000.html,['288'],"['31,638元/平']",1人关注 ,3室2厅1厨2卫,['中楼层/共37层'],['西南'],['平层/精装'],['91.03平米'],['2015年建'],['禹洲中央海岸一期'],['集美'],['杏林桥头'],有,三梯六户,['2023-03-28'],['2018-12-10']
2365,['房屋通透明亮，格局方正 精装修，复式5房出售'],https://xm.lianjia.com/ershoufang/105108259853.html,['450'],"['20,361元/平']",6人关注 ,5室2厅1厨3卫,['高楼层/共6层'],['东南 南'],['复式/精装'],['221.02平米'],['2002年建'],['昌顺公寓'],['集美'],['杏东'],无,暂无数据,['2021-08-05'],['2016-04-05']
2366,['一梯两户， 明厨明卫， 采光好交通便利'],https://xm.lianjia.com/ershoufang/105109332140.html,['550'],"['56,631元/平']",12人关注 ,3室2厅1厨1卫,['高楼层/共8层'],['南 北'],['平层/精装'],['97.12平米'],['2001年建'],['建群花园'],['思明'],['莲花'],无,暂无数据,['2021-11-26'],['2001-06-26']
2367,['文灶地铁口旁正规两室一厅出售499万'],https://xm.lianjia.com/ershoufang/105108990845.html,['456'],"['67,817元/平']",3人关注 ,2室1厅1厨1卫,['高楼层/共8层'],['南 北'],['平层/简装'],['67.24平米'],['未知年建'],['建达花园'],['思明'],['文灶'],无,暂无数据,['2021-10-12'],['2010-11-23']
2368,['SEC泰地海西写字楼.高层看海'],https://xm.lianjia.com/ershoufang/105102024445.html,['90'],"['17,425元/平']",15人关注 ,1室1厅1厨1卫,['高楼层/共31层'],['东'],['平层/精装'],['51.65平米'],['2015年建'],['泰地海西中心'],['海沧'],['海沧区政府'],有,六梯二十四户,['2019-02-22'],['2014-01-28']
2369,['二次装修 中高楼层视野开阔  双阳台'],https://xm.lianjia.com/ershoufang/105113545894.html,['227'],"['20,510元/平']",0人关注 ,3室1厅1厨2卫,['中楼层/共49层'],['南 北'],['平层/精装'],['110.68平米'],['2017年建'],['万科广场幸福里'],['集美'],['厦门北站商业区'],有,三梯五户,['2023-05-02'],['2021-07-09']
2370,['禹洲一期，中间楼层，方正户型采光通透'],https://xm.lianjia.com/ershoufang/105113168000.html,['288'],"['31,638元/平']",1人关注 ,3室2厅1厨2卫,['中楼层/共37层'],['西南'],['平层/精装'],['91.03平米'],['2015年建'],['禹洲中央海岸一期'],['集美'],['杏林桥头'],有,三梯六户,['2023-03-28'],['2018-12-10']
2371,['祥发广场  带电梯 南北向 户型方正 采光好'],https://xm.lianjia.com/ershoufang/105109742328.html,['308'],"['21,394元/平']",1人关注 ,3室2厅1厨2卫,['低楼层/共18层'],['南'],['平层/精装'],['143.97平米'],['1997年建'],['兴阁里小区'],['集美'],['杏东'],有,两梯四户,['2022-02-09'],['2008-11-26']
2372,['万象城旁   电梯高层   3房全朝南 精装'],https://xm.lianjia.com/ershoufang/105113146362.html,['662'],"['58,030元/平']",1人关注 ,3室2厅1厨2卫,['高楼层/共23层'],['南'],['平层/精装'],['114.08平米'],['1999年建'],['金祥大厦'],['思明'],['火车站'],有,六梯三十户,['2023-03-26'],['2019-09-11']
2373,['213.8万蓝月湾二期两房拎包入住、看海、采光好，'],https://xm.lianjia.com/ershoufang/105110838254.html,['203'],"['38,667元/平']",2人关注 ,2室1厅1厨1卫,['高楼层/共11层'],['南 北'],['平层/精装'],['52.5平米'],['2008年建'],['未来海岸蓝月湾二期'],['海沧'],['未来海岸北师大'],有,一梯三户,['2022-06-26'],['2020-12-17']
2374,['两梯两户  双主卧 南北通透 三面采光'],https://xm.lianjia.com/ershoufang/105111439551.html,['1380'],"['73,218元/平']",0人关注 ,4室1厅1厨2卫,['低楼层/共28层'],['南 北'],['平层/精装'],['188.48平米'],['2008年建'],['万科金域蓝湾一期'],['思明'],['瑞景'],有,两梯两户,['2022-09-06'],['2011-10-11']
2375,['图尔花园 三面采光3房2厅2卫稳定在售'],https://xm.lianjia.com/ershoufang/105112456179.html,['345'],"['28,268元/平']",0人关注 ,3室2厅1厨2卫,['中楼层/共32层'],['南 北'],['平层/精装'],['122.05平米'],['2018年建'],['特房银溪墅府图尔花园'],['翔安'],['环东海域'],有,两梯四户,['2023-01-18'],['2019-03-22']
2376,['文灶地铁口旁正规两室一厅出售499万'],https://xm.lianjia.com/ershoufang/105108990845.html,['456'],"['67,817元/平']",3人关注 ,2室1厅1厨1卫,['高楼层/共8层'],['南 北'],['平层/简装'],['67.24平米'],['未知年建'],['建达花园'],['思明'],['文灶'],无,暂无数据,['2021-10-12'],['2010-11-23']
2377,['高层看海看湾 精装自住复式楼 6米挑高'],https://xm.lianjia.com/ershoufang/105110680227.html,['1080'],"['63,549元/平']",12人关注 ,5室2厅1厨3卫,['高楼层/共20层'],['南 北'],['复式/精装'],['169.95平米'],['2012年建'],['新景缘'],['湖里'],['五缘湾'],有,两梯两户,['2022-06-06'],['2015-06-17']
2378,['莲花五村龙盛花园  封闭式管理小区'],https://xm.lianjia.com/ershoufang/105110416528.html,['550'],"['54,548元/平']",7人关注 ,3室1厅1厨2卫,['高楼层/共7层'],['东 西'],['平层/精装'],['100.83平米'],['2001年建'],['龙盛花园'],['思明'],['莲花'],无,暂无数据,['2022-04-29'],['2019-05-30']
2379,['国贸东城合院精装 中楼层 视野好'],https://xm.lianjia.com/ershoufang/105110894419.html,['205'],"['23,238元/平']",10人关注 ,3室1厅1厨2卫,['低楼层/共40层'],['南'],['跃层/精装'],['88.22平米'],['2019年建'],['东城合院'],['翔安'],['新店'],有,四梯十户,['2022-07-02'],['2020-05-22']
2380,['SEC泰地海西写字楼.高层看海'],https://xm.lianjia.com/ershoufang/105102024445.html,['90'],"['17,425元/平']",15人关注 ,1室1厅1厨1卫,['高楼层/共31层'],['东'],['平层/精装'],['51.65平米'],['2015年建'],['泰地海西中心'],['海沧'],['海沧区政府'],有,六梯二十四户,['2019-02-22'],['2014-01-28']
2381,['集美新城国贸天悦 叠墅下叠 边套大花园 使用面积多'],https://xm.lianjia.com/ershoufang/105110491937.html,['990'],"['65,382元/平']",0人关注 ,4室3厅1厨2卫,['低楼层/共6层'],['南'],['复式/精装'],['151.42平米'],['2019年建'],['国贸天悦'],['集美'],['杏北'],有,一梯两户,['2022-05-10'],['2020-07-07']
2382,['此房满五，正规的小两房，采光好，阳台山比较好的位置'],https://xm.lianjia.com/ershoufang/105111977062.html,['250'],"['55,274元/平']",5人关注 ,2室1厅1厨1卫,['高楼层/共7层'],['南'],['平层/简装'],['45.23平米'],['1992年建'],['阳台山路'],['思明'],['文园路'],无,暂无数据,['2022-11-07'],['2007-05-23']
2383,['08年花园小区，南北看中庭，全明格局，自住，拎包入住'],https://xm.lianjia.com/ershoufang/105111924486.html,['1100'],"['74,943元/平']",1人关注 ,4室2厅1厨2卫,['低楼层/共14层'],['南 北'],['平层/简装'],['146.78平米'],['2007年建'],['新莲花新龙山花园'],['思明'],['莲花'],有,一梯两户,['2022-11-01'],['2009-04-17']
2384,['国贸品质精装三房两卫高楼层视野开阔'],https://xm.lianjia.com/ershoufang/105113162962.html,['420'],"['43,042元/平']",0人关注 ,3室2厅1厨2卫,['高楼层/共34层'],['南'],['平层/精装'],['97.58平米'],['2020年建'],['国贸天峯'],['集美'],['杏北'],有,两梯四户,['2023-03-27'],['2021-10-21']
2385,['厦门院子高层毛坯三房，三面采光、不临街。无噪音'],https://xm.lianjia.com/ershoufang/105102508803.html,['295'],"['30,605元/平']",30人关注 ,3室2厅1厨1卫,['中楼层/共59层'],['东南'],['平层/毛坯'],['96.39平米'],['2018年建'],['厦门院子泰禾首玺B区'],['海沧'],['马銮湾中心片区'],有,两梯四户,['2019-06-11'],['2019-04-25']
2386,['新金花园南北通透格局方正框架，双阳台，正地铁口'],https://xm.lianjia.com/ershoufang/105112012046.html,['568'],"['47,106元/平']",0人关注 ,3室2厅1厨2卫,['中楼层/共8层'],['南 北'],['平层/精装'],['120.58平米'],['1997年建'],['新金花园'],['思明'],['莲花'],无,暂无数据,['2022-11-11'],['2019-09-09']
2387,['禹洲大学城 高楼层 大三房两卫 自住装修 视野好'],https://xm.lianjia.com/ershoufang/105113819947.html,['210'],"['20,538元/平']",0人关注 ,3室2厅1厨2卫,['中楼层/共35层'],['北'],['错层/精装'],['102.25平米'],['2012年建'],['禹洲大学城'],['同安'],['集美其它'],有,两梯四户,['2023-05-29'],['2018-06-26']
2388,['房子朝向好，正规两房，户型方正，采光视野好'],https://xm.lianjia.com/ershoufang/105114186001.html,['452'],"['53,945元/平']",0人关注 ,2室1厅0厨1卫,['中楼层/共20层'],['东 南'],['平层/简装'],['83.79平米'],['2002年建'],['长升大厦'],['思明'],['松柏'],有,四梯二十一户,['2023-07-07'],['2013-08-07']
2389,['文灶地铁口 英才商厦 03年电梯 精装3房 低总价'],https://xm.lianjia.com/ershoufang/105112732208.html,['550'],"['75,716元/平']",0人关注 ,3室2厅1厨1卫,['低楼层/共20层'],['南 西'],['平层/简装'],['72.64平米'],['2004年建'],['英才商厦'],['思明'],['火车站'],有,三梯二十户,['2023-02-20'],['2019-03-25']
2390,['莲花南北通透大三房！楼梯2楼，采光充足，居家适宜'],https://xm.lianjia.com/ershoufang/105113059231.html,['538'],"['45,772元/平']",0人关注 ,3室2厅1厨2卫,['低楼层/共7层'],['南 北'],['平层/精装'],['117.54平米'],['2000年建'],['天伦花园'],['思明'],['莲花'],无,暂无数据,['2023-03-18'],['2006-09-29']
2391,['育青路三房 三面采光 格局好 交通便利'],https://xm.lianjia.com/ershoufang/105111465095.html,['495'],"['69,096元/平']",2人关注 ,3室1厅1厨1卫,['中楼层/共6层'],['南 西 北'],['平层/简装'],['71.64平米'],['1986年建'],['育青路'],['思明'],['文园路'],无,暂无数据,['2022-09-09'],['2022-09-22']
2392,['总价不高，电梯房，松柏，嘉滨。'],https://xm.lianjia.com/ershoufang/105109743430.html,['233'],"['54,187元/平']",10人关注 ,1室1厅0厨1卫,['中楼层/共20层'],['南'],['平层/精装'],['43平米'],['2002年建'],['长升大厦'],['思明'],['松柏'],有,四梯二十一户,['2022-02-09'],['2009-10-19']
2393,['马銮湾精装3房2卫，楼层好，采光佳，户型方正，配套全'],https://xm.lianjia.com/ershoufang/105111332830.html,['300'],"['27,062元/平']",0人关注 ,3室2厅1厨2卫,['高楼层/共42层'],['西南'],['平层/精装'],['110.86平米'],['2015年建'],['万科城一期'],['海沧'],['马銮湾东'],有,三梯六户,['2022-08-25'],['2015-12-29']
2394,['万科城四期精装四房，南北通透看马銮湾一线海景'],https://xm.lianjia.com/ershoufang/105111047224.html,['368'],"['32,527元/平']",3人关注 ,4室2厅1厨2卫,['高楼层/共42层'],['南 北'],['平层/精装'],['113.14平米'],['2018年建'],['万科城四期'],['海沧'],['马銮湾东'],有,两梯四户,['2022-07-21'],['2018-10-18']
2395,['松柏片区，电梯高层，楼中楼，朝向西南，视野好'],https://xm.lianjia.com/ershoufang/105111399148.html,['488'],"['101,414元/平']",0人关注 ,3室1厅1厨1卫,['高楼层/共30层'],['东 南'],['跃层/简装'],['48.12平米'],['2006年建'],['摩登时代'],['思明'],['松柏'],有,四梯二十户,['2022-09-01'],['2019-10-22']
2396,['海峡国际天璟 封闭式小区 开发商精装'],https://xm.lianjia.com/ershoufang/105111928641.html,['815'],"['60,255元/平']",3人关注 ,3室1厅1厨2卫,['中楼层/共59层'],['东南'],['平层/精装'],['135.26平米'],['2018年建'],['海峡国际天璟'],['思明'],['火车站'],有,一梯三户,['2022-11-02'],['2018-12-29']
2397,['联发大四房视野开阔看海景 光线好  东南朝向 全明结构'],https://xm.lianjia.com/ershoufang/105110583776.html,['465'],"['38,134元/平']",2人关注 ,4室1厅1厨2卫,['中楼层/共30层'],['东南'],['平层/精装'],['121.94平米'],['2016年建'],['联发杏林湾一号二期'],['集美'],['杏林桥头'],有,两梯四户,['2022-05-23'],['2015-03-05']
2398,['入户岛内好选择单身公寓 楼层好 朝南 采光好'],https://xm.lianjia.com/ershoufang/105112856928.html,['97'],"['37,995元/平']",1人关注 ,1室0厅1厨1卫,['中楼层/共7层'],['南'],['平层/简装'],['25.53平米'],['2004年建'],['欣家园'],['湖里'],['殿前'],无,暂无数据,['2023-03-02'],['2020-03-05']
2399,['罗宾森广场\u3000三房两厅两卫\u3000高层\u3000居家装修\u3000大阳台'],https://xm.lianjia.com/ershoufang/105111720901.html,['710'],"['66,655元/平']",0人关注 ,3室2厅1厨2卫,['中楼层/共31层'],['西北'],['平层/简装'],['106.52平米'],['2012年建'],['罗宾森广场一期'],['思明'],['火车站'],有,三梯八户,['2022-10-09'],['2020-01-01']
2400,['封闭小区，年限新，边套全明，户型方正，客厅带阳台朝'],https://xm.lianjia.com/ershoufang/105113537912.html,['468'],"['49,243元/平']",1人关注 ,3室2厅1厨1卫,['高楼层/共7层'],['南 北'],['平层/简装'],['95.04平米'],['未知年建'],['金鼎社区'],['湖里'],['东渡'],无,暂无数据,['2023-05-01'],['2010-08-02']
2401,['吕厝双地铁口，高层东南朝向1房1厅急售'],https://xm.lianjia.com/ershoufang/105113312280.html,['310'],"['62,162元/平']",0人关注 ,1室1厅1厨1卫,['高楼层/共5层'],['东南'],['平层/精装'],['49.87平米'],['2004年建'],['东方巴黎广场'],['湖里'],['江头'],无,暂无数据,['2023-04-10'],['2015-05-29']
2402,['经典户型 3房 精装修 朝南  拎包入住'],https://xm.lianjia.com/ershoufang/105112920310.html,['418'],"['34,359元/平']",0人关注 ,3室2厅1厨2卫,['低楼层/共49层'],['南 北'],['平层/精装'],['121.66平米'],['2015年建'],['联发杏林湾一号三期'],['集美'],['杏林桥头'],有,三梯六户,['2023-03-07'],['2016-06-15']
2403,['莲花地铁口 框架全明 业主诚出售'],https://xm.lianjia.com/ershoufang/105115610096.html,['230'],"['49,431元/平']",0人关注 ,1室1厅1厨1卫,['高楼层/共7层'],['南 北'],['平层/简装'],['46.53平米'],['2001年建'],['建群花园'],['思明'],['莲花'],无,暂无数据,['2023-12-14'],['2019-03-25']
2404,['2021年建发次新房 中式园林式社区  南北通透 中庭位置'],https://xm.lianjia.com/ershoufang/105113829555.html,['1500'],"['80,399元/平']",0人关注 ,5室2厅1厨2卫,['低楼层/共22层'],['南 北'],['平层/精装'],['186.57平米'],['2020年建'],['建发玺樾'],['湖里'],['祥店'],有,两梯两户,['2023-05-30'],['2022-03-11']
2405,['万达商圈高层精装4房 边套入户 南北通透 特房 世茂'],https://xm.lianjia.com/ershoufang/105116487255.html,['760'],"['53,639元/平']",0人关注 ,4室2厅1厨2卫,['中楼层/共32层'],['南 北'],['平层/精装'],['141.69平米'],['2013年建'],['特房山水尚座'],['湖里'],['万达广场'],有,两梯两户,['2024-03-26'],['2015-07-02']
2406,['一梯两户，南北通透，户型方正，采光好，视野佳'],https://xm.lianjia.com/ershoufang/105115147313.html,['385'],"['44,086元/平']",0人关注 ,3室2厅1厨1卫,['高楼层/共8层'],['南 北'],['平层/简装'],['87.33平米'],['1997年建'],['永升新城'],['湖里'],['湖里大道'],无,暂无数据,['2023-10-25'],['2003-01-08']
2407,['环东海域，业主诚意出售，南北向，小高层 2T4户'],https://xm.lianjia.com/ershoufang/105112560303.html,['210'],"['22,087元/平']",0人关注 ,3室2厅1厨1卫,['高楼层/共18层'],['东南'],['错层/精装'],['95.08平米'],['2012年建'],['禹洲大学城'],['同安'],['集美其它'],有,两梯四户,['2023-02-06'],['2012-10-23']
2408,['莲花2000年小区，电梯中层，边套全明，精致装修'],https://xm.lianjia.com/ershoufang/105112845218.html,['325'],"['65,897元/平']",0人关注 ,2室2厅1厨1卫,['低楼层/共10层'],['西北'],['平层/精装'],['49.32平米'],['2000年建'],['天伦花园'],['思明'],['莲花'],有,一梯十户,['2023-03-01'],['2020-06-24']
2409,['全明格局，高层全明结构，正规三房 业主诚意出售'],https://xm.lianjia.com/ershoufang/105113063399.html,['265'],"['21,182元/平']",1人关注 ,3室1厅1厨2卫,['高楼层/共32层'],['南 北 西'],['平层/毛坯'],['125.11平米'],['2014年建'],['首开领翔国际'],['翔安'],['新店'],有,两梯三户,['2023-03-19'],['2016-06-16']
2410,['万科城四期全明三房   三面采光'],https://xm.lianjia.com/ershoufang/105112046876.html,['285'],"['30,712元/平']",0人关注 ,3室1厅1厨1卫,['低楼层/共46层'],['南'],['平层/精装'],['92.8平米'],['2018年建'],['万科城四期'],['海沧'],['马銮湾东'],有,两梯三户,['2022-11-15'],['2022-11-15']
2411,['满二精装大两房，户型方正，采光好，业主诚意出售'],https://xm.lianjia.com/ershoufang/105111342558.html,['218'],"['25,772元/平']",0人关注 ,2室2厅1厨1卫,['中楼层/共32层'],['南'],['平层/精装'],['84.59平米'],['2018年建'],['特房银溪墅府图尔花园'],['翔安'],['环东海域'],有,两梯四户,['2022-08-26'],['2018-08-29']
2412,['莲花 禹洲花园 南北 好户型 框架'],https://xm.lianjia.com/ershoufang/105111928067.html,['542'],"['55,369元/平']",0人关注 ,3室2厅1厨2卫,['中楼层/共8层'],['南 北'],['平层/精装'],['97.89平米'],['2001年建'],['禹洲花园二期'],['思明'],['莲花'],无,暂无数据,['2022-11-02'],['2012-08-06']
2413,['社区自带1500平生鲜市；有闽篮城市广场，'],https://xm.lianjia.com/ershoufang/105114517632.html,['625'],"['46,297元/平']",0人关注 ,4室2厅1厨2卫,['中楼层/共11层'],['南'],['平层/精装'],['135平米'],['未知年建'],['国贸学原一期'],['翔安'],['翔安新城'],暂无数据,暂无数据,['2023-08-14'],['2023-01-17']
2414,['聚泰电梯高层楼中楼朝上走精装南北通透地段繁华天然气'],https://xm.lianjia.com/ershoufang/105115470748.html,['798'],"['35,950元/平']",0人关注 ,4室2厅1厨3卫,['中楼层/共18层'],['南 北'],['跃层/精装'],['221.98平米'],['1996年建'],['聚泰商业城'],['思明'],['火车站'],有,三梯二十户,['2023-11-29'],['2016-05-13']
2415,['. 南北通透，采光通风好  空间布局合理，功能区域完善'],https://xm.lianjia.com/ershoufang/105115854891.html,['380'],"['32,396元/平']",0人关注 ,4室2厅1厨2卫,['中楼层/共33层'],['南 北'],['平层/精装'],['117.3平米'],['2020年建'],['马銮湾1号'],['海沧'],['马銮湾东'],有,两梯四户,['2024-01-13'],['2022-11-10']
2416,['文灶地铁口 九龙城电梯高层 精装2房 使用面积大'],https://xm.lianjia.com/ershoufang/105114610020.html,['395'],"['99,773元/平']",0人关注 ,2室1厅1厨1卫,['高楼层/共22层'],['西北'],['平层/精装'],['39.59平米'],['2006年建'],['九龙城'],['思明'],['火车站'],有,四梯十八户,['2023-08-24'],['2009-05-11']
2417,['集美新城国贸天悦 叠墅下叠 边套大花园 使用面积多'],https://xm.lianjia.com/ershoufang/105110491937.html,['990'],"['65,382元/平']",0人关注 ,4室3厅1厨2卫,['低楼层/共6层'],['南'],['复式/精装'],['151.42平米'],['2019年建'],['国贸天悦'],['集美'],['杏北'],有,一梯两户,['2022-05-10'],['2020-07-07']
2418,['高层看海看湾 精装自住复式楼 6米挑高'],https://xm.lianjia.com/ershoufang/105110680227.html,['1080'],"['63,549元/平']",12人关注 ,5室2厅1厨3卫,['高楼层/共20层'],['南 北'],['复式/精装'],['169.95平米'],['2012年建'],['新景缘'],['湖里'],['五缘湾'],有,两梯两户,['2022-06-06'],['2015-06-17']
2419,['莲花五村龙盛花园  封闭式管理小区'],https://xm.lianjia.com/ershoufang/105110416528.html,['550'],"['54,548元/平']",7人关注 ,3室1厅1厨2卫,['高楼层/共7层'],['东 西'],['平层/精装'],['100.83平米'],['2001年建'],['龙盛花园'],['思明'],['莲花'],无,暂无数据,['2022-04-29'],['2019-05-30']
2420,['央企大品牌，中间套三房诚意出售'],https://xm.lianjia.com/ershoufang/105116026229.html,['153'],"['17,371元/平']",1人关注 ,3室2厅1厨1卫,['中楼层/共34层'],['南'],['平层/精装'],['88.08平米'],['2016年建'],['中海万锦熙岸'],['同安'],['环东海域'],有,两梯四户,['2024-02-16'],['2018-06-08']
2421,['21年新装80万，看湖看海电梯高层，南北通透可拎包入住'],https://xm.lianjia.com/ershoufang/105115683164.html,['468'],"['34,146元/平']",2人关注 ,3室2厅1厨2卫,['中楼层/共16层'],['南 北'],['平层/精装'],['137.06平米'],['2003年建'],['银河花园'],['海沧'],['海沧生活区'],有,一梯两户,['2023-12-24'],['2007-07-25']
2422,['侨福城二期06年花园小区满五正规三房一梯两户'],https://xm.lianjia.com/ershoufang/105115547604.html,['518'],"['53,331元/平']",0人关注 ,3室2厅1厨1卫,['高楼层/共6层'],['南'],['平层/精装'],['97.13平米'],['2007年建'],['侨福城侨龙里'],['思明'],['瑞景'],无,暂无数据,['2023-12-07'],['2023-09-09']
2423,['软三旁天地别墅 奢华装修上下四层半高使用 带两个车位'],https://xm.lianjia.com/ershoufang/105115487065.html,['960'],"['51,761元/平']",0人关注 ,5室3厅1厨5卫,['低楼层/共3层'],['南 北'],['跃层/精装'],['185.47平米'],['2015年建'],['联发欣悦湾'],['集美'],['灌口'],暂无数据,暂无数据,['2023-12-01'],['2019-10-17']
2424,['松柏SM文化宫客厅挑空楼中楼使用300平有露台'],https://xm.lianjia.com/ershoufang/105114340110.html,['980'],"['55,377元/平']",0人关注 ,4室2厅1厨2卫,['高楼层/共7层'],['南 北'],['复式/精装'],['176.97平米'],['1998年建'],['松岳里一区'],['思明'],['仙岳社区'],无,暂无数据,['2023-07-25'],['2015-02-26']
2425,['松柏长升大厦精装1房1厅，总价优惠'],https://xm.lianjia.com/ershoufang/105114800545.html,['216'],"['55,786元/平']",0人关注 ,1室1厅1厨1卫,['中楼层/共20层'],['北'],['平层/精装'],['38.72平米'],['2002年建'],['长升大厦'],['思明'],['松柏'],有,四梯二十一户,['2023-09-14'],['2009-05-13']
2426,['区政府 首开上郡 正规两房 自住精装修 拎包入住'],https://xm.lianjia.com/ershoufang/105113081986.html,['234'],"['26,842元/平']",0人关注 ,2室1厅1厨1卫,['中楼层/共33层'],['南'],['平层/精装'],['87.18平米'],['2018年建'],['首开领翔上郡二期'],['翔安'],['新店'],有,两梯四户,['2023-03-20'],['2020-01-05']
2427,['小区中庭 楼层好 一梯两户 南北通透 全明'],https://xm.lianjia.com/ershoufang/105113086186.html,['488'],"['51,137元/平']",1人关注 ,3室2厅1厨1卫,['中楼层/共6层'],['南 北'],['平层/精装'],['95.43平米'],['1998年建'],['龙盛里'],['思明'],['莲花'],无,暂无数据,['2023-03-21'],['2006-11-17']
2428,['楼梯低层 安静不沿街 中山路商圈'],https://xm.lianjia.com/ershoufang/105114935161.html,['306'],"['47,679元/平']",0人关注 ,2室1厅1厨1卫,['中楼层/共6层'],['东 西 北'],['平层/简装'],['64.18平米'],['1994年建'],['镇邦路'],['思明'],['中山路'],无,暂无数据,['2023-09-30'],['2006-05-16']
2429,['业主诚意出售 温馨两房 采光视野好 。'],https://xm.lianjia.com/ershoufang/105115114843.html,['238'],"['33,569元/平']",0人关注 ,2室1厅1厨1卫,['高楼层/共6层'],['南 北'],['平层/简装'],['70.9平米'],['2002年建'],['永乐阁'],['湖里'],['殿前'],无,暂无数据,['2023-10-21'],['2017-10-26']
2430,['米兰春天 单身公寓 滨北总部旁筼筜畔随时看'],https://xm.lianjia.com/ershoufang/105113612289.html,['280'],"['58,104元/平']",0人关注 ,1室1厅1厨1卫,['低楼层/共26层'],['南'],['平层/精装'],['48.19平米'],['2008年建'],['米兰春天'],['思明'],['七星路'],有,两梯十户,['2023-05-09'],['2010-02-02']
2431,['同安古庄，三房，有小区，业主诚意出售，'],https://xm.lianjia.com/ershoufang/105115538952.html,['99'],"['10,502元/平']",0人关注 ,3室1厅1厨1卫,['高楼层/共7层'],['南'],['平层/精装'],['94.27平米'],['未知年建'],['古庄教育楼'],['同安'],['同安其它'],无,暂无数据,['2023-12-07'],['2012-01-15']
2432,['边套，南通通透格局，带入户空间，功能性强。'],https://xm.lianjia.com/ershoufang/105115572000.html,['270'],"['30,627元/平']",0人关注 ,3室2厅1厨2卫,['低楼层/共15层'],['东南'],['平层/精装'],['88.16平米'],['2021年建'],['融创云潮府'],['海沧'],['马銮湾中心片区'],暂无数据,暂无数据,['2023-12-10'],['2023-02-28']
2433,['安仁里小区 采光充足 无遮挡 精装三房'],https://xm.lianjia.com/ershoufang/105116537277.html,['189'],"['15,057元/平']",1人关注 ,3室2厅1厨2卫,['高楼层/共18层'],['东南'],['平层/精装'],['125.53平米'],['2009年建'],['安仁里小区'],['集美'],['灌口'],有,两梯四户,['2024-03-31'],['2021-02-25']
2434,['龙山二期电梯高层三房两卫出售（全明户型）'],https://xm.lianjia.com/ershoufang/105116132861.html,['599'],"['53,231元/平']",0人关注 ,3室2厅1厨1卫,['高楼层/共13层'],['南'],['平层/精装'],['112.53平米'],['2009年建'],['龙山二期安置房'],['思明'],['莲花'],有,两梯三户,['2024-02-25'],['2015-12-07']
2435,['海沧未来海岸蓝月湾二期，北附社区旁'],https://xm.lianjia.com/ershoufang/105110211384.html,['386'],"['30,147元/平']",2人关注 ,3室2厅1厨2卫,['高楼层/共31层'],['东'],['平层/简装'],['128.04平米'],['2008年建'],['未来海岸蓝月湾二期'],['海沧'],['未来海岸北师大'],有,两梯四户,['2022-04-06'],['2022-04-08']
2436,['精品小一房！高层采光好！无遮挡，小区中庭位置。'],https://xm.lianjia.com/ershoufang/105107311986.html,['520'],"['103,586元/平']",31人关注 ,1室1厅1厨1卫,['中楼层/共21层'],['南'],['平层/精装'],['50.2平米'],['2014年建'],['国贸润园'],['湖里'],['五缘湾'],有,两梯四户,['2021-05-13'],['2021-05-15']
2437,['特房品质大俩房，户型方正，二次装修'],https://xm.lianjia.com/ershoufang/105109861072.html,['230'],"['26,860元/平']",0人关注 ,2室2厅1厨1卫,['低楼层/共23层'],['南'],['平层/精装'],['85.63平米'],['2018年建'],['特房银溪墅府图尔花园'],['翔安'],['环东海域'],有,两梯四户,['2022-02-22'],['2019-03-18']
2438,['特房银溪墅府图尔花园 3室1厅 南'],https://xm.lianjia.com/ershoufang/105114653371.html,['330'],"['27,050元/平']",0人关注 ,3室1厅1厨2卫,['中楼层/共32层'],['南'],['平层/精装'],['122平米'],['2018年建'],['特房银溪墅府图尔花园'],['翔安'],['环东海域'],有,两梯四户,['2023-08-29'],['2021-07-30']
2439,['延奎旁正规两房 南北通透 采光充足 交通便利 产权满五'],https://xm.lianjia.com/ershoufang/105114021745.html,['200'],"['26,056元/平']",0人关注 ,2室2厅1厨1卫,['低楼层/共7层'],['南 北'],['平层/精装'],['76.76平米'],['2004年建'],['富佳苑'],['海沧'],['海沧生活区'],无,暂无数据,['2023-06-18'],['2012-12-20']
2440,['古龙明珠上下错户型 高楼层 自住精装 业主诚意出售'],https://xm.lianjia.com/ershoufang/105114700869.html,['435'],"['43,040元/平']",0人关注 ,3室2厅1厨2卫,['中楼层/共11层'],['南 北'],['复式/精装'],['101.07平米'],['2006年建'],['古龙明珠'],['集美'],['集美文教区'],有,一梯四户,['2023-09-03'],['2013-03-08']
2441,['五缘湾新景国际外滩精装朝南B户型业主诚售'],https://xm.lianjia.com/ershoufang/105113717933.html,['1100'],"['112,234元/平']",0人关注 ,4室2厅1厨3卫,['低楼层/共16层'],['南'],['跃层/精装'],['98.01平米'],['2017年建'],['新景国际外滩'],['湖里'],['五缘湾'],有,两梯四户,['2023-05-18'],['2020-09-10']
2442,['万科城一期   精装修大四房  楼层佳  采光充足'],https://xm.lianjia.com/ershoufang/105116413701.html,['280'],"['22,449元/平']",0人关注 ,4室1厅1厨2卫,['高楼层/共42层'],['西南'],['平层/精装'],['124.73平米'],['2015年建'],['万科城一期'],['海沧'],['马銮湾东'],有,三梯六户,['2024-03-20'],['2016-11-28']
2443,['集美新城 园博一号 湖海景房 地铁口园博苑 温泉入户'],https://xm.lianjia.com/ershoufang/105113135550.html,['453'],"['38,219元/平']",2人关注 ,2室1厅1厨1卫,['低楼层/共32层'],['南'],['平层/简装'],['118.53平米'],['2014年建'],['园博1号一期'],['集美'],['杏锦路'],有,两梯三户,['2023-03-25'],['2016-01-07']
2444,['源通中心 1室1厅 东'],https://xm.lianjia.com/ershoufang/105116528332.html,['249'],"['65,561元/平']",0人关注 ,1室1厅1厨1卫,['高楼层/共31层'],['东'],['平层/简装'],['37.98平米'],['2004年建'],['源通中心'],['思明'],['思北'],有,六梯十七户,['2024-03-30'],['2020-04-30']
2445,['火车站 东浦路  2房三面采光全明户型楼层好，'],https://xm.lianjia.com/ershoufang/105111691557.html,['400'],"['52,618元/平']",1人关注 ,2室2厅1厨1卫,['中楼层/共6层'],['东 西'],['平层/简装'],['76.02平米'],['2005年建'],['广景花园'],['思明'],['火车站'],无,暂无数据,['2022-10-06'],['2007-04-10']
2446,['品质小区 离地铁口近 看海 大三房户型'],https://xm.lianjia.com/ershoufang/105111544582.html,['550'],"['39,244元/平']",1人关注 ,3室2厅1厨2卫,['低楼层/共18层'],['东南'],['平层/精装'],['140.15平米'],['2014年建'],['彼岸'],['海沧'],['滨海社区'],有,两梯三户,['2022-09-18'],['2021-12-02']
2447,['永升新城一期，2000年小区 ，大三房，三面采光'],https://xm.lianjia.com/ershoufang/105111772763.html,['467'],"['36,982元/平']",3人关注 ,3室2厅1厨2卫,['中楼层/共6层'],['南 北'],['平层/简装'],['126.28平米'],['1999年建'],['永升新城'],['湖里'],['湖里大道'],无,暂无数据,['2022-10-15'],['2002-12-12']
2448,['视野好 3房户型方正 交通便利'],https://xm.lianjia.com/ershoufang/105112489120.html,['210'],"['19,010元/平']",0人关注 ,3室2厅1厨2卫,['高楼层/共52层'],['西南'],['平层/精装'],['110.47平米'],['2017年建'],['万科广场幸福里'],['集美'],['厦门北站商业区'],有,三梯五户,['2023-01-30'],['2018-04-07']
2449,['泰禾厦门院子，B区，满二，中楼层，毛坯，两房'],https://xm.lianjia.com/ershoufang/105112966747.html,['254'],"['31,162元/平']",0人关注 ,2室2厅1厨1卫,['中楼层/共56层'],['南'],['平层/毛坯'],['81.51平米'],['2018年建'],['厦门院子泰禾首玺B区'],['海沧'],['马銮湾中心片区'],有,三梯四户,['2023-03-10'],['2021-06-19']
2450,['业主诚意出售精装修此房通透性好 采光好'],https://xm.lianjia.com/ershoufang/105112739209.html,['238'],"['23,696元/平']",0人关注 ,3室2厅1厨2卫,['中楼层/共18层'],['南 北'],['平层/精装'],['100.44平米'],['2014年建'],['中骏四季阳光'],['集美'],['厦门北站商业区'],有,两梯四户,['2023-02-20'],['2014-03-04']
2451,['思明区卧龙晓城旁，330万买3房，人车分流，诚意出售'],https://xm.lianjia.com/ershoufang/105112556111.html,['315'],"['40,062元/平']",4人关注 ,3室1厅1厨1卫,['高楼层/共7层'],['东 西'],['平层/精装'],['78.63平米'],['2002年建'],['绿杨村'],['思明'],['莲前'],无,暂无数据,['2023-02-06'],['2011-12-09']
2452,['台湾街 顶层复式 电梯房 朝南 诚意出售'],https://xm.lianjia.com/ershoufang/105113091401.html,['1000'],"['39,587元/平']",0人关注 ,4室3厅1厨3卫,['高楼层/共16层'],['南 北'],['跃层/简装'],['252.61平米'],['2003年建'],['桃源大厦'],['湖里'],['江头'],有,一梯三户,['2023-03-21'],['2020-02-14']
2453,['国贸天悦边套 108平 3房 地铁口  470万'],https://xm.lianjia.com/ershoufang/105113252009.html,['438'],"['40,451元/平']",0人关注 ,3室1厅1厨1卫,['高楼层/共32层'],['南 北'],['平层/精装'],['108.28平米'],['2020年建'],['国贸天悦'],['集美'],['杏北'],有,两梯三户,['2023-04-04'],['2022-08-11']
2454,['龙华里楼层适中，南北通透小区中庭诚意出售'],https://xm.lianjia.com/ershoufang/105112197660.html,['355'],"['53,368元/平']",0人关注 ,2室1厅1厨1卫,['低楼层/共6层'],['南 北'],['平层/简装'],['66.52平米'],['1994年建'],['龙华里'],['思明'],['莲花'],无,暂无数据,['2022-12-04'],['2016-06-14']
2455,['此房满两年，朝南好楼层，诚意出售，低总价'],https://xm.lianjia.com/ershoufang/105110543212.html,['118'],"['46,221元/平']",20人关注 ,1室0厅0厨1卫,['中楼层/共7层'],['南'],['平层/简装'],['25.53平米'],['2004年建'],['欣家园'],['湖里'],['殿前'],无,暂无数据,['2022-05-18'],['2020-01-01']
2456,['莲前龙山桥BRT  精装三房  封闭小区 交通便捷'],https://xm.lianjia.com/ershoufang/105111768066.html,['470'],"['42,790元/平']",1人关注 ,3室2厅1厨1卫,['高楼层/共7层'],['南 北'],['平层/精装'],['109.84平米'],['1998年建'],['益友花园'],['思明'],['火车站'],无,暂无数据,['2022-10-14'],['2016-01-07']
2457,['鼓浪屿带小花园别墅，独门独栋，目前经营民宿'],https://xm.lianjia.com/ershoufang/105107907285.html,['1240'],"['84,979元/平']",26人关注 ,9室1厅1厨9卫,['低楼层/共2层'],['东 南 西 北'],['平层/精装'],['145.92平米'],['1949年建'],['鼓浪屿别墅'],['思明'],['鼓浪屿'],暂无数据,暂无数据,['2021-07-09'],['2017-07-14']
2458,['马青路地铁口 建行公交车站 电梯大单间  采光好'],https://xm.lianjia.com/ershoufang/105113957535.html,['95'],"['23,251元/平']",0人关注 ,1室0厅1厨1卫,['高楼层/共12层'],['北'],['平层/简装'],['40.86平米'],['2000年建'],['海沧娱乐城'],['海沧'],['海沧生活区'],有,两梯三十六户,['2023-06-11'],['2015-05-25']
2459,['鸟语花香看日出月升！ 生活从此与众不同！满五'],https://xm.lianjia.com/ershoufang/105108426050.html,['1458'],"['92,425元/平']",8人关注 ,3室2厅1厨2卫,['低楼层/共35层'],['南 北'],['平层/精装'],['157.75平米'],['2013年建'],['国贸天琴湾二期'],['湖里'],['五缘湾'],有,两梯两户,['2021-08-17'],['2016-12-12']
2460,['成熟地段，一梯两户，配套齐全，出行方便，低总价'],https://xm.lianjia.com/ershoufang/105116438542.html,['158'],"['17,621元/平']",2人关注 ,3室1厅1厨1卫,['高楼层/共6层'],['东南'],['平层/精装'],['89.67平米'],['未知年建'],['宁宝社区'],['集美'],['杏东'],无,暂无数据,['2024-03-22'],['2010-04-07']
2461,['万科城四期精装四房 ，通风好采光佳，户型方正'],https://xm.lianjia.com/ershoufang/105109319409.html,['332'],"['29,410元/平']",4人关注 ,4室1厅1厨2卫,['低楼层/共42层'],['南'],['平层/简装'],['112.89平米'],['2018年建'],['万科城四期'],['海沧'],['马銮湾东'],有,两梯四户,['2021-11-24'],['2020-08-25']
2462,['园博一号温泉入户 大平层 地铁交通方便 小区品质好'],https://xm.lianjia.com/ershoufang/105111992848.html,['1058'],"['49,461元/平']",1人关注 ,4室2厅1厨3卫,['高楼层/共32层'],['东南 西南'],['平层/毛坯'],['213.91平米'],['2017年建'],['园博1号二期'],['集美'],['杏锦路'],有,两梯两户,['2022-11-09'],['2019-07-25']
2463,['太微三期，精装修，拎包入住，南北朝向，业主诚意出售'],https://xm.lianjia.com/ershoufang/105114008989.html,['380'],"['41,622元/平']",1人关注 ,2室1厅1厨1卫,['低楼层/共5层'],['南 北'],['平层/精装'],['91.3平米'],['2000年建'],['太微花园'],['湖里'],['金尚'],无,暂无数据,['2023-06-17'],['2019-04-23']
2464,['中央美地，小区中庭，不靠路，朝南户型'],https://xm.lianjia.com/ershoufang/105109526057.html,['573'],"['67,667元/平']",18人关注 ,2室1厅1厨1卫,['高楼层/共23层'],['南'],['平层/简装'],['84.68平米'],['2012年建'],['中央美地'],['湖里'],['枋湖'],有,两梯四户,['2021-12-21'],['2012-12-12']
2465,['都市港湾 源昌大厦 精装修 电梯高层 拎包入住'],https://xm.lianjia.com/ershoufang/105108696527.html,['816'],"['61,033元/平']",6人关注 ,4室4厅1厨4卫,['低楼层/共30层'],['东南'],['精装'],['133.7平米'],['2006年建'],['源昌大厦'],['湖里'],['东渡'],有,两梯五户,['2021-09-09'],['2014-09-03']
2466,['源昌鑫海湾，挑高6米，住家装修，4房'],https://xm.lianjia.com/ershoufang/105113632451.html,['1000'],"['111,832元/平']",0人关注 ,4室2厅1厨3卫,['中楼层/共16层'],['南'],['跃层/精装'],['89.42平米'],['2010年建'],['源昌鑫海湾'],['湖里'],['五缘湾'],有,两梯三户,['2023-05-10'],['2013-04-25']
2467,['建发品质 厦门一中旁 精装修 拎包入住'],https://xm.lianjia.com/ershoufang/105116686730.html,['248'],"['28,017元/平']",0人关注 ,3室2厅1厨2卫,['高楼层/共31层'],['南'],['平层/精装'],['88.52平米'],['未知年建'],['建发文澜和著'],['海沧'],['马銮湾中心片区'],暂无数据,暂无数据,['2024-04-14'],['2023-10-08']
2468,['天伦花园、正规大二房南北、客厅带阳台朝南'],https://xm.lianjia.com/ershoufang/105106721074.html,['490'],"['54,780元/平']",23人关注 ,2室2厅1厨1卫,['低楼层/共7层'],['南 北'],['平层/简装'],['89.45平米'],['2000年建'],['天伦花园'],['思明'],['莲花'],无,暂无数据,['2021-03-21'],['2003-04-14']
2469,['火车站，金榜公园旁，双阳台西南，全明户型，诚意出售'],https://xm.lianjia.com/ershoufang/105113425352.html,['375'],"['48,963元/平']",0人关注 ,3室2厅1厨1卫,['高楼层/共7层'],['南 北'],['平层/简装'],['76.59平米'],['1997年建'],['站西路'],['思明'],['火车站'],暂无数据,暂无数据,['2023-04-20'],['2023-09-12']
2470,['家门口是卧龙BRT 精装 拎包入住 南北好户型 双阳台'],https://xm.lianjia.com/ershoufang/105110812055.html,['429'],"['44,772元/平']",5人关注 ,2室2厅1厨2卫,['低楼层/共8层'],['南 北'],['平层/精装'],['95.82平米'],['2000年建'],['卧龙晓城'],['思明'],['莲前'],无,暂无数据,['2022-06-22'],['2015-05-05']
2471,['天有地别墅，7.2m大面宽，前后花园'],https://xm.lianjia.com/ershoufang/105112231456.html,['735'],"['36,234元/平']",1人关注 ,5室2厅2厨3卫,['低楼层/共3层'],['南 北'],['复式/毛坯'],['202.85平米'],['2016年建'],['首开领翔上郡一期'],['翔安'],['新店'],无,暂无数据,['2022-12-08'],['2019-01-29']
2472,['小户型 低总价 电梯房  采光好'],https://xm.lianjia.com/ershoufang/105113357858.html,['105'],"['32,793元/平']",0人关注 ,1室1厅0厨1卫,['中楼层/共32层'],['东 东南'],['平层/精装'],['32.02平米'],['2013年建'],['海银大厦'],['海沧'],['海沧生活区'],有,三梯十户,['2023-04-14'],['2020-01-01']
2473,['鹭景湾联排别墅 客厅挑高 独门独户 享受墅质生活'],https://xm.lianjia.com/ershoufang/105105380700.html,['960'],"['51,792元/平']",79人关注 ,4室2厅1厨3卫,['联排/共1层'],['南 北'],['复式/精装'],['185.36平米'],['2003年建'],['未来海岸鹭景湾'],['海沧'],['未来海岸北师大'],,,['2020-09-22'],['2007-03-30']
2474,['厦门华玺，此房户型方正 ，明厨明卫，动静分离'],https://xm.lianjia.com/ershoufang/105102498227.html,['360'],"['28,533元/平']",1人关注 ,4室2厅1厨2卫,['中楼层/共34层'],['南'],['平层/精装'],['126.17平米'],['2018年建'],['华玺'],['海沧'],['马銮湾东'],有,三梯六户,['2019-06-08'],['2019-04-28']
2475,['厦门地铁口150米精装大两房保养好拎包入住'],https://xm.lianjia.com/ershoufang/105109228426.html,['180'],"['20,769元/平']",2人关注 ,2室2厅1厨1卫,['低楼层/共29层'],['西南'],['平层/精装'],['86.67平米'],['2017年建'],['新城际广场二期'],['集美'],['厦门北站商业区'],有,两梯四户,['2021-11-11'],['2020-01-03']
2476,['天伦花园格局方正，封闭小区，满五一'],https://xm.lianjia.com/ershoufang/105112488585.html,['285'],"['54,286元/平']",2人关注 ,1室1厅1厨1卫,['高楼层/共10层'],['南'],['平层/简装'],['52.5平米'],['2000年建'],['天伦花园'],['思明'],['莲花'],有,一梯十户,['2023-01-30'],['2020-05-07']
2477,['采光好双阳台。精装自住的。交通便利'],https://xm.lianjia.com/ershoufang/105109041514.html,['237'],"['26,597元/平']",4人关注 ,3室1厅1厨1卫,['中楼层/共6层'],['南'],['平层/精装'],['89.11平米'],['2009年建'],['彩虹湾'],['同安'],['环东海域'],有,一梯两户,['2021-10-19'],['2016-06-13']
2478,['集美交通枢纽要地 精装小三房诚心出售 价格有空间'],https://xm.lianjia.com/ershoufang/105113453572.html,['195'],"['20,568元/平']",1人关注 ,3室2厅1厨1卫,['高楼层/共49层'],['东南'],['平层/精装'],['94.81平米'],['2020年建'],['万科广场幸福里'],['集美'],['厦门北站商业区'],有,三梯五户,['2023-04-22'],['2019-12-23']
2479,['高楼层双阳台精装修3房、东南北全明户型、拎包入住'],https://xm.lianjia.com/ershoufang/105115124804.html,['1028'],"['64,871元/平']",0人关注 ,3室2厅1厨2卫,['中楼层/共38层'],['南 北'],['平层/精装'],['158.47平米'],['2015年建'],['源昌君悦山思明'],['思明'],['莲前'],有,两梯三户,['2023-10-22'],['2017-01-12']
2480,['高层视野开阔，业主诚意出售，价格好谈，，，，，，'],https://xm.lianjia.com/ershoufang/105115327908.html,['330'],"['26,456元/平']",0人关注 ,4室1厅1厨2卫,['中楼层/共42层'],['东南'],['平层/简装'],['124.74平米'],['2015年建'],['万科城一期'],['海沧'],['马銮湾东'],有,三梯六户,['2023-11-14'],['2016-02-17']
2481,['中铁元湾 3室2厅 南 北'],https://xm.lianjia.com/ershoufang/105115243728.html,['1390'],"['87,001元/平']",2人关注 ,3室2厅1厨2卫,['低楼层/共13层'],['南 北'],['平层/精装'],['159.77平米'],['2017年建'],['中铁元湾'],['湖里'],['五缘湾'],有,三梯两户,['2023-11-04'],['2017-06-20']
2482,['泰禾厦门院子，两房，B区，满二，有钥匙，诚意售房'],https://xm.lianjia.com/ershoufang/105112108955.html,['248'],"['30,572元/平']",0人关注 ,2室2厅1厨1卫,['低楼层/共56层'],['南'],['平层/毛坯'],['81.12平米'],['2018年建'],['厦门院子泰禾首玺B区'],['海沧'],['马銮湾中心片区'],有,三梯四户,['2022-11-23'],['2019-12-04']
2483,['视野宽阔，采光充足，配套设施齐全，交通便利'],https://xm.lianjia.com/ershoufang/105116313828.html,['550'],"['43,458元/平']",0人关注 ,4室1厅1厨3卫,['低楼层/共34层'],['西南'],['跃层/精装'],['126.56平米'],['2016年建'],['龙湖春江郦城一期'],['集美'],['杏北'],有,两梯六户,['2024-03-11'],['2017-12-31']
2484,['文灶地铁口精装两房出售，公摊小，拎包入住，诚意出售'],https://xm.lianjia.com/ershoufang/105111526097.html,['358'],"['52,524元/平']",0人关注 ,2室1厅1厨1卫,['高楼层/共8层'],['西 南'],['平层/精装'],['68.16平米'],['1994年建'],['文屏巷'],['思明'],['文灶'],无,暂无数据,['2022-09-16'],['2019-09-17']
2485,['21年厦门建发玺樾次新房现房户型4房一梯一户'],https://xm.lianjia.com/ershoufang/105114208149.html,['917'],"['69,607元/平']",1人关注 ,4室2厅1厨2卫,['低楼层/共18层'],['南'],['平层/精装'],['131.74平米'],['2020年建'],['建发玺樾'],['湖里'],['祥店'],暂无数据,暂无数据,['2023-07-10'],['2020-03-12']
2486,['泉水湾三期 2室1厅 南'],https://xm.lianjia.com/ershoufang/105115909162.html,['300'],"['34,349元/平']",0人关注 ,2室1厅1厨1卫,['低楼层/共25层'],['南'],['平层/简装'],['87.34平米'],['2013年建'],['泉水湾三期'],['集美'],['集美其它'],有,两梯四户,['2024-01-19'],['2017-03-07']
2487,['中楼层 前面视野无遮挡 可以看海景 可玲包入住'],https://xm.lianjia.com/ershoufang/105115516264.html,['498'],"['43,233元/平']",0人关注 ,4室2厅1厨2卫,['中楼层/共24层'],['南 北'],['平层/精装'],['115.19平米'],['2010年建'],['海晟维多利亚'],['海沧'],['滨海社区'],有,两梯四户,['2023-12-04'],['2012-10-17']
2488,['恒亿精装四房，满二年，装修很好 业主自住装修 。'],https://xm.lianjia.com/ershoufang/105110476521.html,['403'],"['29,910元/平']",1人关注 ,4室2厅1厨2卫,['中楼层/共31层'],['东南'],['平层/精装'],['134.74平米'],['2018年建'],['恒亿尚品湾3/4期'],['同安'],['环东海域'],有,两梯三户,['2022-05-08'],['2019-05-16']
2489,['万寿路带小区南北两房好楼层诚意出售'],https://xm.lianjia.com/ershoufang/105107151916.html,['499'],"['62,019元/平']",11人关注 ,2室2厅1厨1卫,['低楼层/共7层'],['南 北'],['平层/简装'],['80.46平米'],['1999年建'],['万寿阁'],['思明'],['文园路'],无,暂无数据,['2021-04-27'],['2012-10-30']
2490,['高楼层朝南两房，视野好，采光充足，'],https://xm.lianjia.com/ershoufang/105109506258.html,['200'],"['24,077元/平']",3人关注 ,2室2厅1厨1卫,['中楼层/共35层'],['南'],['平层/简装'],['83.07平米'],['2012年建'],['禹洲大学城'],['同安'],['集美其它'],有,两梯四户,['2021-12-18'],['2013-11-07']
2491,['文园路 将军祠 电梯三房 南北朝向'],https://xm.lianjia.com/ershoufang/105109598626.html,['880'],"['61,794元/平']",5人关注 ,3室2厅1厨2卫,['中楼层/共9层'],['东南'],['平层/简装'],['142.41平米'],['2004年建'],['弘龙商业城'],['思明'],['文园路'],有,一梯四户,['2022-01-03'],['2015-04-30']
2492,['建群花园三面采光2000莲花状元小区 好楼层 精装'],https://xm.lianjia.com/ershoufang/105111907672.html,['630'],"['56,721元/平']",0人关注 ,3室2厅1厨2卫,['中楼层/共7层'],['南 北'],['平层/精装'],['111.07平米'],['2001年建'],['建群花园'],['思明'],['莲花'],无,暂无数据,['2022-10-30'],['2013-04-09']
2493,['马銮湾精装3房2卫，楼层好，采光佳，户型方正，配套全'],https://xm.lianjia.com/ershoufang/105111332830.html,['300'],"['27,062元/平']",0人关注 ,3室2厅1厨2卫,['高楼层/共42层'],['西南'],['平层/精装'],['110.86平米'],['2015年建'],['万科城一期'],['海沧'],['马銮湾东'],有,三梯六户,['2022-08-25'],['2015-12-29']
2494,['新金花园南北通透格局方正框架，双阳台，正地铁口'],https://xm.lianjia.com/ershoufang/105112012046.html,['568'],"['47,106元/平']",0人关注 ,3室2厅1厨2卫,['中楼层/共8层'],['南 北'],['平层/精装'],['120.58平米'],['1997年建'],['新金花园'],['思明'],['莲花'],无,暂无数据,['2022-11-11'],['2019-09-09']
2495,['总价不高，电梯房，松柏，嘉滨。'],https://xm.lianjia.com/ershoufang/105109743430.html,['233'],"['54,187元/平']",10人关注 ,1室1厅0厨1卫,['中楼层/共20层'],['南'],['平层/精装'],['43平米'],['2002年建'],['长升大厦'],['思明'],['松柏'],有,四梯二十一户,['2022-02-09'],['2009-10-19']
2496,['厦门院子高层毛坯三房，三面采光、不临街。无噪音'],https://xm.lianjia.com/ershoufang/105102508803.html,['295'],"['30,605元/平']",30人关注 ,3室2厅1厨1卫,['中楼层/共59层'],['东南'],['平层/毛坯'],['96.39平米'],['2018年建'],['厦门院子泰禾首玺B区'],['海沧'],['马銮湾中心片区'],有,两梯四户,['2019-06-11'],['2019-04-25']
2497,['莲花南北通透大三房！楼梯2楼，采光充足，居家适宜'],https://xm.lianjia.com/ershoufang/105113059231.html,['538'],"['45,772元/平']",0人关注 ,3室2厅1厨2卫,['低楼层/共7层'],['南 北'],['平层/精装'],['117.54平米'],['2000年建'],['天伦花园'],['思明'],['莲花'],无,暂无数据,['2023-03-18'],['2006-09-29']
2498,['文灶地铁口 英才商厦 03年电梯 精装3房 低总价'],https://xm.lianjia.com/ershoufang/105112732208.html,['550'],"['75,716元/平']",0人关注 ,3室2厅1厨1卫,['低楼层/共20层'],['南 西'],['平层/简装'],['72.64平米'],['2004年建'],['英才商厦'],['思明'],['火车站'],有,三梯二十户,['2023-02-20'],['2019-03-25']
2499,['建发书香府邸三房 业主诚意出售'],https://xm.lianjia.com/ershoufang/105114752937.html,['340'],"['38,562元/平']",1人关注 ,3室2厅1厨2卫,['中楼层/共33层'],['南'],['平层/精装'],['88.17平米'],['2022年建'],['建发书香府邸二期'],['翔安'],['翔安新城'],有,两梯四户,['2023-09-09'],['2023-06-28']
2500,['育青路三房 三面采光 格局好 交通便利'],https://xm.lianjia.com/ershoufang/105111465095.html,['495'],"['69,096元/平']",2人关注 ,3室1厅1厨1卫,['中楼层/共6层'],['南 西 北'],['平层/简装'],['71.64平米'],['1986年建'],['育青路'],['思明'],['文园路'],无,暂无数据,['2022-09-09'],['2022-09-22']
2501,['禹洲大学城 高楼层 大三房两卫 自住装修 视野好'],https://xm.lianjia.com/ershoufang/105113819947.html,['210'],"['20,538元/平']",0人关注 ,3室2厅1厨2卫,['中楼层/共35层'],['北'],['错层/精装'],['102.25平米'],['2012年建'],['禹洲大学城'],['同安'],['集美其它'],有,两梯四户,['2023-05-29'],['2018-06-26']
2502,['房子朝向好，正规两房，户型方正，采光视野好'],https://xm.lianjia.com/ershoufang/105114186001.html,['452'],"['53,945元/平']",0人关注 ,2室1厅0厨1卫,['中楼层/共20层'],['东 南'],['平层/简装'],['83.79平米'],['2002年建'],['长升大厦'],['思明'],['松柏'],有,四梯二十一户,['2023-07-07'],['2013-08-07']
2503,['万科精装大三房，户型通透，三面采光，业主诚意卖'],https://xm.lianjia.com/ershoufang/105113212512.html,['330'],"['28,537元/平']",0人关注 ,3室2厅1厨2卫,['中楼层/共42层'],['西南'],['平层/精装'],['115.64平米'],['2018年建'],['万科城四期'],['海沧'],['马銮湾东'],有,三梯六户,['2023-03-31'],['2018-05-30']
2504,['此房南北通透，采光好，户型方正，地铁方便儿童公园'],https://xm.lianjia.com/ershoufang/105116314979.html,['190'],"['28,346元/平']",0人关注 ,2室1厅1厨1卫,['中楼层/共6层'],['南 北'],['平层/简装'],['67.03平米'],['2002年建'],['都市恬园'],['海沧'],['海沧生活区'],无,暂无数据,['2024-03-11'],['2021-06-07']
2505,['楼梯房朝南 采光好 满2省税 精装修 没占用可度书'],https://xm.lianjia.com/ershoufang/105116437490.html,['88'],"['23,330元/平']",0人关注 ,1室1厅1厨1卫,['中楼层/共7层'],['南 北'],['平层/简装'],['37.72平米'],['2006年建'],['未来橙堡'],['海沧'],['海沧体育中心'],无,暂无数据,['2024-03-21'],['2021-06-12']
2506,['国贸品质，地段很好 生活 地铁 交通便利 。'],https://xm.lianjia.com/ershoufang/105116402552.html,['729'],"['48,462元/平']",0人关注 ,3室1厅1厨2卫,['高楼层/共6层'],['东南 南'],['复式/简装'],['150.43平米'],['2019年建'],['国贸天悦'],['集美'],['杏北'],有,一梯两户,['2024-03-19'],['2020-08-15']
2507,['首开领翔国际正规两房 新店泰禾商圈 实小 双十边上'],https://xm.lianjia.com/ershoufang/105103015276.html,['180'],"['20,317元/平']",13人关注 ,2室1厅1厨1卫,['中楼层/共24层'],['南'],['平层/毛坯'],['88.6平米'],['2014年建'],['首开领翔国际'],['翔安'],['新店'],有,两梯三户,['2019-09-12'],['2016-05-06']
2508,['华玺海景四房，带装修，满两年，空户'],https://xm.lianjia.com/ershoufang/105113299293.html,['339'],"['26,750元/平']",0人关注 ,4室2厅1厨2卫,['低楼层/共34层'],['南 西南'],['平层/精装'],['126.73平米'],['2018年建'],['华玺'],['海沧'],['马銮湾东'],有,三梯六户,['2023-04-09'],['2019-04-11']
2509,['南北朝向，采光通风好，可看海景，土地出让金未交'],https://xm.lianjia.com/ershoufang/105113197357.html,['318'],"['24,086元/平']",1人关注 ,4室2厅1厨2卫,['中楼层/共33层'],['南 北'],['平层/简装'],['132.03平米'],['2014年建'],['水云湾'],['海沧'],['未来海岸北师大'],有,两梯四户,['2023-03-30'],['2021-04-13']
2510,['莲花五村 客厅带阳台 居家装修 2房 业主诚意出售'],https://xm.lianjia.com/ershoufang/105112964890.html,['399'],"['50,449元/平']",146人关注 ,2室1厅1厨1卫,['高楼层/共7层'],['东 南'],['平层/精装'],['79.09平米'],['1998年建'],['龙盛里'],['思明'],['莲花'],无,暂无数据,['2023-03-10'],['2019-11-06']
2511,['房产站低楼层适合居家，南北双阳台，通风好'],https://xm.lianjia.com/ershoufang/105112906631.html,['233'],"['26,075元/平']",1人关注 ,2室2厅1厨1卫,['低楼层/共8层'],['南'],['平层/简装'],['89.36平米'],['2001年建'],['鑫茂花园'],['海沧'],['海沧生活区'],无,暂无数据,['2023-03-06'],['2001-11-01']
2512,['大海就在你家楼下  设计合理  方正采光好  满五年省税'],https://xm.lianjia.com/ershoufang/105115568869.html,['378'],"['32,132元/平']",0人关注 ,3室2厅1厨2卫,['低楼层/共41层'],['东 东南'],['平层/简装'],['117.64平米'],['2013年建'],['联发杏林湾一号一期'],['集美'],['杏林桥头'],有,两梯四户,['2023-12-10'],['2023-12-10']
2513,['户型方正楼中楼 南北通透 格局好'],https://xm.lianjia.com/ershoufang/105115223515.html,['359'],"['25,368元/平']",0人关注 ,4室1厅1厨3卫,['低楼层/共43层'],['南 北'],['跃层/毛坯'],['141.52平米'],['2019年建'],['融侨观邸'],['海沧'],['马銮湾东'],有,两梯五户,['2023-11-02'],['2019-10-26']
2514,['金尚小区，中间楼层，看房方便，业主诚意出售'],https://xm.lianjia.com/ershoufang/105113738606.html,['370'],"['54,525元/平']",0人关注 ,2室2厅1厨1卫,['低楼层/共7层'],['南 北'],['简装'],['67.86平米'],['1998年建'],['金尚小区'],['湖里'],['金尚'],无,暂无数据,['2023-05-20'],['2000-12-27']
2515,['海沧万科四期三房两卫看中庭，视野开阔'],https://xm.lianjia.com/ershoufang/105113677730.html,['262.5'],"['26,982元/平']",0人关注 ,3室1厅1厨2卫,['低楼层/共46层'],['南'],['平层/简装'],['97.29平米'],['2018年建'],['万科城四期'],['海沧'],['马銮湾东'],有,两梯四户,['2023-05-15'],['2020-10-13']
2516,['太微花园 大三房  楼层适中 看房方便'],https://xm.lianjia.com/ershoufang/105113830035.html,['480'],"['40,067元/平']",0人关注 ,3室2厅1厨2卫,['低楼层/共6层'],['南 北'],['平层/简装'],['119.8平米'],['2000年建'],['太微花园'],['湖里'],['金尚'],无,暂无数据,['2023-05-30'],['2021-07-19']
2517,['房子朝向好，户型方正，视野采光好'],https://xm.lianjia.com/ershoufang/105114185950.html,['210'],"['53,627元/平']",0人关注 ,1室0厅0厨1卫,['中楼层/共20层'],['东'],['平层/简装'],['39.16平米'],['2002年建'],['长升大厦'],['思明'],['松柏'],有,四梯二十一户,['2023-07-07'],['2013-08-07']
2518,['芸溪三期 精装3房 可拎包入住 空间使用率大'],https://xm.lianjia.com/ershoufang/105114272880.html,['238'],"['25,191元/平']",0人关注 ,3室2厅1厨1卫,['低楼层/共17层'],['南'],['平层/精装'],['94.48平米'],['2011年建'],['芸溪居住公园(三期)'],['同安'],['同安其它'],暂无数据,暂无数据,['2023-07-18'],['2017-01-01']
2519,['万科城四期 洋房 朝南大两房 二次装修 保养好'],https://xm.lianjia.com/ershoufang/105113868490.html,['238'],"['29,128元/平']",0人关注 ,2室1厅1厨1卫,['中楼层/共9层'],['东南'],['平层/精装'],['81.71平米'],['2018年建'],['万科城四期'],['海沧'],['马銮湾东'],有,一梯四户,['2023-06-02'],['2018-11-16']
2520,['五缘湾新景国际外滩精装朝南B户型业主诚售'],https://xm.lianjia.com/ershoufang/105113717933.html,['1100'],"['112,234元/平']",0人关注 ,4室2厅1厨3卫,['低楼层/共16层'],['南'],['跃层/精装'],['98.01平米'],['2017年建'],['新景国际外滩'],['湖里'],['五缘湾'],有,两梯四户,['2023-05-18'],['2020-09-10']
2521,['源通中心 1室1厅 东'],https://xm.lianjia.com/ershoufang/105116528332.html,['249'],"['65,561元/平']",0人关注 ,1室1厅1厨1卫,['高楼层/共31层'],['东'],['平层/简装'],['37.98平米'],['2004年建'],['源通中心'],['思明'],['思北'],有,六梯十七户,['2024-03-30'],['2020-04-30']
2522,['业主诚意出售精装修此房通透性好 采光好'],https://xm.lianjia.com/ershoufang/105112739209.html,['238'],"['23,696元/平']",0人关注 ,3室2厅1厨2卫,['中楼层/共18层'],['南 北'],['平层/精装'],['100.44平米'],['2014年建'],['中骏四季阳光'],['集美'],['厦门北站商业区'],有,两梯四户,['2023-02-20'],['2014-03-04']
2523,['台湾街 顶层复式 电梯房 朝南 诚意出售'],https://xm.lianjia.com/ershoufang/105113091401.html,['1000'],"['39,587元/平']",0人关注 ,4室3厅1厨3卫,['高楼层/共16层'],['南 北'],['跃层/简装'],['252.61平米'],['2003年建'],['桃源大厦'],['湖里'],['江头'],有,一梯三户,['2023-03-21'],['2020-02-14']
2524,['特房银溪墅府图尔花园 3室1厅 南'],https://xm.lianjia.com/ershoufang/105114653371.html,['330'],"['27,050元/平']",0人关注 ,3室1厅1厨2卫,['中楼层/共32层'],['南'],['平层/精装'],['122平米'],['2018年建'],['特房银溪墅府图尔花园'],['翔安'],['环东海域'],有,两梯四户,['2023-08-29'],['2021-07-30']
2525,['延奎旁正规两房 南北通透 采光充足 交通便利 产权满五'],https://xm.lianjia.com/ershoufang/105114021745.html,['200'],"['26,056元/平']",0人关注 ,2室2厅1厨1卫,['低楼层/共7层'],['南 北'],['平层/精装'],['76.76平米'],['2004年建'],['富佳苑'],['海沧'],['海沧生活区'],无,暂无数据,['2023-06-18'],['2012-12-20']
2526,['电梯正规大三房  厅带阳台朝南  双阳台'],https://xm.lianjia.com/ershoufang/105115297270.html,['556'],"['41,505元/平']",0人关注 ,3室2厅1厨2卫,['低楼层/共18层'],['东 南 北'],['平层/简装'],['133.96平米'],['2009年建'],['嘉盛豪园G组团'],['思明'],['瑞景'],有,两梯三户,['2023-11-10'],['2023-10-25']
2527,['邮轮城 高层朝南精装 海景三房 自住不二选 视野开阔'],https://xm.lianjia.com/ershoufang/105114844353.html,['920'],"['69,013元/平']",0人关注 ,3室2厅1厨2卫,['高楼层/共30层'],['西南'],['平层/精装'],['133.31平米'],['2011年建'],['国际邮轮城二期'],['湖里'],['邮轮城'],有,两梯两户,['2023-09-19'],['2015-11-06']
2528,['莲坂商圈 交通便利 精装三房 带储藏间 使用面积大'],https://xm.lianjia.com/ershoufang/105114879636.html,['270'],"['47,104元/平']",1人关注 ,3室1厅1厨1卫,['低楼层/共7层'],['南'],['平层/精装'],['57.32平米'],['1996年建'],['坂尾路'],['思明'],['火车站'],无,暂无数据,['2023-09-22'],['2021-03-29']
2529,['公园旁 3小在楼下 地铁口 电梯高层  视野好'],https://xm.lianjia.com/ershoufang/105115332443.html,['696'],"['40,028元/平']",0人关注 ,4室2厅1厨2卫,['高楼层/共31层'],['西北'],['平层/精装'],['173.88平米'],['1997年建'],['国泰大厦'],['湖里'],['江头'],有,三梯六户,['2023-11-14'],['2017-01-24']
2530,['南部新城 隧道口 好楼层 东南全明采光正规三房'],https://xm.lianjia.com/ershoufang/105114863051.html,['229'],"['26,684元/平']",0人关注 ,3室2厅1厨1卫,['低楼层/共31层'],['东南'],['平层/毛坯'],['85.82平米'],['2015年建'],['阳光城翡丽湾二期'],['翔安'],['翔安新城'],有,两梯四户,['2023-09-21'],['2018-06-26']
2531,['古龙明珠上下错户型 高楼层 自住精装 业主诚意出售'],https://xm.lianjia.com/ershoufang/105114700869.html,['435'],"['43,040元/平']",0人关注 ,3室2厅1厨2卫,['中楼层/共11层'],['南 北'],['复式/精装'],['101.07平米'],['2006年建'],['古龙明珠'],['集美'],['集美文教区'],有,一梯四户,['2023-09-03'],['2013-03-08']
2532,['万科城一期   精装修大四房  楼层佳  采光充足'],https://xm.lianjia.com/ershoufang/105116413701.html,['280'],"['22,449元/平']",0人关注 ,4室1厅1厨2卫,['高楼层/共42层'],['西南'],['平层/精装'],['124.73平米'],['2015年建'],['万科城一期'],['海沧'],['马銮湾东'],有,三梯六户,['2024-03-20'],['2016-11-28']
2533,['华孚花园 5室2厅 南 北'],https://xm.lianjia.com/ershoufang/105116151792.html,['750'],"['42,789元/平']",0人关注 ,5室2厅1厨3卫,['高楼层/共7层'],['南 北'],['跃层/精装'],['175.28平米'],['1998年建'],['华孚花园'],['思明'],['莲花'],无,暂无数据,['2024-02-27'],['2021-07-07']
2534,['瑞景商圈电梯优质2房户型好。。。。。。'],https://xm.lianjia.com/ershoufang/105104771070.html,['595'],"['67,369元/平']",5人关注 ,2室2厅1厨1卫,['中楼层/共18层'],['南'],['精装'],['88.32平米'],['2010年建'],['洪山柄南区'],['思明'],['瑞景'],有,一梯四户,['2020-07-06'],['2011-12-18']
2535,['未来海岸蓝月湾正规三房视野开阔精装修阳光充足采光好'],https://xm.lianjia.com/ershoufang/105106353237.html,['330'],"['28,948元/平']",27人关注 ,3室2厅1厨2卫,['低楼层/共29层'],['南 北'],['平层/精装'],['114平米'],['2007年建'],['未来海岸蓝月湾一期'],['海沧'],['未来海岸北师大'],有,两梯四户,['2021-01-29'],['2009-09-24']
2536,['侨鑫花园此房满五，楼层好，采光好，视野宽阔'],https://xm.lianjia.com/ershoufang/105116297857.html,['370'],"['55,883元/平']",1人关注 ,2室1厅1厨1卫,['高楼层/共9层'],['北'],['平层/精装'],['66.21平米'],['2000年建'],['侨鑫公寓'],['思明'],['莲花'],有,一梯三户,['2024-03-09'],['2009-03-27']
2537,['龙湖品质   近地铁   复式楼中楼   边套通透户型'],https://xm.lianjia.com/ershoufang/105106258675.html,['478'],"['40,314元/平']",15人关注 ,3室2厅1厨2卫,['低楼层/共34层'],['南 北'],['跃层/毛坯'],['118.57平米'],['2017年建'],['龙湖春江郦城二期'],['集美'],['杏北'],有,两梯六户,['2021-01-14'],['2018-08-30']
2538,['楼层好，采光充足海景房，小区绿化优。'],https://xm.lianjia.com/ershoufang/105106995718.html,['280'],"['30,392元/平']",37人关注 ,3室2厅1厨0卫,['高楼层/共40层'],['东南'],['平层/简装'],['92.13平米'],['2014年建'],['禹洲中央海岸二期'],['集美'],['杏林桥头'],有,三梯六户,['2021-04-14'],['2015-11-06']
2539,['集美新城地铁口   精装大边套  4+1房  使用面积大'],https://xm.lianjia.com/ershoufang/105113919469.html,['410'],"['46,052元/平']",0人关注 ,4室2厅1厨2卫,['高楼层/共31层'],['东南'],['平层/精装'],['89.03平米'],['2017年建'],['橡树湾四期'],['集美'],['杏北'],有,两梯五户,['2023-06-08'],['2019-06-01']
2540,['杏锦路免双税好房   上诚毅 精装三房  近地铁商场'],https://xm.lianjia.com/ershoufang/105115274735.html,['348'],"['38,975元/平']",0人关注 ,3室2厅1厨1卫,['低楼层/共34层'],['西南'],['平层/精装'],['89.29平米'],['2016年建'],['龙湖春江郦城一期'],['集美'],['杏北'],有,两梯五户,['2023-11-08'],['2017-11-16']
2541,['地铁口2006年花园小区 大两房双阳台  封闭式管理小区'],https://xm.lianjia.com/ershoufang/105114648362.html,['175'],"['19,170元/平']",0人关注 ,2室1厅1厨1卫,['高楼层/共6层'],['南 西'],['平层/简装'],['91.29平米'],['2004年建'],['聚鑫广场'],['集美'],['杏西'],无,暂无数据,['2023-08-29'],['2008-06-19']
2542,['集美桥头，精装东边套大三房，泉水湾仅这栋两梯三户'],https://xm.lianjia.com/ershoufang/105113800144.html,['480'],"['34,548元/平']",1人关注 ,3室2厅1厨2卫,['低楼层/共27层'],['东南 北'],['平层/精装'],['138.94平米'],['2010年建'],['泉水湾一期'],['集美'],['集美其它'],有,两梯三户,['2023-05-26'],['2020-12-02']
2543,['远离城市的喧嚣，独门独户，拥有私密生活的居家房源'],https://xm.lianjia.com/ershoufang/105113999308.html,['480'],"['69,455元/平']",3人关注 ,3室2厅1厨1卫,['低楼层/共6层'],['南 北'],['错层/简装'],['69.11平米'],['1989年建'],['阳台佳苑'],['思明'],['文园路'],无,暂无数据,['2023-06-16'],['2010-01-19']
2544,['海峡国际天璟 封闭式小区 开发商精装'],https://xm.lianjia.com/ershoufang/105111928641.html,['815'],"['60,255元/平']",3人关注 ,3室1厅1厨2卫,['中楼层/共59层'],['东南'],['平层/精装'],['135.26平米'],['2018年建'],['海峡国际天璟'],['思明'],['火车站'],有,一梯三户,['2022-11-02'],['2018-12-29']
2545,['入户岛内好选择单身公寓 楼层好 朝南 采光好'],https://xm.lianjia.com/ershoufang/105112856928.html,['97'],"['37,995元/平']",1人关注 ,1室0厅1厨1卫,['中楼层/共7层'],['南'],['平层/简装'],['25.53平米'],['2004年建'],['欣家园'],['湖里'],['殿前'],无,暂无数据,['2023-03-02'],['2020-03-05']
2546,['罗宾森广场\u3000三房两厅两卫\u3000高层\u3000居家装修\u3000大阳台'],https://xm.lianjia.com/ershoufang/105111720901.html,['710'],"['66,655元/平']",0人关注 ,3室2厅1厨2卫,['中楼层/共31层'],['西北'],['平层/简装'],['106.52平米'],['2012年建'],['罗宾森广场一期'],['思明'],['火车站'],有,三梯八户,['2022-10-09'],['2020-01-01']
2547,['仙岳山脚下厦工花园带独立露台业主诚意出售'],https://xm.lianjia.com/ershoufang/105114184855.html,['368'],"['55,397元/平']",0人关注 ,2室1厅1厨1卫,['高楼层/共7层'],['南 北'],['平层/简装'],['66.43平米'],['1994年建'],['侨岳厦工花园'],['思明'],['仙岳社区'],无,暂无数据,['2023-07-07'],['2020-03-10']
2548,['近地铁厦门院子B区三梯四户高层边套四房业主急售'],https://xm.lianjia.com/ershoufang/105113583302.html,['330'],"['26,843元/平']",0人关注 ,4室2厅1厨2卫,['高楼层/共59层'],['南 北'],['平层/毛坯'],['122.94平米'],['2018年建'],['厦门院子泰禾首玺B区'],['海沧'],['马銮湾中心片区'],有,两梯四户,['2023-05-06'],['2023-04-01']
2549,['朝南北、视野开阔、使用面积大，方正大2 房'],https://xm.lianjia.com/ershoufang/105114003981.html,['298'],"['34,320元/平']",0人关注 ,2室2厅1厨2卫,['中楼层/共36层'],['东南'],['平层/精装'],['86.83平米'],['2018年建'],['海投第一湾'],['海沧'],['马銮湾东'],有,两梯四户,['2023-06-16'],['2019-12-09']
2550,['万科城四期 洋房 朝南大两房 二次装修 保养好'],https://xm.lianjia.com/ershoufang/105113868490.html,['238'],"['29,128元/平']",0人关注 ,2室1厅1厨1卫,['中楼层/共9层'],['东南'],['平层/精装'],['81.71平米'],['2018年建'],['万科城四期'],['海沧'],['马銮湾东'],有,一梯四户,['2023-06-02'],['2018-11-16']
2551,['万寿北路南北全明两房房东诚意出售价格好谈'],https://xm.lianjia.com/ershoufang/105113429536.html,['448'],"['79,279元/平']",0人关注 ,3室1厅1厨1卫,['低楼层/共7层'],['南 北'],['平层/精装'],['56.51平米'],['1988年建'],['万寿北路'],['思明'],['文园路'],无,暂无数据,['2023-04-20'],['2021-01-01']
2552,['华玺海景四房，带装修，满两年，空户'],https://xm.lianjia.com/ershoufang/105113299293.html,['339'],"['26,750元/平']",0人关注 ,4室2厅1厨2卫,['低楼层/共34层'],['南 西南'],['平层/精装'],['126.73平米'],['2018年建'],['华玺'],['海沧'],['马銮湾东'],有,三梯六户,['2023-04-09'],['2019-04-11']
2553,['莲花五村 客厅带阳台 居家装修 2房 业主诚意出售'],https://xm.lianjia.com/ershoufang/105112964890.html,['399'],"['50,449元/平']",146人关注 ,2室1厅1厨1卫,['高楼层/共7层'],['东 南'],['平层/精装'],['79.09平米'],['1998年建'],['龙盛里'],['思明'],['莲花'],无,暂无数据,['2023-03-10'],['2019-11-06']
2554,['南北朝向，采光通风好，可看海景，土地出让金未交'],https://xm.lianjia.com/ershoufang/105113197357.html,['318'],"['24,086元/平']",1人关注 ,4室2厅1厨2卫,['中楼层/共33层'],['南 北'],['平层/简装'],['132.03平米'],['2014年建'],['水云湾'],['海沧'],['未来海岸北师大'],有,两梯四户,['2023-03-30'],['2021-04-13']
2555,['房产站低楼层适合居家，南北双阳台，通风好'],https://xm.lianjia.com/ershoufang/105112906631.html,['233'],"['26,075元/平']",1人关注 ,2室2厅1厨1卫,['低楼层/共8层'],['南'],['平层/简装'],['89.36平米'],['2001年建'],['鑫茂花园'],['海沧'],['海沧生活区'],无,暂无数据,['2023-03-06'],['2001-11-01']
2556,['地铁口 04年精装三房 好停车'],https://xm.lianjia.com/ershoufang/105116515231.html,['299'],"['43,115元/平']",0人关注 ,2室1厅1厨1卫,['中楼层/共7层'],['南 北'],['平层/精装'],['69.35平米'],['未知年建'],['金南园小区'],['湖里'],['金尚'],无,暂无数据,['2024-03-29'],['2010-12-16']
2557,['国贸品质，地段很好 生活 地铁 交通便利 。'],https://xm.lianjia.com/ershoufang/105116402552.html,['729'],"['48,462元/平']",0人关注 ,3室1厅1厨2卫,['高楼层/共6层'],['东南 南'],['复式/简装'],['150.43平米'],['2019年建'],['国贸天悦'],['集美'],['杏北'],有,一梯两户,['2024-03-19'],['2020-08-15']
2558,['首开领翔国际正规两房 新店泰禾商圈 实小 双十边上'],https://xm.lianjia.com/ershoufang/105103015276.html,['180'],"['20,317元/平']",13人关注 ,2室1厅1厨1卫,['中楼层/共24层'],['南'],['平层/毛坯'],['88.6平米'],['2014年建'],['首开领翔国际'],['翔安'],['新店'],有,两梯三户,['2019-09-12'],['2016-05-06']
2559,['集美桥头堡 高层一线海景 改善通透四房 业主稳定在卖'],https://xm.lianjia.com/ershoufang/105109624137.html,['430'],"['34,897元/平']",0人关注 ,4室2厅1厨2卫,['高楼层/共39层'],['南 北'],['平层/毛坯'],['123.22平米'],['2016年建'],['海上五月花六期'],['集美'],['集美其它'],有,两梯四户,['2022-01-06'],['2017-07-21']
2560,['集美桥头，海德公园一期，花园式小区，高层通透三房'],https://xm.lianjia.com/ershoufang/105112812682.html,['310'],"['25,269元/平']",3人关注 ,3室2厅1厨2卫,['高楼层/共43层'],['南 北'],['平层/精装'],['122.68平米'],['2014年建'],['招商海德公园一期'],['集美'],['集美其它'],有,三梯四户,['2023-02-26'],['2017-05-24']
2561,['花园小区，拎包入住，全明结构，精装小三房'],https://xm.lianjia.com/ershoufang/105113814302.html,['155'],"['16,504元/平']",0人关注 ,3室2厅1厨1卫,['低楼层/共18层'],['南 北'],['平层/精装'],['93.92平米'],['2014年建'],['首开领翔花郡'],['翔安'],['新店'],有,两梯四户,['2023-05-28'],['2019-09-06']
2562,['环东海域中海万锦熙岸精装三房 朝南产权满五 交通便利'],https://xm.lianjia.com/ershoufang/105114525587.html,['160'],"['18,425元/平']",4人关注 ,3室2厅1厨1卫,['低楼层/共28层'],['南'],['平层/精装'],['86.84平米'],['2016年建'],['中海万锦熙岸'],['同安'],['环东海域'],有,两梯四户,['2023-08-15'],['2018-07-20']
2563,['地铁口 正规两房 采光好 两房朝南 两个大阳台'],https://xm.lianjia.com/ershoufang/105111694236.html,['237'],"['30,008元/平']",2人关注 ,2室2厅1厨1卫,['低楼层/共7层'],['南 北'],['平层/精装'],['78.98平米'],['2002年建'],['银都花园'],['海沧'],['海沧生活区'],无,暂无数据,['2022-10-07'],['2019-06-01']
2564,['东方新城二期 低总价精装两房  看房方便'],https://xm.lianjia.com/ershoufang/105113242716.html,['126'],"['20,051元/平']",1人关注 ,2室1厅1厨1卫,['低楼层/共18层'],['东'],['平层/精装'],['62.84平米'],['2017年建'],['东方新城二期'],['翔安'],['新店'],暂无数据,暂无数据,['2023-04-03'],['2020-07-16']
2565,['思明区 三房 精装修 可拎包入住'],https://xm.lianjia.com/ershoufang/105115146902.html,['366'],"['55,262元/平']",0人关注 ,3室1厅1厨1卫,['高楼层/共7层'],['南'],['平层/精装'],['66.23平米'],['1993年建'],['岳阳西里'],['思明'],['岳阳社区'],无,暂无数据,['2023-10-24'],['2017-06-28']
2566,['权证满5 精装2房  视野阳光充足  空户厅带阳台朝南'],https://xm.lianjia.com/ershoufang/105113665455.html,['648'],"['70,929元/平']",0人关注 ,2室2厅1厨1卫,['低楼层/共24层'],['西南'],['平层/精装'],['91.36平米'],['2011年建'],['福达里'],['思明'],['七星路'],有,两梯四户,['2023-05-13'],['2012-07-10']
2567,['店长力荐，汇景新城中心，精装两房，拎包入住'],https://xm.lianjia.com/ershoufang/105112188809.html,['120'],"['24,550元/平']",1人关注 ,2室1厅1厨1卫,['低楼层/共16层'],['北'],['平层/精装'],['48.88平米'],['2010年建'],['汇景新城中心'],['翔安'],['新店'],有,两梯六户,['2022-12-03'],['2020-06-10']
2568,['海沧天湖城地铁口 精装四房 满五 湖海双景外国语'],https://xm.lianjia.com/ershoufang/105112547486.html,['538'],"['35,435元/平']",2人关注 ,4室2厅1厨2卫,['中楼层/共33层'],['东南 北'],['平层/精装'],['151.83平米'],['2012年建'],['天湖城'],['海沧'],['海沧区政府'],有,两梯四户,['2023-02-04'],['2017-02-10']
2569,['集美新城  龙湖春江郦城   精装大三房  采光好'],https://xm.lianjia.com/ershoufang/105111605084.html,['380'],"['39,131元/平']",0人关注 ,3室2厅1厨2卫,['低楼层/共33层'],['东南'],['跃层/精装'],['97.11平米'],['未知年建'],['龙湖春江郦城二期'],['集美'],['杏北'],有,两梯六户,['2022-09-24'],['2018-09-25']
2570,['莲坂电梯高层  高装 视野好 全明 拎包入住'],https://xm.lianjia.com/ershoufang/105112737286.html,['586'],"['64,960元/平']",1人关注 ,2室1厅1厨1卫,['高楼层/共18层'],['西北'],['平层/精装'],['90.21平米'],['2006年建'],['莲坂新村'],['思明'],['莲坂'],有,两梯四户,['2023-02-20'],['2018-08-16']
2571,['万达商圈高层精装4房 边套入户 南北通透 特房 世茂'],https://xm.lianjia.com/ershoufang/105116487255.html,['760'],"['53,639元/平']",0人关注 ,4室2厅1厨2卫,['中楼层/共32层'],['南 北'],['平层/精装'],['141.69平米'],['2013年建'],['特房山水尚座'],['湖里'],['万达广场'],有,两梯两户,['2024-03-26'],['2015-07-02']
2572,['一梯两户，南北通透，户型方正，采光好，视野佳'],https://xm.lianjia.com/ershoufang/105115147313.html,['385'],"['44,086元/平']",0人关注 ,3室2厅1厨1卫,['高楼层/共8层'],['南 北'],['平层/简装'],['87.33平米'],['1997年建'],['永升新城'],['湖里'],['湖里大道'],无,暂无数据,['2023-10-25'],['2003-01-08']
2573,['地铁口，电梯高楼层，全名格局，南北通透，'],https://xm.lianjia.com/ershoufang/105115403776.html,['489'],"['64,958元/平']",0人关注 ,2室2厅1厨1卫,['中楼层/共7层'],['南 北'],['平层/其他'],['75.28平米'],['1993年建'],['育秀里小区'],['思明'],['体育中心'],有,一梯两户,['2023-11-22'],['2007-04-29']
2574,['莲坂圈段  楼中楼 电梯高层   视野开阔 户型方正'],https://xm.lianjia.com/ershoufang/105116015102.html,['650'],"['29,288元/平']",2人关注 ,5室2厅1厨3卫,['高楼层/共18层'],['东 南 北'],['跃层/简装'],['221.94平米'],['1996年建'],['聚泰商业城'],['思明'],['火车站'],有,三梯二十户,['2024-02-07'],['2021-03-17']
2575,['橡树湾业主自住，温馨户型，通风朝南，精装三房'],https://xm.lianjia.com/ershoufang/105115291989.html,['259'],"['31,444元/平']",0人关注 ,3室2厅1厨1卫,['低楼层/共31层'],['南'],['平层/精装'],['82.37平米'],['2016年建'],['橡树湾四期'],['集美'],['杏北'],有,两梯五户,['2023-11-09'],['2018-01-12']
2576,['东南向大三房二卫，大厨房，高层视野好，户型方正'],https://xm.lianjia.com/ershoufang/105115811093.html,['253'],"['22,824元/平']",2人关注 ,3室1厅1厨2卫,['高楼层/共42层'],['南 北'],['平层/精装'],['110.85平米'],['2015年建'],['万科城一期'],['海沧'],['马銮湾东'],有,三梯六户,['2024-01-08'],['2016-01-23']
2577,['此房产权清晰，业主诚心卖房，交通方便，视野开阔'],https://xm.lianjia.com/ershoufang/105111294333.html,['410'],"['56,126元/平']",1人关注 ,2室2厅1厨1卫,['高楼层/共7层'],['南 北'],['平层/精装'],['73.05平米'],['1998年建'],['龙盛里'],['思明'],['莲花'],无,暂无数据,['2022-08-21'],['2013-06-05']
2578,['通透户型，视野宽阔，采光充足，交通便利'],https://xm.lianjia.com/ershoufang/105106803179.html,['1596'],"['45,680元/平']",13人关注 ,5室2厅1厨3卫,['高楼层/共31层'],['东南'],['复式/毛坯'],['349.39平米'],['2011年建'],['海景奥斯卡'],['海沧'],['滨海社区'],有,两梯两户,['2021-03-28'],['2018-08-02']
2579,['万科城中楼层二次精装四房，通风好采光佳，户型方正'],https://xm.lianjia.com/ershoufang/105105806080.html,['345'],"['27,064元/平']",19人关注 ,4室2厅1厨2卫,['中楼层/共35层'],['南 北'],['平层/精装'],['127.48平米'],['2015年建'],['万科城一期'],['海沧'],['马銮湾东'],有,三梯六户,['2020-11-17'],['2015-09-10']
2580,['永升彩虹花园二期  南北 中间楼层 交通便利 江头'],https://xm.lianjia.com/ershoufang/105110047647.html,['550'],"['44,582元/平']",3人关注 ,3室2厅1厨2卫,['中楼层/共9层'],['西南 北'],['平层/简装'],['123.37平米'],['1999年建'],['永升彩虹花园'],['湖里'],['金尚'],无,暂无数据,['2022-03-14'],['2022-04-12']
2581,['带电梯，框架结构，改好了三房，看大中庭花园，户型好'],https://xm.lianjia.com/ershoufang/105116586595.html,['326'],"['45,781元/平']",0人关注 ,3室1厅1厨1卫,['高楼层/共8层'],['南 北'],['平层/精装'],['71.21平米'],['1998年建'],['金尚小区'],['湖里'],['金尚'],有,一梯两户,['2024-04-05'],['2020-12-18']
2582,['世茂璀璨天城一期 3室1厅 东 南 北'],https://xm.lianjia.com/ershoufang/105115093278.html,['680'],"['47,443元/平']",0人关注 ,3室1厅1厨3卫,['低楼层/共33层'],['东 南 北'],['跃层/精装'],['143.33平米'],['2018年建'],['世茂璀璨天城一期'],['集美'],['集美新城'],有,两梯八户,['2023-10-18'],['2020-05-01']
2583,['本房满两年采光充足视野宽阔拎包入住楼层好'],https://xm.lianjia.com/ershoufang/105113614497.html,['398'],"['44,218元/平']",0人关注 ,2室1厅1厨2卫,['中楼层/共18层'],['南 北'],['平层/精装'],['90.01平米'],['2011年建'],['绿苑新城一组团'],['海沧'],['滨海社区'],有,两梯四户,['2023-05-09'],['2020-09-27']
2584,['此房 是居家装修，楼层好，户型方正'],https://xm.lianjia.com/ershoufang/105113830366.html,['201'],"['27,403元/平']",0人关注 ,2室1厅1厨1卫,['低楼层/共6层'],['南'],['平层/精装'],['73.35平米'],['2003年建'],['长欣花园'],['海沧'],['海沧生活区'],无,暂无数据,['2023-05-30'],['2021-04-19']
2585,['金象二期高层 通透 可看湖景 安静 配套齐全 生活便利'],https://xm.lianjia.com/ershoufang/105115021061.html,['1038'],"['79,086元/平']",1人关注 ,3室2厅1厨2卫,['高楼层/共29层'],['北 南'],['平层/精装'],['131.25平米'],['2007年建'],['金象嘉园'],['思明'],['禾祥东路'],有,两梯四户,['2023-10-11'],['2015-06-23']
2586,['维多利亚精装修4房，高层景观房！'],https://xm.lianjia.com/ershoufang/105110140321.html,['783'],"['45,903元/平']",12人关注 ,4室2厅1厨2卫,['中楼层/共32层'],['南 东 北'],['平层/精装'],['170.58平米'],['2011年建'],['海晟维多利亚'],['海沧'],['滨海社区'],有,三梯四户,['2022-03-27'],['2018-05-30']
2587,['集美新城 精装修小三房 业主诚意出售'],https://xm.lianjia.com/ershoufang/105114186707.html,['270'],"['29,700元/平']",4人关注 ,3室2厅1厨1卫,['中楼层/共19层'],['南'],['平层/精装'],['90.91平米'],['2020年建'],['恒大帝景'],['集美'],['集美新城'],有,两梯四户,['2023-07-08'],['2021-10-19']
2588,['采光充足，南北通透，产权满二税费少，高层看海'],https://xm.lianjia.com/ershoufang/105108865901.html,['397'],"['28,364元/平']",80人关注 ,3室2厅1厨2卫,['中楼层/共29层'],['南 北'],['平层/毛坯'],['139.97平米'],['2017年建'],['国贸商城同悦'],['集美'],['集美其它'],有,两梯四户,['2021-09-27'],['2018-11-13']
2589,['滨北 共和大厦 精装大三房 精装修 拎包入住 中间楼层'],https://xm.lianjia.com/ershoufang/105115226092.html,['598'],"['46,523元/平']",1人关注 ,3室1厅1厨2卫,['中楼层/共9层'],['西北'],['平层/精装'],['128.54平米'],['2000年建'],['共和大厦'],['思明'],['七星路'],无,暂无数据,['2023-11-02'],['2023-02-10']
2590,"['中海品质精装大三房,双BRT快线,地铁双线，一级企业资']",https://xm.lianjia.com/ershoufang/105110948985.html,['190'],"['21,710元/平']",0人关注 ,3室1厅1厨1卫,['高楼层/共24层'],['东南'],['平层/精装'],['87.52平米'],['2016年建'],['中海万锦熙岸'],['同安'],['环东海域'],有,两梯六户,['2022-07-09'],['2021-02-23']
2591,['此房满五年 南北通透  视野宽阔  采光充足'],https://xm.lianjia.com/ershoufang/105111100959.html,['410'],"['68,254元/平']",0人关注 ,2室1厅1厨1卫,['高楼层/共8层'],['南 北'],['平层/简装'],['60.07平米'],['1990年建'],['莲岳里小区西区'],['思明'],['松柏'],无,暂无数据,['2022-07-28'],['2008-05-26']
2592,['金秋豪园 白鹭洲 筼筜湖 高层看湖 满五年'],https://xm.lianjia.com/ershoufang/105113987207.html,['1655'],"['89,315元/平']",0人关注 ,4室2厅1厨2卫,['高楼层/共30层'],['西南'],['平层/精装'],['185.3平米'],['2000年建'],['金秋豪园'],['思明'],['白鹭洲'],有,两梯四户,['2023-06-14'],['2004-05-11']
2593,['龙湖春江郦城 高品质小区 龙湖物业 适合自住'],https://xm.lianjia.com/ershoufang/105113664114.html,['366'],"['37,908元/平']",0人关注 ,4室2厅1厨2卫,['低楼层/共33层'],['南 北'],['跃层/简装'],['96.55平米'],['2016年建'],['龙湖春江郦城一期'],['集美'],['杏北'],有,两梯六户,['2023-05-13'],['2018-02-03']
2594,['集美新城 龙湖品质 近地铁 高层采光好 实用面积大。'],https://xm.lianjia.com/ershoufang/105111601596.html,['415'],"['42,736元/平']",0人关注 ,4室2厅1厨2卫,['中楼层/共33层'],['南'],['复式/毛坯'],['97.11平米'],['2017年建'],['龙湖春江郦城二期'],['集美'],['杏北'],有,两梯六户,['2022-09-24'],['2018-12-31']
2595,['水晶湖郡方正标准景观大四房诚意出售'],https://xm.lianjia.com/ershoufang/105112771769.html,['650'],"['45,849元/平']",1人关注 ,4室2厅1厨2卫,['中楼层/共30层'],['南 西 北'],['平层/精装'],['141.77平米'],['2014年建'],['住宅·水晶湖郡'],['集美'],['集美新城'],有,两梯三户,['2023-02-23'],['2016-08-19']
2596,['复式四房.采光好，环境优美.视野好'],https://xm.lianjia.com/ershoufang/105115890498.html,['286'],"['30,605元/平']",0人关注 ,3室2厅1厨3卫,['高楼层/共33层'],['南'],['复式/毛坯'],['93.45平米'],['未知年建'],['首开龙湖璟宸府'],['翔安'],['新店'],有,四梯十二户,['2024-01-17'],['2022-06-26']
2597,['封闭式小区，管理安全，靠湖一排，南北通透，看房方便'],https://xm.lianjia.com/ershoufang/105111524964.html,['388'],"['71,285元/平']",0人关注 ,1室1厅1厨1卫,['中楼层/共6层'],['南 北'],['平层/简装'],['54.43平米'],['1986年建'],['槟榔西里(单号)'],['思明'],['槟榔'],无,暂无数据,['2022-09-16'],['2023-07-11']
2598,['1楼 门口有300平可以自己用，这种房子比较 少'],https://xm.lianjia.com/ershoufang/105113168215.html,['345'],"['38,372元/平']",0人关注 ,3室2厅1厨1卫,['低楼层/共16层'],['东南'],['平层/精装'],['89.91平米'],['2014年建'],['中骏四季阳光'],['集美'],['厦门北站商业区'],有,两梯四户,['2023-03-28'],['2017-03-15']
2599,['房子位于东渡商检车站旁边交通方便'],https://xm.lianjia.com/ershoufang/105114623637.html,['725'],"['42,923元/平']",0人关注 ,5室2厅1厨2卫,['中楼层/共32层'],['东 南 北'],['平层/简装'],['168.91平米'],['2010年建'],['都市港湾'],['湖里'],['东渡'],有,三梯五户,['2023-08-26'],['2013-01-25']
2600,['客厅带阳台朝南 采光很好，小2房低总价 低首付'],https://xm.lianjia.com/ershoufang/105114885102.html,['140'],"['23,311元/平']",1人关注 ,2室2厅1厨1卫,['中楼层/共18层'],['南'],['平层/精装'],['60.06平米'],['2014年建'],['首开领翔花郡'],['翔安'],['新店'],有,两梯四户,['2023-09-23'],['2015-12-29']
2601,['地铁口，精装修两房 电梯 满五 高楼层 可直接拎包入住'],https://xm.lianjia.com/ershoufang/105106516025.html,['255'],"['49,266元/平']",178人关注 ,2室1厅1厨1卫,['高楼层/共17层'],['西'],['平层/简装'],['51.76平米'],['2000年建'],['中环花园'],['湖里'],['江头'],有,两梯十八户,['2021-03-02'],['2013-05-10']
2602,['此房满五年，精装大两房，可拎包入住，中间楼层，宜居'],https://xm.lianjia.com/ershoufang/105111631664.html,['165'],"['27,820元/平']",0人关注 ,2室1厅1厨1卫,['低楼层/共16层'],['北'],['平层/精装'],['59.31平米'],['2010年建'],['汇景新城中心'],['翔安'],['新店'],有,两梯六户,['2022-09-27'],['2016-03-31']
2603,['马銮湾三地铁交汇处毛坯中叠北入户花园'],https://xm.lianjia.com/ershoufang/105115224831.html,['450'],"['37,721元/平']",1人关注 ,4室2厅1厨3卫,['中楼层/共6层'],['南 北'],['复式/毛坯'],['119.3平米'],['2017年建'],['首开龙湖春江彼岸一期'],['海沧'],['马銮湾中心片区'],无,暂无数据,['2023-11-02'],['2019-07-11']
2604,['高层精装三房，业主自住，视野开阔，采光好'],https://xm.lianjia.com/ershoufang/105116127117.html,['245'],"['19,376元/平']",1人关注 ,3室2厅1厨2卫,['高楼层/共16层'],['南 北'],['平层/精装'],['126.45平米'],['2013年建'],['中骏蓝湾尚都'],['翔安'],['马巷'],有,两梯四户,['2024-02-25'],['2013-11-26']
2605,['杏林桥头越式3层独立使用天台朝南看海诚意出售房方便'],https://xm.lianjia.com/ershoufang/105113720412.html,['1039'],"['80,781元/平']",0人关注 ,6室3厅1厨4卫,['高楼层/共42层'],['南'],['跃层/精装'],['128.62平米'],['2014年建'],['万科金域华府二期'],['集美'],['杏林桥头'],有,三梯三户,['2023-05-18'],['2021-03-03']
2606,['森林海  精装三房  房东诚意出售'],https://xm.lianjia.com/ershoufang/105112002255.html,['240'],"['27,286元/平']",0人关注 ,3室2厅1厨1卫,['低楼层/共34层'],['南'],['平层/精装'],['87.96平米'],['2019年建'],['欣盛丰森林海'],['同安'],['环东海域'],有,两梯四户,['2022-11-10'],['2020-11-16']
2607,['绿苑新城   高层看海  四房  空户'],https://xm.lianjia.com/ershoufang/105104299272.html,['631'],"['53,398元/平']",43人关注 ,4室2厅1厨2卫,['中楼层/共32层'],['东南'],['平层/简装'],['118.17平米'],['2014年建'],['绿苑新城三组团'],['海沧'],['滨海社区'],有,两梯四户,['2020-05-08'],['2017-10-05']
2608,['总价低.单价低南北通透标准大三房'],https://xm.lianjia.com/ershoufang/105111478146.html,['310'],"['23,188元/平']",2人关注 ,3室2厅1厨2卫,['中楼层/共18层'],['南 北'],['平层/精装'],['133.69平米'],['2008年建'],['未来橙堡'],['海沧'],['海沧体育中心'],有,两梯四户,['2022-09-11'],['2020-11-23']
2609,['吕岭花园 拎包入住大两房 框架结构 格局方正 交通便利'],https://xm.lianjia.com/ershoufang/105114058800.html,['329'],"['37,978元/平']",0人关注 ,2室2厅1厨1卫,['中楼层/共8层'],['东 南 北'],['平层/精装'],['86.63平米'],['1996年建'],['吕岭花园'],['湖里'],['金尚'],无,暂无数据,['2023-06-23'],['2005-10-26']
2610,['台湾街南北通透，交通便利，银行，江头公园一却都有。'],https://xm.lianjia.com/ershoufang/105109913349.html,['318'],"['46,302元/平']",17人关注 ,2室1厅1厨1卫,['中楼层/共8层'],['南 北'],['平层/简装'],['68.68平米'],['1993年建'],['江头工商局宿舍'],['湖里'],['江头'],无,暂无数据,['2022-02-28'],['2015-04-23']
2611,['火车站新盘海峡国际天璟开发商精装三房'],https://xm.lianjia.com/ershoufang/105110726129.html,['760'],"['61,123元/平']",5人关注 ,3室2厅1厨1卫,['中楼层/共47层'],['东 西'],['平层/精装'],['124.34平米'],['2018年建'],['海峡国际天璟'],['思明'],['火车站'],有,三梯三户,['2022-06-11'],['2019-01-31']
2612,['槟榔正规三房 三开间朝南 格局好 户型方正'],https://xm.lianjia.com/ershoufang/105111336248.html,['598'],"['54,364元/平']",3人关注 ,3室1厅1厨2卫,['中楼层/共9层'],['南'],['平层/简装'],['110平米'],['1998年建'],['福津大街（凤屿路450-468号）'],['思明'],['槟榔'],无,暂无数据,['2022-08-25'],['1996-06-25']
2613,['杏林华铃花园看中庭户型精装两房，朝南全明户型。'],https://xm.lianjia.com/ershoufang/105112068799.html,['174'],"['29,005元/平']",8人关注 ,2室1厅1厨1卫,['低楼层/共18层'],['南'],['平层/精装'],['59.99平米'],['2014年建'],['华铃花园'],['集美'],['杏东'],有,两梯四户,['2022-11-18'],['2020-02-20']
2614,['福洋花园 温馨三房中间楼层 税收少诚意出售看房子方便'],https://xm.lianjia.com/ershoufang/105116161028.html,['420'],"['39,616元/平']",0人关注 ,3室1厅1厨2卫,['中楼层/共6层'],['南 北'],['平层/精装'],['106.02平米'],['2003年建'],['福洋花园'],['湖里'],['江头'],无,暂无数据,['2024-02-27'],['2019-09-29']
2615,['思北 高层 朝南小户型 31平 落地全海景'],https://xm.lianjia.com/ershoufang/105112381842.html,['285'],"['90,534元/平']",0人关注 ,1室1厅1厨1卫,['高楼层/共31层'],['南'],['平层/简装'],['31.48平米'],['2004年建'],['源通中心'],['思明'],['思北'],有,六梯十七户,['2023-01-04'],['2009-07-07']
2616,['健康楼层，采光通风俱佳。装修直接拎包入住'],https://xm.lianjia.com/ershoufang/105113290594.html,['518'],"['62,712元/平']",1人关注 ,3室3厅1厨2卫,['低楼层/共7层'],['南'],['平层/精装'],['82.6平米'],['2005年建'],['东坪山庄'],['思明'],['火车站'],无,暂无数据,['2023-04-08'],['2020-01-27']
2617,['金榜公园 万象城 电梯小户型 封闭式小区 出行便利'],https://xm.lianjia.com/ershoufang/105114129668.html,['230'],"['61,236元/平']",0人关注 ,1室1厅1厨1卫,['高楼层/共13层'],['北'],['平层/精装'],['37.56平米'],['2003年建'],['紫荆园'],['思明'],['火车站'],有,两梯二十二户,['2023-07-01'],['2019-11-08']
2618,['儿童公园旁 三层楼中楼 八房四卫 带露台 距地铁口近'],https://xm.lianjia.com/ershoufang/105114953105.html,['350'],"['24,408元/平']",1人关注 ,3室1厅1厨2卫,['高楼层/共7层'],['南'],['跃层/精装'],['143.4平米'],['2004年建'],['湖景华庭'],['海沧'],['海沧生活区'],无,暂无数据,['2023-10-03'],['2021-03-10']
2619,['蓝水郡方正户型 采光好 配套齐全'],https://xm.lianjia.com/ershoufang/105114928258.html,['165'],"['31,039元/平']",0人关注 ,1室1厅1厨1卫,['低楼层/共18层'],['北'],['平层/简装'],['53.16平米'],['2008年建'],['未来海岸蓝水郡'],['海沧'],['海沧体育中心'],有,两梯九户,['2023-09-28'],['2013-06-25']
2620,['温泉入户 直面看湖景 大平层4房 格局方正 业主诚售'],https://xm.lianjia.com/ershoufang/105107749357.html,['880'],"['42,029元/平']",7人关注 ,4室2厅1厨3卫,['中楼层/共32层'],['西南 东北'],['平层/毛坯'],['209.38平米'],['2017年建'],['园博1号二期'],['集美'],['杏锦路'],有,两梯两户,['2021-06-26'],['2019-01-19']
2621,['21年次新小区，地铁2号线，高楼层，精装修4房'],https://xm.lianjia.com/ershoufang/105115813743.html,['1060'],"['70,241元/平']",0人关注 ,4室2厅1厨2卫,['中楼层/共19层'],['南'],['平层/精装'],['150.91平米'],['2021年建'],['中骏天宸'],['湖里'],['枋湖'],有,两梯三户,['2024-01-08'],['2022-07-29']
2622,['此房源诚意出售，东南朝向.无按揭，在蓝月湾S区'],https://xm.lianjia.com/ershoufang/105107835864.html,['259'],"['22,684元/平']",12人关注 ,3室2厅1厨2卫,['低楼层/共29层'],['东南'],['平层/简装'],['114.18平米'],['2007年建'],['未来海岸蓝月湾一期'],['海沧'],['未来海岸北师大'],有,两梯四户,['2021-07-04'],['2009-07-08']
2623,['电梯 地铁社区  精装修 可以拎包入住  业主诚意出售'],https://xm.lianjia.com/ershoufang/105114912569.html,['288'],"['28,225元/平']",0人关注 ,2室1厅1厨1卫,['低楼层/共45层'],['南'],['平层/精装'],['102.04平米'],['2017年建'],['西雅图'],['海沧'],['海沧外国语片区'],有,三梯四户,['2023-09-26'],['2018-10-10']
2624,['厦禾路复式楼中楼官邸大厦改上下两套朝南 电梯'],https://xm.lianjia.com/ershoufang/105115016293.html,['350'],"['77,042元/平']",0人关注 ,2室2厅1厨2卫,['中楼层/共16层'],['南'],['跃层/简装'],['45.43平米'],['2005年建'],['官邸大厦'],['思明'],['富山'],有,六梯五十三户,['2023-10-10'],['2018-10-19']
2625,['满五免个税，业主自住，电梯两梯八户小户型'],https://xm.lianjia.com/ershoufang/105115058432.html,['119'],"['34,176元/平']",0人关注 ,1室0厅1厨1卫,['低楼层/共18层'],['东'],['平层/简装'],['34.82平米'],['2008年建'],['未来海岸蓝水郡'],['海沧'],['海沧体育中心'],有,两梯九户,['2023-10-15'],['2011-01-28']
2626,['2013年新小区，特房品质，居住环境优，满五年'],https://xm.lianjia.com/ershoufang/105112726720.html,['650'],"['49,262元/平']",3人关注 ,4室2厅1厨2卫,['低楼层/共32层'],['南 北'],['平层/精装'],['131.95平米'],['2013年建'],['特房山水尚座'],['湖里'],['万达广场'],有,两梯两户,['2023-02-19'],['2016-02-23']
2627,['官邸挑高复式楼中楼，朝南精装两房 阳光光线充足'],https://xm.lianjia.com/ershoufang/105116226782.html,['395'],"['89,005元/平']",0人关注 ,3室2厅2厨2卫,['低楼层/共16层'],['东南'],['跃层/简装'],['44.38平米'],['2005年建'],['官邸大厦'],['思明'],['富山'],有,六梯五十三户,['2024-03-03'],['2021-11-29']
2628,['特房山水杰座电梯高层4房，南北通透'],https://xm.lianjia.com/ershoufang/105111013036.html,['1150'],"['50,978元/平']",1人关注 ,4室2厅1厨3卫,['中楼层/共41层'],['南 北'],['平层/毛坯'],['225.59平米'],['2015年建'],['特房山水杰座'],['湖里'],['万达广场'],有,三梯两户,['2022-07-17'],['2016-07-21']
2629,['西雅图 地铁 看海景 高层 精装修 诚意卖'],https://xm.lianjia.com/ershoufang/105116291599.html,['280'],"['27,732元/平']",0人关注 ,2室1厅1厨1卫,['高楼层/共45层'],['南'],['平层/精装'],['100.97平米'],['2017年建'],['西雅图'],['海沧'],['海沧外国语片区'],有,三梯四户,['2024-03-09'],['2018-09-01']
2630,['蓝湾半岛舒适大三房，可以看部分海景、交通方便'],https://xm.lianjia.com/ershoufang/105113653753.html,['628'],"['45,102元/平']",1人关注 ,3室2厅1厨2卫,['中楼层/共18层'],['南 北'],['平层/精装'],['139.24平米'],['2008年建'],['中骏蓝湾半岛'],['海沧'],['滨海社区'],有,两梯三户,['2023-05-12'],['2013-03-23']
2631,['产权70年普通住宅，总价低，楼间距宽，治安好，..'],https://xm.lianjia.com/ershoufang/105114617920.html,['160'],"['28,777元/平']",0人关注 ,2室1厅1厨1卫,['高楼层/共8层'],['南'],['平层/简装'],['55.6平米'],['2001年建'],['沧翔路花园'],['海沧'],['海沧生活区'],无,暂无数据,['2023-08-25'],['2019-05-16']
2632,['吕厝双地铁口，空户 南北通透 精装修，厅带阳台'],https://xm.lianjia.com/ershoufang/105114948574.html,['337'],"['45,938元/平']",0人关注 ,2室2厅1厨1卫,['中楼层/共8层'],['南 北'],['平层/精装'],['73.36平米'],['1996年建'],['江宁里'],['湖里'],['江头'],无,暂无数据,['2023-10-02'],['2017-02-24']
2633,['水晶森林，使用面积大全明格局，视野好南北通'],https://xm.lianjia.com/ershoufang/105111556124.html,['1010'],"['62,671元/平']",0人关注 ,4室2厅1厨2卫,['中楼层/共12层'],['东南'],['平层/精装'],['161.16平米'],['2008年建'],['水晶森林一期'],['湖里'],['枋湖'],有,两梯三户,['2022-09-19'],['2015-03-04']
2634,['莲坂富山电梯高层复式楼中楼边套两房出售'],https://xm.lianjia.com/ershoufang/105114842965.html,['490'],"['92,418元/平']",0人关注 ,2室1厅1厨2卫,['中楼层/共17层'],['西南'],['复式/精装'],['53.02平米'],['2008年建'],['城立方'],['思明'],['富山'],有,两梯十九户,['2023-09-19'],['2014-08-05']
2635,['小崔推荐必属好房挑高户型全景高尔夫'],https://xm.lianjia.com/ershoufang/105114995809.html,['268'],"['26,485元/平']",2人关注 ,3室3厅1厨1卫,['高楼层/共9层'],['南 北'],['平层/简装'],['101.19平米'],['未知年建'],['东方高尔夫国际公寓'],['海沧'],['马銮湾东'],有,两梯六户,['2023-10-08'],['2015-02-26']
2636,['天源精装大二房 看小区中庭 南向阳光好'],https://xm.lianjia.com/ershoufang/105115861410.html,['375'],"['38,601元/平']",0人关注 ,2室2厅1厨1卫,['低楼层/共30层'],['南 北'],['平层/精装'],['97.15平米'],['2016年建'],['海投天源'],['海沧'],['海沧体育中心'],有,两梯四户,['2024-01-14'],['2017-01-05']
2637,['建发 绿家园 万象城地铁1号线 电梯中楼层 4房 南北'],https://xm.lianjia.com/ershoufang/105116105485.html,['998'],"['69,693元/平']",2人关注 ,4室2厅1厨2卫,['中楼层/共17层'],['东南'],['平层/精装'],['143.2平米'],['2004年建'],['绿家园'],['思明'],['富山'],有,一梯两户,['2024-02-23'],['2015-09-23']
2638,['火车站莲坂，封闭式花园小区，裕康花园，南北3房急售'],https://xm.lianjia.com/ershoufang/105115874212.html,['438'],"['45,333元/平']",3人关注 ,3室1厅1厨2卫,['低楼层/共7层'],['南 北'],['简装'],['96.62平米'],['1995年建'],['裕康花园'],['思明'],['富山'],无,暂无数据,['2024-01-15'],['2017-05-16']
2639,['精装正规三房总价低 生活便利 户型通透'],https://xm.lianjia.com/ershoufang/105113209328.html,['580'],"['43,943元/平']",1人关注 ,4室2厅1厨2卫,['高楼层/共33层'],['南 北'],['平层/精装'],['131.99平米'],['2022年建'],['中交国贸鹭原'],['集美'],['杏北'],有,两梯四户,['2023-03-31'],['2023-02-22']
2640,['滨北2号地铁口 2017次新房 酒店式社区 经典房型'],https://xm.lianjia.com/ershoufang/105116150803.html,['610'],"['77,177元/平']",0人关注 ,1室1厅1厨1卫,['低楼层/共39层'],['东南'],['平层/精装'],['79.04平米'],['2016年建'],['信和银湖天峰'],['思明'],['市政府'],有,七梯二十三户,['2024-02-27'],['2017-10-31']
2641,['江头公园旁南北边套户型东南北三面采光'],https://xm.lianjia.com/ershoufang/105116631168.html,['435'],"['48,152元/平']",0人关注 ,3室2厅1厨1卫,['高楼层/共7层'],['南'],['平层/简装'],['90.34平米'],['1994年建'],['华成花园'],['湖里'],['江头'],无,暂无数据,['2024-04-09'],['2009-03-30']
2642,['天湖新上 精装修大三房 连廊大阳台 朝南 采光好无遮挡'],https://xm.lianjia.com/ershoufang/105116518288.html,['366'],"['27,208元/平']",0人关注 ,3室1厅1厨2卫,['低楼层/共30层'],['南'],['平层/精装'],['134.52平米'],['2012年建'],['天湖城'],['海沧'],['海沧区政府'],有,两梯四户,['2024-03-29'],['2021-12-24']
2643,['罗宾森旁 凯旋广场  电梯三房  拎包入住'],https://xm.lianjia.com/ershoufang/105113926913.html,['575'],"['59,524元/平']",0人关注 ,3室2厅1厨1卫,['中楼层/共25层'],['东 北'],['平层/精装'],['96.6平米'],['1999年建'],['凯旋广场'],['思明'],['火车站'],有,两梯八户,['2023-06-08'],['2018-06-13']
2644,['高层海景房 南北双阳台，精装，视野无遮挡'],https://xm.lianjia.com/ershoufang/105113181704.html,['920'],"['62,573元/平']",2人关注 ,3室2厅1厨2卫,['高楼层/共31层'],['南 北'],['平层/精装'],['147.03平米'],['2000年建'],['江山帝景'],['思明'],['会展中心'],有,十梯十一户,['2023-03-29'],['2008-03-27']
2645,['源昌宝墅湾 高层精装大4房  自住装修'],https://xm.lianjia.com/ershoufang/105114265499.html,['1290'],"['89,921元/平']",0人关注 ,4室2厅1厨3卫,['中楼层/共17层'],['南 北'],['复式/精装'],['143.46平米'],['2013年建'],['源昌宝墅湾'],['湖里'],['五缘湾'],有,一梯两户,['2023-07-17'],['2017-06-27']
2646,['龙湖春江郦城高楼层复式满二业主稳定出售'],https://xm.lianjia.com/ershoufang/105104841011.html,['390'],"['40,054元/平']",42人关注 ,4室2厅1厨2卫,['高楼层/共33层'],['东南'],['跃层/毛坯'],['97.37平米'],['2017年建'],['龙湖春江郦城一期'],['集美'],['杏北'],有,两梯六户,['2020-07-15'],['2018-03-16']
2647,['此房海城花园  省优大同  花园小区'],https://xm.lianjia.com/ershoufang/105104143687.html,['560'],"['70,627元/平']",20人关注 ,2室1厅1厨1卫,['高楼层/共7层'],['西'],['平层/简装'],['79.29平米'],['1998年建'],['海城花园'],['思明'],['思北'],无,暂无数据,['2020-04-20'],['暂无数据']
2648,['明厨明卫，客厅朝南，南北通透，拎包入住3房。'],https://xm.lianjia.com/ershoufang/105113251251.html,['252'],"['29,096元/平']",0人关注 ,3室2厅1厨1卫,['低楼层/共7层'],['东南 西北'],['平层/简装'],['86.61平米'],['2000年建'],['海福广场小区'],['海沧'],['海沧生活区'],无,暂无数据,['2023-04-04'],['2009-10-23']
2649,['思北小门口 带沿街店面 使用4层'],https://xm.lianjia.com/ershoufang/105109663539.html,['550'],"['89,577元/平']",9人关注 ,3室1厅1厨3卫,['低楼层/共3层'],['东'],['复式/简装'],['61.4平米'],['未知年建'],['思明东路'],['思明'],['中山路'],暂无数据,暂无数据,['2022-01-13'],['2007-02-15']
2650,"['万达广场低总价,B区中楼层朝南户型通风采光好']",https://xm.lianjia.com/ershoufang/105111056946.html,['65'],"['14,804元/平']",2人关注 ,1室1厅1厨1卫,['中楼层/共31层'],['南'],['平层/精装'],['43.91平米'],['2012年建'],['万达广场'],['湖里'],['万达广场'],有,四梯十七户,['2022-07-22'],['2017-03-28']
2651,['大三房，南北，全明，不沿街，百万精装。'],https://xm.lianjia.com/ershoufang/105112256725.html,['680'],"['59,960元/平']",0人关注 ,3室1厅1厨2卫,['高楼层/共14层'],['南'],['平层/精装'],['113.41平米'],['2008年建'],['碧湖嘉园'],['湖里'],['枋湖'],有,两梯五户,['2022-12-11'],['2021-01-08']
2652,['海景房 边套户型，诚意售低总价，精装修 使用面积大'],https://xm.lianjia.com/ershoufang/105114125275.html,['368'],"['31,472元/平']",0人关注 ,4室2厅1厨3卫,['中楼层/共33层'],['南'],['复式/精装'],['116.93平米'],['未知年建'],['保利叁仟栋壹海里地块一'],['同安'],['环东海域'],有,两梯八户,['2023-07-01'],['2021-08-17']
2653,['银福小区 4室3厅 东南 南'],https://xm.lianjia.com/ershoufang/105113552129.html,['328'],"['11,988元/平']",0人关注 ,4室3厅1厨3卫,['中楼层/共8层'],['东南 南'],['跃层/毛坯'],['273.62平米'],['未知年建'],['银福小区'],['同安'],['同安其它'],暂无数据,暂无数据,['2023-05-03'],['2021-04-06']
2654,['建发品质，绿家园经典2+1房，有露台'],https://xm.lianjia.com/ershoufang/105115226828.html,['630'],"['63,675元/平']",1人关注 ,3室1厅1厨1卫,['高楼层/共7层'],['东 西'],['平层/精装'],['98.94平米'],['2004年建'],['绿家园'],['思明'],['富山'],无,暂无数据,['2023-11-02'],['2005-02-02']
2655,['海沧区政府，电梯楼中楼，高使用率'],https://xm.lianjia.com/ershoufang/105114555117.html,['728'],"['34,177元/平']",0人关注 ,4室2厅1厨2卫,['高楼层/共18层'],['东南 南 北'],['复式/毛坯'],['213.01平米'],['2007年建'],['广场湖畔花园'],['海沧'],['海沧外国语片区'],有,一梯四户,['2023-08-18'],['2020-05-19']
2656,['此房满五年 南北通透  视野宽阔  采光充足'],https://xm.lianjia.com/ershoufang/105111100959.html,['410'],"['68,254元/平']",0人关注 ,2室1厅1厨1卫,['高楼层/共8层'],['南 北'],['平层/简装'],['60.07平米'],['1990年建'],['莲岳里小区西区'],['思明'],['松柏'],无,暂无数据,['2022-07-28'],['2008-05-26']
2657,['马銮湾三地铁交汇处毛坯中叠北入户花园'],https://xm.lianjia.com/ershoufang/105115224831.html,['450'],"['37,721元/平']",1人关注 ,4室2厅1厨3卫,['中楼层/共6层'],['南 北'],['复式/毛坯'],['119.3平米'],['2017年建'],['首开龙湖春江彼岸一期'],['海沧'],['马銮湾中心片区'],无,暂无数据,['2023-11-02'],['2019-07-11']
2658,['此房满五年，精装大两房，可拎包入住，中间楼层，宜居'],https://xm.lianjia.com/ershoufang/105111631664.html,['165'],"['27,820元/平']",0人关注 ,2室1厅1厨1卫,['低楼层/共16层'],['北'],['平层/精装'],['59.31平米'],['2010年建'],['汇景新城中心'],['翔安'],['新店'],有,两梯六户,['2022-09-27'],['2016-03-31']
2659,['集美新城 龙湖品质 近地铁 高层采光好 实用面积大。'],https://xm.lianjia.com/ershoufang/105111601596.html,['415'],"['42,736元/平']",0人关注 ,4室2厅1厨2卫,['中楼层/共33层'],['南'],['复式/毛坯'],['97.11平米'],['2017年建'],['龙湖春江郦城二期'],['集美'],['杏北'],有,两梯六户,['2022-09-24'],['2018-12-31']
2660,['水晶湖郡方正标准景观大四房诚意出售'],https://xm.lianjia.com/ershoufang/105112771769.html,['650'],"['45,849元/平']",1人关注 ,4室2厅1厨2卫,['中楼层/共30层'],['南 西 北'],['平层/精装'],['141.77平米'],['2014年建'],['住宅·水晶湖郡'],['集美'],['集美新城'],有,两梯三户,['2023-02-23'],['2016-08-19']
2661,['龙湖春江郦城 高品质小区 龙湖物业 适合自住'],https://xm.lianjia.com/ershoufang/105113664114.html,['366'],"['37,908元/平']",0人关注 ,4室2厅1厨2卫,['低楼层/共33层'],['南 北'],['跃层/简装'],['96.55平米'],['2016年建'],['龙湖春江郦城一期'],['集美'],['杏北'],有,两梯六户,['2023-05-13'],['2018-02-03']
2662,['金秋豪园 白鹭洲 筼筜湖 高层看湖 满五年'],https://xm.lianjia.com/ershoufang/105113987207.html,['1655'],"['89,315元/平']",0人关注 ,4室2厅1厨2卫,['高楼层/共30层'],['西南'],['平层/精装'],['185.3平米'],['2000年建'],['金秋豪园'],['思明'],['白鹭洲'],有,两梯四户,['2023-06-14'],['2004-05-11']
2663,['封闭式小区，管理安全，靠湖一排，南北通透，看房方便'],https://xm.lianjia.com/ershoufang/105111524964.html,['388'],"['71,285元/平']",0人关注 ,1室1厅1厨1卫,['中楼层/共6层'],['南 北'],['平层/简装'],['54.43平米'],['1986年建'],['槟榔西里(单号)'],['思明'],['槟榔'],无,暂无数据,['2022-09-16'],['2023-07-11']
2664,['1楼 门口有300平可以自己用，这种房子比较 少'],https://xm.lianjia.com/ershoufang/105113168215.html,['345'],"['38,372元/平']",0人关注 ,3室2厅1厨1卫,['低楼层/共16层'],['东南'],['平层/精装'],['89.91平米'],['2014年建'],['中骏四季阳光'],['集美'],['厦门北站商业区'],有,两梯四户,['2023-03-28'],['2017-03-15']
2665,['地铁口，精装修两房 电梯 满五 高楼层 可直接拎包入住'],https://xm.lianjia.com/ershoufang/105106516025.html,['255'],"['49,266元/平']",178人关注 ,2室1厅1厨1卫,['高楼层/共17层'],['西'],['平层/简装'],['51.76平米'],['2000年建'],['中环花园'],['湖里'],['江头'],有,两梯十八户,['2021-03-02'],['2013-05-10']
2666,['复式四房.采光好，环境优美.视野好'],https://xm.lianjia.com/ershoufang/105115890498.html,['286'],"['30,605元/平']",0人关注 ,3室2厅1厨3卫,['高楼层/共33层'],['南'],['复式/毛坯'],['93.45平米'],['未知年建'],['首开龙湖璟宸府'],['翔安'],['新店'],有,四梯十二户,['2024-01-17'],['2022-06-26']
2667,['客厅带阳台朝南 采光很好，小2房低总价 低首付'],https://xm.lianjia.com/ershoufang/105114885102.html,['140'],"['23,311元/平']",1人关注 ,2室2厅1厨1卫,['中楼层/共18层'],['南'],['平层/精装'],['60.06平米'],['2014年建'],['首开领翔花郡'],['翔安'],['新店'],有,两梯四户,['2023-09-23'],['2015-12-29']
2668,['老房子可以翻建.实际面积大.上下两层'],https://xm.lianjia.com/ershoufang/105110341323.html,['798'],"['92,127元/平']",2人关注 ,8室4厅4厨8卫,['低楼层/共1层'],['东南 南 西南 西'],['平层/简装'],['86.62平米'],['1996年建'],['大埕巷'],['思明'],['中山路'],无,暂无数据,['2022-04-20'],['2009-10-22']
2669,['正规3房，总价低，适合三代人居住，交通便利。'],https://xm.lianjia.com/ershoufang/105110024543.html,['498'],"['40,813元/平']",2人关注 ,3室2厅1厨2卫,['高楼层/共33层'],['东 北'],['平层/其他'],['122.02平米'],['1999年建'],['国联大厦'],['湖里'],['江头'],有,三梯八户,['2022-03-11'],['2007-07-04']
2670,['美地好房看过来  业主急卖看房方便'],https://xm.lianjia.com/ershoufang/105112711182.html,['175'],"['23,484元/平']",0人关注 ,2室2厅1厨1卫,['中楼层/共26层'],['南'],['平层/精装'],['74.52平米'],['2013年建'],['美地雅登祥吴六里'],['翔安'],['新店'],有,两梯四户,['2023-02-18'],['2019-04-16']
2671,['湖里枋湖联发欣悦园大2房  南北通透 全明格局'],https://xm.lianjia.com/ershoufang/105110552006.html,['480'],"['53,885元/平']",2人关注 ,2室2厅1厨1卫,['低楼层/共12层'],['南 北'],['平层/精装'],['89.08平米'],['2012年建'],['联发欣悦园'],['湖里'],['枋湖'],有,一梯四户,['2022-05-19'],['2014-06-06']
2672,['米兰春天 精装两室 全新欧式风格 看房基本随时'],https://xm.lianjia.com/ershoufang/105113675314.html,['430'],"['62,139元/平']",0人关注 ,2室1厅1厨1卫,['低楼层/共28层'],['东'],['平层/精装'],['69.2平米'],['2009年建'],['米兰春天'],['思明'],['七星路'],有,三梯八户,['2023-05-14'],['2023-05-15']
2673,['五缘湾 新景国际外滩，高层视野开阔，采光好'],https://xm.lianjia.com/ershoufang/105112957407.html,['1380'],"['126,490元/平']",0人关注 ,5室2厅1厨3卫,['中楼层/共16层'],['南 北'],['平层/简装'],['109.1平米'],['2014年建'],['新景国际外滩'],['湖里'],['五缘湾'],有,两梯四户,['2023-03-10'],['2018-01-31']
2674,['满五，东南向两房，中间楼层，采光通风好，看房方便'],https://xm.lianjia.com/ershoufang/105114633751.html,['270'],"['33,052元/平']",0人关注 ,2室2厅1厨2卫,['中楼层/共18层'],['东 南'],['平层/简装'],['81.69平米'],['2005年建'],['未来海岸蓝水郡'],['海沧'],['海沧体育中心'],有,两梯四户,['2023-08-27'],['2010-06-11']
2675,['户型方正，高层视线良好，诚心出售，全明格局'],https://xm.lianjia.com/ershoufang/105109030239.html,['596'],"['44,772元/平']",2人关注 ,3室2厅1厨2卫,['中楼层/共26层'],['南 北'],['平层/简装'],['133.12平米'],['2014年建'],['绿苑新城三组团'],['海沧'],['滨海社区'],有,两梯三户,['2021-10-17'],['2020-12-24']
2676,['产权满五免个税 楼层好 通透双阳台，采光通风好'],https://xm.lianjia.com/ershoufang/105115311313.html,['210'],"['23,404元/平']",1人关注 ,2室2厅1厨1卫,['高楼层/共6层'],['南 北'],['平层/简装'],['89.73平米'],['2004年建'],['金龙商城二期'],['海沧'],['海沧生活区'],无,暂无数据,['2023-11-12'],['2016-09-07']
2677,['斗西路 光明大厦 精装4房 朝南 格局好'],https://xm.lianjia.com/ershoufang/105116166959.html,['1050'],"['65,214元/平']",0人关注 ,4室2厅1厨3卫,['中楼层/共36层'],['东南 北'],['平层/精装'],['161.01平米'],['2002年建'],['光明大厦'],['思明'],['斗西路'],有,三梯七户,['2024-02-28'],['2022-03-03']
2678,['满五，高层朝南大阳台 精装拎包入住，明厨明卫'],https://xm.lianjia.com/ershoufang/105115848544.html,['1700'],"['71,169元/平']",1人关注 ,6室2厅1厨4卫,['高楼层/共31层'],['东 南 西'],['复式/精装'],['238.87平米'],['2007年建'],['南湖中祥大厦'],['思明'],['槟榔'],有,两梯三户,['2024-01-12'],['2009-03-13']
2679,['鹭槟大厦 1室0厅 西 西南'],https://xm.lianjia.com/ershoufang/105114821720.html,['188'],"['47,740元/平']",1人关注 ,1室0厅1厨1卫,['中楼层/共31层'],['西 西南'],['平层/简装'],['39.38平米'],['2004年建'],['鹭槟大厦'],['湖里'],['邮轮城'],有,三梯二十三户,['2023-09-16'],['2021-02-01']
2680,['南北通透全明两房，低总价格，拎包入住 停车方便'],https://xm.lianjia.com/ershoufang/105116123817.html,['272'],"['42,801元/平']",1人关注 ,2室1厅1厨1卫,['高楼层/共7层'],['南 北'],['平层/精装'],['63.55平米'],['2000年建'],['和通新村'],['湖里'],['东渡'],无,暂无数据,['2024-02-24'],['2020-05-22']
2681,['低总价三房  全明结构 花园小区'],https://xm.lianjia.com/ershoufang/105112788587.html,['500'],"['63,005元/平']",1人关注 ,3室2厅1厨1卫,['中楼层/共5层'],['东 南 北'],['平层/简装'],['79.36平米'],['2003年建'],['自然家园'],['思明'],['火车站'],无,暂无数据,['2023-02-24'],['2003-06-28']
2682,['花园小区 电梯中层两套合成一套三房二厅二卫免个税'],https://xm.lianjia.com/ershoufang/105111672828.html,['660'],"['67,067元/平']",1人关注 ,3室2厅1厨2卫,['中楼层/共12层'],['南 北'],['平层/简装'],['98.41平米'],['2002年建'],['假日花园'],['思明'],['火车站'],有,一梯三户,['2022-10-03'],['2006-04-17']
2683,['加州海岸 正规大三房 高层看湖海双璟 板式结构'],https://xm.lianjia.com/ershoufang/105107269648.html,['496'],"['37,639元/平']",8人关注 ,3室2厅2厨2卫,['高楼层/共18层'],['东南'],['平层/毛坯'],['131.78平米'],['2007年建'],['加州海岸'],['海沧'],['海沧生活区'],有,两梯两户,['2021-05-09'],['2022-07-11']
2684,['火车站华星大厦电梯高层正规三房朝南全明户型阳光很好'],https://xm.lianjia.com/ershoufang/105111817883.html,['449'],"['50,168元/平']",0人关注 ,3室2厅1厨1卫,['高楼层/共28层'],['东北'],['平层/精装'],['89.5平米'],['1993年建'],['华星大厦'],['思明'],['火车站'],有,五梯十三户,['2022-10-20'],['2015-07-06']
2685,['有钥匙看房随时可以朝南3房2厅'],https://xm.lianjia.com/ershoufang/105109036337.html,['310'],"['31,159元/平']",18人关注 ,3室2厅1厨1卫,['低楼层/共12层'],['南 北'],['平层/精装'],['99.49平米'],['2007年建'],['未来海岸蓝月湾二期'],['海沧'],['未来海岸北师大'],有,一梯四户,['2021-10-18'],['2013-05-31']
2686,['湖边花园东区 高层两房 全明格局 视野开阔'],https://xm.lianjia.com/ershoufang/105115910414.html,['339'],"['56,491元/平']",0人关注 ,2室1厅1厨1卫,['中楼层/共34层'],['南 北'],['平层/简装'],['60.01平米'],['2011年建'],['湖边花园B区东区'],['湖里'],['湖边水库'],有,两梯六户,['2024-01-19'],['2018-05-01']
2687,['中山路附 近 独栋私宅 精装四房 带大露台'],https://xm.lianjia.com/ershoufang/105115456199.html,['498'],"['121,820元/平']",5人关注 ,4室2厅1厨2卫,['低楼层/共2层'],['南 北'],['跃层/精装'],['40.88平米'],['未知年建'],['盐溪街'],['思明'],['实验小学及周边'],暂无数据,暂无数据,['2023-11-28'],['2021-01-01']
2688,['双地铁口  松柏 总价低 门口就是公园'],https://xm.lianjia.com/ershoufang/105112915150.html,['328'],"['71,027元/平']",0人关注 ,1室0厅1厨1卫,['中楼层/共17层'],['北'],['平层/简装'],['46.18平米'],['2010年建'],['宝华花园'],['思明'],['松柏'],有,两梯八户,['2023-03-06'],['2020-03-03']
2689,['集美新城，莲花国际，边套通透户型'],https://xm.lianjia.com/ershoufang/105114589292.html,['358'],"['30,591元/平']",7人关注 ,3室2厅1厨2卫,['中楼层/共16层'],['东南'],['平层/毛坯'],['117.03平米'],['2019年建'],['莲花国际B区'],['集美'],['集美新城'],有,两梯三户,['2023-08-22'],['2023-05-22']
2690,['龙湖春江郦城二期  边套视野采光好 地铁1号线杏锦站'],https://xm.lianjia.com/ershoufang/105113135491.html,['490'],"['41,685元/平']",0人关注 ,4室2厅1厨3卫,['低楼层/共33层'],['东南'],['跃层/毛坯'],['117.55平米'],['未知年建'],['龙湖春江郦城二期'],['集美'],['杏北'],有,两梯六户,['2023-03-25'],['2021-12-31']
2691,['厦禾路电梯挑高楼中楼 使用面积大 朝南全明采光空户'],https://xm.lianjia.com/ershoufang/105113561251.html,['342'],"['73,835元/平']",0人关注 ,1室2厅1厨2卫,['低楼层/共16层'],['南'],['跃层/精装'],['46.32平米'],['2005年建'],['官邸大厦'],['思明'],['富山'],有,六梯五十三户,['2023-05-04'],['2007-04-10']
2692,['火车站花园小区 电梯中层小户型 均价樶低 光线好空户'],https://xm.lianjia.com/ershoufang/105114742792.html,['232'],"['66,994元/平']",0人关注 ,1室0厅1厨1卫,['中楼层/共13层'],['西北'],['平层/精装'],['34.63平米'],['2000年建'],['紫荆园'],['思明'],['火车站'],有,两梯二十二户,['2023-09-08'],['2017-06-01']
2693,['教育家门口，挑高6米，离岛内近，中间楼层'],https://xm.lianjia.com/ershoufang/105116066213.html,['285'],"['22,477元/平']",0人关注 ,3室1厅1厨2卫,['中楼层/共37层'],['东南'],['跃层/毛坯'],['126.8平米'],['2019年建'],['融侨观邸'],['海沧'],['马銮湾东'],有,两梯五户,['2024-02-20'],['2019-09-29']
2694,['裕发广场电梯朝南带大阳台位置好阳光充足空户拎包入住'],https://xm.lianjia.com/ershoufang/105114161709.html,['229'],"['63,931元/平']",0人关注 ,1室1厅1厨1卫,['中楼层/共23层'],['南'],['平层/精装'],['35.82平米'],['2004年建'],['裕发广场'],['思明'],['富山'],有,三梯二十二户,['2023-07-05'],['2003-06-09']
2695,['万寿北路，南北朝向，正规2房，业主诚售'],https://xm.lianjia.com/ershoufang/105114687012.html,['338'],"['59,813元/平']",0人关注 ,2室2厅1厨1卫,['中楼层/共7层'],['南 北'],['平层/精装'],['56.51平米'],['1991年建'],['万寿北路'],['思明'],['文园路'],无,暂无数据,['2023-09-02'],['2015-07-29']
2696,['高层视野看海景，使用面积近两层，动静分离'],https://xm.lianjia.com/ershoufang/105109060008.html,['330'],"['38,413元/平']",5人关注 ,2室2厅2厨2卫,['高楼层/共27层'],['东南'],['平层/精装'],['85.91平米'],['2010年建'],['泉水湾一期'],['集美'],['集美其它'],有,两梯四户,['2021-10-21'],['2010-09-16']
2697,['火车站华星大厦电梯中高层三房采光好户型方正拎包入住'],https://xm.lianjia.com/ershoufang/105115336855.html,['340'],"['47,381元/平']",0人关注 ,3室2厅1厨1卫,['中楼层/共28层'],['东北'],['平层/精装'],['71.76平米'],['1993年建'],['华星大厦'],['思明'],['火车站'],有,五梯十三户,['2023-11-15'],['2014-11-17']
2698,['建发品质 时尚国际08年 电梯高层 多一阳台 精装两房'],https://xm.lianjia.com/ershoufang/105116182862.html,['320'],"['60,733元/平']",0人关注 ,2室1厅1厨1卫,['中楼层/共25层'],['南 北'],['平层/精装'],['52.69平米'],['2008年建'],['时尚国际'],['思明'],['火车站'],有,三梯十户,['2024-02-29'],['2020-02-25']
2699,['厦禾路花园小区朝南挑高楼中楼自住精装使用面积大空户'],https://xm.lianjia.com/ershoufang/105115591973.html,['750'],"['82,563元/平']",0人关注 ,3室2厅1厨2卫,['中楼层/共11层'],['南'],['复式/精装'],['90.84平米'],['2007年建'],['源昌商业中心'],['思明'],['富山'],有,一梯七户,['2023-12-12'],['2014-05-28']
2700,['房源诚意出售，看房便利，视野好'],https://xm.lianjia.com/ershoufang/105113662137.html,['468'],"['39,837元/平']",0人关注 ,4室2厅1厨2卫,['高楼层/共24层'],['南'],['平层/简装'],['117.48平米'],['2010年建'],['泉水湾二期'],['集美'],['集美其它'],有,两梯四户,['2023-05-13'],['2014-03-20']
2701,['儿童公园旁 三层楼中楼 八房四卫 带露台 距地铁口近'],https://xm.lianjia.com/ershoufang/105114953105.html,['350'],"['24,408元/平']",1人关注 ,3室1厅1厨2卫,['高楼层/共7层'],['南'],['跃层/精装'],['143.4平米'],['2004年建'],['湖景华庭'],['海沧'],['海沧生活区'],无,暂无数据,['2023-10-03'],['2021-03-10']
2702,['蓝水郡方正户型 采光好 配套齐全'],https://xm.lianjia.com/ershoufang/105114928258.html,['165'],"['31,039元/平']",0人关注 ,1室1厅1厨1卫,['低楼层/共18层'],['北'],['平层/简装'],['53.16平米'],['2008年建'],['未来海岸蓝水郡'],['海沧'],['海沧体育中心'],有,两梯九户,['2023-09-28'],['2013-06-25']
2703,['西雅图 地铁 看海景 高层 精装修 诚意卖'],https://xm.lianjia.com/ershoufang/105116291599.html,['280'],"['27,732元/平']",0人关注 ,2室1厅1厨1卫,['高楼层/共45层'],['南'],['平层/精装'],['100.97平米'],['2017年建'],['西雅图'],['海沧'],['海沧外国语片区'],有,三梯四户,['2024-03-09'],['2018-09-01']
2704,['福洋花园 温馨三房中间楼层 税收少诚意出售看房子方便'],https://xm.lianjia.com/ershoufang/105116161028.html,['420'],"['39,616元/平']",0人关注 ,3室1厅1厨2卫,['中楼层/共6层'],['南 北'],['平层/精装'],['106.02平米'],['2003年建'],['福洋花园'],['湖里'],['江头'],无,暂无数据,['2024-02-27'],['2019-09-29']
2705,['金榜公园 万象城 电梯小户型 封闭式小区 出行便利'],https://xm.lianjia.com/ershoufang/105114129668.html,['230'],"['61,236元/平']",0人关注 ,1室1厅1厨1卫,['高楼层/共13层'],['北'],['平层/精装'],['37.56平米'],['2003年建'],['紫荆园'],['思明'],['火车站'],有,两梯二十二户,['2023-07-01'],['2019-11-08']
2706,['五缘湾海景房 南北通透 拎包入住 高层 户型方正'],https://xm.lianjia.com/ershoufang/105113438624.html,['1800'],"['93,009元/平']",0人关注 ,5室2厅1厨2卫,['中楼层/共16层'],['南 北'],['平层/精装'],['193.53平米'],['2007年建'],['联发五缘湾1号'],['湖里'],['五缘湾'],有,两梯两户,['2023-04-21'],['2011-05-09']
2707,['三源泓 好楼层  业主诚意价出售'],https://xm.lianjia.com/ershoufang/105112819304.html,['235'],"['26,287元/平']",0人关注 ,2室1厅1厨1卫,['中楼层/共8层'],['南 北'],['平层/简装'],['89.4平米'],['2005年建'],['三源弘'],['海沧'],['未来海岸北师大'],无,暂无数据,['2023-02-27'],['2015-01-08']
2708,['集美新城，莲花国际，边套通透户型'],https://xm.lianjia.com/ershoufang/105114589292.html,['358'],"['30,591元/平']",7人关注 ,3室2厅1厨2卫,['中楼层/共16层'],['东南'],['平层/毛坯'],['117.03平米'],['2019年建'],['莲花国际B区'],['集美'],['集美新城'],有,两梯三户,['2023-08-22'],['2023-05-22']
2709,['双地铁口  松柏 总价低 门口就是公园'],https://xm.lianjia.com/ershoufang/105112915150.html,['328'],"['71,027元/平']",0人关注 ,1室0厅1厨1卫,['中楼层/共17层'],['北'],['平层/简装'],['46.18平米'],['2010年建'],['宝华花园'],['思明'],['松柏'],有,两梯八户,['2023-03-06'],['2020-03-03']
2710,['龙湖春江郦城二期  边套视野采光好 地铁1号线杏锦站'],https://xm.lianjia.com/ershoufang/105113135491.html,['490'],"['41,685元/平']",0人关注 ,4室2厅1厨3卫,['低楼层/共33层'],['东南'],['跃层/毛坯'],['117.55平米'],['未知年建'],['龙湖春江郦城二期'],['集美'],['杏北'],有,两梯六户,['2023-03-25'],['2021-12-31']
2711,['都市华庭 1室1厅 东'],https://xm.lianjia.com/ershoufang/105112586069.html,['230'],"['56,623元/平']",0人关注 ,1室1厅1厨1卫,['低楼层/共16层'],['东'],['平层/简装'],['40.62平米'],['2002年建'],['都市华庭'],['湖里'],['江头'],有,一梯八户,['2023-02-08'],['2021-04-27']
2712,['中山路附 近 独栋私宅 精装四房 带大露台'],https://xm.lianjia.com/ershoufang/105115456199.html,['498'],"['121,820元/平']",5人关注 ,4室2厅1厨2卫,['低楼层/共2层'],['南 北'],['跃层/精装'],['40.88平米'],['未知年建'],['盐溪街'],['思明'],['实验小学及周边'],暂无数据,暂无数据,['2023-11-28'],['2021-01-01']
2713,['低总价三房  全明结构 花园小区'],https://xm.lianjia.com/ershoufang/105112788587.html,['500'],"['63,005元/平']",1人关注 ,3室2厅1厨1卫,['中楼层/共5层'],['东 南 北'],['平层/简装'],['79.36平米'],['2003年建'],['自然家园'],['思明'],['火车站'],无,暂无数据,['2023-02-24'],['2003-06-28']
2714,['厦禾路花园小区朝南挑高楼中楼自住精装使用面积大空户'],https://xm.lianjia.com/ershoufang/105115591973.html,['750'],"['82,563元/平']",0人关注 ,3室2厅1厨2卫,['中楼层/共11层'],['南'],['复式/精装'],['90.84平米'],['2007年建'],['源昌商业中心'],['思明'],['富山'],有,一梯七户,['2023-12-12'],['2014-05-28']
2715,['建发品质 时尚国际08年 电梯高层 多一阳台 精装两房'],https://xm.lianjia.com/ershoufang/105116182862.html,['320'],"['60,733元/平']",0人关注 ,2室1厅1厨1卫,['中楼层/共25层'],['南 北'],['平层/精装'],['52.69平米'],['2008年建'],['时尚国际'],['思明'],['火车站'],有,三梯十户,['2024-02-29'],['2020-02-25']
2716,['火车站华星大厦电梯中高层三房采光好户型方正拎包入住'],https://xm.lianjia.com/ershoufang/105115336855.html,['340'],"['47,381元/平']",0人关注 ,3室2厅1厨1卫,['中楼层/共28层'],['东北'],['平层/精装'],['71.76平米'],['1993年建'],['华星大厦'],['思明'],['火车站'],有,五梯十三户,['2023-11-15'],['2014-11-17']
2717,['亿力悦海 两房 厅带阳台  格局方正  采光好'],https://xm.lianjia.com/ershoufang/105116199292.html,['530'],"['81,968元/平']",1人关注 ,2室2厅1厨1卫,['低楼层/共13层'],['西 北'],['平层/简装'],['64.66平米'],['2011年建'],['亿力悦海'],['湖里'],['五缘湾'],有,两梯四户,['2024-03-01'],['2016-06-27']
2718,['品质小区，南北通 二次精装  可拎包入住。'],https://xm.lianjia.com/ershoufang/105115594818.html,['799'],"['62,859元/平']",11人关注 ,3室2厅1厨2卫,['低楼层/共14层'],['南 北'],['平层/精装'],['127.11平米'],['2014年建'],['国贸润园'],['湖里'],['五缘湾'],有,两梯三户,['2023-12-13'],['2017-02-02']
2719,['地铁口 温馨两房 南北朝向 诚意出售 低首付'],https://xm.lianjia.com/ershoufang/105116241019.html,['199'],"['34,950元/平']",0人关注 ,2室1厅1厨1卫,['高楼层/共7层'],['南 北'],['平层/简装'],['56.94平米'],['1994年建'],['江浦南里'],['湖里'],['江头'],无,暂无数据,['2024-03-05'],['2021-12-06']
2720,['豪+装5房，用270㎡，全盘高性+价+比房。'],https://xm.lianjia.com/ershoufang/105115461518.html,['998'],"['74,473元/平']",4人关注 ,5室2厅1厨2卫,['低楼层/共17层'],['南 北'],['复式/精装'],['134.01平米'],['2010年建'],['源昌鑫海湾'],['湖里'],['五缘湾'],有,一梯两户,['2023-11-28'],['2023-11-28']
2721,['封闭式品质小区，满五年，南北通透精致小三房'],https://xm.lianjia.com/ershoufang/105112762692.html,['330'],"['39,569元/平']",0人关注 ,3室2厅1厨1卫,['中楼层/共8层'],['南 北'],['平层/简装'],['83.4平米'],['2005年建'],['新丰家园'],['湖里'],['东渡'],暂无数据,暂无数据,['2023-02-22'],['2020-06-30']
2722,['湖边花园东区 高层两房 全明格局 视野开阔'],https://xm.lianjia.com/ershoufang/105115910414.html,['339'],"['56,491元/平']",0人关注 ,2室1厅1厨1卫,['中楼层/共34层'],['南 北'],['平层/简装'],['60.01平米'],['2011年建'],['湖边花园B区东区'],['湖里'],['湖边水库'],有,两梯六户,['2024-01-19'],['2018-05-01']
2723,['双涵路口 挑高楼中楼买一层使用二层精装三房二卫空户'],https://xm.lianjia.com/ershoufang/105111686281.html,['388'],"['78,369元/平']",4人关注 ,3室1厅1厨2卫,['低楼层/共16层'],['西北'],['跃层/精装'],['49.51平米'],['2005年建'],['官邸大厦'],['思明'],['富山'],有,六梯五十三户,['2022-10-05'],['2021-01-06']
2724,['万寿北路，南北朝向，正规2房，业主诚售'],https://xm.lianjia.com/ershoufang/105114687012.html,['338'],"['59,813元/平']",0人关注 ,2室2厅1厨1卫,['中楼层/共7层'],['南 北'],['平层/精装'],['56.51平米'],['1991年建'],['万寿北路'],['思明'],['文园路'],无,暂无数据,['2023-09-02'],['2015-07-29']
2725,['高层视野看海景，使用面积近两层，动静分离'],https://xm.lianjia.com/ershoufang/105109060008.html,['330'],"['38,413元/平']",5人关注 ,2室2厅2厨2卫,['高楼层/共27层'],['东南'],['平层/精装'],['85.91平米'],['2010年建'],['泉水湾一期'],['集美'],['集美其它'],有,两梯四户,['2021-10-21'],['2010-09-16']
2726,['火车站花园小区 电梯中层小户型 均价樶低 光线好空户'],https://xm.lianjia.com/ershoufang/105114742792.html,['232'],"['66,994元/平']",0人关注 ,1室0厅1厨1卫,['中楼层/共13层'],['西北'],['平层/精装'],['34.63平米'],['2000年建'],['紫荆园'],['思明'],['火车站'],有,两梯二十二户,['2023-09-08'],['2017-06-01']
2727,['有钥匙看房随时可以朝南3房2厅'],https://xm.lianjia.com/ershoufang/105109036337.html,['310'],"['31,159元/平']",18人关注 ,3室2厅1厨1卫,['低楼层/共12层'],['南 北'],['平层/精装'],['99.49平米'],['2007年建'],['未来海岸蓝月湾二期'],['海沧'],['未来海岸北师大'],有,一梯四户,['2021-10-18'],['2013-05-31']
2728,['蓝湾半岛舒适大三房，可以看部分海景、交通方便'],https://xm.lianjia.com/ershoufang/105113653753.html,['628'],"['45,102元/平']",1人关注 ,3室2厅1厨2卫,['中楼层/共18层'],['南 北'],['平层/精装'],['139.24平米'],['2008年建'],['中骏蓝湾半岛'],['海沧'],['滨海社区'],有,两梯三户,['2023-05-12'],['2013-03-23']
2729,['产权70年普通住宅，总价低，楼间距宽，治安好，..'],https://xm.lianjia.com/ershoufang/105114617920.html,['160'],"['28,777元/平']",0人关注 ,2室1厅1厨1卫,['高楼层/共8层'],['南'],['平层/简装'],['55.6平米'],['2001年建'],['沧翔路花园'],['海沧'],['海沧生活区'],无,暂无数据,['2023-08-25'],['2019-05-16']
2730,['特房银溪温呢花园  精装大两房  海景房  房东诚意出售'],https://xm.lianjia.com/ershoufang/105113452486.html,['260'],"['29,640元/平']",0人关注 ,2室2厅1厨1卫,['中楼层/共17层'],['南'],['平层/精装'],['87.72平米'],['2018年建'],['特房银溪墅府温尼花园'],['翔安'],['环东海域'],有,两梯四户,['2023-04-22'],['2020-05-18']
2731,['火车站，莲坂，富山，08年封闭小区，源昌打造品质小区'],https://xm.lianjia.com/ershoufang/105113317903.html,['516'],"['77,142元/平']",0人关注 ,2室2厅1厨2卫,['中楼层/共11层'],['东 南 北'],['跃层/精装'],['66.89平米'],['2007年建'],['源昌商业中心'],['思明'],['富山'],有,一梯七户,['2023-04-10'],['2008-10-21']
2732,['滨海上城，原版格局无改，现在欲望出售全天采光'],https://xm.lianjia.com/ershoufang/105112996463.html,['380'],"['41,837元/平']",0人关注 ,2室2厅1厨1卫,['高楼层/共18层'],['东南'],['平层/精装'],['90.83平米'],['2007年建'],['泉舜滨海上城'],['海沧'],['滨海社区'],有,两梯六户,['2023-03-13'],['2015-11-13']
2733,['水晶森林+花园入户+格局方正+全明格局'],https://xm.lianjia.com/ershoufang/105113633739.html,['440'],"['53,256元/平']",3人关注 ,2室2厅1厨2卫,['低楼层/共12层'],['东 西北'],['平层/精装'],['82.62平米'],['2009年建'],['水晶森林二期'],['湖里'],['枋湖'],有,两梯八户,['2023-05-10'],['2011-03-02']
2734,['满五，东南向两房，中间楼层，采光通风好，看房方便'],https://xm.lianjia.com/ershoufang/105114633751.html,['270'],"['33,052元/平']",0人关注 ,2室2厅1厨2卫,['中楼层/共18层'],['东 南'],['平层/简装'],['81.69平米'],['2005年建'],['未来海岸蓝水郡'],['海沧'],['海沧体育中心'],有,两梯四户,['2023-08-27'],['2010-06-11']
2735,['产权满五免个税 楼层好 通透双阳台，采光通风好'],https://xm.lianjia.com/ershoufang/105115311313.html,['210'],"['23,404元/平']",1人关注 ,2室2厅1厨1卫,['高楼层/共6层'],['南 北'],['平层/简装'],['89.73平米'],['2004年建'],['金龙商城二期'],['海沧'],['海沧生活区'],无,暂无数据,['2023-11-12'],['2016-09-07']
2736,['品质小区，南北通 二次精装  可拎包入住。'],https://xm.lianjia.com/ershoufang/105115594818.html,['799'],"['62,859元/平']",11人关注 ,3室2厅1厨2卫,['低楼层/共14层'],['南 北'],['平层/精装'],['127.11平米'],['2014年建'],['国贸润园'],['湖里'],['五缘湾'],有,两梯三户,['2023-12-13'],['2017-02-02']
2737,['豪+装5房，用270㎡，全盘高性+价+比房。'],https://xm.lianjia.com/ershoufang/105115461518.html,['998'],"['74,473元/平']",4人关注 ,5室2厅1厨2卫,['低楼层/共17层'],['南 北'],['复式/精装'],['134.01平米'],['2010年建'],['源昌鑫海湾'],['湖里'],['五缘湾'],有,一梯两户,['2023-11-28'],['2023-11-28']
2738,['亿力悦海 两房 厅带阳台  格局方正  采光好'],https://xm.lianjia.com/ershoufang/105116199292.html,['530'],"['81,968元/平']",1人关注 ,2室2厅1厨1卫,['低楼层/共13层'],['西 北'],['平层/简装'],['64.66平米'],['2011年建'],['亿力悦海'],['湖里'],['五缘湾'],有,两梯四户,['2024-03-01'],['2016-06-27']
2739,['地铁口 温馨两房 南北朝向 诚意出售 低首付'],https://xm.lianjia.com/ershoufang/105116241019.html,['199'],"['34,950元/平']",0人关注 ,2室1厅1厨1卫,['高楼层/共7层'],['南 北'],['平层/简装'],['56.94平米'],['1994年建'],['江浦南里'],['湖里'],['江头'],无,暂无数据,['2024-03-05'],['2021-12-06']
2740,['近集美桥头嘉庚体育馆 楼层好户型好 视野宽阔'],https://xm.lianjia.com/ershoufang/105113949535.html,['239'],"['20,046元/平']",1人关注 ,4室2厅1厨2卫,['中楼层/共35层'],['南'],['平层/毛坯'],['119.23平米'],['2012年建'],['禹洲大学城'],['同安'],['集美其它'],有,三梯六户,['2023-06-10'],['2013-09-09']
2741,['莲坂，湖滨南路，宝福大厦，电梯高层，639万，大三房'],https://xm.lianjia.com/ershoufang/105110071683.html,['618'],"['56,828元/平']",5人关注 ,3室2厅1厨2卫,['高楼层/共34层'],['东 北'],['平层/精装'],['108.75平米'],['1994年建'],['宝福大厦'],['思明'],['莲坂'],有,三梯六户,['2022-03-18'],['1997-01-03']
2742,['世茂璀璨天城一期 复式三房两卫 楼下带房间'],https://xm.lianjia.com/ershoufang/105116619806.html,['360'],"['42,423元/平']",1人关注 ,3室2厅1厨2卫,['低楼层/共33层'],['南'],['跃层/精装'],['84.86平米'],['2018年建'],['世茂璀璨天城一期'],['集美'],['集美新城'],有,两梯八户,['2024-04-08'],['2021-05-10']
2743,['轮船宿舍小区大3房边角套 温馨光线好 带天台 独立用'],https://xm.lianjia.com/ershoufang/105108400900.html,['542'],"['67,363元/平']",72人关注 ,3室1厅1厨1卫,['高楼层/共8层'],['南 西 北'],['平层/精装'],['80.46平米'],['1989年建'],['轮船宿舍'],['思明'],['斗西路'],无,暂无数据,['2021-08-16'],['2015-03-30']
2744,['火车站世贸国际 地铁口 精装1房满五业主诚意出售'],https://xm.lianjia.com/ershoufang/105109172166.html,['264'],"['56,099元/平']",0人关注 ,1室1厅1厨1卫,['低楼层/共49层'],['东'],['平层/简装'],['47.06平米'],['2008年建'],['禹洲世贸商城思明'],['思明'],['火车站'],有,五梯二十六户,['2021-11-03'],['2015-11-27']
2745,['莲坂龙辉花园大三房中间楼层双阳台双卫'],https://xm.lianjia.com/ershoufang/105107813451.html,['615'],"['49,279元/平']",8人关注 ,3室2厅1厨2卫,['中楼层/共8层'],['南 北'],['平层/简装'],['124.8平米'],['2001年建'],['龙辉花园'],['思明'],['火车站'],无,暂无数据,['2021-07-02'],['2013-03-29']
2746,['地铁口，自带五千每平方精装修，2018年楼盘，电梯高层'],https://xm.lianjia.com/ershoufang/105102528441.html,['1270'],"['80,289元/平']",13人关注 ,3室2厅2厨2卫,['高楼层/共59层'],['东南'],['平层/精装'],['158.18平米'],['2018年建'],['海峡国际天璟'],['思明'],['火车站'],有,一梯三户,['2019-06-14'],['2019-02-02']
2747,['区政府旁，拎包入住，客厅带阳台'],https://xm.lianjia.com/ershoufang/105110640873.html,['148'],"['17,188元/平']",7人关注 ,2室2厅1厨1卫,['高楼层/共40层'],['南'],['平层/精装'],['86.11平米'],['2016年建'],['首开领翔上郡一期'],['翔安'],['新店'],有,两梯四户,['2022-05-31'],['2018-04-02']
2748,['3房朝南 采光好 顶层天台方便使用'],https://xm.lianjia.com/ershoufang/105108751723.html,['383'],"['46,943元/平']",49人关注 ,3室2厅1厨1卫,['高楼层/共7层'],['北 南'],['平层/简装'],['81.59平米'],['未知年建'],['仙岳东村'],['思明'],['仙岳社区'],无,暂无数据,['2021-09-14'],['2005-06-27']
2749,['岛内松柏地铁口单身公寓，带阳台'],https://xm.lianjia.com/ershoufang/105115348119.html,['325'],"['66,845元/平']",0人关注 ,1室1厅1厨1卫,['低楼层/共31层'],['南'],['平层/简装'],['48.62平米'],['2003年建'],['天宝大厦'],['思明'],['松柏'],有,三梯二十八户,['2023-11-16'],['2011-08-22']
2750,['2号线地铁口 地铁小二房 朝南 采光好视野好'],https://xm.lianjia.com/ershoufang/105115224759.html,['155'],"['30,028元/平']",0人关注 ,2室1厅1厨1卫,['低楼层/共32层'],['南'],['平层/简装'],['51.62平米'],['2013年建'],['海银大厦'],['海沧'],['海沧生活区'],有,三梯十一户,['2023-11-02'],['2017-03-30']
2751,['莲花五村龙华里 两卧朝南 全明 满五年'],https://xm.lianjia.com/ershoufang/105111571484.html,['380'],"['56,768元/平']",0人关注 ,2室1厅1厨1卫,['高楼层/共6层'],['南'],['平层/精装'],['66.94平米'],['1996年建'],['龙华里'],['思明'],['莲花'],无,暂无数据,['2022-09-21'],['2002-11-21']
2752,['精装东南边套小复式，两面大玻璃采光，可看湾景'],https://xm.lianjia.com/ershoufang/105108788846.html,['117'],"['24,534元/平']",6人关注 ,1室1厅0厨1卫,['低楼层/共26层'],['东 南'],['平层/精装'],['47.69平米'],['2015年建'],['大唐五缘yoho'],['湖里'],['五缘湾'],有,四梯十七户,['2021-09-18'],['2016-09-18']
2753,['刚需电梯小两房，看小区中庭，首付不高'],https://xm.lianjia.com/ershoufang/105110247267.html,['130'],"['24,142元/平']",1人关注 ,2室1厅1厨1卫,['高楼层/共11层'],['东南'],['平层/简装'],['53.85平米'],['2011年建'],['彩虹湾'],['同安'],['环东海域'],有,三梯四户,['2022-04-10'],['2016-05-01']
2754,['比邻海沧生活区，交通便利，社区大'],https://xm.lianjia.com/ershoufang/105112158052.html,['208'],"['22,981元/平']",0人关注 ,3室2厅1厨1卫,['中楼层/共17层'],['东南 南 北'],['平层/精装'],['90.51平米'],['2019年建'],['海投自贸城'],['海沧'],['角嵩路'],暂无数据,暂无数据,['2022-11-29'],['2020-10-15']
2755,['地铁口旁 精装修 中间楼层 满五 房东诚售 交通便捷'],https://xm.lianjia.com/ershoufang/105116225971.html,['212'],"['24,492元/平']",2人关注 ,3室1厅1厨1卫,['中楼层/共6层'],['南 北'],['平层/精装'],['86.56平米'],['1995年建'],['海沧生活区一小区'],['海沧'],['海沧生活区'],无,暂无数据,['2024-03-03'],['2019-03-04']
2756,['此房户型方正，位置好，朝向好，看中庭位置，交通方便'],https://xm.lianjia.com/ershoufang/105113610181.html,['1420'],"['90,205元/平']",0人关注 ,4室2厅1厨3卫,['高楼层/共16层'],['南 北'],['平层/简装'],['157.42平米'],['2008年建'],['联发五缘湾1号'],['湖里'],['五缘湾'],有,两梯两户,['2023-05-08'],['2021-04-16']
2757,['低总价三房  全明结构 花园小区'],https://xm.lianjia.com/ershoufang/105112788587.html,['500'],"['63,005元/平']",1人关注 ,3室2厅1厨1卫,['中楼层/共5层'],['东 南 北'],['平层/简装'],['79.36平米'],['2003年建'],['自然家园'],['思明'],['火车站'],无,暂无数据,['2023-02-24'],['2003-06-28']
2758,['高层视野看海景，使用面积近两层，动静分离'],https://xm.lianjia.com/ershoufang/105109060008.html,['330'],"['38,413元/平']",5人关注 ,2室2厅2厨2卫,['高楼层/共27层'],['东南'],['平层/精装'],['85.91平米'],['2010年建'],['泉水湾一期'],['集美'],['集美其它'],有,两梯四户,['2021-10-21'],['2010-09-16']
2759,['天心岛高层朝南两房 视野开阔 可以看海景'],https://xm.lianjia.com/ershoufang/105113238057.html,['345'],"['38,114元/平']",1人关注 ,2室1厅1厨1卫,['高楼层/共32层'],['南'],['平层/精装'],['90.52平米'],['2010年建'],['天心岛'],['海沧'],['滨海社区'],有,两梯四户,['2023-04-03'],['2020-09-10']
2760,['嘉庚体育馆三开间朝南格局方正，高层看海!!!'],https://xm.lianjia.com/ershoufang/105114029176.html,['348'],"['25,304元/平']",0人关注 ,3室2厅1厨2卫,['中楼层/共34层'],['东南'],['平层/毛坯'],['137.53平米'],['2017年建'],['国贸商城同悦'],['集美'],['集美其它'],有,两梯三户,['2023-06-19'],['2020-03-27']
2761,['豆仔尾 美仁新村旁  公园片区  3房南北'],https://xm.lianjia.com/ershoufang/105114487088.html,['528'],"['58,266元/平']",0人关注 ,3室2厅1厨1卫,['中楼层/共7层'],['南 北'],['平层/精装'],['90.62平米'],['1990年建'],['豆仔尾路'],['思明'],['公园小学及周边'],暂无数据,暂无数据,['2023-08-11'],['2009-09-23']
2762,['高林居住区一里 3室1厅 南'],https://xm.lianjia.com/ershoufang/105115255108.html,['335'],"['47,444元/平']",3人关注 ,3室1厅1厨1卫,['高楼层/共18层'],['南'],['平层/简装'],['70.61平米'],['2009年建'],['高林居住区一里'],['湖里'],['万达广场'],有,一梯三户,['2023-11-05'],['2017-07-21']
2763,['坐北朝南，通透户型，靠后一排，不吵闹！'],https://xm.lianjia.com/ershoufang/105112894484.html,['86'],"['25,191元/平']",0人关注 ,1室0厅1厨1卫,['中楼层/共6层'],['南'],['平层/精装'],['34.14平米'],['2006年建'],['未来橙堡'],['海沧'],['海沧体育中心'],无,暂无数据,['2023-03-05'],['2018-08-08']
2764,['北附2楼带路台，采光好，使用面积大，可以拎包入住'],https://xm.lianjia.com/ershoufang/105112572914.html,['238'],"['26,908元/平']",0人关注 ,2室1厅1厨1卫,['低楼层/共19层'],['南'],['平层/简装'],['88.45平米'],['2007年建'],['海岸明珠花园'],['海沧'],['未来海岸北师大'],有,两梯四户,['2023-02-07'],['2021-05-27']
2765,['业主换房急卖  已经看好房交了定金 一口价258万'],https://xm.lianjia.com/ershoufang/105113653556.html,['250'],"['27,603元/平']",10人关注 ,3室1厅1厨1卫,['高楼层/共42层'],['东南'],['平层/精装'],['90.57平米'],['2014年建'],['万科金域华府二期'],['集美'],['杏林桥头'],有,三梯五户,['2023-05-12'],['2021-06-28']
2766,['吕岭路，莲花五村，2房2厅，南北，中间楼层，地铁2线'],https://xm.lianjia.com/ershoufang/105115515185.html,['410'],"['51,097元/平']",0人关注 ,2室2厅1厨1卫,['中楼层/共7层'],['南 北'],['平层/简装'],['80.24平米'],['2001年建'],['建群花园'],['思明'],['莲花'],无,暂无数据,['2023-12-04'],['2000-06-20']
2767,['怡富花园2005年建电梯高层精装修4房可以直接入住'],https://xm.lianjia.com/ershoufang/105114827991.html,['680'],"['45,034元/平']",0人关注 ,4室2厅1厨2卫,['中楼层/共15层'],['南'],['平层/精装'],['151平米'],['2005年建'],['怡富花园西区'],['思明'],['金鸡亭'],有,两梯四户,['2023-09-17'],['2017-08-17']
2768,['满2 ，马銮湾乐活岛精装  近地铁'],https://xm.lianjia.com/ershoufang/105113596734.html,['267'],"['32,749元/平']",1人关注 ,3室2厅1厨1卫,['低楼层/共31层'],['南'],['平层/精装'],['81.53平米'],['2020年建'],['海投第一湾二期湖海庄园'],['海沧'],['马銮湾中心片区'],有,两梯五户,['2023-05-07'],['2020-11-11']
2769,['万象城旁 电梯高层 全明三房 诚意出售'],https://xm.lianjia.com/ershoufang/105115274355.html,['550'],"['56,936元/平']",0人关注 ,3室2厅1厨2卫,['高楼层/共25层'],['北'],['平层/简装'],['96.6平米'],['1997年建'],['凯旋广场'],['思明'],['火车站'],有,两梯八户,['2023-11-08'],['2003-12-05']
2770,['黎安小镇  特殊户型 只有一套  精装修 随时看房'],https://xm.lianjia.com/ershoufang/105113596172.html,['315'],"['28,259元/平']",0人关注 ,3室2厅1厨2卫,['中楼层/共18层'],['南 北'],['平层/精装'],['111.47平米'],['2017年建'],['黎安小镇C小区'],['翔安'],['马巷'],有,两梯四户,['2023-05-07'],['2018-06-15']
2771,['精装修优质房，楼层视野好，拎包入住'],https://xm.lianjia.com/ershoufang/105116580392.html,['628'],"['63,789元/平']",0人关注 ,2室2厅1厨1卫,['中楼层/共42层'],['南'],['平层/精装'],['98.45平米'],['2018年建'],['源昌君悦山思明'],['思明'],['莲前'],有,两梯三户,['2024-04-04'],['2020-12-01']
2772,['龙湖春江郦城 SOHO 挑高4.9m'],https://xm.lianjia.com/ershoufang/105113021746.html,['109'],"['20,830元/平']",2人关注 ,2室2厅2厨2卫,['高楼层/共18层'],['西南 西'],['跃层/简装'],['52.33平米'],['2016年建'],['龙湖春江郦城一期'],['集美'],['杏北'],有,两梯八户,['2023-03-15'],['2017-03-17']
2773,['电梯中层 厅带阳台 东南朝向 双地铁口 交通便利'],https://xm.lianjia.com/ershoufang/105113466713.html,['338'],"['69,519元/平']",0人关注 ,2室1厅1厨1卫,['中楼层/共31层'],['东南'],['平层/简装'],['48.62平米'],['2003年建'],['天宝大厦'],['思明'],['松柏'],有,三梯二十一户,['2023-04-24'],['2018-08-03']
2774,['精装大三房 房子保养很新 业主诚意出售'],https://xm.lianjia.com/ershoufang/105111412477.html,['310'],"['26,738元/平']",1人关注 ,3室2厅1厨2卫,['低楼层/共31层'],['南 北'],['平层/精装'],['115.94平米'],['2017年建'],['金帝中洲滨海城'],['同安'],['环东海域'],有,两梯四户,['2022-09-03'],['2019-04-17']
2775,['南北双阳台，朝东南看海，使用率大，居家'],https://xm.lianjia.com/ershoufang/105113897462.html,['755'],"['51,656元/平']",2人关注 ,3室2厅1厨2卫,['中楼层/共31层'],['东南 南'],['平层/毛坯'],['146.16平米'],['2000年建'],['江山帝景'],['思明'],['会展中心'],有,十梯十一户,['2023-06-05'],['2010-02-26']
2776,['对望五缘湾，集美桥头一线海景 房，自住精装修可入住'],https://xm.lianjia.com/ershoufang/105110144716.html,['520'],"['30,677元/平']",5人关注 ,4室2厅1厨3卫,['中楼层/共23层'],['南 北'],['平层/精装'],['169.51平米'],['2012年建'],['古龙御景二期'],['集美'],['集美其它'],有,两梯两户,['2022-03-27'],['2016-10-24']
2777,['融信海上城，采光好，2层复式楼，'],https://xm.lianjia.com/ershoufang/105114962217.html,['84'],"['20,077元/平']",0人关注 ,2室1厅1厨1卫,['高楼层/共13层'],['西'],['跃层/精装'],['41.84平米'],['2016年建'],['融信海上城'],['海沧'],['滨海社区'],有,四梯三十二户,['2023-10-04'],['2012-10-17']
2778,['槟榔花园 业主自住精装修 拎包入住 厨卫全明 .'],https://xm.lianjia.com/ershoufang/105108525262.html,['599'],"['74,866元/平']",4人关注 ,2室2厅1厨1卫,['低楼层/共7层'],['南 北'],['平层/精装'],['80.01平米'],['1993年建'],['槟榔花园'],['思明'],['槟榔'],无,暂无数据,['2021-08-25'],['2006-09-21']
2779,['产权满五 边套通透户型 三面采光 一线海景'],https://xm.lianjia.com/ershoufang/105112715060.html,['245'],"['27,031元/平']",4人关注 ,2室2厅1厨2卫,['中楼层/共20层'],['南 北'],['平层/精装'],['90.64平米'],['2010年建'],['古龙御景一期北区'],['集美'],['集美其它'],有,两梯四户,['2023-02-18'],['2016-05-20']
2780,['国贸天悦  独门独户 东边套  好楼层'],https://xm.lianjia.com/ershoufang/105112114405.html,['560'],"['44,601元/平']",2人关注 ,3室1厅1厨2卫,['中楼层/共32层'],['南 北'],['平层/精装'],['125.56平米'],['2018年建'],['国贸天悦'],['集美'],['杏北'],有,两梯三户,['2022-11-23'],['2020-08-20']
2781,['万象城，罗宾森二期小区，自带幼儿园地铁口，精装两房'],https://xm.lianjia.com/ershoufang/105115527719.html,['319'],"['59,828元/平']",0人关注 ,2室1厅1厨1卫,['低楼层/共33层'],['西'],['平层/精装'],['53.32平米'],['2017年建'],['罗宾森购物广场二期'],['思明'],['火车站'],有,四梯二十户,['2023-12-05'],['2019-07-18']
2782,['华林品质 华林金盛 精装修三房 电梯高层 业主诚意出售'],https://xm.lianjia.com/ershoufang/105116129925.html,['498'],"['49,652元/平']",1人关注 ,3室2厅1厨2卫,['高楼层/共11层'],['南 北'],['平层/精装'],['100.3平米'],['2003年建'],['华林金盛花园'],['湖里'],['金尚'],有,一梯四户,['2024-02-25'],['2017-03-02']
2783,['金秋花园  电梯 稀有小户型 业主诚意出售'],https://xm.lianjia.com/ershoufang/105114236441.html,['245'],"['52,295元/平']",1人关注 ,1室1厅1厨1卫,['高楼层/共18层'],['南'],['平层/简装'],['46.85平米'],['2002年建'],['金秋花园'],['湖里'],['金尚'],有,一梯五户,['2023-07-13'],['2005-11-15']
2784,['框架结构，六楼实爬三层，明厨明卫，全明通透格局。'],https://xm.lianjia.com/ershoufang/105114174613.html,['372'],"['50,640元/平']",0人关注 ,2室2厅1厨1卫,['中楼层/共9层'],['南'],['平层/精装'],['73.46平米'],['1996年建'],['金鸡亭花园小区东区'],['思明'],['金鸡亭'],无,暂无数据,['2023-07-06'],['2019-11-22']
2785,['三层楼中楼，精致装修，视线好，通风好！'],https://xm.lianjia.com/ershoufang/105113963222.html,['1575'],"['59,959元/平']",1人关注 ,5室2厅1厨2卫,['高楼层/共30层'],['南'],['跃层/精装'],['262.68平米'],['2000年建'],['龙山山庄'],['思明'],['莲前'],有,三梯八户,['2023-06-12'],['2010-06-12']
2786,['山木清华，2梯4户大三房，全明格局，采光充足。'],https://xm.lianjia.com/ershoufang/105113176904.html,['781'],"['53,755元/平']",0人关注 ,3室2厅1厨2卫,['中楼层/共17层'],['南 北'],['平层/精装'],['145.29平米'],['2004年建'],['山木清华'],['思明'],['莲前'],有,两梯四户,['2023-03-28'],['2005-09-16']
2787,['电梯2梯3户，3房2厅，南北通透，格局方正。'],https://xm.lianjia.com/ershoufang/105112833587.html,['1126'],"['73,470元/平']",0人关注 ,3室2厅1厨2卫,['高楼层/共39层'],['南 北'],['平层/精装'],['153.26平米'],['2015年建'],['源昌君悦山思明'],['思明'],['莲前'],有,两梯三户,['2023-02-28'],['2018-03-30']
2788,['山木清华，电梯大三房，明厨明卫。'],https://xm.lianjia.com/ershoufang/105112716388.html,['766'],"['53,793元/平']",1人关注 ,3室2厅1厨2卫,['低楼层/共27层'],['南'],['平层/精装'],['142.4平米'],['2005年建'],['山木清华'],['思明'],['莲前'],有,三梯八户,['2023-02-18'],['2006-08-25']
2789,['本小区经典户型，三房两厅两卫双阳台，前后双公园'],https://xm.lianjia.com/ershoufang/105112701175.html,['589'],"['54,256元/平']",5人关注 ,3室2厅1厨2卫,['低楼层/共17层'],['南 北'],['错层/简装'],['108.56平米'],['2000年建'],['山木清华'],['思明'],['莲前'],有,两梯四户,['2023-02-17'],['2005-08-01']
2790,['精装东南边套小复式，两面大玻璃采光，可看湾景'],https://xm.lianjia.com/ershoufang/105108788846.html,['117'],"['24,534元/平']",6人关注 ,1室1厅0厨1卫,['低楼层/共26层'],['东 南'],['平层/精装'],['47.69平米'],['2015年建'],['大唐五缘yoho'],['湖里'],['五缘湾'],有,四梯十七户,['2021-09-18'],['2016-09-18']
2791,['刚需电梯小两房，看小区中庭，首付不高'],https://xm.lianjia.com/ershoufang/105110247267.html,['130'],"['24,142元/平']",1人关注 ,2室1厅1厨1卫,['高楼层/共11层'],['东南'],['平层/简装'],['53.85平米'],['2011年建'],['彩虹湾'],['同安'],['环东海域'],有,三梯四户,['2022-04-10'],['2016-05-01']
2792,['槟榔 海晟稀有一房 户型方正 精装修'],https://xm.lianjia.com/ershoufang/105115106763.html,['355'],"['76,608元/平']",1人关注 ,1室1厅1厨1卫,['高楼层/共15层'],['南'],['平层/精装'],['46.34平米'],['2005年建'],['海晟棕蓝海'],['思明'],['槟榔'],有,两梯三户,['2023-10-20'],['2020-11-16']
2793,['龙湖春江彼岸二期 3室2厅 南 北'],https://xm.lianjia.com/ershoufang/105116013038.html,['235'],"['26,530元/平']",0人关注 ,3室2厅1厨2卫,['中楼层/共30层'],['南 北'],['平层/精装'],['88.58平米'],['2018年建'],['龙湖春江彼岸二期'],['海沧'],['马銮湾中心片区'],有,两梯五户,['2024-02-05'],['2020-05-20']
2794,['鼓浪屿南北通透两房，户型方正居住舒适'],https://xm.lianjia.com/ershoufang/105108593297.html,['228'],"['33,778元/平']",17人关注 ,2室1厅1厨1卫,['低楼层/共3层'],['南 北'],['平层/简装'],['67.5平米'],['未知年建'],['鼓浪屿内厝澳路'],['思明'],['鼓浪屿'],无,暂无数据,['2021-09-01'],['2017-12-12']
2795,['东南朝向 刚需小两房 阳光充足'],https://xm.lianjia.com/ershoufang/105113225703.html,['158'],"['30,951元/平']",1人关注 ,1室1厅1厨1卫,['低楼层/共11层'],['东南'],['平层/精装'],['51.05平米'],['2000年建'],['兴港花园三期'],['海沧'],['海沧外国语片区'],有,一梯六户,['2023-04-02'],['2018-05-06']
2796,['泉水湾复式2*办公楼，嘉庚体育馆'],https://xm.lianjia.com/ershoufang/105105971795.html,['116'],"['33,459元/平']",5人关注 ,2室1厅1厨1卫,['低楼层/共3层'],['北'],['复式/精装'],['34.67平米'],['2013年建'],['泉水湾SOHO'],['集美'],['集美其它'],有,一梯十二户,['2020-12-08'],['2016-11-21']
2797,['07年封闭式小区，吕厝双地铁口，大三房两卫，底价格'],https://xm.lianjia.com/ershoufang/105115380469.html,['508'],"['45,899元/平']",0人关注 ,3室2厅1厨2卫,['低楼层/共27层'],['东北'],['平层/简装'],['110.68平米'],['2004年建'],['冠宏花园'],['湖里'],['江头'],有,三梯八户,['2023-11-20'],['2009-12-30']
2798,['禹州云顶国际，精装两房，高层朝南户型，交通便利'],https://xm.lianjia.com/ershoufang/105113249169.html,['625'],"['66,703元/平']",0人关注 ,2室2厅1厨1卫,['高楼层/共28层'],['南'],['平层/精装'],['93.7平米'],['2015年建'],['禹洲云顶国际'],['思明'],['金鸡亭'],有,两梯四户,['2023-04-04'],['2016-12-26']
2799,['锦绣祥安，高楼层的精装两房，采光好格局方正'],https://xm.lianjia.com/ershoufang/105113397448.html,['151'],"['18,242元/平']",0人关注 ,2室1厅1厨1卫,['高楼层/共18层'],['东 南 北'],['平层/精装'],['82.78平米'],['2010年建'],['锦绣祥安'],['翔安'],['马巷'],有,两梯四户,['2023-04-17'],['2019-01-25']
2800,['产权满二 户型朝南 采光好，精装修，房东诚售'],https://xm.lianjia.com/ershoufang/105111345972.html,['113'],"['26,976元/平']",0人关注 ,1室1厅1厨1卫,['低楼层/共18层'],['南'],['平层/精装'],['41.89平米'],['2013年建'],['特房黎安小镇A区'],['翔安'],['马巷'],有,两梯六户,['2022-08-26'],['2020-08-12']
2801,['在小区中庭，视野开阔，多9平方入户 东边套采光好'],https://xm.lianjia.com/ershoufang/105114080634.html,['398'],"['39,001元/平']",1人关注 ,2室2厅1厨2卫,['低楼层/共31层'],['南 东'],['平层/毛坯'],['102.05平米'],['2013年建'],['绿苑新城三组团'],['海沧'],['滨海社区'],有,两梯四户,['2023-06-26'],['2015-11-21']
2802,['同安大唐世家三期 交通便利 看房方便'],https://xm.lianjia.com/ershoufang/105111162843.html,['168'],"['20,271元/平']",1人关注 ,3室2厅1厨2卫,['高楼层/共32层'],['北'],['平层/精装'],['82.88平米'],['2013年建'],['同安大唐世家三期'],['同安'],['同安其它'],有,两梯八户,['2022-08-05'],['2019-01-30']
2803,['此房满2年，南，视野宽阔，采光充足，自住精装'],https://xm.lianjia.com/ershoufang/105114872714.html,['183'],"['24,482元/平']",0人关注 ,2室1厅1厨1卫,['中楼层/共18层'],['南'],['平层/精装'],['74.75平米'],['2009年建'],['美地雅登祥吴三里'],['翔安'],['新店'],有,两梯四户,['2023-09-22'],['2020-03-16']
2804,['精装修2房，全屋智能家居 厅带阳台朝南，中间楼层，'],https://xm.lianjia.com/ershoufang/105112666344.html,['158'],"['19,942元/平']",0人关注 ,2室1厅1厨1卫,['高楼层/共33层'],['南'],['平层/其他'],['79.23平米'],['2016年建'],['海翼0592'],['翔安'],['马巷'],有,两梯四户,['2023-02-15'],['2019-05-30']
2805,['北附 高档社区 海沧天源 舒适户型 精装修  买房带车位'],https://xm.lianjia.com/ershoufang/105112859911.html,['498'],"['35,335元/平']",1人关注 ,3室2厅1厨2卫,['中楼层/共33层'],['南 北'],['平层/精装'],['140.94平米'],['2015年建'],['海投天源'],['海沧'],['海沧体育中心'],有,两梯两户,['2023-03-02'],['2019-05-24']
2806,['湖海双景，前无遮挡，视野开阔.高档装修.'],https://xm.lianjia.com/ershoufang/105112751145.html,['680'],"['40,585元/平']",3人关注 ,4室2厅1厨2卫,['高楼层/共31层'],['东南'],['平层/精装'],['167.55平米'],['2015年建'],['1号公馆'],['海沧'],['海沧生活区'],有,两梯两户,['2023-02-21'],['2016-01-06']
2807,['此房业主自住精装，好楼层，视野无遮挡。'],https://xm.lianjia.com/ershoufang/105113099302.html,['400'],"['22,684元/平']",0人关注 ,6室4厅2厨4卫,['高楼层/共18层'],['南 北'],['复式/精装'],['176.34平米'],['2013年建'],['美地雅登一里'],['翔安'],['新店'],有,两梯两户,['2023-03-22'],['2014-01-03']
2808,['思北小旁低总价朝南2房精装带家电拎包入住，近地铁口'],https://xm.lianjia.com/ershoufang/105114883323.html,['318'],"['64,451元/平']",0人关注 ,2室1厅1厨1卫,['高楼层/共6层'],['南'],['平层/精装'],['49.34平米'],['未知年建'],['大同路'],['思明'],['中山路'],无,暂无数据,['2023-09-23'],['2020-06-22']
2809,['万科精装四房，业主诚意出售，价优可谈'],https://xm.lianjia.com/ershoufang/105113253633.html,['300'],"['33,397元/平']",0人关注 ,4室2厅1厨2卫,['中楼层/共17层'],['南'],['平层/精装'],['89.83平米'],['2020年建'],['万科金域缇香'],['翔安'],['马巷'],暂无数据,暂无数据,['2023-04-04'],['2020-09-17']
2810,['未来海岸浪琴湾一楼大三房，前后有院子'],https://xm.lianjia.com/ershoufang/105111180434.html,['410'],"['35,088元/平']",3人关注 ,4室1厅1厨3卫,['低楼层/共8层'],['东'],['平层/简装'],['116.85平米'],['2005年建'],['未来海岸浪琴湾'],['海沧'],['未来海岸北师大'],有,一梯四户,['2022-08-07'],['2016-03-15']
2811,['吕厝地铁口，新装婚房，拎包即可入住'],https://xm.lianjia.com/ershoufang/105111552796.html,['518'],"['43,585元/平']",1人关注 ,3室2厅1厨2卫,['低楼层/共30层'],['西北'],['平层/精装'],['118.85平米'],['1999年建'],['东方巴黎广场'],['湖里'],['江头'],有,三梯五户,['2022-09-19'],['2018-10-24']
2812,['格局通透 视野无遮挡 日照时间长 位置佳'],https://xm.lianjia.com/ershoufang/105114053411.html,['488'],"['38,857元/平']",0人关注 ,3室2厅1厨1卫,['中楼层/共33层'],['南'],['平层/简装'],['125.59平米'],['1999年建'],['国联大厦'],['湖里'],['江头'],有,三梯八户,['2023-06-23'],['2015-02-26']
2813,['2000年思明区正规一房 中间楼层 东南朝向 边套视野好'],https://xm.lianjia.com/ershoufang/105115137456.html,['230'],"['60,084元/平']",0人关注 ,1室1厅1厨1卫,['中楼层/共7层'],['东南'],['平层/简装'],['38.28平米'],['2000年建'],['中兴阁'],['思明'],['金鸡亭'],无,暂无数据,['2023-10-24'],['2009-05-21']
2814,['满二年 配套齐全 交通方便，采光充足，一站进岛'],https://xm.lianjia.com/ershoufang/105109901565.html,['358'],"['39,182元/平']",5人关注 ,2室2厅1厨1卫,['低楼层/共30层'],['东南'],['平层/精装'],['91.37平米'],['2010年建'],['泉舜滨海上城'],['海沧'],['滨海社区'],有,两梯六户,['2022-02-26'],['2019-05-04']
2815,['此房配套齐全，杏锦路地铁口600米，业主诚意出售'],https://xm.lianjia.com/ershoufang/105108088317.html,['225'],"['45,566元/平']",19人关注 ,1室1厅1厨1卫,['低楼层/共33层'],['南 北'],['平层/精装'],['49.38平米'],['2018年建'],['国贸天悦'],['集美'],['杏北'],有,两梯四户,['2021-07-24'],['2021-11-10']
2816,['楼层好，采光充足，视野开阔，配套齐全，交通便利，'],https://xm.lianjia.com/ershoufang/105107476355.html,['446'],"['57,504元/平']",38人关注 ,2室2厅1厨1卫,['中楼层/共16层'],['东 南'],['平层/简装'],['77.56平米'],['2002年建'],['都市华庭'],['湖里'],['江头'],有,一梯八户,['2021-05-30'],['2013-04-15']
2817,['地铁2号线旁精明房型稳定出售。'],https://xm.lianjia.com/ershoufang/105106711688.html,['440'],"['40,734元/平']",105人关注 ,3室2厅1厨2卫,['高楼层/共7层'],['南 北'],['平层/精装'],['108.02平米'],['1993年建'],['东渡华城'],['湖里'],['东渡'],无,暂无数据,['2021-03-20'],['2007-03-20']
2818,['滨安花园南北大三房，业主自住，看房方便'],https://xm.lianjia.com/ershoufang/105109715269.html,['190'],"['15,532元/平']",0人关注 ,3室2厅1厨2卫,['低楼层/共6层'],['南'],['平层/简装'],['122.33平米'],['2011年建'],['后滨安置房一期'],['翔安'],['马巷'],暂无数据,暂无数据,['2022-01-25'],['2018-08-10']
2819,['小三房，精装自住，南北朝向，格局方正，拎包可住'],https://xm.lianjia.com/ershoufang/105112819089.html,['288'],"['37,667元/平']",1人关注 ,3室2厅1厨1卫,['中楼层/共7层'],['南 北'],['平层/精装'],['76.46平米'],['2009年建'],['集美中心花园'],['集美'],['集美文教区'],无,暂无数据,['2023-02-27'],['2019-12-11']
2820,['环东海域、保利大别墅、有天有地大花园、产权满二'],https://xm.lianjia.com/ershoufang/105112771071.html,['1300'],"['67,642元/平']",2人关注 ,5室2厅1厨3卫,['低楼层/共3层'],['南 北'],['跃层/毛坯'],['192.19平米'],['未知年建'],['保利叁仟栋二期'],['同安'],['环东海域'],暂无数据,暂无数据,['2023-02-23'],['2020-06-19']
2821,['中航城A 高楼层精装修 四房通透 看园博苑一线海景'],https://xm.lianjia.com/ershoufang/105112665009.html,['562'],"['35,271元/平']",1人关注 ,4室2厅1厨2卫,['低楼层/共47层'],['东 西'],['平层/精装'],['159.34平米'],['2014年建'],['中航城A区'],['集美'],['杏锦路'],有,三梯五户,['2023-02-15'],['2018-08-27']
2822,['中骏蓝湾尚都，精装3房2卫，南北通透双阳台'],https://xm.lianjia.com/ershoufang/105110917095.html,['233'],"['20,049元/平']",0人关注 ,3室2厅1厨2卫,['中楼层/共16层'],['南 北'],['平层/精装'],['116.22平米'],['2013年建'],['中骏蓝湾尚都'],['翔安'],['马巷'],有,两梯四户,['2022-07-05'],['2013-11-26']
2823,['益辉花园 正规一房一厅 中间楼层 小区中庭'],https://xm.lianjia.com/ershoufang/105112179771.html,['295'],"['52,887元/平']",1人关注 ,1室1厅1厨1卫,['中楼层/共7层'],['东南'],['平层/简装'],['55.78平米'],['2001年建'],['益辉花园'],['思明'],['瑞景'],无,暂无数据,['2022-12-02'],['2013-12-19']
2824,['精装3房，客厅朝南，业主置换诚意出售'],https://xm.lianjia.com/ershoufang/105111767653.html,['355'],"['39,701元/平']",2人关注 ,3室2厅1厨2卫,['低楼层/共18层'],['南'],['平层/精装'],['89.42平米'],['2011年建'],['绿苑新城一组团'],['海沧'],['滨海社区'],有,两梯四户,['2022-10-14'],['2014-04-30']
2825,['户型方正 采光充足 配套设施齐全 交通便利 免物业费'],https://xm.lianjia.com/ershoufang/105114014989.html,['120'],"['13,715元/平']",0人关注 ,3室2厅1厨1卫,['低楼层/共6层'],['南 北'],['平层/精装'],['87.5平米'],['1993年建'],['巷西二里'],['翔安'],['马巷'],无,暂无数据,['2023-06-17'],['2018-04-08']
2826,['楼层好，精装小户型，挑高户型，交通配套成熟'],https://xm.lianjia.com/ershoufang/105113953210.html,['40'],"['19,021元/平']",9人关注 ,1室1厅0厨1卫,['高楼层/共11层'],['东'],['精装'],['21.03平米'],['2012年建'],['永建顶尚'],['湖里'],['枋湖'],有,两梯三十二户,['2023-06-11'],['2013-11-20']
2827,['房子业主自住保养不错  三面采光'],https://xm.lianjia.com/ershoufang/105113811486.html,['130'],"['11,196元/平']",2人关注 ,3室2厅1厨1卫,['高楼层/共6层'],['南 北'],['平层/精装'],['116.12平米'],['未知年建'],['下苏巷'],['翔安'],['马巷'],暂无数据,暂无数据,['2023-05-28'],['2014-05-22']
2828,['火车站烫金地段，精装电梯高层2房，可拎包入住'],https://xm.lianjia.com/ershoufang/105112675536.html,['266'],"['54,319元/平']",0人关注 ,2室1厅1厨1卫,['高楼层/共25层'],['北'],['平层/精装'],['48.97平米'],['2006年建'],['益泰大厦'],['思明'],['火车站'],有,三梯十四户,['2023-02-16'],['2016-06-24']
2829,['温莎公馆旁电梯楼中楼前后带露台南北通透'],https://xm.lianjia.com/ershoufang/105111541201.html,['1000'],"['57,948元/平']",0人关注 ,4室2厅1厨3卫,['低楼层/共28层'],['南 北'],['复式/精装'],['172.57平米'],['2017年建'],['新景七星府邸'],['湖里'],['金尚'],有,两梯四户,['2022-09-18'],['2018-03-29']
2830,['环东海域 高层看海景，朝南双阳台，进岛快'],https://xm.lianjia.com/ershoufang/105110012072.html,['215'],"['26,067元/平']",1人关注 ,2室2厅1厨1卫,['高楼层/共30层'],['东南'],['平层/简装'],['82.48平米'],['2012年建'],['禹洲大学城'],['同安'],['集美其它'],有,三梯四户,['2022-03-10'],['2016-11-11']
2831,['新景七星楼中楼 、精装四房、双阳台'],https://xm.lianjia.com/ershoufang/105109095067.html,['1118'],"['65,484元/平']",15人关注 ,4室2厅1厨2卫,['高楼层/共28层'],['南'],['跃层/精装'],['170.73平米'],['2017年建'],['新景七星府邸'],['湖里'],['金尚'],有,两梯四户,['2021-10-25'],['2018-10-25']
2832,['锦绣翔安  格局通透  拎包入住 满二省税'],https://xm.lianjia.com/ershoufang/105109747264.html,['172'],"['19,996元/平']",11人关注 ,2室1厅1厨1卫,['低楼层/共11层'],['南'],['平层/精装'],['86.02平米'],['2009年建'],['锦绣祥安'],['翔安'],['马巷'],有,两梯四户,['2022-02-09'],['2015-12-25']
2833,['五缘湾 联发五缘湾一号 精装5方 南北通透'],https://xm.lianjia.com/ershoufang/105116534158.html,['1199'],"['75,192元/平']",0人关注 ,5室1厅1厨3卫,['中楼层/共16层'],['南 北'],['平层/精装'],['159.46平米'],['2008年建'],['联发五缘湾1号'],['湖里'],['五缘湾'],有,两梯两户,['2024-03-30'],['2010-01-06']
2834,['产权证满2年省税，高楼层，采光好，精装修，未占用'],https://xm.lianjia.com/ershoufang/105111515757.html,['235'],"['27,700元/平']",0人关注 ,2室1厅1厨1卫,['高楼层/共32层'],['南'],['平层/精装'],['84.84平米'],['2018年建'],['特房银溪墅府图尔花园'],['翔安'],['环东海域'],有,两梯四户,['2022-09-15'],['2019-09-04']
2835,['此房满二，业主自住精装修，户型方正，采光好'],https://xm.lianjia.com/ershoufang/105111685628.html,['225'],"['19,870元/平']",2人关注 ,3室2厅1厨2卫,['低楼层/共15层'],['南 北'],['平层/精装'],['113.24平米'],['2013年建'],['中骏蓝湾尚都'],['翔安'],['马巷'],有,两梯四户,['2022-10-05'],['2016-04-21']
2836,['彼岸小区 海景一排 高楼层海景视野佳 阳光明媚'],https://xm.lianjia.com/ershoufang/105112440282.html,['650'],"['45,911元/平']",1人关注 ,3室2厅1厨2卫,['低楼层/共32层'],['南 北'],['平层/精装'],['141.58平米'],['2013年建'],['彼岸'],['海沧'],['滨海社区'],有,三梯六户,['2023-01-12'],['2016-12-20']
2837,['金帝中洲滨海城  同安新城 楼中楼3房2厅2卫'],https://xm.lianjia.com/ershoufang/105112456181.html,['300'],"['23,083元/平']",0人关注 ,3室2厅1厨2卫,['中楼层/共31层'],['南'],['平层/精装'],['129.97平米'],['2017年建'],['金帝中洲滨海城'],['同安'],['环东海域'],有,两梯三户,['2023-01-18'],['2018-12-31']
2838,['地铁二号线  两梯两户  南北通透三房'],https://xm.lianjia.com/ershoufang/105115824577.html,['488'],"['38,221元/平']",0人关注 ,3室1厅1厨2卫,['中楼层/共23层'],['南 北'],['平层/简装'],['127.68平米'],['2010年建'],['天心岛'],['海沧'],['滨海社区'],有,两梯两户,['2024-01-10'],['2020-07-16']
2839,['此房满二省增值税，三房两厅，大客厅 ，大房间'],https://xm.lianjia.com/ershoufang/105113860909.html,['453'],"['35,397元/平']",0人关注 ,3室2厅1厨3卫,['中楼层/共31层'],['东南 南 西南'],['跃层/精装'],['127.98平米'],['2015年建'],['IOI园博湾'],['集美'],['杏锦路'],有,四梯十户,['2023-06-02'],['2018-03-19']
2840,['特房品质小区，精装修边套三房，书包就在家门口'],https://xm.lianjia.com/ershoufang/105116714275.html,['210'],"['24,064元/平']",0人关注 ,3室2厅1厨1卫,['低楼层/共32层'],['南 北'],['平层/精装'],['87.27平米'],['2020年建'],['特房莱昂公馆一期'],['翔安'],['环东海域'],暂无数据,暂无数据,['2024-04-17'],['2022-02-09']
2841,['格局方正，双阳台 ，三面采光，双卫设计，出行方便'],https://xm.lianjia.com/ershoufang/105116367336.html,['459'],"['38,073元/平']",0人关注 ,3室2厅1厨2卫,['中楼层/共6层'],['南 北'],['平层/精装'],['120.56平米'],['2001年建'],['广顺花园'],['思明'],['莲前'],无,暂无数据,['2024-03-15'],['2010-09-06']
2842,['区政府 地铁口 正规两房 南北对流 看房方便 诚意出售'],https://xm.lianjia.com/ershoufang/105116435085.html,['182'],"['20,918元/平']",0人关注 ,2室2厅1厨1卫,['高楼层/共8层'],['南 北'],['平层/简装'],['87.01平米'],['2001年建'],['泉舜信海花园'],['海沧'],['海沧生活区'],无,暂无数据,['2024-03-21'],['2015-07-16']
2843,['凯悦新城高层朝南一房 看中庭安静 光线好'],https://xm.lianjia.com/ershoufang/105115566221.html,['307'],"['62,058元/平']",1人关注 ,1室1厅1厨1卫,['高楼层/共13层'],['南'],['平层/简装'],['49.47平米'],['2013年建'],['凯悦新城'],['湖里'],['枋湖'],有,两梯八户,['2023-12-09'],['2018-10-11']
2844,['万象城商圈罗宾森二期带小区自带幼稚园'],https://xm.lianjia.com/ershoufang/105115903605.html,['288'],"['54,136元/平']",4人关注 ,2室1厅1厨1卫,['低楼层/共33层'],['东'],['平层/精装'],['53.2平米'],['2017年建'],['罗宾森购物广场二期'],['思明'],['火车站'],有,四梯二十户,['2024-01-18'],['2018-12-11']
2845,['全明通透，户型佳，电梯房2005年，精装修 5-4年级'],https://xm.lianjia.com/ershoufang/105115191606.html,['638'],"['55,239元/平']",0人关注 ,4室2厅1厨2卫,['低楼层/共27层'],['东'],['平层/精装'],['115.5平米'],['2005年建'],['山木清华'],['思明'],['莲前'],有,三梯八户,['2023-10-30'],['2019-01-15']
2846,['嘉盛正规三房南北通透双阳台，全明，朝南，视野无遮挡'],https://xm.lianjia.com/ershoufang/105111841020.html,['450'],"['39,100元/平']",19人关注 ,3室2厅1厨2卫,['高楼层/共6层'],['南 北'],['平层/简装'],['115.09平米'],['2005年建'],['嘉盛豪园南区'],['思明'],['瑞景'],无,暂无数据,['2022-10-22'],['2005-12-28']
2847,['锦绣祥安 精装修大两房 业主急售 看房方便'],https://xm.lianjia.com/ershoufang/105113056205.html,['139'],"['18,295元/平']",0人关注 ,2室2厅1厨1卫,['低楼层/共18层'],['南 北'],['平层/精装'],['75.98平米'],['2014年建'],['锦绣祥安'],['翔安'],['马巷'],有,两梯四户,['2023-03-18'],['2017-12-28']
2848,['自住精装大两房  满五省税  拎包入住'],https://xm.lianjia.com/ershoufang/105113325441.html,['152'],"['20,599元/平']",0人关注 ,2室2厅1厨1卫,['中楼层/共18层'],['南 北'],['平层/精装'],['73.79平米'],['2014年建'],['锦绣祥安'],['翔安'],['马巷'],有,两梯四户,['2023-04-11'],['2018-05-09']
2849,['万科大两房业主诚意出售，看房有钥匙'],https://xm.lianjia.com/ershoufang/105115825352.html,['146'],"['19,800元/平']",0人关注 ,2室2厅1厨1卫,['中楼层/共35层'],['南'],['平层/简装'],['73.74平米'],['2011年建'],['万科金色悦城'],['翔安'],['马巷'],有,两梯四户,['2024-01-10'],['2013-12-25']
2850,['业主诚意出售，满2，客厅带大阳台'],https://xm.lianjia.com/ershoufang/105114013973.html,['260'],"['54,428元/平']",1人关注 ,2室1厅1厨1卫,['中楼层/共28层'],['南'],['平层/精装'],['47.77平米'],['2004年建'],['新景园'],['湖里'],['江头'],有,两梯七户,['2023-06-17'],['2021-04-09']
2851,['锦绣祥安精装单身公寓楼层好采光好看房方便'],https://xm.lianjia.com/ershoufang/105114408383.html,['85'],"['23,029元/平']",2人关注 ,1室0厅1厨1卫,['高楼层/共18层'],['南'],['平层/精装'],['36.91平米'],['2014年建'],['锦绣祥安'],['翔安'],['马巷'],有,两梯四户,['2023-08-02'],['2021-03-22']
2852,['中环花园 1室0厅 东'],https://xm.lianjia.com/ershoufang/105116560678.html,['128'],"['38,175元/平']",1人关注 ,1室0厅0厨1卫,['中楼层/共17层'],['东'],['平层/简装'],['33.53平米'],['2001年建'],['中环花园'],['湖里'],['江头'],有,两梯十八户,['2024-04-02'],['2020-07-23']
2853,['自住装修，可以拎包入住，4房，采光好，视野开阔。'],https://xm.lianjia.com/ershoufang/105115071483.html,['510'],"['44,218元/平']",2人关注 ,4室2厅1厨2卫,['中楼层/共29层'],['南 北'],['平层/精装'],['115.34平米'],['2010年建'],['海晟维多利亚'],['海沧'],['滨海社区'],有,两梯四户,['2023-10-16'],['2013-10-17']
2854,['厅带阳台朝南大两房！出行方便！适合刚需购房群体！'],https://xm.lianjia.com/ershoufang/105114998240.html,['315'],"['42,408元/平']",0人关注 ,2室1厅1厨1卫,['高楼层/共8层'],['南 北'],['平层/精装'],['74.28平米'],['2003年建'],['文屏山庄'],['思明'],['文灶'],无,暂无数据,['2023-10-08'],['2013-08-26']
2855,['好楼层好楼栋 二次软装 诚意出售！！'],https://xm.lianjia.com/ershoufang/105115057655.html,['525'],"['40,416元/平']",1人关注 ,4室2厅1厨2卫,['高楼层/共33层'],['东南'],['平层/精装'],['129.9平米'],['2022年建'],['中交国贸鹭原'],['集美'],['杏北'],有,两梯四户,['2023-10-15'],['2023-04-11']
2856,['公园片区 祥和广场大3房  电梯高楼层 视野好看湖'],https://xm.lianjia.com/ershoufang/105115222079.html,['850'],"['62,940元/平']",0人关注 ,3室2厅1厨2卫,['高楼层/共32层'],['东北'],['平层/简装'],['135.05平米'],['1999年建'],['祥和广场'],['思明'],['公园小学及周边'],有,三梯六户,['2023-11-02'],['2002-09-27']
2857,['满五金秋花园两房中间楼层南北向小区中庭'],https://xm.lianjia.com/ershoufang/105114040907.html,['412'],"['50,049元/平']",0人关注 ,2室1厅1厨1卫,['低楼层/共6层'],['南 北'],['平层/简装'],['82.32平米'],['2000年建'],['金秋花园'],['湖里'],['金尚'],无,暂无数据,['2023-06-21'],['2003-12-04']
2858,['海晟维多利亚 4室2厅 南 北'],https://xm.lianjia.com/ershoufang/105116040142.html,['750'],"['43,945元/平']",0人关注 ,4室2厅1厨2卫,['高楼层/共33层'],['南 北'],['平层/精装'],['170.67平米'],['2011年建'],['海晟维多利亚'],['海沧'],['滨海社区'],有,三梯四户,['2024-02-18'],['2016-06-17']
2859,['罗宾森二期封闭管理小区小户型 中高层 精装修 视野好'],https://xm.lianjia.com/ershoufang/105113664777.html,['302'],"['56,640元/平']",1人关注 ,1室1厅1厨1卫,['中楼层/共33层'],['西'],['平层/精装'],['53.32平米'],['2017年建'],['罗宾森购物广场二期'],['思明'],['火车站'],有,四梯二十户,['2023-05-13'],['2017-07-11']
2860,['店长推荐，精装四房，满足三代人住房需求'],https://xm.lianjia.com/ershoufang/105115919015.html,['230'],"['25,604元/平']",1人关注 ,4室2厅1厨2卫,['中楼层/共17层'],['南 北'],['平层/精装'],['89.83平米'],['2020年建'],['万科金域缇香'],['翔安'],['马巷'],暂无数据,暂无数据,['2024-01-20'],['2020-09-17']
2861,['格局方正，采光充足，生活配套齐，海景房'],https://xm.lianjia.com/ershoufang/105112493313.html,['360'],"['30,665元/平']",1人关注 ,3室1厅1厨2卫,['高楼层/共23层'],['南 北'],['平层/精装'],['117.4平米'],['2005年建'],['汇景佳园'],['海沧'],['未来海岸北师大'],有,两梯四户,['2023-01-31'],['2007-07-04']
2862,['新港龙花园 3室2厅 南 北'],https://xm.lianjia.com/ershoufang/105116400959.html,['550'],"['46,053元/平']",1人关注 ,3室2厅1厨2卫,['中楼层/共8层'],['南 北'],['平层/简装'],['119.43平米'],['1999年建'],['新港龙花园'],['思明'],['莲坂'],有,两梯四户,['2024-03-18'],['2009-08-26']
2863,['莲花新城悦园 精装温馨小三房 拎包入住'],https://xm.lianjia.com/ershoufang/105114560215.html,['319'],"['35,067元/平']",0人关注 ,3室2厅1厨1卫,['低楼层/共29层'],['东南'],['平层/精装'],['90.97平米'],['2012年建'],['莲花新城三期'],['集美'],['集美新城'],有,两梯四户,['2023-08-19'],['2017-05-19']
2864,['滨水二里精装修二房，配套齐全，拎包入住'],https://xm.lianjia.com/ershoufang/105115130218.html,['195'],"['31,457元/平']",0人关注 ,2室1厅1厨1卫,['中楼层/共17层'],['南'],['平层/精装'],['61.99平米'],['2014年建'],['滨水二里'],['集美'],['集美新城'],有,两梯四户,['2023-10-23'],['2020-05-25']
2865,['水晶湖郡华大片区沿湖前排位置安静看湖景观'],https://xm.lianjia.com/ershoufang/105112829746.html,['405'],"['35,288元/平']",0人关注 ,3室2厅1厨1卫,['低楼层/共27层'],['南'],['平层/简装'],['114.77平米'],['2014年建'],['水晶湖郡A区'],['集美'],['集美新城'],有,两梯三户,['2023-02-28'],['2016-03-01']
2866,['惠鸿花园 2室1厅 南'],https://xm.lianjia.com/ershoufang/105114338984.html,['350'],"['37,990元/平']",0人关注 ,2室1厅1厨1卫,['低楼层/共7层'],['南'],['平层/简装'],['92.13平米'],['2001年建'],['惠鸿花园'],['湖里'],['金尚'],无,暂无数据,['2023-07-25'],['2004-05-28']
2867,['地铁口  精装修 户型方正  采光好'],https://xm.lianjia.com/ershoufang/105114068059.html,['325'],"['32,188元/平']",0人关注 ,2室2厅1厨1卫,['高楼层/共45层'],['东南 南'],['平层/精装'],['100.97平米'],['2017年建'],['西雅图'],['海沧'],['海沧外国语片区'],有,三梯四户,['2023-06-25'],['2018-09-04']
2868,['联发品质，朝南2房，精装自住装修，满五年'],https://xm.lianjia.com/ershoufang/105113946999.html,['520'],"['59,798元/平']",0人关注 ,2室2厅1厨2卫,['低楼层/共12层'],['南'],['平层/精装'],['86.96平米'],['2013年建'],['联发欣悦园'],['湖里'],['枋湖'],有,一梯四户,['2023-06-10'],['2016-05-04']
2869,['松柏华庭 高层精装修 一梯两户带电梯'],https://xm.lianjia.com/ershoufang/105114771379.html,['896'],"['68,565元/平']",0人关注 ,4室2厅1厨2卫,['高楼层/共12层'],['南 北'],['平层/简装'],['130.68平米'],['2003年建'],['松柏华庭'],['思明'],['SM'],有,两梯两户,['2023-09-11'],['2016-05-13']
2870,['华岳山庄封闭式小区大平层4房2厅3卫'],https://xm.lianjia.com/ershoufang/105114562725.html,['1088'],"['51,324元/平']",0人关注 ,5室2厅1厨4卫,['低楼层/共12层'],['南 北'],['平层/简装'],['211.99平米'],['2002年建'],['华岳山庄'],['思明'],['SM'],暂无数据,暂无数据,['2023-08-19'],['2021-01-18']
2871,['地铁口   精装房   品质小区  配套齐全'],https://xm.lianjia.com/ershoufang/105113599586.html,['400'],"['28,877元/平']",1人关注 ,4室2厅1厨2卫,['中楼层/共45层'],['南 北'],['平层/精装'],['138.52平米'],['2017年建'],['西雅图'],['海沧'],['海沧外国语片区'],有,三梯四户,['2023-05-07'],['2018-08-22']
2872,['此房准电梯字已签。二房朝南 格局方正  南北通透'],https://xm.lianjia.com/ershoufang/105108212574.html,['420'],"['60,207元/平']",3人关注 ,2室1厅1厨1卫,['高楼层/共8层'],['南 北'],['平层/精装'],['69.76平米'],['1995年建'],['屿后南里'],['思明'],['松柏'],无,暂无数据,['2021-08-02'],['2009-12-31']
2873,['莲坂地铁口，富山，电梯单间出售'],https://xm.lianjia.com/ershoufang/105113011530.html,['248'],"['80,026元/平']",0人关注 ,1室0厅0厨1卫,['中楼层/共11层'],['北'],['平层/简装'],['30.99平米'],['2000年建'],['大洲新世纪广场'],['思明'],['富山'],有,一梯八户,['2023-03-14'],['2020-07-09']
2874,['枋湖，精装一房一厅，满二，全明格局，拎包入住'],https://xm.lianjia.com/ershoufang/105111607292.html,['271'],"['62,043元/平']",0人关注 ,1室1厅1厨1卫,['低楼层/共12层'],['北'],['平层/精装'],['43.68平米'],['2010年建'],['东晖广场'],['湖里'],['枋湖'],有,两梯八户,['2022-09-25'],['2020-05-14']
2875,['户型方正，客厅朝南带阳台，动静分离'],https://xm.lianjia.com/ershoufang/105114272824.html,['185'],"['19,497元/平']",0人关注 ,2室2厅1厨1卫,['低楼层/共24层'],['南'],['平层/毛坯'],['94.89平米'],['2017年建'],['金帝中洲滨海城'],['同安'],['环东海域'],有,四梯三户,['2023-07-18'],['2021-06-28']
2876,['店长推荐 锦绣祥安 精装两房 业主急售 看房随时！'],https://xm.lianjia.com/ershoufang/105114094788.html,['120'],"['22,084元/平']",1人关注 ,2室1厅1厨1卫,['中楼层/共11层'],['南 北'],['平层/精装'],['54.34平米'],['2009年建'],['锦绣祥安'],['翔安'],['马巷'],有,两梯八户,['2023-06-28'],['2021-03-31']
2877,['高层，视野好，精装修，拎包入住'],https://xm.lianjia.com/ershoufang/105114905134.html,['1230'],"['76,751元/平']",0人关注 ,3室1厅1厨2卫,['高楼层/共39层'],['南 北'],['平层/精装'],['160.26平米'],['2015年建'],['源昌君悦山思明'],['思明'],['莲前'],有,两梯三户,['2023-09-26'],['2017-03-29']
2878,['莲坂地铁 BRT交通便利 电梯高层南北'],https://xm.lianjia.com/ershoufang/105112231250.html,['450'],"['55,053元/平']",1人关注 ,2室2厅1厨1卫,['中楼层/共18层'],['北'],['平层/精装'],['81.74平米'],['2003年建'],['阳光百合'],['思明'],['火车站'],有,两梯八户,['2022-12-08'],['2020-11-19']
2879,"['地铁壹号线中山公园地铁口 中山公园旁 ,使用面积大']",https://xm.lianjia.com/ershoufang/105111489540.html,['675'],"['123,311元/平']",2人关注 ,3室1厅1厨1卫,['低楼层/共7层'],['南 北'],['平层/简装'],['54.74平米'],['1984年建'],['兴华路'],['思明'],['实验小学及周边'],无,暂无数据,['2022-09-12'],['2020-06-24']
2880,['满二年 配套齐全 交通方便，采光充足，一站进岛'],https://xm.lianjia.com/ershoufang/105109901565.html,['358'],"['39,182元/平']",5人关注 ,2室2厅1厨1卫,['低楼层/共30层'],['东南'],['平层/精装'],['91.37平米'],['2010年建'],['泉舜滨海上城'],['海沧'],['滨海社区'],有,两梯六户,['2022-02-26'],['2019-05-04']
2881,['2000年思明区正规一房 中间楼层 东南朝向 边套视野好'],https://xm.lianjia.com/ershoufang/105115137456.html,['230'],"['60,084元/平']",0人关注 ,1室1厅1厨1卫,['中楼层/共7层'],['东南'],['平层/简装'],['38.28平米'],['2000年建'],['中兴阁'],['思明'],['金鸡亭'],无,暂无数据,['2023-10-24'],['2009-05-21']
2882,['巷西大三房 无公摊 房东诚意出售'],https://xm.lianjia.com/ershoufang/105112904679.html,['123'],"['12,427元/平']",1人关注 ,3室1厅1厨2卫,['低楼层/共7层'],['南'],['平层/精装'],['98.98平米'],['未知年建'],['巷西二里'],['翔安'],['马巷'],无,暂无数据,['2023-03-05'],['2006-03-27']
2883,['思明区封闭小区的大三房，格局方正。交通购物方便。'],https://xm.lianjia.com/ershoufang/105113167439.html,['600'],"['44,340元/平']",0人关注 ,3室2厅1厨2卫,['低楼层/共8层'],['南 北'],['平层/精装'],['135.32平米'],['1998年建'],['新金花园'],['思明'],['莲花'],无,暂无数据,['2023-03-28'],['2023-03-28']
2884,['锦绣三期正规两房，业主诚意出售，采光视野佳'],https://xm.lianjia.com/ershoufang/105112858336.html,['190'],"['20,919元/平']",0人关注 ,2室1厅1厨1卫,['高楼层/共18层'],['南'],['平层/精装'],['90.83平米'],['2015年建'],['锦绣祥安'],['翔安'],['马巷'],有,两梯三户,['2023-03-02'],['2017-10-26']
2885,['地铁口 精装电梯大4房 客厅朝南带阳台 视野好'],https://xm.lianjia.com/ershoufang/105114981253.html,['630'],"['39,666元/平']",0人关注 ,4室2厅1厨2卫,['高楼层/共21层'],['南'],['平层/精装'],['158.83平米'],['2001年建'],['长安大厦'],['湖里'],['江头'],有,三梯八户,['2023-10-07'],['2016-01-23']
2886,['万科品质  厅带阳台朝南  满五省个税  拎包入住'],https://xm.lianjia.com/ershoufang/105114565143.html,['145'],"['19,664元/平']",0人关注 ,2室2厅1厨1卫,['中楼层/共35层'],['南 北'],['平层/精装'],['73.74平米'],['2010年建'],['万科金色悦城'],['翔安'],['马巷'],有,两梯四户,['2023-08-19'],['2015-08-25']
2887,['品质社区，沿湖一线，精装大三房，两梯四户'],https://xm.lianjia.com/ershoufang/105114859297.html,['1300'],"['59,345元/平']",1人关注 ,3室2厅1厨2卫,['低楼层/共31层'],['西北'],['错层/精装'],['219.06平米'],['2003年建'],['佳苑星河'],['思明'],['白鹭洲'],有,两梯四户,['2023-09-20'],['2010-08-20']
2888,['双十旁边 复式楼中楼 东南向前排海景 业主诚售'],https://xm.lianjia.com/ershoufang/105114855504.html,['140'],"['22,329元/平']",2人关注 ,3室2厅1厨2卫,['中楼层/共26层'],['东南'],['跃层/精装'],['62.7平米'],['2016年建'],['融信海上城'],['海沧'],['滨海社区'],有,六梯二十户,['2023-09-20'],['2019-07-30']
2889,['国贸璟原边套，三房两卫。。。。。。。。'],https://xm.lianjia.com/ershoufang/105114909501.html,['300'],"['31,506元/平']",0人关注 ,3室2厅0厨2卫,['低楼层/共25层'],['东南'],['平层/精装'],['95.22平米'],['2021年建'],['国贸璟原'],['同安'],['环东海域'],有,两梯四户,['2023-09-26'],['2022-07-25']
2890,['吕厝地铁口 精装电梯高层 邻近江头公园 生活配套齐全'],https://xm.lianjia.com/ershoufang/105114986953.html,['380'],"['50,345元/平']",0人关注 ,2室1厅1厨1卫,['中楼层/共16层'],['南 北'],['平层/精装'],['75.48平米'],['2004年建'],['豪峰大厦'],['湖里'],['江头'],有,一梯十户,['2023-10-07'],['2019-12-02']
2891,['毛胚房 通透户型 看小区中庭，业主稳定'],https://xm.lianjia.com/ershoufang/105114634761.html,['210'],"['21,166元/平']",0人关注 ,3室2厅1厨2卫,['低楼层/共17层'],['西南'],['平层/毛坯'],['99.22平米'],['未知年建'],['海投自贸城'],['海沧'],['角嵩路'],暂无数据,暂无数据,['2023-08-27'],['2023-11-03']
2892,['万科品质 精装两房 万科物业 正规大两房 厅朝南'],https://xm.lianjia.com/ershoufang/105114687090.html,['145'],"['19,326元/平']",1人关注 ,2室2厅1厨1卫,['低楼层/共35层'],['南 北'],['平层/精装'],['75.03平米'],['2012年建'],['万科金色悦城'],['翔安'],['马巷'],有,两梯四户,['2023-09-02'],['2019-04-02']
2893,['此房满五，南北朝向，中低楼层，边套，有钥匙看房方便'],https://xm.lianjia.com/ershoufang/105115371353.html,['330'],"['33,764元/平']",0人关注 ,3室2厅1厨2卫,['中楼层/共7层'],['南 北'],['平层/简装'],['97.74平米'],['1999年建'],['集美中心花园'],['集美'],['集美文教区'],无,暂无数据,['2023-11-19'],['2021-08-16']
2894,['动静分离户型 采光好 安静舒适，使用面积大'],https://xm.lianjia.com/ershoufang/105115346287.html,['215'],"['21,455元/平']",0人关注 ,3室1厅1厨1卫,['低楼层/共35层'],['南 北'],['平层/简装'],['100.21平米'],['2015年建'],['泰禾红门'],['翔安'],['新店'],有,两梯六户,['2023-11-16'],['2016-08-05']
2895,['国贸怡祥大厦 高楼层看山看筼当湖景观 南北通透'],https://xm.lianjia.com/ershoufang/105114103321.html,['1020'],"['70,205元/平']",2人关注 ,4室2厅1厨2卫,['高楼层/共31层'],['南 北'],['平层/精装'],['145.29平米'],['2009年建'],['国贸怡祥大厦'],['思明'],['松柏'],有,三梯六户,['2023-06-29'],['2006-11-02']
2896,['店长推荐，锦绣祥安四期精装三房，中高楼层，视野好'],https://xm.lianjia.com/ershoufang/105115537712.html,['180'],"['19,934元/平']",0人关注 ,3室2厅1厨1卫,['中楼层/共18层'],['南'],['平层/精装'],['90.3平米'],['2015年建'],['锦绣祥安'],['翔安'],['马巷'],有,两梯三户,['2023-12-06'],['2017-05-31']
2897,['鹭景湾联排别墅，四层半，有天有地，带车库，视野开阔'],https://xm.lianjia.com/ershoufang/105116166325.html,['998'],"['58,227元/平']",0人关注 ,4室2厅1厨2卫,['低楼层/共4层'],['南'],['跃层/精装'],['171.4平米'],['2004年建'],['未来海岸鹭景湾'],['海沧'],['未来海岸北师大'],无,暂无数据,['2024-02-28'],['2013-08-02']
2898,['绿苑洋房系列 满五省个税 边套大阳台'],https://xm.lianjia.com/ershoufang/105116616046.html,['398'],"['43,665元/平']",0人关注 ,2室2厅1厨1卫,['中楼层/共11层'],['南'],['平层/精装'],['91.15平米'],['2011年建'],['绿苑新城二组团'],['海沧'],['滨海社区'],有,一梯两户,['2024-04-08'],['2018-08-01']
2899,['联排边套，地上三层，地下一层，露台多，有花园'],https://xm.lianjia.com/ershoufang/105116563630.html,['298'],"['23,852元/平']",2人关注 ,4室2厅1厨3卫,['低楼层/共3层'],['南'],['跃层/毛坯'],['124.94平米'],['未知年建'],['禹洲香溪里6#地块'],['同安'],['同安其它'],暂无数据,暂无数据,['2024-04-02'],['2017-11-16']
2900,['高楼层，可看海，南北向，精装三房，随时过户'],https://xm.lianjia.com/ershoufang/105113537275.html,['390'],"['31,968元/平']",0人关注 ,3室2厅1厨2卫,['高楼层/共32层'],['南'],['平层/精装'],['122平米'],['2018年建'],['特房银溪墅府图尔花园'],['翔安'],['环东海域'],有,两梯四户,['2023-05-01'],['2019-08-11']
2901,['金帝中洲滨海城二期 4室2厅 东南'],https://xm.lianjia.com/ershoufang/105116666908.html,['340'],"['31,661元/平']",0人关注 ,4室2厅1厨2卫,['低楼层/共18层'],['东南'],['跃层/毛坯'],['107.39平米'],['2019年建'],['金帝中洲滨海城二期'],['同安'],['环东海域'],有,两梯八户,['2024-04-12'],['暂无数据']
2902,['业主诚意出售，价格有空间，改好了两房'],https://xm.lianjia.com/ershoufang/105113179874.html,['338'],"['67,331元/平']",0人关注 ,2室1厅1厨1卫,['低楼层/共28层'],['东北'],['平层/精装'],['50.2平米'],['2004年建'],['冠宏花园'],['湖里'],['江头'],有,三梯七户,['2023-03-29'],['2009-07-20']
2903,['采光好无遮挡，全明格局，大三房。'],https://xm.lianjia.com/ershoufang/105110012221.html,['239'],"['21,158元/平']",4人关注 ,3室2厅1厨2卫,['低楼层/共18层'],['南 北'],['平层/精装'],['112.96平米'],['2012年建'],['中骏蓝湾尚都'],['翔安'],['马巷'],有,两梯四户,['2022-03-10'],['2013-08-06']
2904,['美地雅登，正规单身公寓，品质小区。'],https://xm.lianjia.com/ershoufang/105112564826.html,['85'],"['26,942元/平']",1人关注 ,1室1厅1厨1卫,['低楼层/共12层'],['南'],['平层/精装'],['31.55平米'],['2013年建'],['美地雅登祥吴五里'],['翔安'],['新店'],有,一梯四户,['2023-02-06'],['2017-03-24']
2905,['业主自住   标准三房子   诚意出售  看房提前预约'],https://xm.lianjia.com/ershoufang/105114077200.html,['320'],"['31,703元/平']",3人关注 ,3室2厅1厨2卫,['中楼层/共6层'],['东南'],['平层/精装'],['100.94平米'],['2003年建'],['东方名园'],['海沧'],['海沧生活区'],无,暂无数据,['2023-06-26'],['2012-07-30']
2906,['业主急售 锦绣祥安单身公寓 高层无遮挡 直接拎包入住'],https://xm.lianjia.com/ershoufang/105113743414.html,['83'],"['22,543元/平']",0人关注 ,1室0厅1厨1卫,['中楼层/共18层'],['南'],['平层/精装'],['36.82平米'],['2014年建'],['锦绣祥安'],['翔安'],['马巷'],有,两梯四户,['2023-05-21'],['2019-03-25']
2907,['锦绣独门两房 满五省 看房方便 全南户型 毛坯随心装'],https://xm.lianjia.com/ershoufang/105107503839.html,['130'],"['18,538元/平']",19人关注 ,2室2厅1厨1卫,['低楼层/共18层'],['南'],['平层/毛坯'],['70.13平米'],['2014年建'],['锦绣祥安'],['翔安'],['马巷'],有,两梯四户,['2021-06-02'],['2015-10-23']
2908,['旭日大3房，出行便利，衣食住行方便，地铁 公园'],https://xm.lianjia.com/ershoufang/105114874875.html,['318'],"['29,445元/平']",1人关注 ,3室2厅1厨2卫,['中楼层/共7层'],['南'],['平层/简装'],['108平米'],['2000年建'],['旭日海湾一期'],['海沧'],['滨海社区'],无,暂无数据,['2023-09-22'],['2022-12-30']
2909,['花园式小区，全明结构，户型方正，停车方便。。。'],https://xm.lianjia.com/ershoufang/105116412507.html,['536'],"['54,919元/平']",2人关注 ,2室2厅1厨1卫,['高楼层/共25层'],['南'],['平层/精装'],['97.6平米'],['2011年建'],['都市港湾'],['湖里'],['东渡'],有,两梯五户,['2024-03-19'],['2013-04-17']
2910,['锦绣翔安洋房一楼带地下室产权201使用面积450平'],https://xm.lianjia.com/ershoufang/105115793359.html,['350'],"['17,332元/平']",0人关注 ,5室2厅1厨4卫,['低楼层/共5层'],['南 北'],['跃层/毛坯'],['201.94平米'],['2010年建'],['锦绣祥安'],['翔安'],['马巷'],无,暂无数据,['2024-01-06'],['2021-09-07']
2911,['雅居乐御宾府 3室2厅 东南'],https://xm.lianjia.com/ershoufang/105113516574.html,['255'],"['27,601元/平']",0人关注 ,3室2厅1厨2卫,['低楼层/共28层'],['东南'],['平层/精装'],['92.39平米'],['2020年建'],['雅居乐御宾府'],['翔安'],['马巷'],暂无数据,暂无数据,['2023-04-28'],['2020-01-01']
2912,['万达诚心出售 采光不错 有小区绿化 配套成熟'],https://xm.lianjia.com/ershoufang/105114484194.html,['195'],"['11,723元/平']",4人关注 ,2室1厅1厨1卫,['低楼层/共31层'],['北'],['平层/简装'],['166.35平米'],['2012年建'],['万达广场'],['湖里'],['万达广场'],有,四梯十七户,['2023-08-10'],['2020-08-11']
2913,['新小区 环境很好 业主自住 精装三房 可以拎包入住'],https://xm.lianjia.com/ershoufang/105114845412.html,['235'],"['25,436元/平']",0人关注 ,3室2厅1厨2卫,['中楼层/共28层'],['南 北'],['平层/精装'],['92.39平米'],['2020年建'],['雅居乐御宾府'],['翔安'],['马巷'],暂无数据,暂无数据,['2023-09-19'],['2021-10-09']
2914,['真实在售，价格可谈，户型好，交通便利'],https://xm.lianjia.com/ershoufang/105114747608.html,['235'],"['27,415元/平']",0人关注 ,3室1厅1厨1卫,['高楼层/共22层'],['东南'],['平层/精装'],['85.72平米'],['2021年建'],['国贸璟原'],['同安'],['环东海域'],暂无数据,暂无数据,['2023-09-08'],['2022-08-31']
2915,['锦绣精装两房，业主诚意出售，看房方便'],https://xm.lianjia.com/ershoufang/105113273252.html,['130'],"['18,708元/平']",0人关注 ,2室1厅1厨1卫,['中楼层/共18层'],['南'],['平层/精装'],['69.49平米'],['2014年建'],['锦绣祥安'],['翔安'],['马巷'],有,两梯四户,['2023-04-06'],['2018-07-31']
2916,['湖边水库片区，岛内淡水公园，高楼层大五房'],https://xm.lianjia.com/ershoufang/105114758558.html,['900'],"['52,886元/平']",2人关注 ,3室2厅1厨2卫,['高楼层/共40层'],['南 北'],['复式/简装'],['170.18平米'],['2016年建'],['世茂湖滨首府D区'],['湖里'],['湖边水库'],有,两梯四户,['2023-09-09'],['2013-09-17']
2917,['此房满五年 精装修 南北通透 双阳台 安静 进出岛快'],https://xm.lianjia.com/ershoufang/105115041331.html,['198'],"['24,076元/平']",0人关注 ,2室1厅1厨1卫,['中楼层/共6层'],['南 北'],['平层/精装'],['82.24平米'],['2000年建'],['金龙商城一期'],['海沧'],['海沧生活区'],无,暂无数据,['2023-10-13'],['2018-03-16']
2918,['新莲岳里 小区中庭 中间楼层 南北通透'],https://xm.lianjia.com/ershoufang/105111334337.html,['428'],"['53,010元/平']",2人关注 ,3室1厅1厨1卫,['中楼层/共7层'],['南 北'],['平层/简装'],['80.74平米'],['1995年建'],['莲岳里小区东区'],['思明'],['松柏'],无,暂无数据,['2022-08-25'],['2009-12-01']
2919,['正规大两房，前后无遮挡，看房方便'],https://xm.lianjia.com/ershoufang/105113588207.html,['330'],"['45,650元/平']",0人关注 ,2室2厅1厨1卫,['高楼层/共7层'],['南 北'],['平层/其他'],['72.29平米'],['1998年建'],['金尚小区'],['湖里'],['金尚'],无,暂无数据,['2023-05-06'],['2015-11-23']
2920,['锦绣洋房 业主急售 自住精装 南北通透 拎包入住！'],https://xm.lianjia.com/ershoufang/105113374594.html,['269'],"['17,095元/平']",0人关注 ,4室2厅1厨2卫,['中楼层/共5层'],['南 北'],['平层/精装'],['157.36平米'],['2014年建'],['锦绣祥安'],['翔安'],['马巷'],无,暂无数据,['2023-04-15'],['2016-09-30']
2921,['看海大四房，南北通透，产权满二，楼层好位置佳，诚意'],https://xm.lianjia.com/ershoufang/105113531018.html,['416'],"['37,044元/平']",0人关注 ,4室2厅1厨2卫,['中楼层/共26层'],['南 北'],['平层/精装'],['112.3平米'],['2018年建'],['保利叁仟栋二期'],['同安'],['环东海域'],有,两梯四户,['2023-04-30'],['2020-06-03']
2922,['低首付 低总价 无贷款随时过户 看房方便'],https://xm.lianjia.com/ershoufang/105113358425.html,['140'],"['18,981元/平']",0人关注 ,2室1厅1厨1卫,['中楼层/共11层'],['南 北'],['平层/简装'],['73.76平米'],['2014年建'],['锦绣祥安'],['翔安'],['马巷'],有,两梯四户,['2023-04-14'],['2010-01-21']
2923,['思北 中山路 小户型 中间层 电梯房'],https://xm.lianjia.com/ershoufang/105113576318.html,['380'],"['67,906元/平']",0人关注 ,2室1厅1厨1卫,['中楼层/共5层'],['北'],['平层/精装'],['55.96平米'],['2003年建'],['南中广场'],['思明'],['中山路'],有,五梯九十七户,['2023-05-05'],['2011-04-01']
2924,['大平台带入户花园，新中式精装，40平大客厅，大四房'],https://xm.lianjia.com/ershoufang/105114017323.html,['610'],"['48,734元/平']",2人关注 ,4室2厅1厨2卫,['低楼层/共8层'],['东南 北'],['平层/精装'],['125.17平米'],['2000年建'],['新港龙花园'],['思明'],['莲坂'],无,暂无数据,['2023-06-18'],['2020-05-21']
2925,['南山路正规南北两房，格局方正 近地铁口'],https://xm.lianjia.com/ershoufang/105112831973.html,['300'],"['46,419元/平']",1人关注 ,2室2厅1厨1卫,['低楼层/共9层'],['南 北'],['平层/精装'],['64.63平米'],['2003年建'],['禹洲新村'],['湖里'],['南山路'],无,暂无数据,['2023-02-28'],['2005-03-16']
2926,['康乐新村二期 3室2厅 南 北'],https://xm.lianjia.com/ershoufang/105114440152.html,['482'],"['46,037元/平']",2人关注 ,3室2厅1厨1卫,['低楼层/共9层'],['南 北'],['平层/简装'],['104.7平米'],['1996年建'],['康乐新村二期'],['湖里'],['南山路'],无,暂无数据,['2023-08-06'],['2003-03-17']
2927,['别墅社区叠加别墅下叠产品，带独立前后花园使用面积大'],https://xm.lianjia.com/ershoufang/105113808317.html,['1980'],"['120,102元/平']",0人关注 ,5室2厅1厨4卫,['低楼层/共2层'],['东南 北'],['复式/简装'],['164.86平米'],['2010年建'],['御之苑'],['湖里'],['枋湖'],无,暂无数据,['2023-05-27'],['2017-10-27']
2928,['中骏蓝湾尚都，刚需精装两房，保养好'],https://xm.lianjia.com/ershoufang/105113993646.html,['185'],"['22,600元/平']",0人关注 ,2室2厅1厨1卫,['中楼层/共18层'],['南'],['平层/精装'],['81.86平米'],['2013年建'],['中骏蓝湾尚都'],['翔安'],['马巷'],有,两梯四户,['2023-06-15'],['2013-11-28']
2929,['五缘湾 国贸新天地 96平精装两房 高层看中庭'],https://xm.lianjia.com/ershoufang/105112810750.html,['690'],"['71,681元/平']",1人关注 ,2室2厅1厨1卫,['高楼层/共28层'],['南'],['平层/精装'],['96.26平米'],['2016年建'],['国贸新天地'],['湖里'],['五缘湾'],有,两梯三户,['2023-02-26'],['2017-12-13']
2930,['中骏蓝湾尚都 89平三房两卫，楼层好，无遮挡'],https://xm.lianjia.com/ershoufang/105115038540.html,['215'],"['24,161元/平']",0人关注 ,3室2厅1厨1卫,['低楼层/共18层'],['南'],['平层/精装'],['88.99平米'],['2012年建'],['中骏蓝湾尚都'],['翔安'],['马巷'],有,两梯四户,['2023-10-12'],['2013-08-09']
2931,['雅居乐御宾府3房2卫，二次精装，领包入住'],https://xm.lianjia.com/ershoufang/105115288086.html,['235'],"['25,436元/平']",0人关注 ,3室2厅1厨2卫,['中楼层/共28层'],['南 北'],['平层/精装'],['92.39平米'],['2020年建'],['雅居乐御宾府'],['翔安'],['马巷'],暂无数据,暂无数据,['2023-11-09'],['2022-01-17']
2932,['房近地铁口 出行方便 自住精装修 适合刚需客户'],https://xm.lianjia.com/ershoufang/105115255688.html,['230'],"['55,422元/平']",0人关注 ,1室1厅1厨1卫,['低楼层/共33层'],['北'],['平层/简装'],['41.5平米'],['2001年建'],['湖北大厦'],['思明'],['松柏'],有,三梯十七户,['2023-11-05'],['2017-03-02']
2933,['禾祥西建发品质电梯南北向3房诚心出售。'],https://xm.lianjia.com/ershoufang/105115237897.html,['745'],"['74,337元/平']",0人关注 ,3室2厅1厨1卫,['中楼层/共11层'],['南 北'],['平层/精装'],['100.22平米'],['2000年建'],['汇禾新城'],['思明'],['禾祥西路'],有,一梯四户,['2023-11-03'],['2017-01-25']
2934,['锦绣祥安  南北通透户型  业主自住保养 拎包入住'],https://xm.lianjia.com/ershoufang/105115749739.html,['176'],"['20,509元/平']",0人关注 ,2室1厅1厨1卫,['中楼层/共11层'],['南 北'],['平层/精装'],['85.82平米'],['2010年建'],['锦绣祥安'],['翔安'],['马巷'],有,两梯四户,['2024-01-02'],['2015-09-06']
2935,['中海万锦熙岸 2室2厅 南'],https://xm.lianjia.com/ershoufang/105115870216.html,['129'],"['17,356元/平']",1人关注 ,2室2厅1厨1卫,['低楼层/共24层'],['南'],['平层/精装'],['74.33平米'],['2016年建'],['中海万锦熙岸'],['同安'],['环东海域'],有,两梯六户,['2024-01-15'],['2018-05-08']
2936,['高层单身公寓，新装修拎包入住，视野开阔，满两年'],https://xm.lianjia.com/ershoufang/105114730851.html,['530'],"['105,873元/平']",0人关注 ,1室1厅1厨1卫,['高楼层/共21层'],['南'],['平层/精装'],['50.06平米'],['2014年建'],['国贸润园'],['湖里'],['五缘湾'],有,两梯四户,['2023-09-06'],['2016-08-26']
2937,['江头公园高层朝南，视野广，总价低'],https://xm.lianjia.com/ershoufang/105115211651.html,['202'],"['41,719元/平']",1人关注 ,1室1厅1厨1卫,['中楼层/共26层'],['南'],['平层/精装'],['48.42平米'],['2008年建'],['建邦大厦'],['湖里'],['江头'],有,三梯二十二户,['2023-11-01'],['2008-12-01']
2938,['中骏蓝湾尚都三室两厅，诚意出售，户型方正，采光好'],https://xm.lianjia.com/ershoufang/105115304312.html,['251'],"['20,244元/平']",1人关注 ,3室1厅1厨1卫,['中楼层/共17层'],['南 北'],['平层/简装'],['123.99平米'],['2012年建'],['中骏蓝湾尚都'],['翔安'],['马巷'],有,两梯四户,['2023-11-11'],['2013-11-12']
2939,['宝龙旁，封闭式小区，小区有篮球场，低总价'],https://xm.lianjia.com/ershoufang/105114831054.html,['61'],"['10,389元/平']",3人关注 ,3室1厅1厨1卫,['高楼层/共6层'],['南 北'],['平层/简装'],['58.72平米'],['1988年建'],['银华新村'],['同安'],['同安其它'],无,暂无数据,['2023-09-17'],['2023-10-12']
2940,['松柏 南北通透 一楼门口可用  地铁'],https://xm.lianjia.com/ershoufang/105112822014.html,['543'],"['60,067元/平']",0人关注 ,2室1厅1厨1卫,['低楼层/共7层'],['南 北'],['平层/简装'],['90.4平米'],['1993年建'],['莲坂小区'],['思明'],['莲坂'],无,暂无数据,['2023-02-27'],['2010-07-05']
2941,['万科精装两房，业主二次装修，自住保养，诚意出售'],https://xm.lianjia.com/ershoufang/105113516799.html,['157'],"['20,925元/平']",1人关注 ,2室1厅1厨1卫,['中楼层/共35层'],['南'],['平层/精装'],['75.03平米'],['2010年建'],['万科金色悦城'],['翔安'],['马巷'],有,两梯四户,['2023-04-28'],['2020-04-09']
2942,['此房已经满五户型好、方便停车，地铁口、繁华地段。'],https://xm.lianjia.com/ershoufang/105113131593.html,['278'],"['42,218元/平']",0人关注 ,2室1厅1厨1卫,['高楼层/共7层'],['东南 南 北'],['平层/简装'],['65.85平米'],['2000年建'],['东渡路'],['湖里'],['东渡'],暂无数据,暂无数据,['2023-03-24'],['2023-03-25']
2943,['特房山水新座 3室1厅 南'],https://xm.lianjia.com/ershoufang/105116356855.html,['630'],"['56,010元/平']",0人关注 ,3室1厅1厨2卫,['中楼层/共18层'],['南'],['平层/精装'],['112.48平米'],['2012年建'],['特房山水新座'],['湖里'],['万达广场'],有,两梯三户,['2024-03-14'],['2024-03-15']
2944,['高楼层，可看海，南北向，精装三房，随时过户'],https://xm.lianjia.com/ershoufang/105113537275.html,['390'],"['31,968元/平']",0人关注 ,3室2厅1厨2卫,['高楼层/共32层'],['南'],['平层/精装'],['122平米'],['2018年建'],['特房银溪墅府图尔花园'],['翔安'],['环东海域'],有,两梯四户,['2023-05-01'],['2019-08-11']
2945,['特房品质，中间楼层，采光好，视野好，'],https://xm.lianjia.com/ershoufang/105106589424.html,['159'],"['19,630元/平']",10人关注 ,2室1厅1厨1卫,['低楼层/共18层'],['南'],['平层/简装'],['81平米'],['2014年建'],['锦绣祥安'],['翔安'],['马巷'],有,两梯四户,['2021-03-09'],['2017-12-04']
2946,['业主自住 房屋装修比较清爽 通透采光好'],https://xm.lianjia.com/ershoufang/105108616940.html,['365'],"['32,382元/平']",60人关注 ,3室2厅1厨2卫,['低楼层/共11层'],['东南 北'],['平层/精装'],['112.72平米'],['2006年建'],['绿苑小区二期'],['海沧'],['滨海社区'],有,两梯两户,['2021-09-02'],['2002-11-12']
2947,['03年、电梯、东南朝向、全明、滨东。。'],https://xm.lianjia.com/ershoufang/105110691116.html,['556'],"['76,374元/平']",6人关注 ,2室1厅1厨1卫,['高楼层/共7层'],['东南'],['平层/简装'],['72.8平米'],['2003年建'],['龙景台'],['思明'],['禾祥东路'],有,一梯三户,['2022-06-07'],['2004-03-11']
2948,['火车站 地铁口 单身公寓 明厨明卫'],https://xm.lianjia.com/ershoufang/105113409800.html,['245'],"['66,722元/平']",0人关注 ,1室1厅1厨1卫,['低楼层/共30层'],['西北'],['平层/简装'],['36.72平米'],['2006年建'],['百源双玺'],['思明'],['火车站'],有,三梯八户,['2023-04-18'],['2023-04-18']
2949,['曾厝垵3号地铁口精装小三房出售'],https://xm.lianjia.com/ershoufang/105113674876.html,['362'],"['60,054元/平']",1人关注 ,3室1厅1厨1卫,['低楼层/共4层'],['南 北'],['平层/精装'],['60.28平米'],['未知年建'],['铁疗家园'],['思明'],['曾厝垵'],暂无数据,暂无数据,['2023-05-14'],['2023-05-14']
2950,['轮渡八市 小两层 带露台 朝南'],https://xm.lianjia.com/ershoufang/105113914448.html,['568'],"['43,037元/平']",0人关注 ,5室2厅1厨4卫,['低楼层/共3层'],['南 北'],['平层/简装'],['131.98平米'],['1949年建'],['开元路'],['思明'],['中山路'],暂无数据,暂无数据,['2023-06-07'],['2016-06-03']
2951,['满五，户型方正，采光通风好，视野开阔， 南北通透。'],https://xm.lianjia.com/ershoufang/105113507585.html,['238'],"['21,769元/平']",2人关注 ,3室2厅1厨2卫,['中楼层/共7层'],['南 北'],['平层/简装'],['109.33平米'],['未知年建'],['腾龙商厦'],['海沧'],['海沧生活区'],无,暂无数据,['2023-04-27'],['2011-07-27']
2952,['洋房社区，特房品质，正规4房，复式楼毛坯，'],https://xm.lianjia.com/ershoufang/105113927068.html,['355'],"['28,186元/平']",2人关注 ,4室2厅1厨3卫,['中楼层/共7层'],['南'],['跃层/毛坯'],['125.95平米'],['2020年建'],['特房莱昂公馆二期'],['翔安'],['环东海域'],暂无数据,暂无数据,['2023-06-08'],['2023-03-31']
2953,['江浦南里  满五免个税  客厅朝南'],https://xm.lianjia.com/ershoufang/105111477609.html,['279'],"['43,697元/平']",3人关注 ,2室1厅1厨1卫,['高楼层/共6层'],['南'],['平层/简装'],['63.85平米'],['2000年建'],['江浦南里'],['湖里'],['江头'],无,暂无数据,['2022-09-11'],['1999-01-18']
2954,['中福城地铁口精装带电梯楼中楼 ，业主诚意卖。'],https://xm.lianjia.com/ershoufang/105110077864.html,['728'],"['50,069元/平']",5人关注 ,4室2厅1厨3卫,['高楼层/共7层'],['南 北'],['跃层/简装'],['145.4平米'],['1999年建'],['中福城'],['湖里'],['金尚'],有,一梯两户,['2022-03-19'],['2008-10-09']
2955,['全小区优质的小两房，价格美丽啊'],https://xm.lianjia.com/ershoufang/105110515592.html,['90'],"['16,009元/平']",45人关注 ,2室1厅1厨1卫,['低楼层/共18层'],['南'],['平层/精装'],['56.22平米'],['2009年建'],['巷西一里'],['翔安'],['马巷'],有,两梯三户,['2022-05-14'],['2016-05-19']
2956,['一梯两户两房，阳台，朝南，南北安静'],https://xm.lianjia.com/ershoufang/105110371881.html,['370'],"['51,626元/平']",9人关注 ,2室2厅1厨1卫,['中楼层/共7层'],['南 北'],['平层/简装'],['71.67平米'],['1998年建'],['文屏山庄'],['思明'],['文灶'],无,暂无数据,['2022-04-24'],['2002-07-13']
2957,['次新房2017年 中式园林 高层  小区带有会所'],https://xm.lianjia.com/ershoufang/105110880259.html,['1928'],"['78,057元/平']",6人关注 ,4室2厅1厨2卫,['高楼层/共26层'],['东 东南'],['跃层/精装'],['247平米'],['2016年建'],['建发央玺'],['湖里'],['五缘湾'],有,两梯两户,['2022-07-01'],['2019-07-14']
2958,['海峡国际天璟，不靠铁路，安静采光好，全明结构。'],https://xm.lianjia.com/ershoufang/105116041672.html,['849'],"['63,123元/平']",0人关注 ,3室2厅1厨2卫,['中楼层/共47层'],['东 西'],['平层/精装'],['134.5平米'],['2018年建'],['海峡国际天璟'],['思明'],['火车站'],有,三梯三户,['2024-02-18'],['2019-01-21']
2959,['采光好无遮挡，全明格局，大三房。'],https://xm.lianjia.com/ershoufang/105110012221.html,['239'],"['21,158元/平']",4人关注 ,3室2厅1厨2卫,['低楼层/共18层'],['南 北'],['平层/精装'],['112.96平米'],['2012年建'],['中骏蓝湾尚都'],['翔安'],['马巷'],有,两梯四户,['2022-03-10'],['2013-08-06']
2960,['美地雅登，正规单身公寓，品质小区。'],https://xm.lianjia.com/ershoufang/105112564826.html,['85'],"['26,942元/平']",1人关注 ,1室1厅1厨1卫,['低楼层/共12层'],['南'],['平层/精装'],['31.55平米'],['2013年建'],['美地雅登祥吴五里'],['翔安'],['新店'],有,一梯四户,['2023-02-06'],['2017-03-24']
2961,['业主自住   标准三房子   诚意出售  看房提前预约'],https://xm.lianjia.com/ershoufang/105114077200.html,['320'],"['31,703元/平']",3人关注 ,3室2厅1厨2卫,['中楼层/共6层'],['东南'],['平层/精装'],['100.94平米'],['2003年建'],['东方名园'],['海沧'],['海沧生活区'],无,暂无数据,['2023-06-26'],['2012-07-30']
2962,['天心岛 大露台房，海沧湾地铁口，通透，采光好'],https://xm.lianjia.com/ershoufang/105111454779.html,['450'],"['50,500元/平']",3人关注 ,2室2厅1厨1卫,['低楼层/共18层'],['南'],['平层/简装'],['89.11平米'],['2008年建'],['天心岛'],['海沧'],['滨海社区'],有,两梯两户,['2022-09-08'],['2012-07-24']
2963,['嘉盛豪园 正规四房 厅朝南 全明 改单间出租'],https://xm.lianjia.com/ershoufang/105107401992.html,['670'],"['46,564元/平']",0人关注 ,4室2厅1厨2卫,['中楼层/共11层'],['南 北'],['平层/毛坯'],['143.89平米'],['2005年建'],['嘉盛豪园南区'],['思明'],['瑞景'],有,一梯三户,['2021-05-23'],['2019-06-17']
2964,['锦绣祥安 精装两房 看房方便 拎包入住 满五！'],https://xm.lianjia.com/ershoufang/105112174230.html,['148'],"['17,785元/平']",0人关注 ,2室2厅1厨1卫,['低楼层/共18层'],['南 北'],['平层/精装'],['83.22平米'],['2014年建'],['锦绣祥安'],['翔安'],['马巷'],有,两梯四户,['2022-12-01'],['2016-09-01']
2965,['金盛花园，电梯中层，南北朝向，动静分离，诚意出售'],https://xm.lianjia.com/ershoufang/105111531162.html,['515'],"['51,362元/平']",1人关注 ,3室1厅1厨1卫,['中楼层/共11层'],['南 北'],['平层/简装'],['100.27平米'],['2004年建'],['华林金盛花园'],['湖里'],['金尚'],有,一梯四户,['2022-09-16'],['2005-05-20']
2966,['锦绣祥安 精装三房 业主急售 看房方便 南北通透！'],https://xm.lianjia.com/ershoufang/105113390391.html,['170'],"['19,108元/平']",0人关注 ,3室1厅1厨1卫,['高楼层/共18层'],['南 北'],['平层/精装'],['88.97平米'],['2014年建'],['锦绣祥安'],['翔安'],['马巷'],有,两梯四户,['2023-04-17'],['2021-01-14']
2967,['未来海岸蓝月湾二期精装三房业主诚意出售'],https://xm.lianjia.com/ershoufang/105106330492.html,['320'],"['25,331元/平']",69人关注 ,3室2厅1厨2卫,['低楼层/共31层'],['东南'],['平层/精装'],['126.33平米'],['2007年建'],['未来海岸蓝月湾二期'],['海沧'],['未来海岸北师大'],有,两梯四户,['2021-01-25'],['2013-02-27']
2968,['房子满五，中高楼层，视野开阔，采光充足。'],https://xm.lianjia.com/ershoufang/105109793368.html,['328'],"['35,118元/平']",23人关注 ,2室2厅1厨1卫,['低楼层/共30层'],['东南'],['平层/精装'],['93.4平米'],['2010年建'],['泉舜滨海上城'],['海沧'],['滨海社区'],有,两梯六户,['2022-02-14'],['2015-12-16']
2969,['湖边水库大平层，全明格局，东南北三面采光，视野开阔'],https://xm.lianjia.com/ershoufang/105109923717.html,['1520'],"['62,759元/平']",1人关注 ,5室3厅1厨3卫,['高楼层/共30层'],['南 北'],['平层/毛坯'],['242.2平米'],['2014年建'],['融景湾'],['湖里'],['湖边水库'],有,三梯两户,['2022-03-01'],['2017-07-19']
2970,['嘉盛中间位置大三房，边套采光好，高楼层视野佳'],https://xm.lianjia.com/ershoufang/105114282163.html,['618'],"['47,907元/平']",3人关注 ,3室2厅1厨2卫,['中楼层/共18层'],['南 北'],['平层/简装'],['129平米'],['2008年建'],['嘉盛豪园南区'],['思明'],['瑞景'],有,两梯四户,['2023-07-19'],['2020-07-17']
2971,['莲前西路，户型方正，诚 意 出 售'],https://xm.lianjia.com/ershoufang/105112861590.html,['730'],"['42,231元/平']",0人关注 ,5室1厅1厨2卫,['中楼层/共10层'],['南 北'],['平层/简装'],['172.86平米'],['未知年建'],['金龙苑'],['思明'],['莲前'],有,一梯三户,['2023-03-02'],['2001-11-20']
2972,['学府旁，地铁口，低总价精装两房。'],https://xm.lianjia.com/ershoufang/105113055503.html,['280'],"['58,701元/平']",0人关注 ,2室1厅1厨1卫,['高楼层/共6层'],['南'],['平层/精装'],['47.7平米'],['未知年建'],['盛唐苑'],['湖里'],['大唐世家'],无,暂无数据,['2023-03-18'],['2021-06-07']
2973,['江头台湾街，华永天地，新小区电梯配套齐全'],https://xm.lianjia.com/ershoufang/105103930814.html,['128'],"['22,599元/平']",2人关注 ,1室1厅1厨1卫,['中楼层/共15层'],['东 南'],['平层/简装'],['56.64平米'],['2014年建'],['华永天地'],['湖里'],['江头'],有,六梯三十五户,['2020-03-25'],['2015-12-23']
2974,['业主急售 锦绣祥安单身公寓 高层无遮挡 直接拎包入住'],https://xm.lianjia.com/ershoufang/105113743414.html,['83'],"['22,543元/平']",0人关注 ,1室0厅1厨1卫,['中楼层/共18层'],['南'],['平层/精装'],['36.82平米'],['2014年建'],['锦绣祥安'],['翔安'],['马巷'],有,两梯四户,['2023-05-21'],['2019-03-25']
2975,['锦绣独门两房 满五省 看房方便 全南户型 毛坯随心装'],https://xm.lianjia.com/ershoufang/105107503839.html,['130'],"['18,538元/平']",19人关注 ,2室2厅1厨1卫,['低楼层/共18层'],['南'],['平层/毛坯'],['70.13平米'],['2014年建'],['锦绣祥安'],['翔安'],['马巷'],有,两梯四户,['2021-06-02'],['2015-10-23']
2976,['万科品质 精装三房两卫 看房方便 高层南北通透双阳台'],https://xm.lianjia.com/ershoufang/105113374154.html,['209'],"['19,422元/平']",0人关注 ,3室2厅1厨2卫,['高楼层/共35层'],['南 北'],['平层/精装'],['107.61平米'],['2010年建'],['万科金色悦城'],['翔安'],['马巷'],有,两梯四户,['2023-04-15'],['2012-05-28']
2977,['业主诚意出售，价格有空间，改好了两房'],https://xm.lianjia.com/ershoufang/105113179874.html,['338'],"['67,331元/平']",0人关注 ,2室1厅1厨1卫,['低楼层/共28层'],['东北'],['平层/精装'],['50.2平米'],['2004年建'],['冠宏花园'],['湖里'],['江头'],有,三梯七户,['2023-03-29'],['2009-07-20']
2978,['碧海湾独栋看海别墅，有天有地有花园带地下室和游泳池'],https://xm.lianjia.com/ershoufang/105112788401.html,['4450'],"['135,617元/平']",6人关注 ,6室2厅1厨5卫,['共3层'],['东 南 西 北'],['跃层/精装'],['328.13平米'],['2006年建'],['未来海岸碧海湾'],['海沧'],['未来海岸北师大'],,,['2023-02-24'],['2006-06-06']
2979,['业主自住精装修，户型方正，采光好'],https://xm.lianjia.com/ershoufang/105112733283.html,['290'],"['22,401元/平']",2人关注 ,3室2厅1厨2卫,['低楼层/共23层'],['南 北'],['平层/精装'],['129.46平米'],['2012年建'],['中骏蓝湾尚都'],['翔安'],['马巷'],有,两梯四户,['2023-02-20'],['2013-12-21']
2980,['橡树湾四期 边套使用多 精装修 采光好 地铁口'],https://xm.lianjia.com/ershoufang/105112676172.html,['448'],"['50,298元/平']",0人关注 ,4室2厅1厨2卫,['低楼层/共31层'],['南'],['平层/精装'],['89.07平米'],['2016年建'],['橡树湾四期'],['集美'],['杏北'],有,两梯五户,['2023-02-16'],['2020-12-07']
2981,['海晟维多利亚 2室2厅 南'],https://xm.lianjia.com/ershoufang/105114879592.html,['410'],"['45,990元/平']",0人关注 ,2室2厅1厨1卫,['低楼层/共32层'],['南'],['平层/简装'],['89.15平米'],['2011年建'],['海晟维多利亚'],['海沧'],['滨海社区'],有,两梯四户,['2023-09-22'],['2021-10-22']
2982,['万科金域蓝湾二期138平户型 南北通透 朝南大阳台'],https://xm.lianjia.com/ershoufang/105113502051.html,['1000'],"['72,412元/平']",2人关注 ,4室2厅1厨2卫,['高楼层/共31层'],['南 西 北'],['平层/精装'],['138.1平米'],['2010年建'],['万科金域蓝湾二期'],['思明'],['瑞景'],有,两梯四户,['2023-04-27'],['2010-04-27']
2983,['08年电梯东南朝向目前是小俩房'],https://xm.lianjia.com/ershoufang/105113220420.html,['405'],"['84,305元/平']",0人关注 ,1室1厅1厨1卫,['低楼层/共9层'],['南'],['平层/精装'],['48.04平米'],['2008年建'],['名汇广场'],['思明'],['中山路'],有,四梯五十六户,['2023-04-01'],['2021-01-11']
2984,['三地铁口 07年电梯高层，产权清晰 首付50万轻松留厦'],https://xm.lianjia.com/ershoufang/105113289266.html,['150'],"['33,011元/平']",2人关注 ,1室1厅1厨1卫,['中楼层/共26层'],['东南'],['平层/精装'],['45.44平米'],['2008年建'],['建邦大厦'],['湖里'],['江头'],有,三梯二十二户,['2023-04-08'],['2010-12-23']
2985,['精装小三房  湖海双景 无遮挡  免双税 看房方便'],https://xm.lianjia.com/ershoufang/105114181810.html,['288'],"['33,013元/平']",0人关注 ,3室2厅1厨1卫,['高楼层/共33层'],['东'],['平层/精装'],['87.24平米'],['2011年建'],['禹洲领海'],['海沧'],['海沧体育中心'],有,两梯三户,['2023-07-07'],['2014-07-11']
2986,['房子已经满两年，可以免5.3%的增值税，装修好'],https://xm.lianjia.com/ershoufang/105114914440.html,['210'],"['18,608元/平']",3人关注 ,3室1厅1厨2卫,['高楼层/共33层'],['南 北'],['平层/精装'],['112.86平米'],['2018年建'],['首开领翔上郡三期'],['翔安'],['新店'],有,两梯四户,['2023-09-27'],['2020-08-11']
2987,['万达诚心出售 采光不错 有小区绿化 配套成熟'],https://xm.lianjia.com/ershoufang/105114484194.html,['195'],"['11,723元/平']",4人关注 ,2室1厅1厨1卫,['低楼层/共31层'],['北'],['平层/简装'],['166.35平米'],['2012年建'],['万达广场'],['湖里'],['万达广场'],有,四梯十七户,['2023-08-10'],['2020-08-11']
2988,['此房满五年 精装修 南北通透 双阳台 安静 进出岛快'],https://xm.lianjia.com/ershoufang/105115041331.html,['198'],"['24,076元/平']",0人关注 ,2室1厅1厨1卫,['中楼层/共6层'],['南 北'],['平层/精装'],['82.24平米'],['2000年建'],['金龙商城一期'],['海沧'],['海沧生活区'],无,暂无数据,['2023-10-13'],['2018-03-16']
2989,['湖边水库片区，岛内淡水公园，高楼层大五房'],https://xm.lianjia.com/ershoufang/105114758558.html,['900'],"['52,886元/平']",2人关注 ,3室2厅1厨2卫,['高楼层/共40层'],['南 北'],['复式/简装'],['170.18平米'],['2016年建'],['世茂湖滨首府D区'],['湖里'],['湖边水库'],有,两梯四户,['2023-09-09'],['2013-09-17']
2990,['新小区 环境很好 业主自住 精装三房 可以拎包入住'],https://xm.lianjia.com/ershoufang/105114845412.html,['235'],"['25,436元/平']",0人关注 ,3室2厅1厨2卫,['中楼层/共28层'],['南 北'],['平层/精装'],['92.39平米'],['2020年建'],['雅居乐御宾府'],['翔安'],['马巷'],暂无数据,暂无数据,['2023-09-19'],['2021-10-09']
2991,['真实在售，价格可谈，户型好，交通便利'],https://xm.lianjia.com/ershoufang/105114747608.html,['235'],"['27,415元/平']",0人关注 ,3室1厅1厨1卫,['高楼层/共22层'],['东南'],['平层/精装'],['85.72平米'],['2021年建'],['国贸璟原'],['同安'],['环东海域'],暂无数据,暂无数据,['2023-09-08'],['2022-08-31']
2992,['南北通透两房格局，好楼层，框架结构，诚意出售'],https://xm.lianjia.com/ershoufang/105115674852.html,['550'],"['69,122元/平']",0人关注 ,2室1厅1厨1卫,['中楼层/共6层'],['南 北'],['平层/精装'],['79.57平米'],['1998年建'],['瑞景生活广场'],['思明'],['瑞景'],无,暂无数据,['2023-12-22'],['2020-08-04']
2993,['高林居住区一里 2室1厅 南'],https://xm.lianjia.com/ershoufang/105116218855.html,['269'],"['44,633元/平']",0人关注 ,2室1厅1厨1卫,['低楼层/共18层'],['南'],['平层/简装'],['60.27平米'],['2010年建'],['高林居住区一里'],['湖里'],['万达广场'],有,一梯四户,['2024-03-03'],['2017-07-20']
2994,['此户型楼层高，视野开阔，业主诚心出售，价钱合理'],https://xm.lianjia.com/ershoufang/105116034069.html,['460'],"['32,065元/平']",0人关注 ,3室2厅1厨2卫,['高楼层/共16层'],['南 北'],['平层/精装'],['143.46平米'],['2004年建'],['新景海韵园'],['思明'],['会展中心'],有,一梯两户,['2024-02-17'],['2011-05-01']
2995,['益辉花园 正规一房一厅 中间楼层 小区中庭'],https://xm.lianjia.com/ershoufang/105112179771.html,['295'],"['52,887元/平']",1人关注 ,1室1厅1厨1卫,['中楼层/共7层'],['东南'],['平层/简装'],['55.78平米'],['2001年建'],['益辉花园'],['思明'],['瑞景'],无,暂无数据,['2022-12-02'],['2013-12-19']
2996,['精装3房，客厅朝南，业主置换诚意出售'],https://xm.lianjia.com/ershoufang/105111767653.html,['355'],"['39,701元/平']",2人关注 ,3室2厅1厨2卫,['低楼层/共18层'],['南'],['平层/精装'],['89.42平米'],['2011年建'],['绿苑新城一组团'],['海沧'],['滨海社区'],有,两梯四户,['2022-10-14'],['2014-04-30']
2997,['中航城A 高楼层精装修 四房通透 看园博苑一线海景'],https://xm.lianjia.com/ershoufang/105112665009.html,['562'],"['35,271元/平']",1人关注 ,4室2厅1厨2卫,['低楼层/共47层'],['东 西'],['平层/精装'],['159.34平米'],['2014年建'],['中航城A区'],['集美'],['杏锦路'],有,三梯五户,['2023-02-15'],['2018-08-27']
2998,['中骏蓝湾尚都，精装3房2卫，南北通透双阳台'],https://xm.lianjia.com/ershoufang/105110917095.html,['233'],"['20,049元/平']",0人关注 ,3室2厅1厨2卫,['中楼层/共16层'],['南 北'],['平层/精装'],['116.22平米'],['2013年建'],['中骏蓝湾尚都'],['翔安'],['马巷'],有,两梯四户,['2022-07-05'],['2013-11-26']
2999,['楼层好，采光充足，视野开阔，配套齐全，交通便利，'],https://xm.lianjia.com/ershoufang/105107476355.html,['446'],"['57,504元/平']",38人关注 ,2室2厅1厨1卫,['中楼层/共16层'],['东 南'],['平层/简装'],['77.56平米'],['2002年建'],['都市华庭'],['湖里'],['江头'],有,一梯八户,['2021-05-30'],['2013-04-15']
