,Unnamed: 0,title,url,total_price,unit_price,follower,huxing,louceng,chaoxiang,zhuangxiu,building_area,build_year,community_name,location_info,location_info_sec,elevator,elevator_house,listing_day,last_trade,cengshi,zhuangxiuchengdu,height_location,height,elevator_num,house_num
0,0,高层朝南2房，拎包入住，采光充足，进岛首站,https://xm.lianjia.com/ershoufang/105116838836.html,200,33328,0,2室2厅1厨1卫,['中楼层/共16层'],南,['平层/精装'],60.01,2021,东坑安居房,海沧,滨海社区,1,两梯五户,2024/4/29,2024/2/6,平层,精装,2,16,2,5
1,1,急售急售急售，店长力荐，业主自住装修,https://xm.lianjia.com/ershoufang/105111372610.html,200,16519,5,4室2厅1厨2卫,['低楼层/共43层'],南,['平层/精装'],121.08,2017,禹洲卢卡小镇,翔安,新店,1,两梯四户,2022/8/30,2018/11/13,平层,精装,1,43,2,4
2,2,滨水二里  二梯五户 业主精装两房  格局方正 拎包入住,https://xm.lianjia.com/ershoufang/105114842471.html,160,26110,4,2室1厅1厨1卫,['中楼层/共17层'],西南,['平层/精装'],61.28,-1,滨水二里,集美,集美新城,1,两梯六户,2023/9/18,2019/7/12,平层,精装,2,17,2,6
3,3,小区绿化好，环境优美，物业管理也很规范,https://xm.lianjia.com/ershoufang/105112863913.html,330,25251,1,3室2厅1厨2卫,['中楼层/共41层'],南,['平层/精装'],130.69,2011,联发杏林湾一号一期,集美,杏林桥头,1,两梯四户,2023/3/2,2016/2/4,平层,精装,2,41,2,4
4,4,翔安隧道口精致大三房，高层看海，视野好、拎包入住,https://xm.lianjia.com/ershoufang/105116749628.html,279,22005,0,3室2厅1厨2卫,['高楼层/共39层'],西南,['平层/精装'],126.79,2015,阳光城翡丽湾二期,翔安,翔安新城,1,两梯两户,2024/4/20,2018/11/16,平层,精装,3,39,2,2
6,6,全明格局  3房2厅2卫 格局方正 采光通风好,https://xm.lianjia.com/ershoufang/105113774307.html,390,34187,10,2室2厅1厨2卫,['低楼层/共32层'],东北,['平层/简装'],114.08,2004,黄金大厦,湖里,邮轮城,1,三梯六户,2023/5/24,2002/5/28,平层,简装,1,32,3,6
7,7,业主诚意出售，低总价入厦刚需，近嘉庚配套齐全,https://xm.lianjia.com/ershoufang/105115189023.html,84.2,16549,11,1室1厅1厨1卫,['低楼层/共34层'],东南,['平层/精装'],50.88,2011,禹洲大学城,同安,集美其它,1,三梯六户,2023/10/29,2020/6/16,平层,精装,1,34,3,6
8,8,桃源大厦 3室1厅 南 北,https://xm.lianjia.com/ershoufang/105115238276.html,436,34264,2,3室1厅1厨2卫,['高楼层/共16层'],南,['平层/简装'],127.25,2002,桃源大厦,湖里,江头,1,一梯三户,2023/11/3,2020/9/1,平层,简装,3,16,1,3
9,9,自住装修，采光通风好，视野好，进岛方便，高楼层看海,https://xm.lianjia.com/ershoufang/105112923920.html,155,20806,5,2室2厅1厨1卫,['高楼层/共33层'],西南,['平层/精装'],74.5,2015,阳光城翡丽湾二期,翔安,翔安新城,1,两梯六户,2023/3/7,2016/6/6,平层,精装,3,33,2,6
10,10,思明区上东美地4房出售，建发品质,https://xm.lianjia.com/ershoufang/105114111636.html,868,62627,7,4室2厅1厨2卫,['高楼层/共18层'],南,['平层/精装'],138.6,2006,上东美地,思明,瑞景,1,两梯两户,2023/6/30,2014/11/12,平层,精装,3,18,2,2
11,11,05年电梯高层视野开阔 业主六千一平装修配套齐全完善,https://xm.lianjia.com/ershoufang/105116170496.html,238,43070,0,2室1厅1厨1卫,['中楼层/共16层'],东,['平层/精装'],55.26,2005,恒丰花园2,湖里,南山路,1,一梯五户,2024/2/28,2010/11/26,平层,精装,2,16,1,5
12,12,隧道口 精致大三房 通透户型拎包入住,https://xm.lianjia.com/ershoufang/105116332105.html,268,21764,2,3室2厅1厨2卫,['低楼层/共31层'],东南,['平层/精装'],123.14,2015,阳光城翡丽湾二期,翔安,翔安新城,1,两梯四户,2024/3/12,2018/5/16,平层,精装,1,31,2,4
13,13,维多利亚精装   拎包入住  刚需首 选,https://xm.lianjia.com/ershoufang/105114313695.html,310,37038,1,2室1厅1厨1卫,['低楼层/共30层'],南,['平层/精装'],83.7,2011,海晟维多利亚,海沧,滨海社区,1,两梯四户,2023/7/22,2020/10/15,平层,精装,1,30,2,4
14,14,招商花园城旁 地铁2号线   大四房,https://xm.lianjia.com/ershoufang/105116376449.html,345,28375,1,4室2厅1厨2卫,['低楼层/共34层'],东南,['平层/精装'],121.59,2021,厦门中央公园,海沧,马銮湾东,1,两梯五户,2024/3/16,2023/7/23,平层,精装,1,34,2,5
15,15,世茂ioi万科里商圈，自住精装 视野好无遮挡，交通便利,https://xm.lianjia.com/ershoufang/105115227208.html,210,23636,2,2室2厅1厨1卫,['高楼层/共33层'],西南,['平层/精装'],88.85,2013,莲花尚院,集美,集美新城,1,两梯四户,2023/11/2,2017/2/28,平层,精装,3,33,2,4
16,16,集美新城轻奢风格装修朝南三房两卫急售,https://xm.lianjia.com/ershoufang/105115612674.html,360,37717,2,3室2厅1厨2卫,['中楼层/共30层'],南,['平层/精装'],95.45,2022,中交国贸鹭原,集美,杏北,1,两梯六户,2023/12/15,2023/2/17,平层,精装,2,30,2,6
17,17,中铁诺德逸都 3室2厅 南,https://xm.lianjia.com/ershoufang/105116836271.html,165,20574,0,3室2厅1厨1卫,['高楼层/共27层'],南,['平层/毛坯'],80.2,2022,中铁诺德逸都,同安,同安区,0,零梯零户,2024/4/29,2023/5/29,平层,毛坯,3,27,0,0
18,18,马銮湾1号 ，业主二次精装30万，可直接拎包入住。,https://xm.lianjia.com/ershoufang/105113909891.html,312,30321,5,3室2厅1厨2卫,['低楼层/共33层'],南,['平层/精装'],102.9,2020,马銮湾1号,海沧,马銮湾东,1,两梯四户,2023/6/7,2023/5/10,平层,精装,1,33,2,4
19,19,200米1号地铁口 双阳台南北全明格局2房,https://xm.lianjia.com/ershoufang/105116496504.html,258,35256,5,2室2厅1厨1卫,['中楼层/共8层'],南,['平层/简装'],73.18,1994,康乐新村一期东区,湖里,南山路,0,零梯零户,2024/3/27,2020/9/1,平层,简装,2,8,0,0
20,20,集美海上五月花 高楼层 精装三房两卫,https://xm.lianjia.com/ershoufang/105116156128.html,283,25642,3,3室1厅1厨2卫,['高楼层/共32层'],南,['平层/精装'],110.37,2013,海上五月花一期,集美,集美其它,1,两梯四户,2024/2/27,2014/5/27,平层,精装,3,32,2,4
21,21,地铁口正规南北大三房 中间楼层 安静不靠主路,https://xm.lianjia.com/ershoufang/105115693972.html,758,57148,14,3室2厅1厨2卫,['中楼层/共28层'],南,['平层/简装'],132.64,2008,万科金域蓝湾一期,思明,瑞景,1,两梯三户,2023/12/25,2009/5/19,平层,简装,2,28,2,3
22,22,青春海岸大三房两卫，大阳台，业主急售,https://xm.lianjia.com/ershoufang/105115383702.html,228,20008,2,3室2厅1厨2卫,['低楼层/共33层'],南,['平层/精装'],113.96,2015,海投青春海岸,海沧,马銮湾中心片区,1,两梯五户,2023/11/20,2021/4/23,平层,精装,1,33,2,5
23,23,深田路 电梯房 南北通透 大三房,https://xm.lianjia.com/ershoufang/105116079396.html,698,59735,1,3室2厅1厨2卫,['低楼层/共8层'],南,['平层/简装'],116.85,2000,深田路,思明,实验小学及周边,1,一梯两户,2024/2/21,2015/8/3,平层,简装,1,8,1,2
24,24,首开龙湖春江彼岸一期 3室2厅 南,https://xm.lianjia.com/ershoufang/105116245068.html,199,22494,5,3室2厅1厨1卫,['高楼层/共31层'],南,['平层/精装'],88.47,2017,首开龙湖春江彼岸一期,海沧,马銮湾中心片区,1,两梯五户,2024/3/5,2020/10/20,平层,精装,3,31,2,5
25,25,翔鹭花城 中层精装2房 免个税 看房方便,https://xm.lianjia.com/ershoufang/105115454542.html,280,35005,2,2室2厅1厨1卫,['中楼层/共9层'],南,['平层/精装'],79.99,2008,翔鹭花城一，二期,湖里,殿前,1,一梯四户,2023/11/28,2009/4/16,平层,精装,2,9,1,4
26,26,国贸天悦 3室2厅 南,https://xm.lianjia.com/ershoufang/105116511439.html,315,30081,1,3室2厅1厨2卫,['低楼层/共32层'],南,['平层/精装'],104.72,2018,国贸天悦,集美,杏北,1,两梯三户,2024/3/28,2020/11/9,平层,精装,1,32,2,3
27,27,集美新城 复式四房 楼中楼高得房率 采光通透好 近地铁,https://xm.lianjia.com/ershoufang/105112827037.html,310,31760,1,4室2厅1厨2卫,['低楼层/共33层'],东南,['跃层/毛坯'],97.61,2016,龙湖春江郦城一期,集美,杏北,1,两梯六户,2023/2/27,2020/10/21,跃层,毛坯,1,33,2,6
28,28,新装电梯，前后看中庭，南北朝向，满五省税,https://xm.lianjia.com/ershoufang/105116773220.html,298,41516,2,2室2厅1厨1卫,['高楼层/共7层'],南,['平层/简装'],71.78,1997,金尚小区,湖里,金尚,1,一梯两户,2024/4/23,2016/3/28,平层,简装,3,7,1,2
29,29,集美新城 中航城C区3房2厅2卫2阳台 看九天湖,https://xm.lianjia.com/ershoufang/105116753288.html,285,29032,5,3室1厅1厨2卫,['高楼层/共33层'],南,['平层/精装'],98.17,2015,中航城国际社区C区,集美,集美新城,1,两梯四户,2024/4/21,2016/12/2,平层,精装,3,33,2,4
30,30,国贸商城同悦 4室2厅 东南,https://xm.lianjia.com/ershoufang/105116226430.html,290,21709,1,4室2厅1厨2卫,['低楼层/共34层'],东南,['平层/精装'],133.59,2017,国贸商城同悦,集美,集美其它,1,两梯三户,2024/3/3,2022/6/15,平层,精装,1,34,2,3
31,31,小区刚刚改造过，近莲坂地铁，格局方正,https://xm.lianjia.com/ershoufang/105116764782.html,278,43904,1,2室1厅1厨1卫,['中楼层/共7层'],南,['平层/精装'],63.32,1999,医药站宿舍,思明,富山,0,零梯零户,2024/4/22,2013/5/23,平层,精装,2,7,0,0
32,32,中梁正荣府 4室2厅 南 北,https://xm.lianjia.com/ershoufang/105116492318.html,275,25532,3,4室2厅1厨2卫,['中楼层/共26层'],南,['平层/其他'],107.71,-1,中梁正荣府,集美,集美新城,0,零梯零户,2024/3/27,2024/4/23,平层,其他,2,26,0,0
33,33,禹洲大学城 2室2厅 南,https://xm.lianjia.com/ershoufang/105115315983.html,120,17570,8,2室2厅1厨1卫,['高楼层/共35层'],南,['平层/精装'],68.3,2011,禹洲大学城,同安,集美其它,1,三梯十户,2023/11/12,2018/3/14,平层,精装,3,35,3,10
34,34,好户型 中间楼层 客厅、主卧带阳台,https://xm.lianjia.com/ershoufang/105116094994.html,138,16561,2,2室1厅1厨1卫,['中楼层/共18层'],西南,['平层/简装'],83.33,2008,夏商大学康城一期,集美,锦园,1,两梯四户,2024/2/22,2013/9/27,平层,简装,2,18,2,4
35,35,此房朝南通透格局，楼层好视野宽阔，居住环境舒适,https://xm.lianjia.com/ershoufang/105115491272.html,110,10073,0,2室2厅1厨1卫,['中楼层/共21层'],南,['平层/精装'],109.21,2021,古龙山语听溪,同安,同安其它,0,零梯零户,2023/12/1,2022/7/6,平层,精装,2,21,0,0
36,36,21年新装 全明户型  拎包入住 好位置,https://xm.lianjia.com/ershoufang/105114782169.html,255,34558,6,2室1厅1厨1卫,['低楼层/共7层'],东,['平层/精装'],73.79,1997,金鸡亭小区西区,思明,金鸡亭,0,零梯零户,2023/9/12,2021/4/16,平层,精装,1,7,0,0
37,37,集美新城 学府林立 交通便利 诚意出售,https://xm.lianjia.com/ershoufang/105115187602.html,36,14320,10,1室0厅0厨1卫,['中楼层/共30层'],东南,['平层/精装'],25.14,2018,万科云城,集美,集美新城,1,三梯二十八户,2023/10/29,2021/8/19,平层,精装,2,30,3,28
38,38,小户型 松柏 01年电梯房 地铁口 低首付 业主急售,https://xm.lianjia.com/ershoufang/105113539542.html,149,35035,1,1室0厅0厨1卫,['中楼层/共20层'],西南,['平层/简装'],42.53,2002,长升大厦,思明,松柏,1,四梯二十一户,2023/5/1,2005/5/11,平层,简装,2,20,4,21
39,39,满五，中间楼层，南北朝向，采光通风好,https://xm.lianjia.com/ershoufang/105114720945.html,245,30880,2,2室2厅1厨1卫,['中楼层/共8层'],南,['平层/简装'],79.34,2002,集美中心花园,集美,集美文教区,0,零梯零户,2023/9/5,2017/7/12,平层,简装,2,8,0,0
40,40,精装修大四房，真正精装，拎包入住的，高楼层,https://xm.lianjia.com/ershoufang/105116662191.html,405,26907,2,4室2厅1厨2卫,['高楼层/共26层'],南,['平层/精装'],150.52,2009,天御小区,海沧,海沧区政府,1,两梯四户,2024/4/12,2012/11/22,平层,精装,3,26,2,4
41,41,融信海上城,https://xm.lianjia.com/ershoufang/105116806592.html,68,16000,1,2室1厅1厨1卫,['低楼层/共26层'],东,['跃层/精装'],42.5,2016,融信海上城,海沧,滨海社区,1,六梯三十四户,2024/4/26,2022/9/27,跃层,精装,1,26,6,34
42,42,朝南，满二，户型反正，精装三房两卫，业主诚意出售,https://xm.lianjia.com/ershoufang/105115917998.html,230,21297,5,3室2厅1厨2卫,['低楼层/共50层'],南,['平层/简装'],108,2018,厦门院子泰禾首玺B区,海沧,马銮湾中心片区,1,两梯三户,2024/1/20,2020/4/7,平层,简装,1,50,2,3
43,43,地铁三号线旁 南山新村 正规3房 装修好 房东诚售,https://xm.lianjia.com/ershoufang/105116439176.html,336,33006,3,3室2厅1厨2卫,['低楼层/共7层'],南,['平层/简装'],101.8,-1,南山新村一期,湖里,南山路,0,零梯零户,2024/3/22,2009/9/16,平层,简装,1,7,0,0
44,44,公园道朝南格局改三房业主居家精装诚意出售，满五,https://xm.lianjia.com/ershoufang/105116279202.html,188,20983,0,3室2厅1厨1卫,['中楼层/共24层'],南,['平层/精装'],89.6,2012,公园道1号,同安,同安其它,1,两梯四户,2024/3/8,2013/1/1,平层,精装,2,24,2,4
45,45,框架好楼层，正规3房2卫，户型方正，可拎包入住。,https://xm.lianjia.com/ershoufang/105116446075.html,330,34951,2,3室2厅1厨2卫,['中楼层/共8层'],南,['平层/精装'],94.42,2001,金北花园,湖里,金尚,0,零梯零户,2024/3/22,2015/6/16,平层,精装,2,8,0,0
46,46,两室两卫，朝南向，洋房社区，风景湖旁,https://xm.lianjia.com/ershoufang/105116566341.html,125,14998,1,2室2厅1厨2卫,['低楼层/共11层'],南,['平层/简装'],83.35,2018,招商莱顿小镇,集美,灌口,1,两梯两户,2024/4/3,2021/7/15,平层,简装,1,11,2,2
47,47,万科精装大2房，满五，家具家电全有，拎包入住,https://xm.lianjia.com/ershoufang/105113130911.html,100,13599,1,2室1厅1厨1卫,['低楼层/共35层'],南,['平层/精装'],73.54,2010,万科金色悦城,翔安,马巷,1,两梯四户,2023/3/24,2013/3/6,平层,精装,1,35,2,4
48,48,世茂璀璨天城二期 3室1厅 南,https://xm.lianjia.com/ershoufang/105116755610.html,355,34530,0,3室1厅1厨2卫,['高楼层/共34层'],南,['跃层/精装'],102.81,2019,世茂璀璨天城二期,集美,集美新城,1,两梯八户,2024/4/21,2020/8/27,跃层,精装,3,34,2,8
49,49,厦门全新小区建发玺樾精装品质4房.苏州园林沉浸式体验,https://xm.lianjia.com/ershoufang/105113639622.html,750,57022,2,4室2厅1厨2卫,['中楼层/共15层'],南,['平层/精装'],131.53,-1,建发玺樾,湖里,祥店,0,零梯零户,2023/5/11,2022/8/29,平层,精装,2,15,0,0
50,50,集美新城小高层，精装三房，朝南，阳光充足，宽楼距,https://xm.lianjia.com/ershoufang/105116564570.html,225,24802,0,3室2厅1厨1卫,['中楼层/共19层'],南,['平层/精装'],90.72,2020,恒大帝景,集美,集美新城,1,两梯四户,2024/4/2,2022/3/2,平层,精装,2,19,2,4
51,51,精装小两房，电梯房，总价低，楼层好，采光好,https://xm.lianjia.com/ershoufang/105114736061.html,125,24462,2,2室1厅1厨1卫,['中楼层/共18层'],东北,['平层/精装'],51.1,2007,广场湖畔花园,海沧,海沧外国语片区,1,两梯七户,2023/9/7,2019/4/23,平层,精装,2,18,2,7
52,52,业主诚意出售，正规大4房，精装修，景观很好,https://xm.lianjia.com/ershoufang/105115632732.html,335,26824,3,4室2厅1厨3卫,['高楼层/共47层'],南,['复式/精装'],124.89,2021,保利叁仟栋壹海里地块二,同安,环东海域,0,零梯零户,2023/12/17,2022/4/26,复式,精装,3,47,0,0
53,53,高层边套 景观视野良好 格局方正 采光好,https://xm.lianjia.com/ershoufang/105116109190.html,259,24979,2,5室1厅1厨1卫,['高楼层/共18层'],南,['平层/简装'],103.69,2009,未来海岸蓝水郡,海沧,海沧体育中心,1,两梯五户,2024/2/23,2024/3/1,平层,简装,3,18,2,5
54,54,万科白鹭郡 有天有地别墅 急售,https://xm.lianjia.com/ershoufang/105113678997.html,220,22735,10,4室2厅1厨1卫,['低楼层/共3层'],南,['跃层/毛坯'],96.77,2020,白鹭郡,同安,同安其它,0,零梯零户,2023/5/15,2021/3/23,跃层,毛坯,1,3,0,0
55,55,莲坂西小区 封闭式小区，通透大两房，楼层好，安静,https://xm.lianjia.com/ershoufang/105116859796.html,330,41411,0,2室1厅1厨1卫,['中楼层/共6层'],南,['平层/精装'],79.69,1993,莲坂西小区,思明,莲坂,0,零梯零户,2024/5/1,2017/12/12,平层,精装,2,6,0,0
56,56,思明火车站花园小区好楼层全明正规朝南三房停车方便,https://xm.lianjia.com/ershoufang/105115570631.html,299,39958,3,3室2厅1厨1卫,['中楼层/共7层'],东,['平层/精装'],74.83,1986,温馨家园,思明,火车站,0,零梯零户,2023/12/10,2021/2/2,平层,精装,2,7,0,0
57,57,地铁口 精装修 看小区中庭 业主诚售,https://xm.lianjia.com/ershoufang/105115175163.html,239,51465,2,1室1厅1厨1卫,['高楼层/共28层'],东,['平层/精装'],46.44,2009,米兰春天,思明,七星路,1,三梯八户,2023/10/28,2019/3/22,平层,精装,3,28,3,8
58,58,天宝大厦 1室0厅 北,https://xm.lianjia.com/ershoufang/105116783594.html,159,60137,1,1室0厅1厨1卫,['高楼层/共31层'],北,['平层/简装'],26.44,2009,天宝大厦,思明,松柏,1,三梯二十八户,2024/4/24,2017/3/23,平层,简装,3,31,3,28
59,59,低总价低单价，电梯高层 看山景 3房2厅两卫,https://xm.lianjia.com/ershoufang/105116369165.html,360,29307,2,3室2厅1厨2卫,['高楼层/共19层'],东,['平层/简装'],122.84,1996,金龙大厦,湖里,东渡,1,两梯八户,2024/3/15,2007/1/18,平层,简装,3,19,2,8
60,60,莱昂公馆 大三房  房东诚意出售,https://xm.lianjia.com/ershoufang/105114403368.html,180,20367,6,3室2厅1厨1卫,['高楼层/共19层'],南,['平层/毛坯'],88.38,2020,特房莱昂公馆一期,翔安,环东海域,1,两梯五户,2023/8/2,2021/3/1,平层,毛坯,3,19,2,5
61,61,新小区 中高楼层 格局方正，采光好 业主诚意出售,https://xm.lianjia.com/ershoufang/105113546893.html,188,21707,5,3室2厅1厨1卫,['中楼层/共17层'],南,['平层/精装'],86.61,2021,海投白鹭湾,海沧,马銮湾中心片区,0,零梯零户,2023/5/2,2023/7/5,平层,精装,2,17,0,0
62,62,莲花大厦精装三房，拎包入住，设计合理，采光好,https://xm.lianjia.com/ershoufang/105114283268.html,470,53234,5,3室2厅1厨1卫,['中楼层/共17层'],东南,['平层/精装'],88.29,2005,莲花大厦,思明,莲花一村,1,三梯十二户,2023/7/19,2007/8/14,平层,精装,2,17,3,12
63,63,集美外国语，品质新小区中海杏林鹭湾，二次精装,https://xm.lianjia.com/ershoufang/105115392754.html,450,42801,0,3室2厅1厨2卫,['高楼层/共33层'],东南,['平层/精装'],105.14,2020,中海杏林鹭湾,集美,集美新城,0,零梯零户,2023/11/21,2022/4/29,平层,精装,3,33,0,0
64,64,建发央著，高楼层采光好，满2年,https://xm.lianjia.com/ershoufang/105116297845.html,468,44755,0,3室2厅1厨2卫,['高楼层/共33层'],南,['平层/精装'],104.57,2020,建发央著二期,集美,集美新城,1,两梯四户,2024/3/9,2022/2/19,平层,精装,3,33,2,4
65,65,东坑安居房 3室1厅 南 北,https://xm.lianjia.com/ershoufang/105116928166.html,328,25251,1,3室1厅1厨2卫,['中楼层/共32层'],南,['平层/毛坯'],129.9,2021,东坑安居房,海沧,滨海社区,1,两梯四户,2024/5/9,2023/6/27,平层,毛坯,2,32,2,4
66,66,禾祥西 公园小区 电梯高层 采光好 低总价一房,https://xm.lianjia.com/ershoufang/105116127920.html,176,44818,1,1室1厅1厨1卫,['中楼层/共12层'],北,['平层/精装'],39.27,2003,新嘉园,思明,禾祥西路,1,四梯十七户,2024/2/25,,平层,精装,2,12,4,17
67,67,涵光路 3室1厅 南 北,https://xm.lianjia.com/ershoufang/105116833958.html,298,39824,6,3室1厅1厨1卫,['高楼层/共6层'],南,['平层/简装'],74.83,1991,涵光路,思明,莲花一村,0,零梯零户,2024/4/29,2003/12/24,平层,简装,3,6,0,0
68,68,环东海域正规三房三卫出售 ，朝南 采光通风好,https://xm.lianjia.com/ershoufang/105115306036.html,153,16431,9,3室2厅1厨1卫,['高楼层/共34层'],南,['平层/精装'],93.12,2011,禹洲大学城,同安,集美其它,1,三梯六户,2023/11/11,2017/6/12,平层,精装,3,34,3,6
69,69,中庭楼芯 保养用心 独门独户 拎包入住 看房方便,https://xm.lianjia.com/ershoufang/105116814868.html,368,31640,0,3室2厅1厨2卫,['低楼层/共33层'],南,['平层/精装'],116.31,2018,国贸天悦,集美,杏北,1,两梯四户,2024/4/27,2019/9/15,平层,精装,1,33,2,4
70,70,保利叁仟栋 环东海域 满五年 自住精装 交通便利,https://xm.lianjia.com/ershoufang/105116722439.html,265,25849,5,4室1厅1厨2卫,['低楼层/共18层'],南,['跃层/精装'],102.52,2017,保利叁仟栋一期,同安,环东海域,1,两梯四户,2024/4/18,2019/4/2,跃层,精装,1,18,2,4
71,71,海上世界 厦鼓码头 二号线地铁口邮轮城站 邮轮城二期,https://xm.lianjia.com/ershoufang/105116886820.html,485,49581,2,2室2厅1厨1卫,['低楼层/共30层'],西南,['平层/精装'],97.82,2011,国际邮轮城二期,湖里,邮轮城,1,两梯四户,2024/5/5,2013/6/26,平层,精装,1,30,2,4
72,72,莲岳里小户型，朝南，低楼层，总价低，带精装修,https://xm.lianjia.com/ershoufang/105116812933.html,238,63552,1,1室1厅1厨1卫,['低楼层/共7层'],南,['平层/精装'],37.45,1991,莲岳里小区西区,思明,松柏,0,零梯零户,2024/4/26,2019/4/29,平层,精装,1,7,0,0
73,73,双地铁口、花园式园林小区、景观漂亮，二期安静楼栋,https://xm.lianjia.com/ershoufang/105114650939.html,208,23653,4,3室1厅1厨1卫,['中楼层/共32层'],南,['平层/精装'],87.94,2018,龙湖春江彼岸二期,海沧,马銮湾中心片区,1,三梯六户,2023/8/29,2021/3/30,平层,精装,2,32,3,6
74,74,高层全湖景公摊小好房楼下带房间复式层高3米,https://xm.lianjia.com/ershoufang/105115599622.html,398,47129,2,3室2厅1厨2卫,['高楼层/共13层'],东南,['跃层/精装'],84.45,2018,世茂璀璨天城一期,集美,集美新城,1,两梯八户,2023/12/13,2020/6/1,跃层,精装,3,13,2,8
75,75,刚需家庭，低总价，社区新，近地铁,https://xm.lianjia.com/ershoufang/105116630494.html,345,41136,10,3室2厅1厨1卫,['中楼层/共12层'],南,['平层/精装'],83.87,2012,金枋世家一期,湖里,枋湖,1,两梯四户,2024/4/9,2024/4/9,平层,精装,2,12,2,4
76,76,高层看全海景  采光充足，户型通透，进出岛方便,https://xm.lianjia.com/ershoufang/105109170572.html,242,19693,1,3室1厅1厨1卫,['高楼层/共33层'],南,['平层/毛坯'],122.89,2014,阳光城翡丽湾一期,翔安,翔安新城,1,两梯四户,2021/11/3,2017/4/6,平层,毛坯,3,33,2,4
77,77,松柏小户型 地铁口 电梯房 带阳台,https://xm.lianjia.com/ershoufang/105116271790.html,160,47733,1,1室0厅1厨1卫,['低楼层/共19层'],北,['平层/简装'],33.52,2012,一代风华,思明,松柏,1,两梯二十一户,2024/3/7,2014/9/2,平层,简装,1,19,2,21
78,78,地铁站康乐新村东区 南北 1梯两户 光线好 三面采光,https://xm.lianjia.com/ershoufang/105113373858.html,246,34401,4,2室1厅1厨1卫,['低楼层/共8层'],南,['平层/精装'],71.51,1998,康乐新村一期东区,湖里,南山路,0,零梯零户,2023/4/15,2009/5/6,平层,精装,1,8,0,0
79,79,中联B.R.T品质好房，刚需上车SHOU选,https://xm.lianjia.com/ershoufang/105116537267.html,156,16755,1,3室2厅1厨2卫,['低楼层/共16层'],南,['平层/精装'],93.11,2017,中联观云溪,同安,同安区,1,两梯四户,2024/3/31,2019/1/21,平层,精装,1,16,2,4
80,80,楼梯边套靠里面一排安静精装3张床7米衣柜没占用可度书,https://xm.lianjia.com/ershoufang/105116798300.html,88,24337,0,1室1厅1厨1卫,['中楼层/共6层'],南,['平层/精装'],36.16,2006,未来橙堡,海沧,海沧体育中心,0,零梯零户,2024/4/25,2022/6/9,平层,精装,2,6,0,0
81,81,地铁站水晶尚庭精装三房未入住过格局采光好,https://xm.lianjia.com/ershoufang/105116906742.html,216,24529,0,3室2厅1厨2卫,['低楼层/共32层'],南,['平层/精装'],88.06,2023,住宅水晶尚庭,海沧,马銮湾中心片区,1,两梯四户,2024/5/7,2023/9/1,平层,精装,1,32,2,4
82,82,屿后南里 3室1厅 南 北,https://xm.lianjia.com/ershoufang/105116926276.html,360,45062,1,3室1厅1厨1卫,['中楼层/共7层'],南,['平层/简装'],79.89,-1,屿后南里,思明,松柏,0,零梯零户,2024/5/8,2004/7/9,平层,简装,2,7,0,0
83,83,恒大帝景 东边套精装三房两卫 全新没住过 有钥匙,https://xm.lianjia.com/ershoufang/105114737527.html,298,24811,5,3室2厅1厨2卫,['低楼层/共31层'],南,['平层/精装'],120.11,2019,恒大帝景,集美,集美新城,1,两梯四户,2023/9/7,2021/11/10,平层,精装,1,31,2,4
84,84,上新！瑞景新村 正中庭精装两房 好楼层，省税,https://xm.lianjia.com/ershoufang/105116590176.html,348,45832,0,2室2厅1厨1卫,['中楼层/共7层'],南,['平层/精装'],75.93,2000,瑞景新村鸣凤苑,思明,瑞景,0,零梯零户,2024/4/5,2007/5/22,平层,精装,2,7,0,0
85,85,此房精装五房，朝东南采光好，业主稳定,https://xm.lianjia.com/ershoufang/105116304186.html,360,26991,4,5室1厅1厨2卫,['低楼层/共34层'],南,['平层/精装'],133.38,2014,禹洲尊海,海沧,海沧体育中心,1,两梯四户,2024/3/10,2019/3/15,平层,精装,1,34,2,4
86,86,滨北08年花园小区，低总价单身公寓有燃气入户业主诚售,https://xm.lianjia.com/ershoufang/105116880901.html,228,48521,0,1室1厅1厨1卫,['低楼层/共26层'],北,['平层/精装'],46.99,2009,米兰春天,思明,七星路,1,两梯十户,2024/5/4,2019/12/10,平层,精装,1,26,2,10
87,87,近地铁、小户型、低总价、湖海双景,https://xm.lianjia.com/ershoufang/105115819645.html,87,25439,2,1室1厅1厨1卫,['高楼层/共17层'],南,['平层/简装'],34.2,2017,碧水芳庭,海沧,海沧生活区,1,三梯二十一户,2024/1/9,2019/5/17,平层,简装,3,17,3,21
88,88,建发品质 怡家园物业，小三房户型  看中庭位置,https://xm.lianjia.com/ershoufang/105115998122.html,428,48737,9,3室1厅1厨1卫,['低楼层/共23层'],南,['平层/简装'],87.82,2011,中央美地,湖里,枋湖,1,两梯四户,2024/2/1,2019/12/20,平层,简装,1,23,2,4
89,89,看湖景边套，住在公园里的房子，视野开阔.,https://xm.lianjia.com/ershoufang/105116931473.html,200,22528,0,3室2厅1厨2卫,['中楼层/共18层'],东南,['平层/精装'],88.78,2021,融侨观澜,集美,灌口,1,两梯四户,2024/5/9,2022/4/5,平层,精装,2,18,2,4
90,90,建发海玥和鸣 开发商精装修三房 拎包入住,https://xm.lianjia.com/ershoufang/105116849265.html,218,28246,0,3室1厅1厨1卫,['高楼层/共27层'],南,['平层/精装'],77.18,2022,海玥和鸣,海沧,马銮湾中心片区,1,两梯五户,2024/4/30,2023/6/9,平层,精装,3,27,2,5
91,91,枋湖 五缘湾 精装两房 中高楼层 电梯房 新小区,https://xm.lianjia.com/ershoufang/105114829501.html,450,51172,11,2室2厅1厨1卫,['中楼层/共23层'],南,['平层/精装'],87.94,2012,中央美地,湖里,枋湖,1,两梯四户,2023/9/17,2012/10/22,平层,精装,2,23,2,4
92,92,摩登时代，精装，空户，业主换房诚意出售，,https://xm.lianjia.com/ershoufang/105116544626.html,218,44508,0,1室1厅1厨1卫,['中楼层/共30层'],西,['平层/精装'],48.98,2006,摩登时代,思明,松柏,1,四梯二十户,2024/4/1,2007/7/16,平层,精装,2,30,4,20
93,93,此房满五，楼层采光好，视野宽阔，一线海景，交通便利,https://xm.lianjia.com/ershoufang/105116938807.html,241,26484,1,3室1厅1厨1卫,['低楼层/共37层'],东南,['平层/精装'],91,2014,禹洲中央海岸一期,集美,杏林桥头,1,三梯六户,2024/5/9,2015/4/2,平层,精装,1,37,3,6
94,94,建发央著一期  高层 自住配置  随时看房空户空XUE位,https://xm.lianjia.com/ershoufang/105116483813.html,399,42339,1,3室2厅1厨2卫,['中楼层/共39层'],南,['平层/精装'],94.24,2020,建发央著一期,集美,集美新城,1,两梯四户,2024/3/26,2022/3/29,平层,精装,2,39,2,4
95,95,兴港花园三期朝中庭，安静，边套三面采光,https://xm.lianjia.com/ershoufang/105115815730.html,202,19859,2,3室1厅1厨2卫,['中楼层/共11层'],南,['平层/简装'],101.72,2010,兴港花园三期,海沧,海沧外国语片区,1,一梯六户,2024/1/9,2022/5/6,平层,简装,2,11,1,6
96,96,莲花路口 地铁一号线  电梯高层  精装4房  空户,https://xm.lianjia.com/ershoufang/105115336153.html,660,50633,0,4室2厅1厨2卫,['中楼层/共35层'],东北,['平层/精装'],130.35,1994,香江大花园,思明,莲花一村,1,三梯八户,2023/11/15,2016/10/10,平层,精装,2,35,3,8
97,97,特房银溪墅府二期，楼栋位置安静，精装大2房视野看海,https://xm.lianjia.com/ershoufang/105116923350.html,185,21605,0,2室1厅1厨1卫,['高楼层/共23层'],东南,['平层/精装'],85.63,2018,特房银溪墅府图尔花园,翔安,环东海域,1,两梯四户,2024/5/8,2019/4/1,平层,精装,3,23,2,4
98,98,沧二小区 1室1厅 南 北,https://xm.lianjia.com/ershoufang/105116797689.html,120,24396,0,1室1厅1厨1卫,['中楼层/共6层'],南,['平层/精装'],49.19,2000,沧二小区,海沧,海沧生活区,0,零梯零户,2024/4/25,2011/4/8,平层,精装,2,6,0,0
99,99,国贸品质，建发管理， 改好2房，买入即入住,https://xm.lianjia.com/ershoufang/105116216856.html,180,40993,2,2室1厅1厨1卫,['低楼层/共18层'],北,['平层/精装'],43.91,2006,国贸阳光,湖里,祥店,1,两梯八户,2024/3/3,2015/7/28,平层,精装,1,18,2,8
100,100,近地铁和招商花园城的高层精装两房只有契税现买现住,https://xm.lianjia.com/ershoufang/105115724708.html,178,24421,10,2室2厅1厨1卫,['高楼层/共30层'],南,['平层/精装'],72.89,2017,首开龙湖春江彼岸一期,海沧,马銮湾中心片区,1,两梯五户,2023/12/29,2019/12/24,平层,精装,3,30,2,5
101,101,BRT龙山桥站 电梯 4房 南北 单价41990元 看房有锁,https://xm.lianjia.com/ershoufang/105116938874.html,638,41994,0,4室2厅1厨2卫,['低楼层/共12层'],南,['错层/精装'],151.93,2005,金沙花园,思明,金鸡亭,1,一梯两户,2024/5/9,2009/4/27,错层,精装,1,12,1,2
102,102,东边套 高层 复式楼 视野开阔 使用面积大,https://xm.lianjia.com/ershoufang/105116783175.html,220,21426,4,3室2厅1厨2卫,['高楼层/共32层'],南,['跃层/精装'],102.68,2019,首开龙湖春江彼岸一期,海沧,马銮湾中心片区,1,两梯六户,2024/4/24,2022/5/24,跃层,精装,3,32,2,6
103,103,龙湖精装四房 拎包入住 门口风景湖 公摊小 看中庭,https://xm.lianjia.com/ershoufang/105116537310.html,239,27000,0,4室2厅1厨2卫,['中楼层/共12层'],东南,['平层/精装'],88.52,2019,景粼原著,集美,灌口,1,一梯两户,2024/3/31,2022/3/1,平层,精装,2,12,1,2
104,104,中南九锦台 3室2厅 东南,https://xm.lianjia.com/ershoufang/105116160990.html,260,27725,1,3室2厅1厨2卫,['高楼层/共26层'],东南,['平层/精装'],93.78,2021,中南九锦台,翔安,翔安新城,1,两梯四户,2024/2/27,2022/3/29,平层,精装,3,26,2,4
105,105,禹洲精装修三房，采光好，户型房子，看中庭侧面看海,https://xm.lianjia.com/ershoufang/105116466695.html,238,26471,0,3室1厅1厨1卫,['中楼层/共38层'],东南,['平层/精装'],89.91,2014,禹洲中央海岸二期,集美,杏林桥头,1,两梯四户,2024/3/24,2016/7/5,平层,精装,2,38,2,4
106,106,采 光充足。有二次装修，家具电齐.,https://xm.lianjia.com/ershoufang/105116894539.html,43.9,15170,2,1室1厅1厨1卫,['中楼层/共11层'],西南,['平层/简装'],28.94,2012,永建顶尚,湖里,枋湖,1,两梯三十一户,2024/5/5,2019/1/14,平层,简装,2,11,2,31
107,107,滨东小，万象城旁，南北正规两房,https://xm.lianjia.com/ershoufang/105116587778.html,269,47385,1,2室1厅1厨1卫,['高楼层/共6层'],南,['平层/简装'],56.77,-1,湖滨南路251-300号,思明,禾祥东路,0,零梯零户,2024/4/5,2023/1/1,平层,简装,3,6,0,0
108,108,环东海域 改善复式 四房两厅两卫 精装修 交通方便,https://xm.lianjia.com/ershoufang/105116856434.html,309.9,25604,0,4室2厅1厨2卫,['低楼层/共42层'],南,['跃层/精装'],121.04,2020,融信·铂悦湾,同安,同安区,1,两梯一户,2024/5/1,2022/3/29,跃层,精装,1,42,2,1
109,109,集美海上五月花精装修边套大三房,https://xm.lianjia.com/ershoufang/105116899931.html,282,25551,4,3室2厅1厨2卫,['中楼层/共32层'],南,['平层/精装'],110.37,2013,海上五月花一期,集美,集美其它,1,两梯四户,2024/5/6,2016/8/3,平层,精装,2,32,2,4
110,110,环东海景大两房 精装拎包入住 业主诚意出售,https://xm.lianjia.com/ershoufang/105116546285.html,148,17290,1,2室2厅1厨1卫,['中楼层/共35层'],东南,['平层/精装'],85.6,2011,禹洲大学城,同安,集美其它,1,三梯十户,2024/4/1,2015/11/26,平层,精装,2,35,3,10
111,111,世茂璀璨天城3房2卫丨业主二次装修过丨楼下就是商场,https://xm.lianjia.com/ershoufang/105116220000.html,388,36764,1,3室2厅1厨2卫,['中楼层/共34层'],南,['跃层/精装'],105.54,2019,世茂璀璨天城二期,集美,集美新城,1,两梯八户,2024/3/3,2020/9/4,跃层,精装,2,34,2,8
112,112,急  双阳台   龙湖精装四房     诚意出售    满两年,https://xm.lianjia.com/ershoufang/105113165400.html,239,27346,0,4室2厅1厨2卫,['低楼层/共12层'],西南,['平层/精装'],87.4,2019,景粼原著,集美,灌口,1,一梯两户,2023/3/28,2021/8/31,平层,精装,1,12,1,2
113,113,集美新城精装边套三房 中庭位置 满五省个税,https://xm.lianjia.com/ershoufang/105112952295.html,245,27510,25,3室1厅1厨1卫,['低楼层/共33层'],东南,['平层/精装'],89.06,2015,中航城国际社区C区,集美,集美新城,1,两梯六户,2023/3/9,2015/7/31,平层,精装,1,33,2,6
114,114,绿苑小区一期 1室1厅 东,https://xm.lianjia.com/ershoufang/105116455960.html,155,29235,2,1室1厅1厨1卫,['中楼层/共17层'],东,['平层/简装'],53.02,2009,绿苑小区一期,海沧,滨海社区,1,两梯六户,2024/3/23,2015/2/4,平层,简装,2,17,2,6
115,115,南北朝向，位置好，不靠马路，适合自住,https://xm.lianjia.com/ershoufang/105112744376.html,135,14300,4,2室2厅1厨1卫,['低楼层/共30层'],南,['平层/精装'],94.41,2014,首开领翔国际,翔安,新店,1,两梯四户,2023/2/21,2015/2/22,平层,精装,1,30,2,4
116,116,古龙公寓 2室1厅 南,https://xm.lianjia.com/ershoufang/105116185634.html,138,55355,1,2室1厅1厨1卫,['中楼层/共9层'],南,['复式/简装'],24.93,2005,古龙公寓,湖里,保税区,1,一梯二十四户,2024/2/29,2016/10/14,复式,简装,2,9,1,24
117,117,两房两厅朝南看海，三面彩光，格局好,https://xm.lianjia.com/ershoufang/105116581678.html,299,32325,2,2室1厅1厨1卫,['低楼层/共24层'],东南,['平层/精装'],92.5,2009,泉舜滨海上城,海沧,滨海社区,1,两梯四户,2024/4/4,2014/12/16,平层,精装,1,24,2,4
118,118,前埔北区  一梯两户 南北通透，三面采光，免个税,https://xm.lianjia.com/ershoufang/105116527974.html,416,43365,3,3室2厅1厨2卫,['中楼层/共6层'],南,['平层/简装'],95.93,2004,前埔北区一里,思明,前埔,0,零梯零户,2024/3/30,2016/3/18,平层,简装,2,6,0,0
119,119,业主自住装修，看房方便拎包入住,https://xm.lianjia.com/ershoufang/105112744258.html,206,22230,2,3室2厅1厨1卫,['低楼层/共31层'],东南,['平层/精装'],92.67,2014,金城湾花园,海沧,未来海岸北师大,1,两梯八户,2023/2/21,2022/8/22,平层,精装,1,31,2,8
120,120,怡景花园 中间楼层 采光好 诚意出售  价格好谈,https://xm.lianjia.com/ershoufang/105115832618.html,99,33847,6,1室0厅1厨1卫,['中楼层/共8层'],北,['平层/精装'],29.25,1994,怡景花园,湖里,湖里大道,0,零梯零户,2024/1/10,2021/8/31,平层,精装,2,8,0,0
121,121,集美新城诚毅广场地铁口，双阳台，精装3房安静,https://xm.lianjia.com/ershoufang/105115419270.html,235,26225,14,3室2厅1厨1卫,['低楼层/共33层'],东南,['平层/精装'],89.61,2014,莲花新城一期,集美,集美新城,1,两梯四户,2023/11/24,2020/1/3,平层,精装,1,33,2,4
122,122,莲花，全明户型，楼层好，诚意出售，,https://xm.lianjia.com/ershoufang/105116513542.html,320,37564,4,3室2厅1厨1卫,['中楼层/共7层'],南,['平层/简装'],85.19,2000,通仕达小区,思明,莲花,0,零梯零户,2024/3/28,2000/3/2,平层,简装,2,7,0,0
123,123,集美新城正规2房比较少，全明设计，全朝南，看湖。,https://xm.lianjia.com/ershoufang/105116820983.html,208,29230,1,2室1厅1厨1卫,['高楼层/共40层'],东南,['平层/精装'],71.16,2014,中航城国际社区C区,集美,集美新城,1,三梯六户,2024/4/27,2016/5/25,平层,精装,3,40,3,6
124,124,火车站万象城电梯高层，精装三房，阳台比较大,https://xm.lianjia.com/ershoufang/105116310466.html,400,51388,2,3室1厅1厨1卫,['中楼层/共18层'],东,['平层/精装'],77.84,2001,富城花园,思明,富山,1,一梯九户,2024/3/11,2017/3/3,平层,精装,2,18,1,9
125,125,一双片区 名汇广场 08年电梯房 低总价 楼层好诚意出售,https://xm.lianjia.com/ershoufang/105116757509.html,218,58808,0,1室1厅1厨1卫,['中楼层/共9层'],东南,['平层/精装'],37.07,2008,名汇广场,思明,中山路,1,四梯五十六户,2024/4/21,2016/7/21,平层,精装,2,9,4,56
126,126,天湖城自住精装高层三房业主诚意出售,https://xm.lianjia.com/ershoufang/105116625738.html,298,27898,1,3室1厅1厨1卫,['高楼层/共33层'],南,['平层/精装'],106.82,2012,天湖城,海沧,海沧区政府,1,两梯四户,2024/4/9,2014/5/20,平层,精装,3,33,2,4
127,127,康城正规两房，高楼层，大阳台 采光好,https://xm.lianjia.com/ershoufang/105116254342.html,145,17140,2,2室1厅1厨1卫,['中楼层/共16层'],南,['平层/简装'],84.6,2008,夏商大学康城一期,集美,锦园,1,两梯四户,2024/3/6,2017/3/12,平层,简装,2,16,2,4
128,128,05年电梯 地铁口、BRT沿线、精装修三房 低总价,https://xm.lianjia.com/ershoufang/105116790064.html,298,55360,1,3室1厅1厨2卫,['低楼层/共22层'],北,['跃层/精装'],53.83,2007,九龙城,思明,火车站,1,四梯四十三户,2024/4/24,2021/5/27,跃层,精装,1,22,4,43
129,129,4房2卫100米地铁口南北向满五无其他房入户全倒板,https://xm.lianjia.com/ershoufang/105116922527.html,163,22779,0,4室2厅1厨2卫,['低楼层/共20层'],南,['平层/毛坯'],71.56,2013,厦航高郡,同安,同安其它,1,两梯两户,2024/5/8,2014/1/3,平层,毛坯,1,20,2,2
130,130,一手业主 换房诚意出售 随时看房,https://xm.lianjia.com/ershoufang/105116911122.html,365,48778,0,2室1厅1厨1卫,['中楼层/共6层'],南,['平层/简装'],74.83,1991,涵光路,思明,莲花一村,0,零梯零户,2024/5/7,2021/8/3,平层,简装,2,6,0,0
131,131,万达广场 中层朝北 小面积 总价低 稳定出售 采光不错,https://xm.lianjia.com/ershoufang/105115364495.html,53,12650,1,1室0厅1厨1卫,['中楼层/共31层'],北,['平层/简装'],41.9,2012,万达广场,湖里,万达广场,1,四梯十七户,2023/11/18,2023/6/6,平层,简装,2,31,4,17
132,132,海沧天御近地铁小区，电梯三房，朝南采光好,https://xm.lianjia.com/ershoufang/105114959854.html,321,28080,0,3室1厅1厨2卫,['中楼层/共32层'],南,['平层/简装'],114.32,2007,天御小区,海沧,海沧区政府,1,两梯四户,2023/10/4,2012/8/2,平层,简装,2,32,2,4
133,133,精装三房业主自住保养好 交通便利,https://xm.lianjia.com/ershoufang/105116617726.html,233,26307,4,3室2厅1厨1卫,['中楼层/共33层'],东南,['平层/精装'],88.57,2015,橡树湾三期,集美,杏北,1,两梯两户,2024/4/8,2017/2/20,平层,精装,2,33,2,2
134,134,槟榔，莲坂，双地铁口，精装两房出售。,https://xm.lianjia.com/ershoufang/105116546839.html,288,53974,3,2室1厅1厨1卫,['低楼层/共6层'],南,['平层/精装'],53.36,1988,槟榔东里单号区,思明,槟榔,0,零梯零户,2024/4/1,2014/9/25,平层,精装,1,6,0,0
135,135,湖滨南 禾祥西 禾祥小 中楼层 精装一房边套西南北,https://xm.lianjia.com/ershoufang/105112253498.html,189,47274,2,1室1厅1厨1卫,['中楼层/共6层'],南,['平层/精装'],39.98,1983,湖滨南路66号-200号,思明,禾祥西路,0,零梯零户,2022/12/11,2020/12/1,平层,精装,2,6,0,0
136,136,中山路 南中广场1房 带露台 民立 空户,https://xm.lianjia.com/ershoufang/105116523704.html,238.2,64923,0,1室1厅1厨1卫,['高楼层/共5层'],南,['平层/精装'],36.69,2009,南中广场,思明,中山路,1,五梯九十七户,2024/3/29,2010/7/27,平层,精装,3,5,5,97
137,137,一梯两户，中间楼层，产权在手，诚意出售,https://xm.lianjia.com/ershoufang/105115630617.html,296,38938,4,2室1厅1厨1卫,['中楼层/共6层'],南,['平层/简装'],76.02,-1,玉亭里,思明,莲花一村,0,零梯零户,2023/12/17,2017/5/22,平层,简装,2,6,0,0
138,138,精装复式高层看湖景，全新未入住，产权满二，地铁沿线,https://xm.lianjia.com/ershoufang/105113442168.html,350,34064,1,3室2厅1厨2卫,['高楼层/共34层'],南,['跃层/精装'],102.75,2019,世茂璀璨天城二期,集美,集美新城,1,两梯八户,2023/4/21,2020/8/27,跃层,精装,3,34,2,8
139,139,厅带阳台朝南，小区中庭位置，视野宽阔。,https://xm.lianjia.com/ershoufang/105112976079.html,248,37696,4,2室1厅1厨1卫,['高楼层/共8层'],南,['平层/精装'],65.79,1994,侨建花园 ,思明,SM,0,零梯零户,2023/3/11,2011/1/13,平层,精装,3,8,0,0
140,140,东坑安居房 标准小俩房  精装修 拎包入住,https://xm.lianjia.com/ershoufang/105116721489.html,180,30051,0,2室1厅1厨1卫,['中楼层/共26层'],南,['平层/精装'],59.9,2021,东坑安居房,海沧,滨海社区,1,两梯五户,2024/4/17,2023/10/7,平层,精装,2,26,2,5
141,141,：户型方正带湖海双景外阳台，离地铁商场近,https://xm.lianjia.com/ershoufang/105116623860.html,270,26381,0,3室2厅1厨2卫,['低楼层/共31层'],东南,['平层/精装'],102.35,2019,首开龙湖春江彼岸三期,海沧,马銮湾中心片区,1,三梯六户,2024/4/9,2022/5/5,平层,精装,1,31,3,6
142,142,中层 南北 一梯两户 双阳台 位置安静 采光充足,https://xm.lianjia.com/ershoufang/105112120583.html,328,36809,7,3室1厅1厨1卫,['中楼层/共8层'],南,['平层/简装'],89.11,1995,仙阁里花园,思明,SM,0,零梯零户,2022/11/24,2020/1/16,平层,简装,2,8,0,0
143,143,小区后排看山安静 有三个阳台 中间楼层,https://xm.lianjia.com/ershoufang/105116906834.html,448,50006,1,2室1厅1厨2卫,['中楼层/共12层'],南,['平层/精装'],89.59,2011,东晖广场,湖里,枋湖,1,一梯三户,2024/5/7,2015/10/28,平层,精装,2,12,1,3
144,144,岳阳精装三房空间大，有固定车位，不计面积活动室12平,https://xm.lianjia.com/ershoufang/105115356902.html,298,39258,4,3室1厅1厨1卫,['中楼层/共7层'],南,['平层/精装'],75.91,1996,岳阳西里,思明,岳阳社区,0,零梯零户,2023/11/17,2009/6/22,平层,精装,2,7,0,0
145,145,高林居住区一里 3室1厅 南,https://xm.lianjia.com/ershoufang/105115750068.html,272,37601,7,3室1厅1厨1卫,['高楼层/共30层'],南,['平层/简装'],72.34,2009,高林居住区一里,湖里,万达广场,1,两梯六户,2024/1/2,2020/8/17,平层,简装,3,30,2,6
146,146,城上城靠山看公园 一梯两户 客厅带阳台朝南,https://xm.lianjia.com/ershoufang/105113246621.html,728,56100,4,4室2厅1厨2卫,['中楼层/共14层'],南,['错层/精装'],129.77,2012,禹洲城上城,湖里,枋湖,1,一梯两户,2023/4/4,2020/12/30,错层,精装,2,14,1,2
147,147,框架结构 楼梯小高层 南北2房 户型方正 客厅朝南,https://xm.lianjia.com/ershoufang/105116940022.html,306,39489,3,2室1厅1厨1卫,['中楼层/共8层'],南,['平层/简装'],77.49,-1,美湖花园,思明,禾祥西路,0,零梯零户,2024/5/10,1999/3/12,平层,简装,2,8,0,0
148,148,低总价边套 有窗户采光充足 全明格局,https://xm.lianjia.com/ershoufang/105115993296.html,65,15819,8,2室2厅1厨1卫,['低楼层/共26层'],西,['跃层/简装'],41.09,2016,融信海上城,海沧,滨海社区,1,六梯三十六户,2024/1/31,2017/2/5,跃层,简装,1,26,6,36
149,149,家门口地铁+商场  正规两房 双阳台 采光好,https://xm.lianjia.com/ershoufang/105106229515.html,210,24205,42,2室2厅1厨1卫,['中楼层/共36层'],南,['平层/毛坯'],86.76,2018,海投第一湾,海沧,马銮湾东,1,两梯四户,2021/1/10,2021/10/1,平层,毛坯,2,36,2,4
150,150,特房樾琴湾 边套100平三房两卫 中高楼层,https://xm.lianjia.com/ershoufang/105116852339.html,251,25063,0,3室2厅1厨2卫,['中楼层/共29层'],南,['平层/精装'],100.15,2020,特房樾琴湾,同安,环东海域,1,两梯六户,2024/4/30,2021/5/28,平层,精装,2,29,2,6
151,151,低总价 少卖朝南户型 楼下地铁50米,https://xm.lianjia.com/ershoufang/105116287320.html,199,43852,0,1室1厅1厨1卫,['中楼层/共31层'],东南,['平层/简装'],45.38,2009,华天花园,思明,莲坂,1,四梯二十户,2024/3/8,2019/5/29,平层,简装,2,31,4,20
152,152,配套齐全，精装拎包入住业主诚意出售！,https://xm.lianjia.com/ershoufang/105116896720.html,299,36020,1,2室2厅1厨1卫,['高楼层/共18层'],南,['平层/精装'],83.01,2013,绿苑新城一组团,海沧,滨海社区,1,两梯六户,2024/5/6,2019/8/17,平层,精装,3,18,2,6
153,153,单价低  户型方正  朝南大三房  中间楼层  诚意出售,https://xm.lianjia.com/ershoufang/105116927322.html,225,18978,0,3室2厅1厨2卫,['中楼层/共6层'],南,['平层/简装'],118.56,2005,宏大花园,海沧,未来海岸北师大,0,零梯零户,2024/5/8,2006/1/16,平层,简装,2,6,0,0
154,154,隧道口整栋别墅，地面三层，地下一层，看房有钥匙。,https://xm.lianjia.com/ershoufang/105112053182.html,300,34587,36,5室3厅1厨3卫,['共3层'],南,['跃层/毛坯'],86.74,2021,世茂国风明月,翔安,翔安新城,0,零梯零户,2022/11/16,2022/8/3,跃层,毛坯,-1,3,0,0
155,155,国贸品质 通透户型 大三房精装修,https://xm.lianjia.com/ershoufang/105116734107.html,388,31040,1,3室2厅1厨2卫,['中楼层/共32层'],南,['平层/精装'],125,2018,国贸天悦,集美,杏北,1,两梯三户,2024/4/19,2024/4/25,平层,精装,2,32,2,3
156,156,万象城地铁口，滨东小，两房南北双阳台，看小区中庭。,https://xm.lianjia.com/ershoufang/105116921807.html,299,46278,0,2室1厅1厨1卫,['中楼层/共6层'],南,['平层/简装'],64.61,1988,湖滨南路251-300号,思明,禾祥东路,0,零梯零户,2024/5/8,2016/3/1,平层,简装,2,6,0,0
157,157,融信海上城,https://xm.lianjia.com/ershoufang/105116050174.html,148,23810,0,3室1厅1厨2卫,['高楼层/共26层'],东南,['跃层/精装'],62.16,2016,融信海上城,海沧,滨海社区,1,六梯二十二户,2024/2/19,2017/3/28,跃层,精装,3,26,6,22
158,158,低总价 视野开阔 看房方便 业主诚意出售,https://xm.lianjia.com/ershoufang/105116602732.html,75,21930,2,1室1厅1厨1卫,['中楼层/共17层'],北,['平层/简装'],34.2,2017,碧水芳庭,海沧,海沧生活区,1,三梯二十一户,2024/4/7,2022/1/4,平层,简装,2,17,3,21
159,159,芸溪二期，1楼带60平院子，精装3房2卫，看房方便,https://xm.lianjia.com/ershoufang/105116636675.html,188,17610,0,3室2厅1厨2卫,['低楼层/共6层'],南,['平层/精装'],106.76,2007,芸溪居住公园(二期),同安,同安其它,0,零梯零户,2024/4/10,2019/1/1,平层,精装,1,6,0,0
160,160,累计降价100万，97年框架好房，楼层适中，精装修,https://xm.lianjia.com/ershoufang/105110689268.html,220,28550,5,2室2厅1厨1卫,['中楼层/共7层'],南,['平层/精装'],77.06,-1,海山路,湖里,东渡,0,零梯零户,2022/6/7,2006/9/29,平层,精装,2,7,0,0
161,161,招商花园城旁边套三房双阳台精装三房满五年哦,https://xm.lianjia.com/ershoufang/105116400434.html,188,21072,9,3室2厅1厨1卫,['中楼层/共18层'],南,['平层/精装'],89.22,2015,海投青春海岸,海沧,马銮湾中心片区,1,两梯四户,2024/3/18,2016/8/3,平层,精装,2,18,2,4
162,162,水晶湖郡无遮挡看湖，鸟语花香，坐等佳音,https://xm.lianjia.com/ershoufang/105116174766.html,299,30570,4,3室2厅1厨1卫,['中楼层/共27层'],西南,['平层/精装'],97.81,2017,水晶湖郡C区,集美,集美新城,1,两梯四户,2024/2/28,2018/4/16,平层,精装,2,27,2,4
163,163,松柏，天宝大厦，单身公寓，诚意出售，带阳台。,https://xm.lianjia.com/ershoufang/105116000049.html,155,60880,1,1室0厅0厨1卫,['高楼层/共31层'],东,['平层/精装'],25.46,2009,天宝大厦,思明,松柏,1,三梯二十八户,2024/2/2,2013/4/1,平层,精装,3,31,3,28
164,164,实用3房，朝向好，东南安静，看海景，诚意出售,https://xm.lianjia.com/ershoufang/105113002036.html,238,26480,9,3室2厅1厨1卫,['中楼层/共38层'],东南,['平层/简装'],89.88,2016,禹洲中央海岸二期,集美,杏林桥头,1,两梯四户,2023/3/14,2020/10/13,平层,简装,2,38,2,4
165,165,金山小区 南北通透 户型好 楼层好,https://xm.lianjia.com/ershoufang/105116778312.html,368,34351,2,3室2厅1厨2卫,['中楼层/共6层'],南,['平层/简装'],107.13,2002,金山小区,湖里,金山,0,零梯零户,2024/4/23,2013/6/25,平层,简装,2,6,0,0
166,166,两房朝南，精装拎包入住，中间楼层，全明户型,https://xm.lianjia.com/ershoufang/105115561995.html,240,34116,2,2室1厅1厨1卫,['中楼层/共9层'],南,['平层/精装'],70.35,1995,金鸡亭小区西区,思明,金鸡亭,0,零梯零户,2023/12/9,2014/1/24,平层,精装,2,9,0,0
167,167,中楼层，户型方正，正规两房，精装修可拎包入住！,https://xm.lianjia.com/ershoufang/105112586458.html,172,22329,15,2室2厅1厨1卫,['中楼层/共7层'],南,['平层/精装'],77.03,2000,大金门花园,海沧,海沧生活区,0,零梯零户,2023/2/8,2020/11/12,平层,精装,2,7,0,0
168,168,翔安新城   精装大两房   满五年省税   低价出售,https://xm.lianjia.com/ershoufang/105116318210.html,160,20290,6,2室1厅1厨1卫,['低楼层/共40层'],南,['平层/精装'],78.86,2018,世茂御海墅,翔安,翔安新城,1,两梯四户,2024/3/11,2019/3/12,平层,精装,1,40,2,4
169,169,南部精装大复式 动静分离 楼龄新 环境好 近公园近地铁,https://xm.lianjia.com/ershoufang/105116904710.html,380,33044,45,4室2厅1厨3卫,['中楼层/共23层'],东,['跃层/精装'],115,2020,世茂国风揽星,翔安,翔安新城,1,四梯九户,2024/5/6,2022/5/7,跃层,精装,2,23,4,9
170,170,翔安新城隧道口 一线海景精装三房 拧包入住,https://xm.lianjia.com/ershoufang/105114730937.html,178,20836,1,3室1厅1厨1卫,['高楼层/共33层'],东南,['平层/精装'],85.43,2014,阳光城翡丽湾一期,翔安,翔安新城,1,两梯六户,2023/9/6,2016/7/18,平层,精装,3,33,2,6
171,171,快乐天地高层 正规三房两厅双卫三阳台，采光视野好！,https://xm.lianjia.com/ershoufang/105116858981.html,450,36780,3,3室2厅1厨2卫,['高楼层/共29层'],西北,['平层/简装'],122.35,2009,第二城快乐天地,湖里,祥店,1,三梯六户,2024/5/1,2009/9/27,平层,简装,3,29,3,6
172,172,出门到学堂免一家10年风吹日晒雨淋孩子安心家长省心,https://xm.lianjia.com/ershoufang/105115466495.html,325,50766,2,2室1厅1厨1卫,['中楼层/共7层'],南,['平层/简装'],64.02,1995,长青北里小区,思明,松柏,0,零梯零户,2023/11/29,2018/4/25,平层,简装,2,7,0,0
173,173,北附  禹洲尊海高层看湖海 四房精装修 业主诚意出售,https://xm.lianjia.com/ershoufang/105115460910.html,360,31819,2,4室2厅1厨2卫,['高楼层/共39层'],东南,['平层/精装'],113.14,2014,禹洲尊海,海沧,海沧体育中心,1,三梯四户,2023/11/28,2018/7/6,平层,精装,3,39,3,4
174,174,国贸天悦 看公园中庭，景观视野都很好，业主急售,https://xm.lianjia.com/ershoufang/105116843293.html,336,32086,0,3室2厅1厨2卫,['低楼层/共32层'],南,['平层/精装'],104.72,2018,国贸天悦,集美,杏北,1,两梯三户,2024/4/30,2018/6/13,平层,精装,1,32,2,3
175,175,火车站 官邸大厦 楼中楼 电梯精装两房,https://xm.lianjia.com/ershoufang/105114049102.html,229,67334,3,2室1厅1厨1卫,['中楼层/共16层'],西北,['跃层/精装'],34.01,2005,官邸大厦,思明,富山,1,六梯五十三户,2023/6/22,2019/4/13,跃层,精装,2,16,6,53
176,176,塘边地铁口一号线，低总价三房中间楼层,https://xm.lianjia.com/ershoufang/105116523709.html,298,30587,6,3室1厅1厨1卫,['中楼层/共7层'],西南,['平层/简装'],97.43,2003,新湖花园,湖里,湖里大道,0,零梯零户,2024/3/29,2010/1/1,平层,简装,2,7,0,0
177,177,封闭小区 楼层高视野好 正规 单身公寓  诚意出售,https://xm.lianjia.com/ershoufang/105113198076.html,51.8,16694,0,1室0厅1厨1卫,['中楼层/共35层'],西北,['平层/精装'],31.03,2012,禹洲大学城,同安,集美其它,1,三梯十户,2023/3/30,2014/12/15,平层,精装,2,35,3,10
178,178,商品房，税收低，精装修可以拎包入住，南北通透,https://xm.lianjia.com/ershoufang/105115909466.html,339,23348,0,4室1厅1厨2卫,['高楼层/共33层'],南,['平层/精装'],145.2,2014,水云湾,海沧,未来海岸北师大,1,两梯四户,2024/1/19,2022/4/2,平层,精装,3,33,2,4
179,179,火车站 建发品质 时尚国际 2房 边套户型 南北通透,https://xm.lianjia.com/ershoufang/105115642266.html,385,48575,8,2室2厅1厨1卫,['中楼层/共25层'],东,['平层/简装'],79.26,2008,时尚国际,思明,火车站,1,三梯十户,2023/12/19,2010/1/29,平层,简装,2,25,3,10
180,180,祥店 建发玺樾 高层精装4房 南北向  拎包入住,https://xm.lianjia.com/ershoufang/105115508753.html,750,56931,1,4室2厅1厨2卫,['高楼层/共18层'],南,['平层/精装'],131.74,2020,建发玺樾,湖里,祥店,0,零梯零户,2023/12/3,2022/3/4,平层,精装,3,18,0,0
181,181,全明格局，看房方便可拎包入住，采光充足。。。。,https://xm.lianjia.com/ershoufang/105111975339.html,325,31612,0,3室2厅1厨2卫,['中楼层/共10层'],南,['复式/简装'],102.81,2006,古龙明珠,集美,集美文教区,1,一梯四户,2022/11/7,2015/11/14,复式,简装,2,10,1,4
182,182,莲坂地铁口 标准2房，朝南带阳台，户型方正,https://xm.lianjia.com/ershoufang/105115451934.html,305,46551,4,2室1厅1厨1卫,['中楼层/共7层'],南,['平层/简装'],65.52,1998,富山花园紫荆苑,思明,莲坂,0,零梯零户,2023/11/27,2003/8/5,平层,简装,2,7,0,0
183,183,明发半岛祥湾A区 2室2厅 南 北,https://xm.lianjia.com/ershoufang/105116730761.html,172,18902,1,2室2厅1厨1卫,['高楼层/共26层'],南,['平层/精装'],91,2014,明发半岛祥湾A区,翔安,翔安新城,1,两梯四户,2024/4/18,2022/7/18,平层,精装,3,26,2,4
184,184,精装修二房 采光无遮挡，看中庭，交通便利，环境好！,https://xm.lianjia.com/ershoufang/105116660906.html,168,23157,7,2室2厅1厨1卫,['中楼层/共32层'],南,['平层/精装'],72.55,2018,龙湖春江彼岸二期,海沧,马銮湾中心片区,1,三梯六户,2024/4/12,2021/12/6,平层,精装,2,32,3,6
185,185,海韵北区次顶楼，高楼层电梯，面山望海，,https://xm.lianjia.com/ershoufang/105115249643.html,580,56780,8,3室2厅1厨1卫,['高楼层/共18层'],南,['平层/毛坯'],102.15,2016,海韵北区,思明,曾厝垵,1,两梯两户,2023/11/5,2021/7/9,平层,毛坯,3,18,2,2
187,187,朝南看中庭动静分离，中楼层精装修保养好，看房有钥匙,https://xm.lianjia.com/ershoufang/105115068093.html,142,17296,1,2室2厅1厨1卫,['中楼层/共26层'],南,['平层/精装'],82.1,2013,美地雅登祥吴六里,翔安,新店,1,两梯四户,2023/10/16,2014/12/31,平层,精装,2,26,2,4
188,188,火车站刚需2房，低总价，房东十分诚意卖，价格好谈,https://xm.lianjia.com/ershoufang/105115125148.html,215,34324,5,2室2厅1厨1卫,['中楼层/共8层'],南,['平层/精装'],62.64,1994,瓷厂宿舍,思明,火车站,0,零梯零户,2023/10/22,2021/9/4,平层,精装,2,8,0,0
189,189,电梯高层 无遮挡 视野开阔，全明格局 精装3房,https://xm.lianjia.com/ershoufang/105115488062.html,338,40689,6,3室1厅1厨1卫,['高楼层/共18层'],东北,['平层/精装'],83.07,2010,东浦花园,思明,火车站,1,两梯六户,2023/12/1,2021/11/5,平层,精装,3,18,2,6
190,190,彼岸精装两房，大客厅，大阳台，朝南,https://xm.lianjia.com/ershoufang/105113159873.html,339,33819,111,3室2厅1厨1卫,['高楼层/共18层'],东南,['平层/精装'],100.24,2011,彼岸,海沧,滨海社区,1,两梯四户,2023/3/27,2021/8/11,平层,精装,3,18,2,4
191,191,新房交付未入住 业主急售价格可以谈 看房方便,https://xm.lianjia.com/ershoufang/105116677473.html,160,19766,0,2室1厅1厨1卫,['中楼层/共21层'],南,['平层/精装'],80.95,2021,招商1872,海沧,海沧农场,1,两梯四户,2024/4/13,2022/8/25,平层,精装,2,21,2,4
192,192,近地铁、招商花园城旁，单价低小四房,https://xm.lianjia.com/ershoufang/105116849807.html,200,20709,0,4室2厅1厨2卫,['低楼层/共28层'],南,['复式/毛坯'],96.58,2017,首开龙湖春江彼岸一期,海沧,马銮湾中心片区,1,三梯六户,2024/4/30,2021/4/1,复式,毛坯,1,28,3,6
193,193,是您想要的朝南大露台，小区安静，交通便利，中间楼层,https://xm.lianjia.com/ershoufang/105115688029.html,158,18595,40,2室1厅1厨2卫,['中楼层/共16层'],南,['平层/精装'],84.97,2010,汇景新城中心,翔安,新店,1,两梯三户,2023/12/24,2010/9/10,平层,精装,2,16,2,3
194,194,朝南高层观海景。精装带全屋家具家电，拎包入住,https://xm.lianjia.com/ershoufang/105116150746.html,125,20526,0,1室1厅1厨1卫,['高楼层/共39层'],南,['平层/精装'],60.9,2016,金都海尚国际,同安,环东海域,1,三梯五户,2024/2/27,2016/9/30,平层,精装,3,39,3,5
195,195,满五，高层，景观好，阳光好，大四房,https://xm.lianjia.com/ershoufang/105115853492.html,320,29896,1,4室2厅1厨2卫,['高楼层/共34层'],南,['错层/精装'],107.04,2008,禹洲华侨金海岸,海沧,海沧体育中心,1,三梯四户,2024/1/13,2010/7/29,错层,精装,3,34,3,4
196,196,店长推荐乐海商圈 三面采光 中间楼层 看中庭 视野开阔,https://xm.lianjia.com/ershoufang/105116759528.html,168,16636,1,3室2厅1厨2卫,['中楼层/共18层'],南,['平层/毛坯'],100.99,2016,建发中央天悦,同安,同安其它,1,两梯四户,2024/4/21,2021/1/7,平层,毛坯,2,18,2,4
197,197,此房朝向好，采光好，格局好，视野宽阔,https://xm.lianjia.com/ershoufang/105116899015.html,80,8705,0,3室2厅1厨1卫,['低楼层/共33层'],南,['平层/精装'],91.91,2015,巴厘香泉,同安,同安其它,1,两梯三户,2024/5/6,2024/4/17,平层,精装,1,33,2,3
198,198,老市区板块，南北通透2房，安静不沿街,https://xm.lianjia.com/ershoufang/105115714232.html,266,39934,2,2室1厅1厨1卫,['中楼层/共8层'],南,['平层/简装'],66.61,1991,厦罐宿舍,思明,禾祥西路,0,零梯零户,2023/12/28,2019/12/20,平层,简装,2,8,0,0
199,199,满五省税，双阳台，两梯三户，旁边有200平露台,https://xm.lianjia.com/ershoufang/105116794568.html,283,31459,3,3室2厅1厨2卫,['高楼层/共42层'],东南,['平层/精装'],89.96,2014,万科金域华府二期,集美,杏林桥头,1,三梯三户,2024/4/25,2015/9/23,平层,精装,3,42,3,3
200,200,将军祠地铁口  花园小区  精装2房  拎包入住,https://xm.lianjia.com/ershoufang/105116228253.html,392,53146,1,3室1厅1厨1卫,['中楼层/共7层'],南,['平层/精装'],73.76,2004,万寿新城,思明,文园路,0,零梯零户,2024/3/4,2010/9/17,平层,精装,2,7,0,0
201,201,户型方正，客厅带阳台朝南房间都朝南采光通风好,https://xm.lianjia.com/ershoufang/105116295288.html,319,39267,1,3室1厅1厨1卫,['高楼层/共7层'],南,['平层/精装'],81.24,1994,侨建花园 ,思明,SM,0,零梯零户,2024/3/9,2010/4/20,平层,精装,3,7,0,0
202,202,视野开阔，配套齐全，采光好！B RT沿线，热闹，人气足,https://xm.lianjia.com/ershoufang/105116152314.html,29,13495,3,1室0厅1厨1卫,['高楼层/共30层'],北,['平层/精装'],21.49,2018,万科云城,集美,集美新城,1,三梯二十八户,2024/2/27,2020/5/12,平层,精装,3,30,3,28
203,203,金銮湾精装三房 一线海景 宽广的海平线无遮挡,https://xm.lianjia.com/ershoufang/105115742073.html,252,23314,0,3室2厅1厨1卫,['中楼层/共31层'],东南,['平层/精装'],108.09,2012,金銮湾,集美,杏南,1,两梯三户,2023/12/31,2014/3/21,平层,精装,2,31,2,3
205,205,思明区，15年次新房，地铁2号线，门口商场，边套三房,https://xm.lianjia.com/ershoufang/105116786869.html,499,46200,4,3室1厅1厨1卫,['低楼层/共39层'],东,['平层/精装'],108.01,2014,鑫塔水尚,思明,观音山,1,两梯五户,2024/4/24,,平层,精装,1,39,2,5
208,208,万科城海景三房，全新未入住，外地工作，闲置出售,https://xm.lianjia.com/ershoufang/105111770596.html,210,23349,2,3室2厅1厨1卫,['高楼层/共42层'],西南,['平层/精装'],89.94,2016,万科城三期,海沧,马銮湾东,1,三梯六户,2022/10/14,2019/8/9,平层,精装,3,42,3,6
209,209,新盘1872业主外地置换诚意出售,https://xm.lianjia.com/ershoufang/105116685400.html,170,18084,2,3室2厅1厨2卫,['中楼层/共21层'],南,['平层/精装'],94.01,2021,招商1872,海沧,海沧农场,1,两梯四户,2024/4/14,2022/9/1,平层,精装,2,21,2,4
210,210,未来橙堡 2室2厅 南,https://xm.lianjia.com/ershoufang/105116636108.html,159.8,19036,2,2室2厅1厨1卫,['中楼层/共6层'],南,['跃层/简装'],83.95,2005,未来橙堡,海沧,海沧体育中心,0,零梯零户,2024/4/10,2009/2/2,跃层,简装,2,6,0,0
211,211,建发次新房 产权满五，开发商精装，高层，看房方便,https://xm.lianjia.com/ershoufang/105115229806.html,520,48332,18,3室2厅1厨2卫,['中楼层/共27层'],南,['平层/精装'],107.59,2016,建发中央天成,湖里,祥店,1,两梯四户,2023/11/2,2023/11/15,平层,精装,2,27,2,4
212,212,松柏刚改造成熟小区，楼层好空户朝南户型，看房方便！,https://xm.lianjia.com/ershoufang/105115476519.html,299,41095,0,2室1厅1厨1卫,['中楼层/共7层'],东南,['平层/简装'],72.76,1993,江头K小区,思明,松柏,0,零梯零户,2023/11/30,2010/7/21,平层,简装,2,7,0,0
213,213,集美新城精装通透边套3房，看杏林湾，采光通风好。,https://xm.lianjia.com/ershoufang/105116470225.html,260,28989,0,3室1厅1厨1卫,['中楼层/共30层'],东南,['平层/精装'],89.69,2014,中航城国际社区C区,集美,集美新城,1,两梯五户,2024/3/25,2015/1/16,平层,精装,2,30,2,5
214,214,电梯房，高层，小二房，格局佳，采光好，视野开阔。,https://xm.lianjia.com/ershoufang/105115408370.html,155,36317,11,2室1厅1厨1卫,['高楼层/共26层'],西北,['平层/精装'],42.68,2007,建邦大厦,湖里,江头,1,三梯二十二户,2023/11/23,2021/4/14,平层,精装,3,26,3,22
215,215,封闭式管理小区  电梯朝南 高档装修 拎包入住,https://xm.lianjia.com/ershoufang/105114826207.html,335,54775,6,2室1厅1厨1卫,['中楼层/共11层'],东南,['平层/精装'],61.16,2001,大洲新世纪广场,思明,富山,1,一梯十七户,2023/9/17,2012/4/26,平层,精装,2,11,1,17
216,216,蓝湾半岛 高楼层看海3房 南北通透 阳光充足,https://xm.lianjia.com/ershoufang/105116115798.html,458,37896,6,3室2厅1厨2卫,['高楼层/共18层'],南,['平层/简装'],120.86,2008,中骏蓝湾半岛,海沧,滨海社区,1,两梯三户,2024/2/23,2008/10/15,平层,简装,3,18,2,3
217,217,地铁1号线文灶站，城市花园，居家朝南两房，全明格局,https://xm.lianjia.com/ershoufang/105115913122.html,380,51428,3,2室2厅1厨1卫,['低楼层/共26层'],东南,['平层/精装'],73.89,1999,城市花园,思明,火车站,1,三梯八户,2024/1/20,2009/4/29,平层,精装,1,26,3,8
218,218,二期中层，朝南2房带2卫，安静居家,https://xm.lianjia.com/ershoufang/105116822173.html,445,50534,2,2室2厅1厨2卫,['中楼层/共22层'],南,['平层/简装'],88.06,2011,中央美地,湖里,枋湖,1,两梯四户,2024/4/28,2015/6/7,平层,简装,2,22,2,4
219,219,金城湾花园 2室1厅 西南,https://xm.lianjia.com/ershoufang/105116161943.html,99.9,25362,0,2室1厅0厨1卫,['高楼层/共31层'],西南,['平层/简装'],39.39,2014,金城湾花园,海沧,未来海岸北师大,1,两梯八户,2024/2/27,2022/7/18,平层,简装,3,31,2,8
221,221,SM旁，思明松柏，十年出一套的房源,https://xm.lianjia.com/ershoufang/105115218433.html,246,44071,10,2室1厅1厨1卫,['中楼层/共9层'],南,['平层/精装'],55.82,1996,源盛花园,思明,松柏,1,一梯六户,2023/11/1,2012/3/9,平层,精装,2,9,1,6
223,223,莲花公园旁边！精装修三房南北，小区中楼层,https://xm.lianjia.com/ershoufang/105113306572.html,398,47303,5,3室1厅1厨1卫,['中楼层/共6层'],南,['平层/精装'],84.14,1988,玉亭里,思明,莲花一村,0,零梯零户,2023/4/9,2017/6/14,平层,精装,2,6,0,0
224,224,BRT沿线金鸡亭 低总价  全明三房  看房方便,https://xm.lianjia.com/ershoufang/105116266704.html,266,27588,7,3室1厅1厨1卫,['高楼层/共7层'],南,['平层/简装'],96.42,1997,金鸡亭小区西区,思明,金鸡亭,0,零梯零户,2024/3/7,2003/9/17,平层,简装,3,7,0,0
225,225,奥特莱斯旁新小区 四房两卫边套 高层海景房,https://xm.lianjia.com/ershoufang/105116055081.html,225,19254,1,4室2厅1厨2卫,['中楼层/共40层'],南,['平层/精装'],116.86,2018,世茂御海墅,翔安,翔安新城,0,零梯零户,2024/2/19,2019/5/5,平层,精装,2,40,0,0
226,226,一手业主，满五年，框架，精装一房一厅.诚意出售,https://xm.lianjia.com/ershoufang/105116599486.html,202,41267,4,1室1厅1厨1卫,['低楼层/共12层'],北,['平层/精装'],48.95,2013,东晖广场,湖里,枋湖,1,两梯八户,2024/4/7,2017/7/5,平层,精装,1,12,2,8
227,227,马青路地铁口，正规大三房，明厨明卫，生活交通便利,https://xm.lianjia.com/ershoufang/105115810030.html,219,19705,7,3室2厅1厨2卫,['低楼层/共6层'],南,['平层/简装'],111.14,2000,海福广场小区,海沧,海沧生活区,0,零梯零户,2024/1/8,2013/1/10,平层,简装,1,6,0,0
228,228,区政府边上 低密度小区 精装两房 南北通透,https://xm.lianjia.com/ershoufang/105116074355.html,116.8,14996,0,2室2厅1厨1卫,['低楼层/共6层'],南,['平层/精装'],77.89,2010,东方新城三区,翔安,新店,0,零梯零户,2024/2/20,2019/8/8,平层,精装,1,6,0,0
229,229,花园小区公园小，电梯在动工 精装 宽敞舒适厨卫带窗,https://xm.lianjia.com/ershoufang/105113610794.html,348,49348,4,2室2厅1厨1卫,['高楼层/共9层'],西南,['平层/精装'],70.52,1986,美仁新村北区,思明,公园小学及周边,0,零梯零户,2023/5/8,2020/3/6,平层,精装,3,9,0,0
230,230,思北 思东商厦电梯  海景2房 双阳台,https://xm.lianjia.com/ershoufang/105116620873.html,498,51261,5,2室1厅1厨1卫,['高楼层/共12层'],南,['平层/简装'],97.15,1998,思东商厦,思明,思北,1,一梯四户,2024/4/8,2001/9/12,平层,简装,3,12,1,4
231,231,带电梯此房南北通透，客厅带阳台，三面采光，装修好,https://xm.lianjia.com/ershoufang/105116400595.html,360,41408,2,3室2厅1厨1卫,['中楼层/共7层'],南,['平层/精装'],86.94,2000,金尚小区,湖里,金尚,1,一梯两户,2024/3/18,2001/3/8,平层,精装,2,7,1,2
232,232,地铁口 2号线 电梯住家温馨2房,https://xm.lianjia.com/ershoufang/105116316781.html,229,36281,0,2室1厅1厨1卫,['中楼层/共14层'],西北,['平层/精装'],63.12,2005,一元花园二期,湖里,金尚,1,一梯六户,2024/3/11,2018/10/31,平层,精装,2,14,1,6
233,233,海沧桥头 融信海上城环境好  重新装修,https://xm.lianjia.com/ershoufang/105116489130.html,129,22127,1,3室2厅1厨2卫,['低楼层/共26层'],西北,['跃层/精装'],58.3,2016,融信海上城,海沧,滨海社区,1,六梯二十户,2024/3/26,2021/9/23,跃层,精装,1,26,6,20
235,235,建发花园，中间楼层，南北朝向，三房格局，低总价、,https://xm.lianjia.com/ershoufang/105115604449.html,398,42099,0,3室2厅1厨1卫,['中楼层/共9层'],南,['平层/精装'],94.54,2000,建发花园,思明,火车站,0,零梯零户,2023/12/14,2011/3/4,平层,精装,2,9,0,0
236,236,2015年小区！莲花公园边上，朝南户型看公园,https://xm.lianjia.com/ershoufang/105116690880.html,598,69868,2,2室2厅1厨1卫,['高楼层/共19层'],东南,['平层/精装'],85.59,2014,信和中央广场,思明,莲花一村,1,三梯十四户,2024/4/15,2015/2/26,平层,精装,3,19,3,14
237,237,公园片区，富华广场06年新房 南北通 一梯两户,https://xm.lianjia.com/ershoufang/105114294666.html,738,59311,1,3室2厅1厨2卫,['中楼层/共11层'],南,['平层/精装'],124.43,2006,富华广场,思明,公园小学及周边,1,一梯两户,2023/7/20,2014/6/14,平层,精装,2,11,1,2
238,238,屿后南里 1室1厅 南 北,https://xm.lianjia.com/ershoufang/105116831428.html,238,47515,1,1室1厅1厨1卫,['中楼层/共7层'],南,['平层/简装'],50.09,1991,屿后南里,思明,松柏,0,零梯零户,2024/4/28,2020/12/4,平层,简装,2,7,0,0
239,239,低总价滨北总部地铁口诚意出售卫生间带窗,https://xm.lianjia.com/ershoufang/105116165683.html,225,48935,1,1室1厅1厨1卫,['低楼层/共28层'],西,['平层/简装'],45.98,2009,米兰春天,思明,七星路,1,三梯八户,2024/2/28,2019/12/27,平层,简装,1,28,3,8
240,240,源通中·心 电梯高层 小户型 低总价 适合陪学居住,https://xm.lianjia.com/ershoufang/105116040088.html,216,56708,0,1室1厅1厨1卫,['中楼层/共31层'],东,['平层/精装'],38.09,2004,源通中心,思明,思北,1,六梯十七户,2024/2/18,2011/1/7,平层,精装,2,31,6,17
242,242,地铁口 精装3房拎包入住 海投过云溪 招商花园城免个税,https://xm.lianjia.com/ershoufang/105116035919.html,178,16246,0,3室2厅1厨1卫,['中楼层/共18层'],南,['平层/精装'],109.57,2014,过云溪二组团,海沧,东孚,1,两梯四户,2024/2/17,2015/8/3,平层,精装,2,18,2,4
244,244,金同花园 4室2厅 南 北,https://xm.lianjia.com/ershoufang/105116473906.html,698,48215,2,4室2厅1厨2卫,['中楼层/共20层'],南,['平层/精装'],144.77,2004,金同花园,思明,体育中心,1,两梯四户,2024/3/25,2005/8/1,平层,精装,2,20,2,4
249,249,天湖城精装修三房！落地窗视野开阔！,https://xm.lianjia.com/ershoufang/105115933678.html,295,31340,0,3室2厅1厨1卫,['中楼层/共18层'],东南,['平层/精装'],94.13,2012,天湖城,海沧,海沧区政府,1,两梯三户,2024/1/23,2017/6/12,平层,精装,2,18,2,3
257,257,满五省个税 三房一卫 南北通透双阳台 比邻天虹双十,https://xm.lianjia.com/ershoufang/105116485161.html,356,38177,2,3室2厅1厨1卫,['中楼层/共11层'],东,['平层/精装'],93.25,2011,绿苑新城二组团,海沧,滨海社区,1,一梯两户,2024/3/26,2012/7/24,平层,精装,2,11,1,2
259,259,万达商圈，高楼层朝南电梯房，可拎包入住,https://xm.lianjia.com/ershoufang/105114910524.html,265,43579,17,2室1厅1厨1卫,['高楼层/共31层'],南,['平层/精装'],60.81,2010,湖边花园A区,湖里,万达广场,1,两梯六户,2023/9/26,2021/5/8,平层,精装,3,31,2,6
261,261,采光很好，自住精装，可以拎包入住,https://xm.lianjia.com/ershoufang/105116560185.html,225,47499,2,1室1厅1厨1卫,['高楼层/共31层'],东,['平层/精装'],47.37,2006,音乐家生活广场,思明,松柏,1,三梯十四户,2024/4/2,2007/5/25,平层,精装,3,31,3,14
262,262,东南向精装2房，阳光充足，无贷款随时过户,https://xm.lianjia.com/ershoufang/105116504031.html,102,25895,0,2室1厅1厨1卫,['低楼层/共31层'],东南,['平层/精装'],39.39,2014,金城湾花园,海沧,未来海岸北师大,1,两梯八户,2024/3/28,2019/6/19,平层,精装,1,31,2,8
263,263,地铁口5米 精装4房 入户露台 诚意出售,https://xm.lianjia.com/ershoufang/105115367425.html,339,36820,1,4室2厅1厨2卫,['中楼层/共7层'],南,['平层/精装'],92.07,1997,天宇花园南区,湖里,金尚,1,一梯两户,2023/11/18,2022/3/11,平层,精装,2,7,1,2
264,264,集美桥头，业主诚意出售，户型好，配套齐全交通便利,https://xm.lianjia.com/ershoufang/105115127986.html,150,16535,4,3室2厅1厨1卫,['中楼层/共18层'],南,['平层/简装'],90.72,2012,禹洲大学城,同安,集美其它,1,两梯四户,2023/10/22,2017/5/19,平层,简装,2,18,2,4
265,265,满五年，朝南四房，看小区绿化，采光充足,https://xm.lianjia.com/ershoufang/105111608057.html,275,23804,9,4室2厅1厨2卫,['低楼层/共33层'],南,['错层/精装'],115.53,2008,禹洲华侨金海岸,海沧,海沧体育中心,1,两梯四户,2022/9/25,2010/7/27,错层,精装,1,33,2,4
266,266,业主诚意出售，毛胚正规大三房。,https://xm.lianjia.com/ershoufang/105116133092.html,180,15718,3,3室2厅1厨2卫,['低楼层/共33层'],南,['平层/简装'],114.52,2017,凤凰花城,集美,锦园,1,两梯四户,2024/2/25,2020/1/19,平层,简装,1,33,2,4
267,267,厦门院子中间楼层带装修 景观面好 安静不吵 诚意出售,https://xm.lianjia.com/ershoufang/105116602419.html,199,21997,0,3室1厅1厨1卫,['低楼层/共51层'],南,['平层/精装'],90.47,2018,厦门院子泰禾首玺A区,海沧,马銮湾中心片区,1,两梯四户,2024/4/7,2018/8/2,平层,精装,1,51,2,4
268,268,嘉庚体育馆大两房朝南格局方正，满二，自住精装！,https://xm.lianjia.com/ershoufang/105115888591.html,232,23044,0,2室1厅1厨1卫,['高楼层/共24层'],东南,['平层/精装'],100.68,2017,国贸商城同悦,集美,集美其它,1,两梯三户,2024/1/17,2018/5/25,平层,精装,3,24,2,3
269,269,文灶地铁口 电梯高层 新装  朝南  视野好,https://xm.lianjia.com/ershoufang/105116496712.html,475,64635,2,2室1厅1厨1卫,['高楼层/共33层'],南,['平层/精装'],73.49,2020,文灶地铁社区一期,思明,禾祥东路,1,两梯六户,2024/3/27,2023/3/17,平层,精装,3,33,2,6
271,271,客厅看中庭景观，小区中间位置，视野好，采光通风好,https://xm.lianjia.com/ershoufang/105114993589.html,169.8,17755,2,3室2厅1厨1卫,['低楼层/共34层'],西南,['平层/精装'],95.64,2014,中海锦城国际,集美,锦园,1,两梯四户,2023/10/8,2017/8/2,平层,精装,1,34,2,4
272,272,格局方正 | 轻松升2房 | 低总价近双地铁口 | 边套户型,https://xm.lianjia.com/ershoufang/105116436343.html,225,48892,0,1室1厅0厨1卫,['高楼层/共31层'],西北,['平层/简装'],46.02,2004,嘉华大厦,思明,莲坂,1,三梯十五户,2024/3/21,2006/6/20,平层,简装,3,31,3,15
273,273,海景、南北通透大四房、边套采光好、业主诚意出售,https://xm.lianjia.com/ershoufang/105116700718.html,283,25201,0,4室2厅1厨2卫,['低楼层/共26层'],南,['平层/精装'],112.3,2018,保利叁仟栋二期,同安,环东海域,1,两梯四户,2024/4/16,2020/6/1,平层,精装,1,26,2,4
275,275,侨福城一梯两户，南北通透，厅带阳台朝南大三房采光好,https://xm.lianjia.com/ershoufang/105116023986.html,325,36000,6,3室2厅1厨1卫,['中楼层/共8层'],南,['平层/精装'],90.28,2000,侨福城侨文里,思明,瑞景,0,零梯零户,2024/2/15,2003/4/24,平层,精装,2,8,0,0
276,276,富祥苑 3室2厅 南,https://xm.lianjia.com/ershoufang/105116671440.html,197,22510,3,3室2厅1厨1卫,['中楼层/共6层'],南,['平层/简装'],87.52,2002,富祥苑,海沧,海沧生活区,0,零梯零户,2024/4/13,2008/11/30,平层,简装,2,6,0,0
277,277,融信海上城高层大俩局 业主精 装修 保养不错,https://xm.lianjia.com/ershoufang/105116670236.html,85,18078,2,2室2厅1厨1卫,['高楼层/共26层'],西北,['跃层/精装'],47.02,2016,融信海上城,海沧,滨海社区,1,六梯二十户,2024/4/13,,跃层,精装,3,26,6,20
278,278,安静两房，前面别墅光线好，看房方便,https://xm.lianjia.com/ershoufang/105115058495.html,215,26017,3,2室2厅1厨1卫,['低楼层/共41层'],南,['平层/精装'],82.64,2014,中海寰宇天下,集美,杏林桥头,1,两梯四户,2023/10/15,2015/1/27,平层,精装,1,41,2,4
280,280,集美新城，精装正规3房随时可交易,https://xm.lianjia.com/ershoufang/105110701967.html,279,28421,28,3室2厅1厨2卫,['高楼层/共33层'],西南,['平层/精装'],98.17,2015,中航城国际社区C区,集美,集美新城,1,两梯四户,2022/6/8,2018/9/10,平层,精装,3,33,2,4
281,281,集美东部新城中高楼层全明采光海景房,https://xm.lianjia.com/ershoufang/105116638920.html,252,27699,2,3室1厅1厨2卫,['高楼层/共22层'],东南,['平层/简装'],90.98,2010,古龙御景一期北区,集美,集美其它,1,两梯四户,2024/4/10,2020/5/19,平层,简装,3,22,2,4
283,283,鼓浪屿全明通透正规三房，装修新，户型方正,https://xm.lianjia.com/ershoufang/105111982254.html,188,27204,21,3室1厅1厨1卫,['中楼层/共5层'],东,['平层/精装'],69.11,-1,鼓浪屿内厝澳路,思明,鼓浪屿,0,零梯零户,2022/11/8,2020/2/28,平层,精装,2,5,0,0
284,284,莲坂地铁口，富山花园   电梯，精装修，,https://xm.lianjia.com/ershoufang/105116035981.html,418,49131,9,3室1厅1厨2卫,['中楼层/共13层'],南,['平层/精装'],85.08,2000,富山花园,思明,富山,1,三梯二十七户,2024/2/17,2020/7/28,平层,精装,2,13,3,27
286,286,2号地铁线  三房两卫 全明户型 总价189万 首付40万,https://xm.lianjia.com/ershoufang/105116764823.html,189,17128,6,3室2厅1厨1卫,['中楼层/共8层'],东南,['简装'],110.35,2003,新华园,海沧,海沧生活区,0,零梯零户,2024/4/22,2013/9/30,简装,,2,8,0,0
289,289,高层看湖 精装复式 全新未入住 无按揭 随时过户,https://xm.lianjia.com/ershoufang/105116947872.html,358,34842,0,3室1厅1厨2卫,['高楼层/共34层'],东南,['跃层/精装'],102.75,2019,世茂璀璨天城二期,集美,集美新城,1,两梯八户,2024/5/10,2020/5/1,跃层,精装,3,34,2,8
290,290,建发翔城国际北区 3室2厅 南 北,https://xm.lianjia.com/ershoufang/105115935299.html,212,23765,4,3室2厅1厨2卫,['低楼层/共11层'],南,['平层/精装'],89.21,-1,建发翔城国际北区,翔安,翔安新城,0,零梯零户,2024/1/23,2015/1/20,平层,精装,1,11,0,0
291,291,碧湖豪庭，品质小区，电梯小户型一房一厅，朝南户型,https://xm.lianjia.com/ershoufang/105116930930.html,229,57858,1,1室1厅1厨1卫,['中楼层/共11层'],南,['平层/精装'],39.58,2006,碧湖豪庭,思明,莲坂,1,一梯八户,2024/5/9,2007/9/21,平层,精装,2,11,1,8
292,292,全屋定制，品牌精装，拎包入住，安静视野好。,https://xm.lianjia.com/ershoufang/105114863891.html,238,25845,1,3室2厅1厨1卫,['高楼层/共41层'],南,['平层/精装'],92.09,2016,禹洲中央海岸三期,集美,杏林桥头,1,三梯六户,2023/9/21,2020/10/12,平层,精装,3,41,3,6
293,293,环东海域，银城智谷旁，融信铂悦湾复式三房诚意出售,https://xm.lianjia.com/ershoufang/105114758105.html,165,18324,1,3室2厅1厨2卫,['中楼层/共41层'],南,['跃层/毛坯'],90.05,2020,融信·铂悦湾,同安,同安区,1,两梯一户,2023/9/9,2021/8/24,跃层,毛坯,2,41,2,1
294,294,集美桥头，3房朝南，交通便利，生活方便，进岛方便,https://xm.lianjia.com/ershoufang/105116526514.html,220,21785,6,3室1厅1厨1卫,['低楼层/共43层'],东南,['平层/简装'],100.99,2014,招商海德公园一期,集美,集美其它,1,三梯四户,2024/3/30,2020/7/1,平层,简装,1,43,3,4
295,295,橡树湾 厅带阳台 东边套  安静大两房,https://xm.lianjia.com/ershoufang/105116633193.html,209,23539,2,2室2厅1厨1卫,['中楼层/共30层'],南,['平层/精装'],88.79,2012,橡树湾,集美,杏北,1,两梯四户,2024/4/10,2013/9/18,平层,精装,2,30,2,4
296,296,联发新天地 在家看公园 一梯两户 南北通透 精装修3房,https://xm.lianjia.com/ershoufang/105115858790.html,566,51227,9,3室1厅1厨2卫,['中楼层/共11层'],南,['平层/精装'],110.49,2005,联发新天地,湖里,祥店,1,一梯两户,2024/1/13,2021/3/11,平层,精装,2,11,1,2
297,297,边套东南北三面采光，全明格局，厅带阳台朝南,https://xm.lianjia.com/ershoufang/105116203988.html,268,38330,1,2室2厅1厨1卫,['中楼层/共8层'],南,['平层/简装'],69.92,1994,侨建花园 ,思明,SM,0,零梯零户,2024/3/1,2019/6/26,平层,简装,2,8,0,0
298,298,祥店封闭式小区  建发物业  中高楼层看房方便,https://xm.lianjia.com/ershoufang/105116638169.html,520,38354,5,4室2厅1厨2卫,['中楼层/共15层'],南,['平层/简装'],135.58,2006,第二城幸福生活,湖里,祥店,1,两梯四户,2024/4/10,2007/11/15,平层,简装,2,15,2,4
299,299,华玺 南北通透大四房 户型方正 二次装修 拎包入住,https://xm.lianjia.com/ershoufang/105116487809.html,329,24687,1,4室2厅1厨2卫,['中楼层/共16层'],南,['平层/精装'],133.27,2018,华玺,海沧,马銮湾东,1,两梯三户,2024/3/26,2021/3/18,平层,精装,2,16,2,3
300,300,翔安隧道口 高层 三房 看海 拎包入住,https://xm.lianjia.com/ershoufang/105115228988.html,168,19389,1,3室2厅1厨1卫,['高楼层/共31层'],南,['平层/简装'],86.65,2018,世茂御海墅,翔安,翔安新城,1,两梯五户,2023/11/2,2022/5/9,平层,简装,3,31,2,5
301,301,火车站 禹州世贸国际 精装两房 高楼层 视野开阔无遮挡,https://xm.lianjia.com/ershoufang/105113332591.html,313,47750,3,2室2厅1厨1卫,['中楼层/共49层'],南,['平层/精装'],65.55,2008,禹洲世贸商城思明,思明,火车站,1,五梯二十六户,2023/4/12,2021/3/8,平层,精装,2,49,5,26
302,302,中间楼层，南北全明，业主想卖，小区中庭,https://xm.lianjia.com/ershoufang/105116193480.html,339,55456,0,2室1厅1厨1卫,['中楼层/共7层'],南,['平层/简装'],61.13,1995,莲岳里小区东区,思明,松柏,0,零梯零户,2024/3/1,2003/12/28,平层,简装,2,7,0,0
303,303,16年建发前排高楼层视线开阔阳光明媚满五且一,https://xm.lianjia.com/ershoufang/105116565667.html,515,47867,3,3室2厅1厨2卫,['中楼层/共27层'],南,['平层/精装'],107.59,2016,建发中央天成,湖里,祥店,1,两梯四户,2024/4/3,2017/11/13,平层,精装,2,27,2,4
304,304,朝南！阳光满满 万象城 花园小区 封闭管理 燃气管道,https://xm.lianjia.com/ershoufang/105116465383.html,258,53295,2,1室1厅1厨1卫,['中楼层/共13层'],南,['平层/简装'],48.41,2003,紫荆园,思明,火车站,1,两梯二十二户,2024/3/24,2006/6/8,平层,简装,2,13,2,22
305,305,振兴新村 2室1厅 南 北,https://xm.lianjia.com/ershoufang/105116323365.html,285,50930,1,2室1厅1厨1卫,['高楼层/共7层'],南,['平层/简装'],55.96,2004,振兴新村,思明,市政府,0,零梯零户,2024/3/12,2014/9/23,平层,简装,3,7,0,0
306,306,精装两房高层采光好视野开阔无遮挡免个税1.5%,https://xm.lianjia.com/ershoufang/105115503277.html,145,17160,1,2室2厅1厨1卫,['中楼层/共27层'],南,['平层/精装'],84.5,2014,首开领翔国际,翔安,新店,1,两梯四户,2023/12/3,2015/7/16,平层,精装,2,27,2,4
307,307,天湖城小三房近地铁口南北朝向钥匙在手随时方便看房,https://xm.lianjia.com/ershoufang/105116773279.html,280,26511,2,3室2厅1厨1卫,['低楼层/共32层'],南,['平层/简装'],105.62,2012,天湖城,海沧,海沧区政府,1,两梯四户,2024/4/23,,平层,简装,1,32,2,4
308,308,集美新城，华润品质，自住精装三房，格局方正双阳台！,https://xm.lianjia.com/ershoufang/105116815674.html,235,26411,2,3室1厅1厨1卫,['中楼层/共32层'],南,['平层/精装'],88.98,2014,橡树湾,集美,杏北,1,两梯四户,2024/4/27,2019/1/21,平层,精装,2,32,2,4
309,309,美丽小区东边户 南北朝向采光充足适合居家,https://xm.lianjia.com/ershoufang/105116106640.html,426,38979,1,3室2厅1厨1卫,['中楼层/共30层'],南,['平层/简装'],109.29,1998,武汉大厦,思明,莲坂,1,三梯六户,2024/2/23,2004/11/24,平层,简装,2,30,3,6
310,310,视野宽阔，采光充足， 一线海景房,https://xm.lianjia.com/ershoufang/105113606399.html,248,27182,2,3室1厅1厨1卫,['高楼层/共41层'],南,['平层/精装'],91.24,2016,禹洲中央海岸二期,集美,杏林桥头,1,三梯六户,2023/5/8,2019/3/2,平层,精装,3,41,3,6
311,311,建发  金山国际  朝南 诚意出售,https://xm.lianjia.com/ershoufang/105116493850.html,199,34888,11,1室1厅1厨1卫,['中楼层/共19层'],南,['平层/简装'],57.04,2009,金山国际,湖里,金山,1,两梯二十三户,2024/3/27,2023/10/19,平层,简装,2,19,2,23
312,312,此房南北通透，户型方正，光线通风好，使用面积大,https://xm.lianjia.com/ershoufang/105114269492.html,298,23751,3,4室2厅1厨2卫,['低楼层/共31层'],南,['平层/毛坯'],125.47,2018,海投第一湾,海沧,马銮湾东,1,两梯三户,2023/7/17,2021/5/14,平层,毛坯,1,31,2,3
313,313,环东海域 近嘉庚商圈精装大三房成熟出售,https://xm.lianjia.com/ershoufang/105116685564.html,163,15192,4,3室1厅1厨2卫,['低楼层/共30层'],东南,['错层/精装'],107.3,2011,禹洲大学城,同安,集美其它,1,两梯四户,2024/4/14,2016/4/15,错层,精装,1,30,2,4
314,314,边套满五，地铁口，全明两房，精装修可拎包入住！,https://xm.lianjia.com/ershoufang/105116756270.html,115,23322,2,2室1厅1厨1卫,['中楼层/共7层'],西北,['错层/精装'],49.31,2000,大金门花园,海沧,海沧生活区,0,零梯零户,2024/4/21,2017/5/18,错层,精装,2,7,0,0
317,317,水岸名筑 总价低 三房二卫 通透户型,https://xm.lianjia.com/ershoufang/105116134154.html,220,21582,3,3室2厅1厨2卫,['中楼层/共16层'],南,['平层/简装'],101.94,2008,水岸名筑,海沧,海沧体育中心,1,两梯六户,2024/2/25,2011/10/14,平层,简装,2,16,2,6
318,318,此房产权满五年，电梯高层，东南朝向，百米楼距,https://xm.lianjia.com/ershoufang/105116856234.html,228,25124,0,2室2厅1厨1卫,['中楼层/共12层'],南,['平层/精装'],90.75,2005,未来海岸浪琴湾,海沧,未来海岸北师大,1,一梯四户,2024/5/1,2015/10/15,平层,精装,2,12,1,4
319,319,枋湖 五缘湾 精装三房 边套 电梯中高楼层 双阳台,https://xm.lianjia.com/ershoufang/105116555645.html,616,48398,4,3室2厅1厨2卫,['中楼层/共22层'],南,['平层/精装'],127.28,2016,新景龙郡,湖里,枋湖,1,两梯四户,2024/4/2,2017/3/16,平层,精装,2,22,2,4
320,320,户型秒杀隔壁融侨 南部精装复式三房两卫 套内110平,https://xm.lianjia.com/ershoufang/105116825035.html,280,31642,47,3室1厅1厨3卫,['低楼层/共34层'],南,['跃层/精装'],88.49,2020,世茂国风揽星,翔安,翔安新城,1,四梯十三户,2024/4/28,2023/6/1,跃层,精装,1,34,4,13
321,321,仙阁里标准的小两房，户型好，面积小，标准2房,https://xm.lianjia.com/ershoufang/105116136729.html,236,39785,6,2室1厅1厨1卫,['中楼层/共8层'],南,['平层/简装'],59.32,1996,仙阁里花园,思明,SM,0,零梯零户,2024/2/25,2012/6/6,平层,简装,2,8,0,0
322,322,集美  海上五月花 3房高层 通透户型,https://xm.lianjia.com/ershoufang/105116745255.html,279.8,25352,3,3室2厅1厨2卫,['高楼层/共32层'],南,['平层/精装'],110.37,2013,海上五月花一期,集美,集美其它,1,两梯四户,2024/4/20,2014/12/24,平层,精装,3,32,2,4
323,323,槟榔小区二房，南北通透，低总价，业主稳定卖,https://xm.lianjia.com/ershoufang/105116748761.html,272,51457,2,2室1厅1厨1卫,['高楼层/共6层'],南,['平层/简装'],52.86,1989,槟榔东里单号区,思明,槟榔,0,零梯零户,2024/4/20,2004/6/9,平层,简装,3,6,0,0
324,324,南北朝向 温馨两房  业主诚意出售。,https://xm.lianjia.com/ershoufang/105113154864.html,258,36293,15,2室1厅1厨1卫,['低楼层/共7层'],南,['平层/精装'],71.09,1998,金尚小区,湖里,金尚,1,一梯两户,2023/3/27,2020/11/10,平层,精装,1,7,1,2
325,325,水岸通透户型，自住精装，三房二卫，税费低,https://xm.lianjia.com/ershoufang/105115186000.html,239,23939,1,3室2厅1厨2卫,['中楼层/共11层'],南,['平层/精装'],99.84,2010,水岸名筑,海沧,海沧体育中心,1,两梯三户,2023/10/29,2016/6/9,平层,精装,2,11,2,3
326,326,业主诚意出售自住精装海景房高层视野好满5省税费,https://xm.lianjia.com/ershoufang/105116450875.html,169,20906,5,3室2厅1厨1卫,['高楼层/共33层'],西南,['平层/精装'],80.84,2014,金城湾花园,海沧,未来海岸北师大,1,两梯六户,2024/3/23,2016/1/21,平层,精装,3,33,2,6
327,327,群惠，精品两房，不爬坡，带60平独立大露台,https://xm.lianjia.com/ershoufang/105116698477.html,340,49730,9,2室2厅1厨3卫,['低楼层/共7层'],东,['平层/精装'],68.37,1986,九竹巷,思明,实验小学及周边,0,零梯零户,2024/4/16,2021/4/22,平层,精装,1,7,0,0
328,328,恒大帝景 3室2厅 南 北,https://xm.lianjia.com/ershoufang/105116338517.html,236,25051,1,3室2厅1厨1卫,['中楼层/共26层'],南,['平层/精装'],94.21,2020,恒大帝景,集美,集美新城,1,两梯四户,2024/3/13,2021/8/27,平层,精装,2,26,2,4
329,329,美地三里，双阳台户型，位置安静，高楼层，视野好,https://xm.lianjia.com/ershoufang/105116338975.html,156,18293,44,2室1厅1厨1卫,['高楼层/共18层'],南,['平层/简装'],85.28,2009,美地雅登祥吴三里,翔安,新店,1,两梯四户,2024/3/13,2014/6/3,平层,简装,3,18,2,4
330,330,莲花三期前排高层边套大三房，三面采光，看白鹭塔,https://xm.lianjia.com/ershoufang/105116301395.html,315,26574,1,3室1厅1厨2卫,['高楼层/共33层'],西北,['平层/简装'],118.54,2017,莲花新城三期,集美,集美新城,1,两梯四户,2024/3/10,2024/3/10,平层,简装,3,33,2,4
334,334,杏林桥头禹洲一期高层无遮挡海景方正三房客厅带阳台,https://xm.lianjia.com/ershoufang/105116819068.html,315,28088,1,3室2厅1厨2卫,['中楼层/共39层'],南,['平层/简装'],112.15,2014,禹洲中央海岸一期,集美,杏林桥头,1,三梯六户,2024/4/27,2021/10/25,平层,简装,2,39,3,6
335,335,金尚片区 精装小三房 中间楼层 业主诚意出售看房方便,https://xm.lianjia.com/ershoufang/105113364817.html,269,36156,10,3室2厅1厨1卫,['低楼层/共8层'],南,['平层/精装'],74.4,2001,金北花园,湖里,金尚,0,零梯零户,2023/4/14,2015/3/30,平层,精装,1,8,0,0
336,336,朝东大面积 可做落地窗  安静负氧离子高,https://xm.lianjia.com/ershoufang/105116779290.html,77,15606,2,2室1厅1厨1卫,['低楼层/共26层'],东,['跃层/精装'],49.34,2016,融信海上城,海沧,滨海社区,1,六梯三十六户,2024/4/23,2012/12/8,跃层,精装,1,26,6,36
338,338,万科品质物业  开发商装修 温馨入住 欢迎品鉴,https://xm.lianjia.com/ershoufang/105112234137.html,180,21460,7,3室2厅1厨1卫,['中楼层/共9层'],南,['平层/精装'],83.88,2015,万科城二期,海沧,马銮湾东,1,一梯四户,2022/12/8,2016/6/20,平层,精装,2,9,1,4
339,339,中航城C区 边套小三房 采光好 两梯五户 满五省费用,https://xm.lianjia.com/ershoufang/105116841562.html,259,28878,0,3室2厅1厨1卫,['低楼层/共30层'],东南,['平层/精装'],89.69,2014,中航城国际社区C区,集美,集美新城,1,两梯五户,2024/4/29,2015/1/16,平层,精装,1,30,2,5
345,345,保利一期高层复式，2次精装全新未入住！,https://xm.lianjia.com/ershoufang/105116782999.html,275,26422,0,4室2厅1厨2卫,['高楼层/共33层'],东南,['跃层/精装'],104.08,2017,保利叁仟栋一期,同安,环东海域,1,两梯四户,2024/4/24,2023/9/9,跃层,精装,3,33,2,4
346,346,正规三房9成新 平层厅带阳台 产权满五 业主换房急售,https://xm.lianjia.com/ershoufang/105114293316.html,300,26090,18,3室1厅1厨2卫,['中楼层/共47层'],南,['平层/精装'],114.99,2014,中航城A区,集美,杏锦路,1,三梯五户,2023/7/20,2016/12/21,平层,精装,2,47,3,5
347,347,侨建花园  3室1厅 南 北,https://xm.lianjia.com/ershoufang/105115958601.html,299,36638,3,3室1厅1厨2卫,['低楼层/共8层'],南,['平层/精装'],81.61,1994,侨建花园 ,思明,SM,0,零梯零户,2024/1/26,2016/5/9,平层,精装,1,8,0,0
349,349,海投尚书房精装2房朝南必属推荐,https://xm.lianjia.com/ershoufang/105116712253.html,153,21113,2,2室1厅1厨1卫,['高楼层/共18层'],南,['平层/精装'],72.47,2018,海投尚书房,海沧,马銮湾中心片区,1,两梯四户,2024/4/17,2019/4/18,平层,精装,3,18,2,4
350,350,联丰商城二期 3室2厅 南 北,https://xm.lianjia.com/ershoufang/105116732528.html,448,41000,2,3室2厅1厨1卫,['低楼层/共10层'],南,['平层/精装'],109.27,2000,联丰商城二期,思明,瑞景,1,两梯八户,2024/4/19,2013/3/20,平层,精装,1,10,2,8
351,351,莲坂，富山，外图后电梯小户型出售,https://xm.lianjia.com/ershoufang/105116035627.html,163,53885,2,1室0厅0厨0卫,['低楼层/共11层'],北,['平层/简装'],30.25,2002,大洲新世纪广场,思明,富山,1,一梯十七户,2024/2/17,2015/7/7,平层,简装,1,11,1,17
352,352,地铁口 全明户型 正规3房 南北向 高层视野好 看海,https://xm.lianjia.com/ershoufang/105116616318.html,600,47832,4,3室2厅1厨2卫,['中楼层/共28层'],南,['平层/精装'],125.44,2014,海曦,思明,观音山,1,两梯两户,2024/4/8,2015/1/20,平层,精装,2,28,2,2
353,353,看海精装三房两卫  视野开阔 满五免个税 价优,https://xm.lianjia.com/ershoufang/105116780711.html,278,30490,2,3室2厅1厨2卫,['高楼层/共34层'],南,['平层/精装'],91.18,2014,禹洲尊海,海沧,海沧体育中心,1,两梯四户,2024/4/23,2015/8/14,平层,精装,3,34,2,4
357,357,有名 额  瑞景电梯小户型  总价低 外国语 拎包入住,https://xm.lianjia.com/ershoufang/105115030282.html,176,64047,2,1室1厅1厨1卫,['中楼层/共15层'],南,['平层/精装'],27.48,2008,瑞景苑,思明,瑞景,1,两梯二十五户,2023/10/12,2021/9/8,平层,精装,2,15,2,25
358,358,天御小区 正规两房 高层 东套 采光视野好 地铁口,https://xm.lianjia.com/ershoufang/105116754288.html,249,29972,1,2室2厅1厨1卫,['中楼层/共32层'],南,['平层/简装'],83.08,2009,天御小区,海沧,海沧区政府,1,两梯四户,2024/4/21,2011/1/28,平层,简装,2,32,2,4
359,359,泰禾开发，楼中楼，三面采光，视野好，价格便宜,https://xm.lianjia.com/ershoufang/105114223088.html,270,19506,3,5室2厅1厨3卫,['高楼层/共51层'],南,['跃层/简装'],138.42,2018,厦门院子泰禾首玺A区,海沧,马銮湾中心片区,1,两梯四户,2023/7/12,2018/9/7,跃层,简装,3,51,2,4
360,360,吕厝双地铁口，交通便利，配套齐全。,https://xm.lianjia.com/ershoufang/105116074632.html,399,44903,3,3室2厅1厨1卫,['低楼层/共28层'],东南,['平层/简装'],88.86,1998,宝龙中心一期,思明,莲坂,1,三梯八户,2024/2/20,2016/7/14,平层,简装,1,28,3,8
361,361,高楼层不靠路看中庭户型好全明结构采光好,https://xm.lianjia.com/ershoufang/105113953316.html,470,40458,10,3室2厅1厨2卫,['中楼层/共14层'],南,['平层/精装'],116.17,2008,碧湖嘉园,湖里,枋湖,1,两梯四户,2023/6/11,2017/10/19,平层,精装,2,14,2,4
362,362,看中庭，采光足，全明设计，精品三房,https://xm.lianjia.com/ershoufang/105116461777.html,480,44273,4,3室2厅1厨1卫,['中楼层/共11层'],南,['平层/精装'],108.42,2008,嘉盛豪园南区,思明,瑞景,1,一梯四户,2024/3/24,2013/3/26,平层,精装,2,11,1,4
363,363,禾祥首府 1室1厅 西北,https://xm.lianjia.com/ershoufang/105116794544.html,208,51678,0,1室1厅1厨1卫,['低楼层/共33层'],西北,['平层/简装'],40.25,2008,禾祥首府,思明,思北,1,三梯十四户,2024/4/25,2020/1/23,平层,简装,1,33,3,14
367,367,维多利亚正规四房南北通透总价499万,https://xm.lianjia.com/ershoufang/105113689181.html,426,37336,113,4室1厅1厨2卫,['低楼层/共32层'],南,['平层/简装'],114.1,2010,海晟维多利亚,海沧,滨海社区,1,两梯四户,2023/5/16,2013/1/1,平层,简装,1,32,2,4
368,368,松柏 地铁口 小户型 低总价 电梯高层小两房,https://xm.lianjia.com/ershoufang/105116781118.html,215,45484,2,2室1厅1厨1卫,['高楼层/共30层'],南,['平层/精装'],47.27,2006,摩登时代,思明,松柏,1,四梯二十户,2024/4/23,2021/4/6,平层,精装,3,30,4,20
370,370,嘉庚旁 禹洲大学城正规三房 业主诚意卖,https://xm.lianjia.com/ershoufang/105115299180.html,185,15960,0,3室2厅1厨2卫,['高楼层/共30层'],南,['错层/精装'],115.92,2011,禹洲大学城,同安,集美其它,1,三梯四户,2023/11/10,2021/11/9,错层,精装,3,30,3,4
371,371,区政府阿罗海旁，高层大F户型，楼距宽，可拎包入住,https://xm.lianjia.com/ershoufang/105116677398.html,356,26595,3,3室2厅1厨2卫,['高楼层/共26层'],南,['平层/精装'],133.86,2012,天湖城,海沧,海沧区政府,1,两梯四户,2024/4/13,2015/7/9,平层,精装,3,26,2,4
374,374,火车站 09年小区 带电梯精装三房 南北通透 满五,https://xm.lianjia.com/ershoufang/105116680237.html,439,42535,4,3室1厅1厨2卫,['低楼层/共18层'],南,['平层/精装'],103.21,2009,东坪花园一期,思明,火车站,1,两梯六户,2024/4/14,2019/3/5,平层,精装,1,18,2,6
375,375,楼梯三楼 南北双阳台 做了八年才见过这么一套,https://xm.lianjia.com/ershoufang/105116568470.html,318,41305,4,2室2厅1厨1卫,['中楼层/共7层'],南,['平层/精装'],76.99,2004,怡富花园东区,思明,金鸡亭,0,零梯零户,2024/4/3,2010/3/17,平层,精装,2,7,0,0
376,376,绿苑新城 精装 两房两卫  空户 诚售 省个,https://xm.lianjia.com/ershoufang/105116871871.html,350,35770,0,2室2厅1厨2卫,['中楼层/共28层'],南,['平层/精装'],97.85,2014,绿苑新城三组团,海沧,滨海社区,1,两梯四户,2024/5/3,2016/6/8,平层,精装,2,28,2,4
377,377,文灶地铁社区，楼层好，西南北三面采光，业主诚意出售,https://xm.lianjia.com/ershoufang/105116884342.html,750,63020,3,3室2厅1厨2卫,['中楼层/共30层'],南,['平层/精装'],119.01,2020,文灶地铁社区一期,思明,禾祥东路,1,两梯三户,2024/5/4,,平层,精装,2,30,2,3
378,378,松柏莲岳里边套三面采光正规两房卧室带阳台朝南出售,https://xm.lianjia.com/ershoufang/105112843272.html,350,54289,1,2室1厅1厨1卫,['中楼层/共8层'],南,['平层/精装'],64.47,1990,莲岳里小区西区,思明,松柏,0,零梯零户,2023/3/1,2003/4/28,平层,精装,2,8,0,0
381,381,阳光城文澜府，全南精装小三房，看小区中庭的，看房约,https://xm.lianjia.com/ershoufang/105115777861.html,176,19692,5,3室2厅1厨2卫,['中楼层/共19层'],南,['平层/精装'],89.38,2019,阳光城文澜府,集美,灌口,1,两梯三户,2024/1/5,2021/2/24,平层,精装,2,19,2,3
382,382,前埔优质三房，南北通透，视野开阔，一梯两户。,https://xm.lianjia.com/ershoufang/105116430051.html,399,39655,5,3室2厅1厨3卫,['中楼层/共7层'],南,['平层/精装'],100.62,1999,前埔南小区一区,思明,前埔,0,零梯零户,2024/3/21,2020/3/6,平层,精装,2,7,0,0
384,384,地铁口2号线马青路站 双阳台 采光通风好 交通便利,https://xm.lianjia.com/ershoufang/105116923255.html,216,15586,2,3室1厅1厨2卫,['高楼层/共8层'],南,['平层/简装'],138.59,2000,鑫茂花园,海沧,海沧生活区,0,零梯零户,2024/5/8,2021/7/2,平层,简装,3,8,0,0
385,385,地铁口，精装4房，有露台，满五年可省,https://xm.lianjia.com/ershoufang/105111372937.html,780,53642,2,4室2厅1厨2卫,['低楼层/共28层'],南,['平层/精装'],145.41,2008,万科金域蓝湾一期,思明,瑞景,1,两梯三户,2022/8/30,2014/11/17,平层,精装,1,28,2,3
386,386,东海山庄，低总价正规三房，一梯两户，电梯高层,https://xm.lianjia.com/ershoufang/105114634834.html,435,44534,8,3室2厅1厨1卫,['中楼层/共11层'],南,['平层/简装'],97.68,2009,东海山庄,湖里,枋湖,1,一梯两户,2023/8/27,2012/3/6,平层,简装,2,11,1,2
387,387,集美新城核芯位置，地铁口旁，边套三房两卫，近软三,https://xm.lianjia.com/ershoufang/105113864359.html,320,27414,0,3室2厅1厨2卫,['中楼层/共17层'],东南,['平层/精装'],116.73,2019,莲花国际A区,集美,集美新城,1,两梯三户,2023/6/2,2021/3/3,平层,精装,2,17,2,3
388,388,朝南东晖广场 精装一房 看小区中庭 位置安静,https://xm.lianjia.com/ershoufang/105115804358.html,219,44731,1,1室1厅1厨1卫,['低楼层/共12层'],南,['平层/精装'],48.96,2013,东晖广场,湖里,枋湖,1,两梯八户,2024/1/7,2017/1/22,平层,精装,1,12,2,8
390,390,满五免个税，精装修3房，西南朝向，采光好，诚意出售,https://xm.lianjia.com/ershoufang/105116379672.html,310,26959,8,3室2厅1厨2卫,['中楼层/共47层'],东南,['平层/精装'],114.99,2014,中航城A区,集美,杏锦路,1,三梯五户,2024/3/16,2019/1/8,平层,精装,2,47,3,5
394,394,洋房四房南北通透，明厨明卫，小区中间位置，不靠路,https://xm.lianjia.com/ershoufang/105116851162.html,298,22363,0,4室2厅1厨2卫,['低楼层/共16层'],南,['平层/精装'],133.26,2018,华玺,海沧,马銮湾东,1,两梯三户,2024/4/30,2019/5/14,平层,精装,1,16,2,3
397,397,特房银溪墅府梅斯花园 2室2厅 南,https://xm.lianjia.com/ershoufang/105116799566.html,178,20524,2,2室2厅1厨1卫,['低楼层/共24层'],南,['平层/精装'],86.73,2017,特房银溪墅府梅斯花园,翔安,环东海域,1,两梯四户,2024/4/25,2018/4/16,平层,精装,1,24,2,4
398,398,江头公园旁 台湾街电梯高层小两房,https://xm.lianjia.com/ershoufang/105114691465.html,153,31327,3,2室1厅1厨1卫,['中楼层/共26层'],东,['平层/精装'],48.84,2007,建邦大厦,湖里,江头,1,三梯二十二户,2023/9/2,2016/5/27,平层,精装,2,26,3,22
399,399,业主诚售会展双大阳台，南北通风采光好看海看中庭,https://xm.lianjia.com/ershoufang/105115870908.html,508,38975,7,3室2厅1厨2卫,['低楼层/共24层'],南,['平层/简装'],130.34,2004,明发海景苑,思明,会展中心,1,两梯四户,2024/1/15,2005/10/31,平层,简装,1,24,2,4
400,400,吕厝江头板块 江宁里小区 繁华地段 户型方正 诚意出售,https://xm.lianjia.com/ershoufang/105116189962.html,290,37420,1,2室2厅1厨1卫,['低楼层/共7层'],南,['平层/简装'],77.5,1997,江宁里,湖里,江头,0,零梯零户,2024/2/29,2011/9/2,平层,简装,1,7,0,0
401,401,免个税 沿湖梯位 南北通透 3房 景观好 位置安静 诚售,https://xm.lianjia.com/ershoufang/105116474283.html,299,27622,5,3室2厅1厨1卫,['中楼层/共31层'],南,['平层/精装'],108.25,2015,IOI园博湾,集美,杏锦路,1,两梯四户,2024/3/25,2017/12/5,平层,精装,2,31,2,4
402,402,视野开阔， 采光充足， 交通便利,https://xm.lianjia.com/ershoufang/105113197684.html,85,15862,2,1室1厅1厨1卫,['低楼层/共18层'],西,['平层/简装'],53.59,2007,京口岩小区,海沧,未来海岸北师大,1,两梯八户,2023/3/30,2023/3/23,平层,简装,1,18,2,8
405,405,看湖，好楼层，南北通透全明（另储藏间一间不算面积）,https://xm.lianjia.com/ershoufang/105115095960.html,443,56254,1,2室2厅1厨1卫,['低楼层/共8层'],南,['平层/精装'],78.75,1996,莲滨里,思明,体育中心,0,零梯零户,2023/10/19,2019/3/8,平层,精装,1,8,0,0
409,409,金尚天宇花园南区 中间楼层，户型方正,https://xm.lianjia.com/ershoufang/105114539021.html,329,28832,7,3室2厅1厨2卫,['低楼层/共11层'],南,['平层/简装'],114.11,2000,天宇花园南区,湖里,金尚,0,零梯零户,2023/8/16,2004/8/11,平层,简装,1,11,0,0
410,410,自住精致两房  通风采光好  拎包入住,https://xm.lianjia.com/ershoufang/105116450937.html,198,22371,2,2室2厅1厨1卫,['低楼层/共33层'],南,['平层/简装'],88.51,2013,莲花尚院,集美,集美新城,1,两梯四户,2024/3/23,2014/8/27,平层,简装,1,33,2,4
411,411,产权满5年，业主只有这套，税费少，有电梯 地铁口,https://xm.lianjia.com/ershoufang/105116041910.html,255,27241,6,2室1厅1厨1卫,['高楼层/共10层'],南,['平层/简装'],93.61,2006,旭日海湾三期,海沧,滨海社区,1,一梯两户,2024/2/18,2019/1/18,平层,简装,3,10,1,2
412,412,新社区近地铁，临集美湖，靠图书馆，大悦城商场体在旁,https://xm.lianjia.com/ershoufang/105116771895.html,468,43035,3,4室2厅1厨2卫,['中楼层/共18层'],东南,['平层/精装'],108.75,2023,中粮云玺壹号,集美,集美新城,1,两梯四户,2024/4/23,2024/3/27,平层,精装,2,18,2,4
415,415,21年自住精装3房 透采光充足正规三房,https://xm.lianjia.com/ershoufang/105115926224.html,338,44387,2,3室1厅1厨1卫,['低楼层/共7层'],南,['平层/精装'],76.15,1993,莲坂西小区,思明,莲坂,0,零梯零户,2024/1/21,2020/1/31,平层,精装,1,7,0,0
416,416,家门口的公园 复式 安静 品牌家电  诚售,https://xm.lianjia.com/ershoufang/105116729738.html,69.8,16655,0,2室2厅1厨1卫,['低楼层/共26层'],西,['跃层/精装'],41.91,2016,融信海上城,海沧,滨海社区,1,六梯三十六户,2024/4/18,2017/2/1,跃层,精装,1,26,6,36
417,417,高楼层精装三房 光线好 视野开阔无遮挡  配套齐全,https://xm.lianjia.com/ershoufang/105116407591.html,232,26569,2,3室2厅1厨1卫,['高楼层/共30层'],南,['平层/精装'],87.32,2017,中央公园城,集美,集美其它,1,两梯四户,2024/3/19,2018/1/9,平层,精装,3,30,2,4
420,420,翔安隧道口，产权满2年，精装2房出售，拎包入住,https://xm.lianjia.com/ershoufang/105111691572.html,169.8,18684,3,2室2厅1厨1卫,['中楼层/共26层'],南,['平层/精装'],90.88,2013,明发半岛祥湾A区,翔安,翔安新城,1,两梯四户,2022/10/6,2022/2/17,平层,精装,2,26,2,4
421,421,芸溪居住公园三期，电梯2房2卫，电梯小高层，居住舒适,https://xm.lianjia.com/ershoufang/105115170430.html,148,15870,0,2室2厅1厨2卫,['中楼层/共17层'],南,['平层/精装'],93.26,2011,芸溪居住公园(三期),同安,同安其它,1,两梯三户,2023/10/27,2020/1/1,平层,精装,2,17,2,3
422,422,莲坂地铁口 南湖公园旁 封闭电梯小区 朝南一改二,https://xm.lianjia.com/ershoufang/105115020296.html,228,44367,3,2室1厅1厨1卫,['中楼层/共11层'],南,['平层/简装'],51.39,2001,大洲新世纪广场,思明,富山,1,一梯十七户,2023/10/11,2004/6/15,平层,简装,2,11,1,17
423,423,SM双地铁 自住精装三房 中间楼层 看房方便 诚意出售,https://xm.lianjia.com/ershoufang/105116793442.html,265,33259,3,3室1厅1厨1卫,['中楼层/共7层'],南,['平层/精装'],79.68,2000,梅阳花园,湖里,SM,0,零梯零户,2024/4/25,2010/11/16,平层,精装,2,7,0,0
424,424,高层视野佳     朝南三房    湾悦城就在家门口,https://xm.lianjia.com/ershoufang/105116873383.html,695,67647,2,3室1厅1厨2卫,['中楼层/共29层'],南,['平层/精装'],102.74,2015,中央湾区琥珀湾,湖里,五缘湾,1,两梯四户,2024/5/3,2022/2/2,平层,精装,2,29,2,4
425,425,莲花一村   盈翠里  边套三房  清爽装修,https://xm.lianjia.com/ershoufang/105116389665.html,399,45280,3,3室2厅1厨1卫,['高楼层/共6层'],南,['平层/简装'],88.12,1990,盈翠里,思明,莲花一村,0,零梯零户,2024/3/17,2021/12/5,平层,简装,3,6,0,0
427,427,锦绣祥安 2室2厅 南,https://xm.lianjia.com/ershoufang/105116931897.html,125,14436,0,2室2厅1厨1卫,['中楼层/共11层'],南,['平层/简装'],86.59,2010,锦绣祥安,翔安,马巷,1,两梯四户,2024/5/9,2020/5/9,平层,简装,2,11,2,4
428,428,精装修  落地窗      交通方便,https://xm.lianjia.com/ershoufang/105116779006.html,50,19562,0,1室1厅1厨1卫,['中楼层/共11层'],北,['精装'],25.56,2012,永建顶尚,湖里,枋湖,1,两梯三十一户,2024/4/23,,精装,,2,11,2,31
429,429,融侨品质精装2居 南朝向 全明格局 软三、万达、公园旁,https://xm.lianjia.com/ershoufang/105116884935.html,113,21665,0,2室1厅1厨1卫,['低楼层/共17层'],南,['精装'],52.16,2021,融侨观澜,集美,灌口,1,两梯五户,2024/5/4,2022/2/27,精装,,1,17,2,5
430,430,金尚 正规大两房  全明户型 一梯两户  看房方便,https://xm.lianjia.com/ershoufang/105116962684.html,288,40056,0,2室1厅1厨1卫,['中楼层/共8层'],南,['简装'],71.9,1998,金尚小区,湖里,金尚,1,一梯两户,2024/5/12,2020/5/12,简装,,2,8,1,2
431,431,莲花一村 2房1厅  朝南 格局方正,https://xm.lianjia.com/ershoufang/105116895902.html,368,46459,0,2室1厅1厨1卫,['高楼层/共6层'],南,['简装'],79.21,1986,映碧里小区,思明,莲花一村,0,零梯零户,2024/5/6,2009/5/11,简装,,3,6,0,0
432,432,莲前五中对门正规一房一厅结婚精装修拎包入住满5年,https://xm.lianjia.com/ershoufang/105116301589.html,167,46832,0,1室1厅1厨1卫,['低楼层/共6层'],南,['平层/精装'],35.66,2000,中兴阁,思明,金鸡亭,0,零梯零户,2024/3/10,2017/1/1,平层,精装,1,6,0,0
433,433,中交复式四房，高层满二，无抵押。,https://xm.lianjia.com/ershoufang/105116582689.html,410,43818,1,4室2厅1厨2卫,['中楼层/共33层'],东南,['简装'],93.57,2017,中交和美新城(二期三期),集美,集美新城,1,两梯四户,2024/4/5,2022/7/16,简装,,2,33,2,4
434,434,有电梯小区，交通方便， 楼下BRT 配套齐全 生活便利。,https://xm.lianjia.com/ershoufang/105109010324.html,365,79073,11,1室1厅1厨1卫,['高楼层/共31层'],北,['平层/简装'],46.16,2004,源通中心,思明,思北,1,六梯十七户,2021/10/15,2015/8/21,平层,简装,3,31,6,17
435,435,蓝湾半岛：91.79平，436万，朝东南，近地铁口,https://xm.lianjia.com/ershoufang/105114494665.html,436,47500,0,2室2厅1厨1卫,['低楼层/共18层'],东南,['平层/精装'],91.79,2008,中骏蓝湾半岛,海沧,滨海社区,1,两梯三户,2023/8/11,2012/7/18,平层,精装,1,18,2,3
436,436,滨北2000社区 自主装修 户型方正 地铁三号线人才站,https://xm.lianjia.com/ershoufang/105114188960.html,308,70985,0,1室1厅1厨1卫,['低楼层/共9层'],北,['平层/精装'],43.39,2000,共和大厦,思明,七星路,0,零梯零户,2023/7/8,2017/12/27,平层,精装,1,9,0,0
437,437,叠墅，户型方正，视野宽阔，配套设施齐全，交通便利,https://xm.lianjia.com/ershoufang/105110967961.html,999,50011,3,4室2厅1厨4卫,['低楼层/共2层'],东,['跃层/精装'],199.76,2001,云亭花园,思明,金鸡亭,0,零梯零户,2022/7/11,2015/4/3,跃层,精装,1,2,0,0
438,438,东方高尔夫国际公寓 车位,https://xm.lianjia.com/ershoufang/105116064308.html,285,21573,0,低楼层 (共9层),['低楼层/共9层'],南,['平层/精装'],132.11,2009,东方高尔夫国际公寓,海沧,马銮湾东,0,零梯零户,2024/2/20,2021/2/21,平层,精装,1,9,0,0
439,439,央企品质自住精装小三房满五省税费,https://xm.lianjia.com/ershoufang/105110353845.html,355,35152,3,3室2厅1厨1卫,['低楼层/共43层'],南,['平层/精装'],100.99,2014,招商海德公园一期,集美,集美其它,1,三梯四户,2022/4/22,2017/5/18,平层,精装,1,43,3,4
440,440,业主自住精装，三房双卫双阳台，看小区中庭,https://xm.lianjia.com/ershoufang/105113123268.html,214,21753,0,3室2厅1厨2卫,['低楼层/共35层'],东南,['平层/精装'],98.38,2012,禹洲大学城,同安,集美其它,1,三梯八户,2023/3/24,2014/4/2,平层,精装,1,35,3,8
441,441,集美桥头堡，房子满2年，中高层，户型方正大三房,https://xm.lianjia.com/ershoufang/105112748615.html,340,33508,0,3室2厅1厨1卫,['中楼层/共43层'],西南,['平层/简装'],101.47,2014,招商海德公园一期,集美,集美其它,1,三梯四户,2023/2/21,2020/11/20,平层,简装,2,43,3,4
442,442,生活区高品质小区 精装大四房 交通方便,https://xm.lianjia.com/ershoufang/105105946394.html,620,29390,4,4室2厅1厨3卫,['低楼层/共44层'],南,['平层/精装'],210.96,2017,西雅图,海沧,海沧外国语片区,1,三梯三户,2020/12/4,2018/9/12,平层,精装,1,44,3,3
443,443,瑞景洪文BRT边上  电梯高层  视野好,https://xm.lianjia.com/ershoufang/105113237376.html,499,34445,0,3室2厅1厨1卫,['高楼层/共22层'],南,['平层/简装'],144.87,2002,联丰大厦,思明,瑞景,1,三梯六户,2023/4/3,2004/3/19,平层,简装,3,22,3,6
444,444,滨北市政府边套中楼层格局方正南北通透三房,https://xm.lianjia.com/ershoufang/105113623978.html,555,67593,0,3室1厅1厨1卫,['中楼层/共7层'],南,['平层/简装'],82.11,1994,石亭小区,思明,市政府,0,零梯零户,2023/5/10,1998/12/14,平层,简装,2,7,0,0
445,445,翔安隧道口，高层 朝南 复式户型,https://xm.lianjia.com/ershoufang/105113183002.html,63,16196,0,1室1厅1厨0卫,['高楼层/共18层'],南,['平层/毛坯'],38.9,2018,菁英公馆,翔安,翔安新城,1,四梯四十二户,2023/3/29,2019/7/30,平层,毛坯,3,18,4,42
446,446,东渡片区天然氧吧社区，3房，楼层适中，户型方正,https://xm.lianjia.com/ershoufang/105107037808.html,574,51041,8,3室2厅1厨2卫,['低楼层/共11层'],南,['平层/简装'],112.46,2005,和通新村,湖里,东渡,1,两梯三户,2021/4/17,2005/8/12,平层,简装,1,11,2,3
447,447,海上世界 南北通透 单价低 物业管理良好,https://xm.lianjia.com/ershoufang/105112471174.html,385,43567,2,2室2厅1厨1卫,['高楼层/共7层'],南,['平层/精装'],88.37,2000,榕海花园,湖里,东渡,0,零梯零户,2023/1/29,2002/5/21,平层,精装,3,7,0,0
448,448,金鸡亭三房精装修业主诚意出售。。。,https://xm.lianjia.com/ershoufang/105113826202.html,438,46038,0,3室2厅1厨1卫,['高楼层/共7层'],南,['平层/精装'],95.14,1997,金鸡亭小区西区,思明,金鸡亭,0,零梯零户,2023/5/29,2010/8/5,平层,精装,3,7,0,0
449,449,中山公园南门口 电梯3房 全明结构 东北向高层视野好,https://xm.lianjia.com/ershoufang/105110677637.html,1351,97779,3,3室2厅1厨2卫,['高楼层/共31层'],东北,['平层/简装'],138.17,1995,玉滨城一期,思明,实验小学及周边,1,两梯四户,2022/6/6,2000/3/9,平层,简装,3,31,2,4
450,450,育秀中.心 电梯高层 朝南户型看湖 楼下交通方便,https://xm.lianjia.com/ershoufang/105102515146.html,1010,75133,32,3室2厅1厨2卫,['高楼层/共33层'],东南,['平层/精装'],134.43,2003,育秀中心,思明,体育中心,1,三梯六户,2019/6/12,2011/6/7,平层,精装,3,33,3,6
451,451,刚需必备小户型！2号线 地  铁旁，中间楼层总价低~,https://xm.lianjia.com/ershoufang/105103212069.html,89,17825,3,1室1厅1厨1卫,['中楼层/共31层'],西,['平层/精装'],49.93,2015,泰地海西中心,海沧,海沧区政府,1,六梯二十四户,2019/10/18,2018/10/31,平层,精装,2,31,6,24
452,452,泰地海西，高层看海景，空气好，视野开阔，采光好,https://xm.lianjia.com/ershoufang/105106948461.html,188,26923,3,1室1厅1厨1卫,['高楼层/共31层'],东,['平层/精装'],69.83,2015,泰地海西中心,海沧,海沧区政府,1,六梯二十四户,2021/4/10,2019/12/17,平层,精装,3,31,6,24
453,453,植物园下，虎溪寺旁，2000年花园洋房，感受鸟语清香,https://xm.lianjia.com/ershoufang/105112716680.html,880,94381,0,3室2厅1厨1卫,['中楼层/共5层'],南,['平层/精装'],93.24,1998,虎园路财政宿舍,思明,实验小学及周边,0,零梯零户,2023/2/18,2021/4/16,平层,精装,2,5,0,0
454,454,精装修花了四百来多万，全是红杉木,https://xm.lianjia.com/ershoufang/105115198741.html,990,44668,1,6室2厅1厨4卫,['低楼层/共3层'],南,['跃层/精装'],221.64,2005,星海湾,同安,环东海域,0,零梯零户,2023/10/31,2017/4/11,跃层,精装,1,3,0,0
455,455,龙湖品质 近地铁 复式楼中楼 边套通透户型,https://xm.lianjia.com/ershoufang/105106258651.html,478,40362,16,3室2厅1厨2卫,['低楼层/共34层'],南,['跃层/毛坯'],118.43,2017,龙湖春江郦城二期,集美,杏北,1,两梯六户,2021/1/14,2018/8/30,跃层,毛坯,1,34,2,6
456,456,中海品质，海景2房，户型方正，保养精致,https://xm.lianjia.com/ershoufang/105115472430.html,270,32672,2,2室1厅1厨1卫,['中楼层/共41层'],南,['平层/精装'],82.64,2013,中海寰宇天下,集美,杏林桥头,1,两梯四户,2023/11/30,2015/5/15,平层,精装,2,41,2,4
457,457,业主自住，精装修，外阳台，格局方正,https://xm.lianjia.com/ershoufang/105110724655.html,450,43563,0,3室1厅1厨1卫,['低楼层/共31层'],西南,['平层/精装'],103.3,2015,住宅·水晶湖郡,集美,集美新城,1,两梯四户,2022/6/11,2021/3/1,平层,精装,1,31,2,4
458,458,水晶湖郡二期大通透三房格局方正诚意出售,https://xm.lianjia.com/ershoufang/105112975514.html,475,35790,0,3室2厅1厨2卫,['中楼层/共31层'],东南,['平层/简装'],132.72,2015,住宅·水晶湖郡,集美,集美新城,1,两梯三户,2023/3/11,2020/3/20,平层,简装,2,31,2,3
459,459,正规单身公寓二手房一室一厅一卫来袭,https://xm.lianjia.com/ershoufang/105109047159.html,73,23519,218,1室1厅1厨1卫,['中楼层/共35层'],东北,['平层/精装'],31.04,2011,禹洲大学城,同安,集美其它,1,三梯十户,2021/10/19,2017/1/6,平层,精装,2,35,3,10
460,460,出入方便，配套齐，人文环境好，满五，交通便利,https://xm.lianjia.com/ershoufang/105114616013.html,650,49989,0,3室2厅1厨2卫,['低楼层/共17层'],南,['平层/简装'],130.03,2001,古兴里,思明,前埔,1,两梯六户,2023/8/25,2003/11/7,平层,简装,1,17,2,6
461,461,水晶湖郡 南北通透3房 南北通透 全明结构 产权满二年,https://xm.lianjia.com/ershoufang/105110358129.html,430,37130,2,3室2厅1厨2卫,['低楼层/共28层'],南,['平层/毛坯'],115.81,2015,住宅·水晶湖郡,集美,集美新城,1,两梯三户,2022/4/22,2017/8/17,平层,毛坯,1,28,2,3
462,462,房屋产权满二省5.3%增值税两房朝南采光充足 居住舒适,https://xm.lianjia.com/ershoufang/105112894695.html,220,34982,0,2室2厅1厨1卫,['中楼层/共17层'],东南,['平层/精装'],62.89,-1,滨水二里,集美,集美新城,1,两梯四户,2023/3/5,2019/3/7,平层,精装,2,17,2,4
463,463,靠会所高楼层02户型，东南北通透格局方方正正满五*,https://xm.lianjia.com/ershoufang/105109013697.html,1616,59990,7,4室2厅1厨4卫,['高楼层/共29层'],南,['平层/毛坯'],269.38,2011,云顶至尊,思明,瑞景,1,三梯两户,2021/10/15,2012/10/11,平层,毛坯,3,29,3,2
464,464,万科广场满两年精装四房 户型方正 全明格局,https://xm.lianjia.com/ershoufang/105106785433.html,270,20696,2,4室2厅1厨2卫,['中楼层/共42层'],南,['平层/精装'],130.46,2017,万科广场幸福里,集美,厦门北站商业区,1,三梯五户,2021/3/26,2017/12/1,平层,精装,2,42,3,5
465,465,电梯高层，正规4房，全明格局，四面采光,https://xm.lianjia.com/ershoufang/105110738790.html,605,33010,5,5室1厅1厨3卫,['高楼层/共15层'],南,['平层/精装'],183.28,1994,信源大厦,湖里,湖里大道,1,两梯六户,2022/6/13,2017/6/7,平层,精装,3,15,2,6
466,466,阳光花园正规3房店面，住家两用，仅售有缘人,https://xm.lianjia.com/ershoufang/105105728673.html,665,70393,17,3室1厅1厨2卫,['低楼层/共7层'],南,['平层/精装'],94.47,1998,阳光花园,思明,松柏,0,零梯零户,2020/11/7,2003/4/16,平层,精装,1,7,0,0
467,467,松柏 3房 通透 3卫 低公摊南北户型 6米大横厅,https://xm.lianjia.com/ershoufang/105110724794.html,900,69466,2,3室2厅1厨3卫,['高楼层/共6层'],南,['平层/简装'],129.56,2000,松柏湖花园,思明,松柏,0,零梯零户,2022/6/11,2003/7/3,平层,简装,3,6,0,0
468,468,独门独户，门口使用10平，优质通透三房，高层精装看海,https://xm.lianjia.com/ershoufang/105111666048.html,278,29341,1,3室2厅1厨1卫,['高楼层/共33层'],南,['平层/精装'],94.75,2015,阳光城翡丽湾二期,翔安,翔安新城,1,两梯六户,2022/10/2,2021/1/11,平层,精装,3,33,2,6
469,469,松柏屿后北里南北通透两房业主换房出售,https://xm.lianjia.com/ershoufang/105114528381.html,460,67618,2,2室1厅1厨1卫,['中楼层/共8层'],南,['平层/精装'],68.03,1993,屿后北里,思明,松柏,0,零梯零户,2023/8/15,1999/7/19,平层,精装,2,8,0,0
470,470,地铁口。楼层佳的3房。是居家好房。,https://xm.lianjia.com/ershoufang/105112114889.html,580,57014,1,3室2厅1厨1卫,['中楼层/共7层'],南,['平层/精装'],101.73,2001,惠鸿花园,湖里,金尚,0,零梯零户,2022/11/24,2005/5/10,平层,精装,2,7,0,0
471,471,莲坂地铁口，高层自住精装小2房。,https://xm.lianjia.com/ershoufang/105107417319.html,401,87920,2,2室1厅1厨1卫,['高楼层/共18层'],西,['平层/精装'],45.61,2004,美迪斯小区,思明,富山,1,一梯七户,2021/5/24,2021/6/11,平层,精装,3,18,1,7
472,472,地铁口旁，南北全明户型好，采光好带储藏间，业主急售,https://xm.lianjia.com/ershoufang/105113130740.html,359,40442,0,3室2厅1厨1卫,['高楼层/共7层'],南,['平层/简装'],88.77,1997,福龙公寓内院,湖里,金尚,0,零梯零户,2023/3/24,2016/3/1,平层,简装,3,7,0,0
473,473,金尚片区大三房，中间楼层，南北通透双阳台。,https://xm.lianjia.com/ershoufang/105113828514.html,540,45102,0,3室1厅1厨2卫,['中楼层/共7层'],南,['平层/精装'],119.73,2000,玉鹭苑,湖里,金尚,0,零梯零户,2023/5/30,2020/9/17,平层,精装,2,7,0,0
474,474,地铁口 边套 都带大窗户 使用面积大,https://xm.lianjia.com/ershoufang/105106750771.html,315,43193,146,3室1厅1厨1卫,['高楼层/共7层'],东,['平层/简装'],72.93,-1,吕岭路,湖里,金尚,0,零梯零户,2021/3/24,2008/2/5,平层,简装,3,7,0,0
475,475,枋湖凯悦新城  电梯高层一房一厅  业主诚意出售,https://xm.lianjia.com/ershoufang/105114585602.html,270,61239,0,1室1厅1厨1卫,['高楼层/共13层'],北,['平层/简装'],44.09,2013,凯悦新城,湖里,枋湖,1,两梯八户,2023/8/22,2020/8/23,平层,简装,3,13,2,8
476,476,中海寰宇天下 4室2厅 南 北,https://xm.lianjia.com/ershoufang/105111761099.html,518,37591,2,4室2厅1厨2卫,['高楼层/共33层'],南,['平层/精装'],137.8,2014,中海寰宇天下,集美,杏林桥头,1,两梯四户,2022/10/13,2011/11/5,平层,精装,3,33,2,4
477,477,大学城精装小三房 拎包可入住 东南朝向 采光日照充足,https://xm.lianjia.com/ershoufang/105111539246.html,185,21447,1,3室2厅1厨1卫,['中楼层/共30层'],东南,['平层/精装'],86.26,2012,禹洲大学城,同安,集美其它,1,两梯四户,2022/9/17,2015/2/10,平层,精装,2,30,2,4
478,478,刚需新选择，精装修，大三房，延奎分校,https://xm.lianjia.com/ershoufang/105113269734.html,281,24461,1,3室2厅1厨2卫,['中楼层/共15层'],南,['平层/精装'],114.88,2018,海投尚书房,海沧,马銮湾中心片区,1,两梯四户,2023/4/6,2021/12/21,平层,精装,2,15,2,4
479,479,满五*，刚需户型，精装两房，交通便利,https://xm.lianjia.com/ershoufang/105108050786.html,179,26328,25,2室2厅1厨1卫,['低楼层/共35层'],南,['平层/精装'],67.99,2012,禹洲大学城,同安,集美其它,1,三梯十户,2021/7/21,2011/11/16,平层,精装,1,35,3,10
480,480,边套三房，三面采光，业主急售 出价来谈,https://xm.lianjia.com/ershoufang/105113782522.html,234,22132,1,3室2厅1厨1卫,['低楼层/共29层'],东南,['平层/毛坯'],105.73,2017,新城际广场二期,集美,厦门北站商业区,1,两梯四户,2023/5/25,2020/5/21,平层,毛坯,1,29,2,4
481,481,北站中骏四季阳光精装三房 东南朝向 采光好,https://xm.lianjia.com/ershoufang/105111791305.html,248,24655,0,3室2厅1厨2卫,['高楼层/共16层'],东南,['平层/精装'],100.59,2014,中骏四季阳光,集美,厦门北站商业区,1,两梯四户,2022/10/17,2015/3/10,平层,精装,3,16,2,4
482,482,精装修复式，龙湖品质，自带龙湖天街,https://xm.lianjia.com/ershoufang/105109455414.html,450,43835,41,3室2厅1厨2卫,['中楼层/共33层'],南,['跃层/精装'],102.66,2016,龙湖春江郦城一期,集美,杏北,1,两梯六户,2021/12/10,2017/10/12,跃层,精装,2,33,2,6
483,483,枋湖联发欣悦园  品质小区 电梯高层 朝南两房 自住,https://xm.lianjia.com/ershoufang/105114845503.html,598,68871,0,2室2厅1厨1卫,['高楼层/共12层'],南,['平层/简装'],86.83,2012,联发欣悦园,湖里,枋湖,1,一梯三户,2023/9/19,2014/4/18,平层,简装,3,12,1,3
484,484,海沧西雅图精装修大四房！格局好！,https://xm.lianjia.com/ershoufang/105112924178.html,480,29217,0,3室2厅1厨2卫,['低楼层/共44层'],东,['平层/精装'],164.29,2017,西雅图,海沧,海沧外国语片区,1,三梯三户,2023/3/7,2018/8/31,平层,精装,1,44,3,3
485,485,集美万达旁 禹洲大学城 精装两房 满二 朝南双阳台,https://xm.lianjia.com/ershoufang/105102374968.html,189,21825,52,2室2厅1厨1卫,['中楼层/共30层'],南,['平层/精装'],86.6,2012,禹洲大学城,同安,集美其它,1,两梯四户,2019/5/12,2012/2/12,平层,精装,2,30,2,4
486,486,融信海上城,https://xm.lianjia.com/ershoufang/105112532172.html,99,21069,2,2室1厅1厨1卫,['高楼层/共26层'],南,['跃层/精装'],46.99,2016,融信海上城,海沧,滨海社区,1,六梯三十四户,2023/2/3,2018/3/5,跃层,精装,3,26,6,34
487,487,泰地海西 地铁口 高层精装 全海景 无遮挡,https://xm.lianjia.com/ershoufang/105114465979.html,108,19755,0,1室1厅1厨1卫,['高楼层/共31层'],东南,['平层/精装'],54.67,2015,泰地海西中心,海沧,海沧区政府,1,六梯二十四户,2023/8/9,2016/12/22,平层,精装,3,31,6,24
488,488,维多利亚，一楼有花园，业主诚意出售,https://xm.lianjia.com/ershoufang/105109246287.html,680,48537,6,3室2厅1厨1卫,['低楼层/共29层'],南,['平层/简装'],140.1,2010,海晟维多利亚,海沧,滨海社区,1,两梯三户,2021/11/14,2012/10/23,平层,简装,1,29,2,3
489,489,滨海社区 蓝湾半岛楼中楼 带独立露台,https://xm.lianjia.com/ershoufang/105112617917.html,1150,52342,3,4室1厅1厨2卫,['高楼层/共18层'],东南,['复式/简装'],219.71,2008,中骏蓝湾半岛,海沧,滨海社区,1,两梯三户,2023/2/11,2012/2/22,复式,简装,3,18,2,3
490,490,枋湖楼中楼，与水系公园为伴，与精致别墅为邻,https://xm.lianjia.com/ershoufang/105111082882.html,510,48776,5,3室2厅1厨2卫,['高楼层/共7层'],南,['跃层/精装'],104.56,2006,艾德花园一期,湖里,机场区,0,零梯零户,2022/7/26,2007/9/25,跃层,精装,3,7,0,0
491,491,翔安中 心位置 区府旁低总价2房1厅 免增值税,https://xm.lianjia.com/ershoufang/105110408092.html,145,23197,4,2室2厅1厨1卫,['低楼层/共18层'],南,['平层/精装'],62.51,2017,东方新城二期,翔安,新店,0,零梯零户,2022/4/28,2020/6/23,平层,精装,1,18,0,0
492,492,地铁口 正规三房 南北 诚意出售,https://xm.lianjia.com/ershoufang/105112900917.html,480,41842,0,3室2厅1厨2卫,['中楼层/共8层'],南,['平层/简装'],114.72,1997,天宇花园南区,湖里,金尚,0,零梯零户,2023/3/5,2017/12/15,平层,简装,2,8,0,0
493,493,彼岸标准两房，人车分流，地铁口，上学近,https://xm.lianjia.com/ershoufang/105113903954.html,410,45165,1,2室1厅1厨1卫,['高楼层/共18层'],南,['平层/简装'],90.78,2013,彼岸,海沧,滨海社区,1,两梯四户,2023/6/6,2016/5/3,平层,简装,3,18,2,4
494,494,海沧湾公园 海岸1号 高层三房 户型通透 看海景,https://xm.lianjia.com/ershoufang/105113037334.html,710,47993,1,3室1厅1厨3卫,['中楼层/共35层'],东南,['平层/精装'],147.94,2009,中骏海岸1号,海沧,滨海社区,1,两梯三户,2023/3/16,2010/9/15,平层,精装,2,35,2,3
495,495,楼层高光线好，公摊小，房间多，出行方便,https://xm.lianjia.com/ershoufang/105114679894.html,298,19524,0,6室1厅0厨6卫,['高楼层/共8层'],南,['平层/精装'],152.64,2000,大永固花园,海沧,海沧生活区,0,零梯零户,2023/9/1,2021/8/16,平层,精装,3,8,0,0
496,496,正规大四房，通透户型，精装修，地铁口，位置佳,https://xm.lianjia.com/ershoufang/105113762069.html,560,32816,3,4室2厅1厨3卫,['低楼层/共33层'],南,['平层/精装'],170.65,2009,天心岛,海沧,滨海社区,1,两梯两户,2023/5/23,2011/5/17,平层,精装,1,33,2,2
497,497,小户型，总价低，滨北区域，出行生活购物方便。,https://xm.lianjia.com/ershoufang/105112797902.html,275,85431,0,1室1厅1厨1卫,['高楼层/共8层'],南,['平层/精装'],32.19,1998,惠祥花园,思明,七星路,0,零梯零户,2023/2/25,2019/7/10,平层,精装,3,8,0,0
498,498,祥店 太微山庄 正规大3房出售  双阳台 小区中庭,https://xm.lianjia.com/ershoufang/105111066961.html,620,48571,3,3室2厅1厨2卫,['中楼层/共11层'],南,['平层/精装'],127.65,2001,太微山庄,湖里,祥店,1,一梯两户,2022/7/24,2016/4/27,平层,精装,2,11,1,2
499,499,边套三房，朝南面宽，光照充足，IOI世茂商圈、万科里,https://xm.lianjia.com/ershoufang/105111341915.html,396,31025,0,3室2厅1厨2卫,['低楼层/共33层'],东南,['平层/精装'],127.64,2013,莲花尚院,集美,集美新城,1,两梯四户,2022/8/26,2015/2/17,平层,精装,1,33,2,4
500,500,群惠电梯2房闹中取静业主诚意出售,https://xm.lianjia.com/ershoufang/105107308904.html,658,81598,7,2室2厅1厨1卫,['中楼层/共10层'],南,['平层/简装'],80.64,2002,定安小区,思明,思明南路,0,零梯零户,2021/5/13,2000/9/19,平层,简装,2,10,0,0
501,501,海上世界商圈版块 正规两房 阳光明亮 低总价诚意出售,https://xm.lianjia.com/ershoufang/105113061743.html,292,36661,0,2室1厅1厨1卫,['中楼层/共7层'],东,['平层/简装'],79.65,1998,榕海花园,湖里,东渡,0,零梯零户,2023/3/19,2009/6/29,平层,简装,2,7,0,0
502,502,集美高品质楼盘，全明结构采光好，边套户型 通透性好,https://xm.lianjia.com/ershoufang/105113349179.html,720,50112,0,3室2厅1厨2卫,['中楼层/共38层'],南,['平层/精装'],143.68,2019,莲花首岸,集美,集美新城,1,两梯四户,2023/4/13,2020/3/18,平层,精装,2,38,2,4
503,503,长欣花园 2室1厅 南,https://xm.lianjia.com/ershoufang/105115360971.html,172,34013,0,2室1厅1厨1卫,['高楼层/共6层'],南,['平层/精装'],50.57,2004,长欣花园,海沧,海沧生活区,0,零梯零户,2023/11/17,2023/11/18,平层,精装,3,6,0,0
504,504,莲坂能群大厦  精装一房一厅 地段好 湖明 地铁口,https://xm.lianjia.com/ershoufang/105111015040.html,370,69445,0,1室1厅1厨1卫,['低楼层/共24层'],西北,['平层/精装'],53.28,2004,能群大厦,思明,莲坂,1,两梯七户,2022/7/17,2005/2/24,平层,精装,1,24,2,7
505,505,电梯刚需二房，户型方正，全明结构,https://xm.lianjia.com/ershoufang/105114666267.html,498,62911,0,2室1厅1厨1卫,['中楼层/共9层'],西北,['平层/精装'],79.16,1994,金龙花园,思明,莲坂,1,两梯六户,2023/8/31,2020/11/2,平层,精装,2,9,2,6
506,506,此房满5唯不*，业主自住装修，保养的很不错。,https://xm.lianjia.com/ershoufang/105108579031.html,238,26525,3,3室2厅1厨1卫,['低楼层/共6层'],南,['平层/精装'],89.73,2004,金龙商城二期,海沧,海沧生活区,0,零梯零户,2021/8/30,2009/7/15,平层,精装,1,6,0,0
507,507,地铁100米，岭兜刚需小三房，南北通透，动静分离,https://xm.lianjia.com/ershoufang/105110869363.html,457,52863,9,3室2厅1厨1卫,['高楼层/共7层'],南,['平层/简装'],86.45,2002,岭兜小区中区,思明,前埔,0,零梯零户,2022/6/29,2007/8/24,平层,简装,3,7,0,0
508,508,海沧区政府旁 天成精装四房 楼下地铁2号线 阿罗海,https://xm.lianjia.com/ershoufang/105103886119.html,490,31534,64,4室2厅1厨2卫,['中楼层/共27层'],南,['平层/精装'],155.39,2005,天成广场,海沧,海沧区政府,1,两梯五户,2020/3/20,2010/10/20,平层,精装,2,27,2,5
509,509,泰地海西 环境舒适 海沧湾公园 24小时保安,https://xm.lianjia.com/ershoufang/105111385967.html,120,21448,1,1室1厅1厨1卫,['高楼层/共31层'],南,['平层/简装'],55.95,2015,泰地海西中心,海沧,海沧区政府,1,六梯二十四户,2022/8/31,2016/8/10,平层,简装,3,31,6,24
510,510,天湖城 3室2厅 南,https://xm.lianjia.com/ershoufang/105114920633.html,380,35498,0,3室2厅1厨1卫,['高楼层/共32层'],南,['平层/简装'],107.05,2012,天湖城,海沧,海沧区政府,1,两梯四户,2023/9/27,2017/8/16,平层,简装,3,32,2,4
512,512,环东海域 南北通透刚需小两房 地铁口 看海,https://xm.lianjia.com/ershoufang/105115595485.html,150,25360,0,2室1厅1厨1卫,['高楼层/共17层'],南,['平层/精装'],59.15,2015,长荣花园,同安,环东海域,1,两梯四户,2023/12/13,2021/4/6,平层,精装,3,17,2,4
513,513,方正户型  南北朝向  满五年  目前在出租,https://xm.lianjia.com/ershoufang/105107400928.html,1100,58702,3,4室2厅1厨2卫,['低楼层/共12层'],南,['简装'],187.39,2008,水晶森林一期,湖里,枋湖,1,两梯两户,2021/5/23,2015/4/16,简装,,1,12,2,2
514,514,盈翠里客厅带阳台朝南，朝南正看小区中庭，中间楼层,https://xm.lianjia.com/ershoufang/105114842541.html,498,72776,0,2室1厅1厨1卫,['中楼层/共6层'],东南,['平层/简装'],68.43,1990,盈翠里,思明,莲花一村,0,零梯零户,2023/9/18,2006/1/17,平层,简装,2,6,0,0
515,515,户型通透格局好，双阳台户型南北通透，4房一站式到位,https://xm.lianjia.com/ershoufang/105109777708.html,365,31054,4,4室2厅1厨2卫,['中楼层/共26层'],南,['平层/精装'],117.54,2006,汇景雅苑,海沧,未来海岸北师大,1,两梯四户,2022/2/13,2009/8/5,平层,精装,2,26,2,4
516,516,翔安隧道口  一线海景 精装修海景房,https://xm.lianjia.com/ershoufang/105102063119.html,230,26086,1,3室2厅1厨1卫,['低楼层/共33层'],南,['平层/精装'],88.17,2018,世茂御海墅,翔安,翔安新城,1,两梯四户,2019/3/3,2019/3/12,平层,精装,1,33,2,4
517,517,翔安新城 精装看海大三房 拧包入住,https://xm.lianjia.com/ershoufang/105114136335.html,310,30742,1,3室2厅1厨2卫,['中楼层/共33层'],南,['平层/精装'],100.84,2021,前海湾,翔安,翔安新城,0,零梯零户,2023/7/2,2023/5/29,平层,精装,2,33,0,0
518,518,此房满五年，带装修三房，拎包入住，楼层好,https://xm.lianjia.com/ershoufang/105112417744.html,300,30963,1,3室1厅1厨1卫,['中楼层/共32层'],南,['平层/简装'],96.89,2013,海上五月花一期,集美,集美其它,1,两梯四户,2023/1/8,2014/7/2,平层,简装,2,32,2,4
519,519,采光充足，配套设施齐全，交通便利。,https://xm.lianjia.com/ershoufang/105107328174.html,270.5,21843,3,4室2厅1厨2卫,['高楼层/共34层'],南,['错层/精装'],123.84,2011,禹洲大学城,同安,集美其它,1,三梯六户,2021/5/15,2016/10/19,错层,精装,3,34,3,6
520,520,云顶 269平 全新自住精装5房 靠会所 好位置,https://xm.lianjia.com/ershoufang/105111799241.html,1480,55404,0,4室2厅1厨4卫,['低楼层/共29层'],南,['平层/精装'],267.13,2011,云顶至尊,思明,瑞景,1,两梯两户,2022/10/18,2022/9/22,平层,精装,1,29,2,2
521,521,地铁口 电梯中高层 视野好 正规两房 免个税,https://xm.lianjia.com/ershoufang/105113772447.html,260,30350,1,2室2厅1厨1卫,['低楼层/共32层'],西南,['平层/精装'],85.67,2013,海银大厦,海沧,海沧生活区,1,三梯十二户,2023/5/24,2018/5/18,平层,精装,1,32,3,12
522,522,生活区电梯大三房 客厅朝南  无遮挡 采光好 户型方正,https://xm.lianjia.com/ershoufang/105111134352.html,360,26626,1,3室1厅1厨2卫,['中楼层/共32层'],东南,['平层/精装'],135.21,2010,海银大厦,海沧,海沧生活区,1,三梯十户,2022/8/1,2013/2/13,平层,精装,2,32,3,10
523,523,禹洲大学城 3室1厅 东南,https://xm.lianjia.com/ershoufang/105115470565.html,165,19364,0,3室1厅1厨1卫,['低楼层/共35层'],东南,['平层/简装'],85.21,2012,禹洲大学城,同安,集美其它,1,三梯十户,2023/11/29,2015/3/24,平层,简装,1,35,3,10
524,524,温馨舒适大三房  强烈欢迎大家品鉴,https://xm.lianjia.com/ershoufang/105106488941.html,406.8,35000,21,3室2厅1厨2卫,['低楼层/共23层'],南,['平层/简装'],116.23,2008,海上明珠家园,海沧,滨海社区,1,两梯四户,2021/2/27,2017/3/9,平层,简装,1,23,2,4
525,525,集美桥头，精装修 独栋别墅 急售，价格好谈,https://xm.lianjia.com/ershoufang/105114860515.html,750,33160,0,6室2厅1厨4卫,['低楼层/共3层'],南,['跃层/精装'],226.18,2012,星海湾,同安,环东海域,1,两梯一户,2023/9/20,2021/10/20,跃层,精装,1,3,2,1
526,526,精装修，户型方正，拎包入住，东边套视野很好,https://xm.lianjia.com/ershoufang/105115384277.html,580,38739,1,3室2厅1厨2卫,['中楼层/共36层'],东南,['平层/精装'],149.72,2019,莲花首岸,集美,集美新城,1,两梯四户,2023/11/20,2019/12/19,平层,精装,2,36,2,4
527,527,海沧湾公园前排复式楼中楼 看海低总价复式楼中楼诚售,https://xm.lianjia.com/ershoufang/105114615259.html,95,21363,0,2室2厅1厨1卫,['中楼层/共26层'],东南,['跃层/精装'],44.47,2016,融信海上城,海沧,滨海社区,1,六梯三十四户,2023/8/25,2020/6/18,跃层,精装,2,26,6,34
528,528,国贸同悦大三房高楼层视野开阔无遮挡 采光充足,https://xm.lianjia.com/ershoufang/105109334059.html,396,29948,2,3室2厅1厨2卫,['高楼层/共24层'],南,['平层/精装'],132.23,2015,国贸商城同悦,集美,集美其它,1,两梯三户,2021/11/26,2021/1/11,平层,精装,3,24,2,3
529,529,高层看海景，视野无遮挡，安静舒适，房子无抵押,https://xm.lianjia.com/ershoufang/105111640575.html,1100,59900,0,3室2厅1厨2卫,['高楼层/共32层'],东南,['平层/精装'],183.64,2008,海豚湾,思明,会展中心,1,两梯两户,2022/9/28,2011/7/22,平层,精装,3,32,2,2
530,530,复式结构 毛坯 在一楼 有钥匙 公司可转个 环境好,https://xm.lianjia.com/ershoufang/105109869525.html,136,22908,0,3室1厅1厨1卫,['低楼层/共26层'],北,['跃层/毛坯'],59.37,2016,融信海上城,海沧,滨海社区,1,六梯二十户,2022/2/23,2020/2/23,跃层,毛坯,1,26,6,20
531,531,高层海景房  视野好  精装修 南*通透,https://xm.lianjia.com/ershoufang/105111316115.html,298,32878,1,2室1厅1厨2卫,['高楼层/共20层'],南,['平层/精装'],90.64,2010,古龙御景一期北区,集美,集美其它,1,两梯四户,2022/8/23,2015/3/14,平层,精装,3,20,2,4
532,532,好两房领包入住采光好明厨明卫总监力荐,https://xm.lianjia.com/ershoufang/105113781738.html,127,20564,0,2室1厅1厨1卫,['低楼层/共18层'],南,['平层/精装'],61.76,2009,美地雅登祥吴二里,翔安,新店,1,两梯四户,2023/5/25,2021/1/12,平层,精装,1,18,2,4
533,533,地处繁华老城区，步行上学无需过马路俯视整个中山公园,https://xm.lianjia.com/ershoufang/105112764389.html,1156,117361,0,3室2厅1厨1卫,['高楼层/共36层'],西,['平层/简装'],98.5,1998,玉滨城一期,思明,实验小学及周边,1,三梯五户,2023/2/22,2015/7/3,平层,简装,3,36,3,5
534,534,五月花精装大3房两卫高层一线看海舒适采光视野好,https://xm.lianjia.com/ershoufang/105113944801.html,430,38820,0,3室2厅1厨2卫,['高楼层/共39层'],东南,['平层/精装'],110.77,2016,海上五月花六期,集美,集美其它,1,两梯四户,2023/6/10,2017/7/10,平层,精装,3,39,2,4
535,535,汇景雅苑高层海景小2房，产权满5年省税,https://xm.lianjia.com/ershoufang/105115051892.html,135,35621,0,2室1厅1厨1卫,['高楼层/共18层'],东北,['平层/简装'],37.9,2006,汇景雅苑,海沧,未来海岸北师大,1,两梯七户,2023/10/14,2016/5/4,平层,简装,3,18,2,7
536,536,采光好，视野开阔，正规大二房，看中庭,https://xm.lianjia.com/ershoufang/105110901183.html,252,27623,1,2室2厅1厨2卫,['中楼层/共31层'],南,['平层/毛坯'],91.23,2015,金帝中洲滨海城,同安,环东海域,1,两梯四户,2022/7/3,2018/7/25,平层,毛坯,2,31,2,4
537,537,厅带阳台朝南，小区新，户型好，业主稳定卖,https://xm.lianjia.com/ershoufang/105113123098.html,540,77022,1,2室1厅1厨1卫,['中楼层/共18层'],南,['平层/简装'],70.11,2014,禾丰新景,思明,莲花,1,两梯四户,2023/3/24,2017/11/14,平层,简装,2,18,2,4
538,538,朝南 户型方正 格局好  精装修,https://xm.lianjia.com/ershoufang/105112633930.html,285,35409,1,3室2厅1厨1卫,['高楼层/共31层'],南,['平层/精装'],80.49,2020,海投第一湾二期湖海庄园,海沧,马銮湾中心片区,1,两梯五户,2023/2/12,2020/8/18,平层,精装,3,31,2,5
539,539,火车站！16年封闭小区，罗宾森二期，朝东看小区中庭,https://xm.lianjia.com/ershoufang/105115460816.html,312,59091,0,1室1厅1厨1卫,['低楼层/共33层'],东,['平层/精装'],52.8,2017,罗宾森购物广场二期,思明,火车站,1,四梯二十户,2023/11/28,2020/6/5,平层,精装,1,33,4,20
540,540,禹州高尔夫 精装自住大三房 在家即看日出日落,https://xm.lianjia.com/ershoufang/105114247568.html,320,28061,0,3室2厅1厨2卫,['高楼层/共33层'],南,['平层/精装'],114.04,2013,禹洲高尔夫,海沧,马銮湾东,1,两梯四户,2023/7/14,2016/4/13,平层,精装,3,33,2,4
541,541,联发杏林湾二期，一线海景，高层精装，保养新，诚意卖,https://xm.lianjia.com/ershoufang/105109901562.html,450,33235,1,3室2厅1厨2卫,['高楼层/共39层'],西南,['平层/精装'],135.4,2016,联发杏林湾一号二期,集美,杏林桥头,1,三梯六户,2022/2/26,2015/3/11,平层,精装,3,39,3,6
542,542,精装修， 采光明亮视野宽，环境优雅，看山景。,https://xm.lianjia.com/ershoufang/105112801835.html,95,21665,0,2室2厅1厨1卫,['中楼层/共26层'],北,['跃层/精装'],43.85,2016,融信海上城,海沧,滨海社区,1,六梯二十二户,2023/2/25,2019/3/21,跃层,精装,2,26,6,22
543,543,金鸡亭框架结构精装2房 全明户型  诚意出售,https://xm.lianjia.com/ershoufang/105115533058.html,298,39952,0,2室1厅1厨1卫,['中楼层/共7层'],南,['平层/精装'],74.59,1996,金鸡亭小区西区,思明,金鸡亭,0,零梯零户,2023/12/6,2016/2/2,平层,精装,2,7,0,0
544,544,09年新小区人车分流，全明3房户型电梯高层，天然氧吧,https://xm.lianjia.com/ershoufang/105112978336.html,800,49972,1,3室2厅1厨2卫,['高楼层/共29层'],南,['平层/精装'],160.09,2009,森海丽景,思明,火车站,1,三梯四户,2023/3/11,2010/9/16,平层,精装,3,29,3,4
545,545,采光充足，看小区中庭，位置安静不临街，总价低,https://xm.lianjia.com/ershoufang/105109892876.html,130,30233,1,1室1厅0厨1卫,['低楼层/共16层'],东南,['平层/简装'],43,2005,明发海景苑,思明,会展中心,0,零梯零户,2022/2/25,2009/8/18,平层,简装,1,16,0,0
546,546,杏林湾 大三房 南北通透，视野开阔，采光佳,https://xm.lianjia.com/ershoufang/105113034981.html,440,31277,0,3室2厅1厨2卫,['低楼层/共33层'],南,['平层/简装'],140.68,2016,联发杏林湾一号二期,集美,杏林桥头,1,三梯五户,2023/3/16,2015/4/15,平层,简装,1,33,3,5
547,547,复式精品楼房，景观好视野佳，采光好得房率高,https://xm.lianjia.com/ershoufang/105112914756.html,370,25967,2,4室2厅1厨2卫,['高楼层/共43层'],南,['复式/毛坯'],142.49,2017,融侨观邸,海沧,马銮湾东,1,两梯五户,2023/3/6,2019/9/16,复式,毛坯,3,43,2,5
548,548,维多利亚精装修两房 中间楼层 东南朝看中庭,https://xm.lianjia.com/ershoufang/105112245783.html,450,50387,0,2室2厅1厨1卫,['低楼层/共30层'],南,['平层/精装'],89.31,2010,海晟维多利亚,海沧,滨海社区,1,两梯四户,2022/12/10,2018/5/11,平层,精装,1,30,2,4
549,549,集美桥头海景三房，视野好，业主诚意出售,https://xm.lianjia.com/ershoufang/105112190024.html,350,32806,1,3室2厅1厨1卫,['低楼层/共46层'],南,['平层/简装'],106.69,2014,招商海德公园一期,集美,集美其它,1,三梯四户,2022/12/3,2015/4/28,平层,简装,1,46,3,4
550,550,中骏蓝湾半岛 南北通透三房 采光好,https://xm.lianjia.com/ershoufang/105113967130.html,540,44677,1,3室2厅1厨2卫,['低楼层/共18层'],东南,['平层/精装'],120.87,2008,中骏蓝湾半岛,海沧,滨海社区,1,两梯三户,2023/6/12,2016/7/20,平层,精装,1,18,2,3
551,551,客厅带阳台朝南，位置好！视野好！满五省税,https://xm.lianjia.com/ershoufang/105112291378.html,213,24280,0,2室2厅1厨1卫,['高楼层/共24层'],东南,['平层/简装'],87.73,2014,首开领翔国际,翔安,新店,1,两梯三户,2022/12/16,2015/7/24,平层,简装,3,24,2,3
552,552,艾      逮   辽  公  园  旁  电  梯  两  房 两  厅,https://xm.lianjia.com/ershoufang/105114683106.html,330,44529,0,2室2厅1厨1卫,['中楼层/共11层'],南,['平层/简装'],74.11,2006,艾德花园一期,湖里,机场区,1,一梯三户,2023/9/2,2015/1/22,平层,简装,2,11,1,3
553,553,延 奎  旁 大三房 南北朝向 采光好 满五年,https://xm.lianjia.com/ershoufang/105113260828.html,319,26939,1,3室12厅1厨2卫,['高楼层/共6层'],南,['平层/简装'],118.42,2004,长欣花园,海沧,海沧生活区,0,零梯零户,2023/4/5,2005/6/24,平层,简装,3,6,0,0
554,554,朝南正规3房，高楼层，业主诚售。 两房朝南双阳台,https://xm.lianjia.com/ershoufang/105113543789.html,251,25516,0,3室1厅1厨1卫,['低楼层/共18层'],西南,['平层/毛坯'],98.37,2016,新城际广场一期,集美,厦门北站商业区,1,两梯四户,2023/5/2,2017/5/22,平层,毛坯,1,18,2,4
555,555,小崔推荐必属精品板式两房住家装修寻找有缘人,https://xm.lianjia.com/ershoufang/105114957312.html,280,25859,0,2室1厅1厨1卫,['中楼层/共10层'],南,['平层/精装'],108.28,2008,东方高尔夫国际公寓,海沧,马銮湾东,1,两梯两户,2023/10/4,2016/4/8,平层,精装,2,10,2,2
556,556,海湾锦园低总价大三房，精装修，拎包入住,https://xm.lianjia.com/ershoufang/105109338385.html,310,24026,8,3室2厅1厨2卫,['低楼层/共18层'],南,['平层/精装'],129.03,2006,海湾锦园,海沧,未来海岸北师大,1,两梯六户,2021/11/27,2010/4/13,平层,精装,1,18,2,6
557,557,阿罗海旁天湖城 通透精装三房 看中庭园林景观,https://xm.lianjia.com/ershoufang/105111184006.html,350,29732,0,3室2厅0厨2卫,['低楼层/共26层'],南,['平层/精装'],117.72,2012,天湖城,海沧,海沧区政府,1,两梯一户,2022/8/8,2014/2/24,平层,精装,1,26,2,1
558,558,北附低总价 朝南户型好 采光好 楼层好 业主诚售,https://xm.lianjia.com/ershoufang/105110972641.html,106,27720,1,1室0厅1厨1卫,['低楼层/共7层'],南,['平层/简装'],38.24,2006,未来橙堡,海沧,海沧体育中心,0,零梯零户,2022/7/12,2016/5/21,平层,简装,1,7,0,0
559,559,江头05年 封闭式小区 正规三房 一梯两户 满五 唯 一,https://xm.lianjia.com/ershoufang/105111553659.html,510,43225,1,3室2厅1厨2卫,['高楼层/共6层'],南,['平层/精装'],117.99,2003,金彩花苑,湖里,金尚,0,零梯零户,2022/9/19,2005/9/26,平层,精装,3,6,0,0
560,560,高楼层视野开阔，阳光充足  产权在手,https://xm.lianjia.com/ershoufang/105114780770.html,92,30667,0,1室0厅1厨1卫,['高楼层/共6层'],南,['平层/精装'],30,2005,未来橙堡,海沧,海沧体育中心,0,零梯零户,2023/9/12,2015/7/27,平层,精装,3,6,0,0
561,561,满两年，中高层视野采光通风好，装修好,https://xm.lianjia.com/ershoufang/105115710535.html,167,28191,0,1室1厅1厨1卫,['中楼层/共17层'],东南,['平层/精装'],59.24,2015,长荣花园,同安,环东海域,1,两梯四户,2023/12/27,2021/1/27,平层,精装,2,17,2,4
562,562,环东海域中洲滨海城 正规大三房 南北通透,https://xm.lianjia.com/ershoufang/105113902115.html,300,22567,0,3室2厅1厨2卫,['低楼层/共31层'],南,['平层/毛坯'],132.94,2017,金帝中洲滨海城,同安,环东海域,1,两梯三户,2023/6/6,2021/6/7,平层,毛坯,1,31,2,3
563,563,联丰新城 3室1厅 东 南 北,https://xm.lianjia.com/ershoufang/105116349420.html,680,56474,1,3室1厅1厨2卫,['中楼层/共18层'],东,['平层/精装'],120.41,2008,联丰新城,思明,瑞景,1,一梯两户,2024/3/14,2016/11/15,平层,精装,2,18,1,2
564,564,万达中楼层在售，视野开阔，景观视野开阔 带大窗台,https://xm.lianjia.com/ershoufang/105109298240.html,78,17596,5,1室0厅1厨1卫,['中楼层/共31层'],南,['平层/简装'],44.33,2012,万达广场,湖里,万达广场,1,四梯十七户,2021/11/21,2012/1/4,平层,简装,2,31,4,17
565,565,房子带电梯，地理位置好，安静不沿街，正规电梯大四房,https://xm.lianjia.com/ershoufang/105109865423.html,760,55764,10,4室2厅1厨2卫,['中楼层/共21层'],西北,['平层/精装'],136.29,2000,大正大厦,思明,白鹭洲,1,两梯八户,2022/2/22,2019/3/21,平层,精装,2,21,2,8
566,566,北附，位置安静高楼层，户型方正 采光视野好,https://xm.lianjia.com/ershoufang/105114783642.html,279,29631,0,2室1厅1厨1卫,['中楼层/共11层'],南,['平层/精装'],94.16,2008,凌波小区,海沧,未来海岸北师大,1,一梯两户,2023/9/12,2020/11/13,平层,精装,2,11,1,2
567,567,居住舒适：分成两套， 拎包入住：自住装修,https://xm.lianjia.com/ershoufang/105115555429.html,655,32487,0,6室4厅2厨4卫,['中楼层/共6层'],东南,['平层/简装'],201.62,1999,江鹭花园,湖里,SM,0,零梯零户,2023/12/8,2020/12/29,平层,简装,2,6,0,0
568,568,业主自住装修，可以拎包入住，很省心。交通方便,https://xm.lianjia.com/ershoufang/105111843639.html,200,24424,0,2室1厅1厨1卫,['高楼层/共30层'],南,['平层/精装'],81.89,2014,首开领翔国际,翔安,新店,1,两梯四户,2022/10/23,2015/6/8,平层,精装,3,30,2,4
569,569,朝南两房，高层视野开阔，自住装修，通风好,https://xm.lianjia.com/ershoufang/105114078420.html,310,31450,0,2室2厅1厨2卫,['中楼层/共18层'],南,['平层/精装'],98.57,2010,水岸名筑,海沧,海沧体育中心,1,两梯四户,2023/6/26,2020/7/14,平层,精装,2,18,2,4
570,570,阳光普照，前后无遮挡，视野好，拎包入住，免个税,https://xm.lianjia.com/ershoufang/105115748327.html,498,40840,1,3室2厅1厨2卫,['低楼层/共30层'],东南,['平层/精装'],121.94,2014,绿苑新城三组团,海沧,滨海社区,1,两梯四户,2024/1/1,2016/1/6,平层,精装,1,30,2,4
571,571,思北小户型单身公寓  04年 没占用 总价低,https://xm.lianjia.com/ershoufang/105110622908.html,230,79038,8,1室0厅0厨1卫,['低楼层/共31层'],北,['平层/简装'],29.1,2004,源通中心,思明,思北,1,六梯十七户,2022/5/29,2007/9/11,平层,简装,1,31,6,17
573,573,会展华尔顿大4房直线看海拎包入住,https://xm.lianjia.com/ershoufang/105113941983.html,1780,91119,2,4室2厅1厨2卫,['中楼层/共45层'],南,['平层/精装'],195.35,2018,华尔顿1275,思明,会展中心,1,三梯三户,2023/6/9,2019/2/2,平层,精装,2,45,3,3
575,575,松柏地铁口，精装一房一厅，业主置换。,https://xm.lianjia.com/ershoufang/105108810521.html,368,72101,13,1室1厅1厨1卫,['低楼层/共33层'],南,['平层/简装'],51.04,2001,湖北大厦,思明,松柏,1,三梯十七户,2021/9/21,2015/8/27,平层,简装,1,33,3,17
576,576,房子自住装修，房东诚意出售，税费少,https://xm.lianjia.com/ershoufang/105114648717.html,388,45605,0,2室2厅1厨1卫,['中楼层/共30层'],北,['平层/精装'],85.08,2011,海晟维多利亚,海沧,滨海社区,1,两梯四户,2023/8/29,2012/12/10,平层,精装,2,30,2,4
577,577,天安路 精装大两房 满五* 拎包入住,https://xm.lianjia.com/ershoufang/105107112434.html,240,25006,9,2室2厅1厨1卫,['高楼层/共6层'],东,['平层/精装'],95.98,2002,天安路,集美,集美其它,0,零梯零户,2021/4/23,2016/3/8,平层,精装,3,6,0,0
578,578,一楼带大花园精装三房，拎包入住,https://xm.lianjia.com/ershoufang/105114941705.html,413,46218,0,2室1厅1厨2卫,['低楼层/共18层'],南,['平层/精装'],89.36,2011,绿苑新城一组团,海沧,滨海社区,1,两梯四户,2023/10/1,2014/6/10,平层,精装,1,18,2,4
579,579,业主自住装修，二开间朝南，提前预约可看房，欢迎推荐,https://xm.lianjia.com/ershoufang/105113061036.html,282,27281,1,3室2厅1厨1卫,['低楼层/共18层'],东南,['平层/简装'],103.37,2008,水岸名筑,海沧,海沧体育中心,1,两梯六户,2023/3/18,2013/8/8,平层,简装,1,18,2,6
580,580,松柏大厦80平2房，电梯 朝南 渎松柏茗校 满五惟--,https://xm.lianjia.com/ershoufang/105114552082.html,580,72500,0,2室1厅1厨1卫,['中楼层/共29层'],西南,['平层/精装'],80,1999,松柏大厦公寓楼,思明,松柏,1,两梯六户,2023/8/18,2005/7/20,平层,精装,2,29,2,6
581,581,地铁口满二大三房  高楼层视野好,https://xm.lianjia.com/ershoufang/105109900697.html,210,21230,4,3室2厅1厨1卫,['高楼层/共18层'],东南,['平层/毛坯'],98.92,2017,新城际广场二期,集美,厦门北站商业区,1,两梯四户,2022/2/26,2018/8/28,平层,毛坯,3,18,2,4
582,582,蓝水郡  正规两房 朝南  全明户型  诚意出售,https://xm.lianjia.com/ershoufang/105114744029.html,268,32981,0,2室1厅1厨1卫,['高楼层/共17层'],南,['平层/简装'],81.26,2008,未来海岸蓝水郡,海沧,海沧体育中心,1,两梯五户,2023/9/8,2009/12/10,平层,简装,3,17,2,5
583,583,实小门口 电梯高层朝南 动静分离 视野好,https://xm.lianjia.com/ershoufang/105111172831.html,1580,129519,2,3室2厅1厨2卫,['中楼层/共35层'],西南,['平层/精装'],121.99,2004,玉滨城二期,思明,实验小学及周边,1,三梯八户,2022/8/6,2004/8/14,平层,精装,2,35,3,8
584,584,未来橙堡一房一厅，位置好.采光好,https://xm.lianjia.com/ershoufang/105113274142.html,100,26227,0,1室0厅1厨1卫,['中楼层/共7层'],南,['平层/精装'],38.13,2005,未来橙堡,海沧,海沧体育中心,0,零梯零户,2023/4/6,2017/2/3,平层,精装,2,7,0,0
585,585,景粼原著 4室2厅 南,https://xm.lianjia.com/ershoufang/105114436378.html,429,39989,0,4室2厅1厨2卫,['高楼层/共7层'],南,['复式/毛坯'],107.28,2019,景粼原著,集美,灌口,1,一梯两户,2023/8/5,2021/4/22,复式,毛坯,3,7,1,2
586,586,未来海岸浪琴湾一梯两户，南北通透，阳光充足，楼层佳,https://xm.lianjia.com/ershoufang/105111877436.html,280,29621,1,2室1厅1厨1卫,['中楼层/共7层'],南,['平层/精装'],94.53,2004,未来海岸浪琴湾,海沧,未来海岸北师大,0,零梯零户,2022/10/27,2016/11/4,平层,精装,2,7,0,0
587,587,空置，业主急卖，价格可谈，随时看房,https://xm.lianjia.com/ershoufang/105110871849.html,400,42572,10,3室1厅1厨1卫,['低楼层/共34层'],南,['平层/简装'],93.96,2017,IOI棕榈城,集美,集美新城,1,两梯三户,2022/6/30,2020/5/29,平层,简装,1,34,2,3
588,588,业主诚意售   ioi洋房  1梯2户 看房方便,https://xm.lianjia.com/ershoufang/105109824700.html,780,54557,0,4室2厅1厨2卫,['低楼层/共9层'],南,['平层/精装'],142.97,2017,IOI棕榈城,集美,集美新城,1,两梯两户,2022/2/18,2020/5/8,平层,精装,1,9,2,2
589,589,前排海景 户型通透 全明格局 精装,https://xm.lianjia.com/ershoufang/105113553912.html,960,58370,0,3室2厅1厨2卫,['中楼层/共32层'],东南,['平层/精装'],164.47,2008,海豚湾,思明,会展中心,1,两梯两户,2023/5/3,2010/11/18,平层,精装,2,32,2,2
590,590,房子满两年省增值税，看房有钥匙，业主诚意出售,https://xm.lianjia.com/ershoufang/105111984209.html,72,23004,521,1室1厅1厨1卫,['高楼层/共35层'],西北,['平层/精装'],31.3,2012,禹洲大学城,同安,集美其它,1,三梯十户,2022/11/8,2020/1/16,平层,精装,3,35,3,10
591,591,中山路，电梯高层，闹中取静，精装修拎包入住,https://xm.lianjia.com/ershoufang/105114810767.html,718,95913,0,2室2厅1厨1卫,['高楼层/共13层'],南,['平层/精装'],74.86,1999,定安小区,思明,思明南路,1,一梯五户,2023/9/15,2020/6/20,平层,精装,3,13,1,5
592,592,集美桥头精装两房 产权满五 户型方正 无按揭三梯六户,https://xm.lianjia.com/ershoufang/105114379500.html,165,19299,0,2室2厅1厨1卫,['中楼层/共33层'],北,['平层/精装'],85.5,2012,禹洲大学城,同安,集美其它,1,三梯六户,2023/7/30,2013/4/26,平层,精装,2,33,3,6
593,593,央企品质 朝南两房 户型方正 满五楼层适中 采光好,https://xm.lianjia.com/ershoufang/105112499531.html,249,31013,1,2室2厅1厨1卫,['中楼层/共32层'],南,['平层/简装'],80.29,2013,海上五月花一期,集美,集美其它,1,两梯四户,2023/1/31,2014/7/28,平层,简装,2,32,2,4
594,594,高层精装修大2房 业主自住 看房方便,https://xm.lianjia.com/ershoufang/105115259821.html,380,40409,1,2室1厅1厨1卫,['中楼层/共30层'],南,['平层/精装'],94.04,2009,泉舜滨海上城,海沧,滨海社区,1,两梯六户,2023/11/6,2012/9/7,平层,精装,2,30,2,6
595,595,精装修自住三房，满五 急售换房 看海景,https://xm.lianjia.com/ershoufang/105110551279.html,349,31621,3,3室2厅1厨2卫,['高楼层/共32层'],南,['平层/精装'],110.37,2013,海上五月花一期,集美,集美其它,1,两梯四户,2022/5/19,2014/5/13,平层,精装,3,32,2,4
596,596,业主诚心出售，采光好，楼层好，可以看海。,https://xm.lianjia.com/ershoufang/105115192064.html,598,50375,0,3室2厅2厨2卫,['高楼层/共17层'],南,['平层/简装'],118.71,2005,禹洲棕榈城二期,湖里,东渡,1,两梯六户,2023/10/30,2007/10/9,平层,简装,3,17,2,6
597,597,正规3房 住家配置 楼层安静 诚意出售,https://xm.lianjia.com/ershoufang/105112239897.html,209,21688,2,3室2厅1厨1卫,['低楼层/共49层'],东南,['平层/精装'],96.37,2020,万科广场幸福里,集美,厦门北站商业区,1,三梯五户,2022/12/9,2018/8/3,平层,精装,1,49,3,5
598,598,总价低 拎包入住，户型南北，野视通透采光,https://xm.lianjia.com/ershoufang/105108195242.html,620,123506,1,1室0厅1厨1卫,['低楼层/共21层'],东,['平层/精装'],50.2,2014,国贸润园,湖里,五缘湾,1,两梯四户,2021/8/1,2015/4/21,平层,精装,1,21,2,4
599,599,联排别墅 独立车库 独立庭院 产权清晰无按揭 诚意出售,https://xm.lianjia.com/ershoufang/105115452992.html,1080,60815,1,7室2厅1厨4卫,['低楼层/共3层'],南,['跃层/毛坯'],177.59,-1,颐海嘉园,集美,集美其它,1,两梯一户,2023/11/27,2013/1/24,跃层,毛坯,1,3,2,1
601,601,马銮湾新城 地铁口 中间楼层 精装四房西边套 业主急售,https://xm.lianjia.com/ershoufang/105112994801.html,310,26071,1,4室2厅1厨2卫,['高楼层/共32层'],南,['平层/精装'],118.91,2018,首开龙湖春江彼岸一期,海沧,马銮湾中心片区,1,三梯六户,2023/3/13,2020/3/1,平层,精装,3,32,3,6
602,602,金尚路精装楼中楼 中庭位置 南北朝向两个露台诚意出售,https://xm.lianjia.com/ershoufang/105112221853.html,826,43948,1,4室2厅1厨2卫,['高楼层/共6层'],南,['跃层/精装'],187.95,2000,太微花园,湖里,金尚,0,零梯零户,2022/12/7,2001/12/10,跃层,精装,3,6,0,0
603,603,两梯两户南北通透  免个人所得税  业主诚意出售,https://xm.lianjia.com/ershoufang/105113998860.html,379,30044,0,3室2厅1厨2卫,['低楼层/共18层'],南,['平层/简装'],126.15,2007,未来海岸蓝月湾二期,海沧,未来海岸北师大,1,两梯两户,2023/6/16,2015/4/11,平层,简装,1,18,2,2
604,604,06年房子，户型方正，全明格局，双阳台,https://xm.lianjia.com/ershoufang/105106110593.html,220,19099,42,3室2厅1厨2卫,['中楼层/共5层'],东南,['平层/简装'],115.19,2006,集美区侨英路,集美,集美其它,0,零梯零户,2020/12/25,2007/5/11,平层,简装,2,5,0,0
605,605,会展，小高层，南北通透大户型，大阳台，顶楼海景房。,https://xm.lianjia.com/ershoufang/105108896832.html,667,48786,14,4室2厅1厨4卫,['高楼层/共15层'],南,['简装'],136.72,2006,前景城花园,思明,会展中心,1,两梯两户,2021/9/30,2018/5/18,简装,,3,15,2,2
606,606,维多利亚，沿海一排 高层视野无遮挡，一览无余,https://xm.lianjia.com/ershoufang/105114798751.html,1000,51997,1,4室2厅1厨2卫,['高楼层/共32层'],南,['平层/精装'],192.32,2010,海晟维多利亚,海沧,滨海社区,1,三梯四户,2023/9/14,2014/2/1,平层,精装,3,32,3,4
607,607,环东海域 特房樾琴湾 朝南带阳台  温馨舒适,https://xm.lianjia.com/ershoufang/105112840588.html,230,29491,0,3室2厅1厨1卫,['低楼层/共31层'],南,['平层/精装'],77.99,2020,特房樾琴湾,同安,环东海域,1,两梯五户,2023/2/28,2021/6/3,平层,精装,1,31,2,5
608,608,天源高层3房 通透户型 户型方正,https://xm.lianjia.com/ershoufang/105113328807.html,576,39917,1,3室2厅1厨2卫,['高楼层/共29层'],东南,['平层/简装'],144.3,2014,海投天源,海沧,海沧体育中心,1,两梯两户,2023/4/11,2017/3/10,平层,简装,3,29,2,2
609,609,二期高层海景房，精装优质房源。,https://xm.lianjia.com/ershoufang/105115075998.html,186,30030,1,2室1厅1厨1卫,['高楼层/共32层'],西南,['平层/精装'],61.94,2018,华铃花园,集美,杏东,1,两梯六户,2023/10/17,2023/4/26,平层,精装,3,32,2,6
610,610,开发商自带精装修 中间楼层 采光 视野好,https://xm.lianjia.com/ershoufang/105109222339.html,748,52188,10,3室2厅1厨2卫,['中楼层/共33层'],东南,['跃层/精装'],143.33,2018,世茂璀璨天城一期,集美,集美新城,1,两梯八户,2021/11/11,2019/9/7,跃层,精装,2,33,2,8
611,611,中层 全明户型 三面采光 小区中庭 沿湖 诚售,https://xm.lianjia.com/ershoufang/105116120933.html,415,66710,0,2室1厅1厨1卫,['中楼层/共7层'],南,['平层/简装'],62.21,1990,莲岳里小区西区,思明,松柏,0,零梯零户,2024/2/24,2016/5/26,平层,简装,2,7,0,0
612,612,松柏地铁口电梯房，SM生活广场和天虹广场的 中间位置,https://xm.lianjia.com/ershoufang/105105269290.html,820,68022,8,3室2厅1厨2卫,['中楼层/共31层'],南,['错层/精装'],120.55,2003,天宝大厦,思明,松柏,1,三梯二十七户,2020/9/7,2011/10/28,错层,精装,2,31,3,27
613,613,环境优美，舒适度高 ，使用面积大，带百平大露台,https://xm.lianjia.com/ershoufang/105107621068.html,372,26385,7,4室2厅1厨2卫,['低楼层/共37层'],南,['跃层/毛坯'],140.99,2019,融侨观邸,海沧,马銮湾东,1,两梯五户,2021/6/15,2019/9/3,跃层,毛坯,1,37,2,5
614,614,此房满两年，业主诚意出售，东南朝向 采光好 看房方便,https://xm.lianjia.com/ershoufang/105107437298.html,278,33640,37,3室2厅1厨1卫,['高楼层/共11层'],南,['平层/简装'],82.64,2008,水岸名筑,海沧,海沧体育中心,1,两梯三户,2021/5/26,2010/12/10,平层,简装,3,11,2,3
615,615,精装4房，边套户型，封闭小区，双大阳台，客厅带阳台,https://xm.lianjia.com/ershoufang/105113369181.html,578,49768,1,4室2厅1厨2卫,['高楼层/共8层'],东,['平层/精装'],116.14,1998,槟东公寓,思明,莲坂,0,零梯零户,2023/4/15,2010/7/19,平层,精装,3,8,0,0
616,616,吕岭花园 精装 03建 三面采光全明格局 大阳台,https://xm.lianjia.com/ershoufang/105114493576.html,580,48241,0,4室2厅1厨2卫,['低楼层/共6层'],东,['平层/精装'],120.23,2002,吕岭花园,湖里,金尚,0,零梯零户,2023/8/11,2020/3/19,平层,精装,1,6,0,0
617,617,莲坂西小区，二楼正规两房，业主稳定出售，欢迎咨询。,https://xm.lianjia.com/ershoufang/105113360590.html,428,56257,0,2室1厅1厨1卫,['中楼层/共7层'],南,['平层/简装'],76.08,1993,莲坂西小区,思明,莲坂,0,零梯零户,2023/4/14,1999/4/27,平层,简装,2,7,0,0
618,618,翔安隧道口，总价低，高层复式小两,https://xm.lianjia.com/ershoufang/105110203309.html,80,17164,0,2室1厅1厨2卫,['高楼层/共28层'],东南,['跃层/精装'],46.61,2017,华论国际大厦,翔安,翔安新城,1,两梯三十二户,2022/4/4,2022/4/7,跃层,精装,3,28,2,32
619,619,火车站 封闭式花园小区 2010年电梯房 精装,https://xm.lianjia.com/ershoufang/105108082613.html,328,61516,0,1室1厅1厨1卫,['低楼层/共33层'],西,['精装'],53.32,2017,罗宾森购物广场二期,思明,火车站,1,四梯二十户,2021/7/23,2017/8/19,精装,,1,33,4,20
620,620,松柏电梯精装三房舒适大阳台南北通透,https://xm.lianjia.com/ershoufang/105114406386.html,730,71590,1,3室1厅1厨2卫,['低楼层/共8层'],南,['平层/精装'],101.97,1996,莲滨里,思明,体育中心,0,零梯零户,2023/8/2,2019/7/3,平层,精装,1,8,0,0
621,621,西南北三面采光 居家方正全明2房有外拓使用面积大,https://xm.lianjia.com/ershoufang/105115283203.html,278,46528,0,2室1厅1厨1卫,['低楼层/共6层'],西南,['平层/精装'],59.75,-1,东渡路,湖里,东渡,0,零梯零户,2023/11/8,2023/4/15,平层,精装,1,6,0,0
622,622,火车站地铁口 罗宾森二期 精装2房 高层视野好 急售,https://xm.lianjia.com/ershoufang/105115468413.html,305,57548,1,1室1厅1厨1卫,['高楼层/共33层'],西,['平层/精装'],53,2017,罗宾森购物广场二期,思明,火车站,1,四梯二十户,2023/11/29,2017/6/1,平层,精装,3,33,4,20
623,623,南北通透，省个税，边套横厅两房，拎包入住,https://xm.lianjia.com/ershoufang/105113467076.html,245,33180,0,2室1厅1厨1卫,['低楼层/共35层'],南,['平层/精装'],73.84,2014,海上五月花三期,集美,集美其它,1,两梯四户,2023/4/24,2016/2/2,平层,精装,1,35,2,4
624,624,电梯房地铁口户型正 采光足 繁华位置,https://xm.lianjia.com/ershoufang/105113057566.html,280,56180,1,2室1厅1厨1卫,['中楼层/共16层'],东南,['平层/精装'],49.84,2005,泰和大厦,湖里,金尚,1,一梯四户,2023/3/18,2014/12/24,平层,精装,2,16,1,4
625,625,小区在地铁口，电梯房，双阳台，格局方正,https://xm.lianjia.com/ershoufang/105112187828.html,635,51132,1,3室1厅1厨2卫,['中楼层/共7层'],南,['平层/精装'],124.19,1999,中福城,湖里,金尚,1,一梯两户,2022/12/3,2004/9/7,平层,精装,2,7,1,2
626,626,美地雅登一里 2室2厅 南,https://xm.lianjia.com/ershoufang/105114695065.html,215,28205,0,2室2厅1厨1卫,['高楼层/共26层'],南,['平层/精装'],76.23,2009,美地雅登一里,翔安,新店,1,两梯四户,2023/9/3,2018/9/21,平层,精装,3,26,2,4
627,627,文灶电梯四房，高楼层，边套采光通风好,https://xm.lianjia.com/ershoufang/105112577051.html,1228,75435,0,3室2厅1厨2卫,['高楼层/共28层'],东南,['平层/精装'],162.79,2006,假日双星,思明,文灶,1,两梯五户,2023/2/7,2016/3/2,平层,精装,3,28,2,5
628,628,精装小高层 格局方正 产权在手可随时过户,https://xm.lianjia.com/ershoufang/105113642847.html,395,32471,0,3室2厅1厨2卫,['高楼层/共12层'],南,['平层/精装'],121.65,2006,未来海岸浪琴湾,海沧,未来海岸北师大,1,一梯四户,2023/5/11,2014/7/30,平层,精装,3,12,1,4
629,629,滨水小区 高楼层 低总价  业主自住  看房方便,https://xm.lianjia.com/ershoufang/105113486846.html,218,34527,1,3室1厅1厨1卫,['高楼层/共33层'],南,['平层/精装'],63.14,2015,滨水小区一期,集美,集美新城,1,三梯八户,2023/4/26,2020/9/16,平层,精装,3,33,3,8
632,632,环东海域   彩虹湾     精装两房,https://xm.lianjia.com/ershoufang/105110496391.html,147,27299,5,2室1厅1厨1卫,['中楼层/共11层'],南,['平层/精装'],53.85,2011,彩虹湾,同安,环东海域,1,三梯四户,2022/5/11,2016/6/24,平层,精装,2,11,3,4
635,635,成熟社区，格局四方，温馨大四房，交通便利。,https://xm.lianjia.com/ershoufang/105115225499.html,2888,116494,0,4室2厅1厨2卫,['低楼层/共33层'],南,['平层/毛坯'],247.91,2012,国贸天琴湾一期,湖里,五缘湾,1,三梯两户,2023/11/2,2017/9/29,平层,毛坯,1,33,3,2
636,636,保利品质 正规三房 精装满五 省税,https://xm.lianjia.com/ershoufang/105114876859.html,348,37663,0,3室2厅1厨1卫,['低楼层/共33层'],东南,['平层/精装'],92.4,2015,海上五月花五期,同安,集美其它,1,两梯四户,2023/9/22,2017/6/6,平层,精装,1,33,2,4
637,637,阳光花园 3室2厅 东南 南 西北 北,https://xm.lianjia.com/ershoufang/105111192981.html,660,81052,1,3室2厅1厨1卫,['低楼层/共7层'],东南,['平层/简装'],81.43,1998,阳光花园,思明,松柏,0,零梯零户,2022/8/9,2009/4/8,平层,简装,1,7,0,0
639,639,祥店 快乐天地 温馨三房 使用两层 业主诚售,https://xm.lianjia.com/ershoufang/105110158679.html,448,87535,4,3室2厅1厨2卫,['中楼层/共19层'],东,['跃层/精装'],51.18,2009,第二城快乐天地,湖里,祥店,1,三梯十四户,2022/3/29,2016/10/11,跃层,精装,2,19,3,14
640,640,后埔地铁口30米 低公摊 中楼层 三房 南北 诚售,https://xm.lianjia.com/ershoufang/105115406827.html,399,48766,0,3室2厅1厨1卫,['中楼层/共7层'],南,['平层/精装'],81.82,1999,中福城,湖里,金尚,0,零梯零户,2023/11/23,2011/3/11,平层,精装,2,7,0,0
641,641,滨北南北通透大2房，采光好，光照充足，交通便利,https://xm.lianjia.com/ershoufang/105114429160.html,428,69935,1,2室2厅1厨1卫,['中楼层/共6层'],南,['平层/精装'],61.2,1994,石亭小区,思明,市政府,0,零梯零户,2023/8/4,2006/3/28,平层,精装,2,6,0,0
642,642,小崔荐好房 海沧双十学府旁一线海景海晟维多利亚旁,https://xm.lianjia.com/ershoufang/105111126227.html,990,51906,4,4室2厅1厨2卫,['中楼层/共32层'],南,['平层/毛坯'],190.73,2011,海晟维多利亚,海沧,滨海社区,1,三梯四户,2022/7/31,2016/4/11,平层,毛坯,2,32,3,4
643,643,BRT旁联发品质小区好楼层好格局三房,https://xm.lianjia.com/ershoufang/105115335571.html,630,48971,0,3室2厅1厨2卫,['中楼层/共7层'],南,['平层/精装'],128.65,2001,联发紫微花园,思明,瑞景,0,零梯零户,2023/11/15,2007/7/4,平层,精装,2,7,0,0
644,644,星园美第 刚需小户型 诚意出售,https://xm.lianjia.com/ershoufang/105112028622.html,89,28618,0,1室0厅0厨1卫,['高楼层/共6层'],西南,['平层/简装'],31.1,2005,泉舜星园美第,海沧,未来海岸北师大,0,零梯零户,2022/11/14,2019/3/8,平层,简装,3,6,0,0
645,645,地铁口 金尚小区 莱茵花苑 电梯 框架 诚意出售,https://xm.lianjia.com/ershoufang/105115483622.html,488,57446,0,3室2厅2厨2卫,['低楼层/共6层'],南,['平层/简装'],84.95,2002,莱茵花苑,湖里,金尚,1,一梯三户,2023/12/1,2005/10/13,平层,简装,1,6,1,3
646,646,电梯全明四房，高楼层，视野开阔，户型方正，精装修，,https://xm.lianjia.com/ershoufang/105112388623.html,698,48496,1,4室1厅1厨2卫,['高楼层/共11层'],东南,['平层/精装'],143.93,2002,天宇花园南区,湖里,金尚,1,一梯四户,2023/1/5,2021/4/8,平层,精装,3,11,1,4
647,647,地铁后埔站，一梯两户，正规大两房 ，准电梯中层,https://xm.lianjia.com/ershoufang/105111661645.html,548,51278,0,2室2厅1厨2卫,['中楼层/共7层'],南,['平层/简装'],106.87,1999,中福城,湖里,金尚,1,一梯两户,2022/10/1,2020/11/23,平层,简装,2,7,1,2
648,648,复式楼中楼二次的精装修可拎包 阳台有扩大,https://xm.lianjia.com/ershoufang/105113776469.html,90,22289,0,2室2厅1厨1卫,['低楼层/共13层'],西,['跃层/精装'],40.38,2016,融信海上城,海沧,滨海社区,1,四梯三十二户,2023/5/24,2019/4/10,跃层,精装,1,13,4,32
649,649,金尚新年限框架大三房，中间楼层，采光好,https://xm.lianjia.com/ershoufang/105107126431.html,460,46934,11,3室1厅1厨1卫,['中楼层/共6层'],南,['平层/精装'],98.01,2002,金秋花园,湖里,金尚,0,零梯零户,2021/4/24,2015/12/5,平层,精装,2,6,0,0
650,650,精装小两房，低价入手，位置人人所向,https://xm.lianjia.com/ershoufang/105116050084.html,298,65237,0,2室1厅1厨1卫,['低楼层/共18层'],东南,['平层/精装'],45.68,2007,泉舜滨海上城,海沧,滨海社区,1,两梯六户,2024/2/19,2020/6/23,平层,精装,1,18,2,6
651,651,一线海景，朝南东边套，一手房源,https://xm.lianjia.com/ershoufang/105111879539.html,435,33324,1,4室2厅1厨2卫,['高楼层/共34层'],南,['平层/精装'],130.54,2013,中海寰宇天下,集美,杏林桥头,1,两梯四户,2022/10/27,2015/6/3,平层,精装,3,34,2,4
652,652,集美桥头两梯四户精装两房，诚意出售,https://xm.lianjia.com/ershoufang/105115146538.html,300,34994,0,2室1厅1厨1卫,['中楼层/共27层'],南,['平层/精装'],85.73,2010,泉水湾一期,集美,集美其它,1,两梯四户,2023/10/24,2010/11/29,平层,精装,2,27,2,4
653,653,前埔电梯三房 东南北三面采光 80万 精装修,https://xm.lianjia.com/ershoufang/105111364325.html,680,52571,0,3室2厅1厨2卫,['低楼层/共15层'],南,['平层/精装'],129.35,2000,前埔南小区一区,思明,前埔,1,两梯四户,2022/8/29,2017/1/25,平层,精装,1,15,2,4
654,654,楼栋位置在校区属于看海很好的位置，高楼层景观视野好,https://xm.lianjia.com/ershoufang/105114866131.html,290,32515,0,2室2厅1厨1卫,['中楼层/共32层'],东南,['平层/简装'],89.19,2015,国贸金沙湾,同安,环东海域,1,两梯四户,2023/9/21,2018/6/4,平层,简装,2,32,2,4
655,655,电梯房、业主诚意出售、看房提前预约,https://xm.lianjia.com/ershoufang/105103873069.html,595,47984,8,3室2厅1厨2卫,['低楼层/共7层'],南,['平层/简装'],124,-1,双狮山路,湖里,东渡,0,零梯零户,2020/3/19,1999/10/9,平层,简装,1,7,0,0
656,656,桥头堡大四房两卫产权满五唯 一自住精装修拎包入住,https://xm.lianjia.com/ershoufang/105111633253.html,428,31858,0,3室2厅1厨2卫,['中楼层/共11层'],南,['平层/精装'],134.35,2010,金海湾,集美,杏林桥头,1,两梯两户,2022/9/28,2012/12/6,平层,精装,2,11,2,2
657,657,金尚2000年框架三房 中间楼层户型好 离二号线后浦站近,https://xm.lianjia.com/ershoufang/105113313790.html,528,52128,0,2室2厅1厨1卫,['中楼层/共7层'],南,['平层/简装'],101.29,2000,玉鹭苑,湖里,金尚,1,一梯两户,2023/4/10,2001/11/21,平层,简装,2,7,1,2
658,658,正规2房，户型方正，封闭小区，莲坂地铁口，位置好,https://xm.lianjia.com/ershoufang/105115059536.html,429,49977,0,3室2厅1厨1卫,['高楼层/共8层'],南,['平层/精装'],85.84,1998,槟东公寓,思明,莲坂,0,零梯零户,2023/10/15,2012/5/10,平层,精装,3,8,0,0
659,659,南北通透格局，采光充足，配套设施齐全，交通便利,https://xm.lianjia.com/ershoufang/105115136450.html,535,58785,0,2室2厅1厨1卫,['高楼层/共7层'],南,['平层/简装'],91.01,2006,联发花园,思明,松柏,0,零梯零户,2023/10/23,2012/8/6,平层,简装,3,7,0,0
660,660,电梯四房，使用面积大，全明结构，通风采光好,https://xm.lianjia.com/ershoufang/105111155342.html,725,54105,4,4室2厅1厨2卫,['中楼层/共11层'],西,['平层/简装'],134,2005,家家海景,思明,前埔,1,一梯四户,2022/8/4,2013/4/25,平层,简装,2,11,1,4
661,661,四川大厦.电梯高层.两房.户型方正明厨明卫.视野好,https://xm.lianjia.com/ershoufang/105115344324.html,520,55999,0,2室1厅1厨1卫,['高楼层/共28层'],南,['平层/简装'],92.86,2005,四川大厦,思明,松柏,1,三梯十四户,2023/11/16,2005/5/20,平层,简装,3,28,3,14
662,662,此房满二，业主自住精装，客厅带阳台,https://xm.lianjia.com/ershoufang/105111306062.html,215,23345,0,2室1厅1厨1卫,['低楼层/共16层'],南,['平层/精装'],92.1,2009,美地雅登祥吴二里,翔安,新店,1,两梯四户,2022/8/22,2019/8/16,平层,精装,1,16,2,4
663,663,杏北糖厂2房，满五*，格局好,https://xm.lianjia.com/ershoufang/105109001995.html,150,26442,14,2室1厅1厨1卫,['中楼层/共7层'],南,['平层/简装'],56.73,1989,杏糖生活片区,集美,杏北,0,零梯零户,2021/10/14,2008/9/22,平层,简装,2,7,0,0
664,664,莲前西路 封闭式小区 楼中楼 带露台 产权满5省税,https://xm.lianjia.com/ershoufang/105109972858.html,707,43573,8,4室3厅1厨2卫,['高楼层/共7层'],南,['跃层/简装'],162.26,1996,怡富花园西区,思明,金鸡亭,0,零梯零户,2022/3/6,2016/3/3,跃层,简装,3,7,0,0
665,665,海投天源  两梯4户 看湖看海 采光充足 视野开阔 精装,https://xm.lianjia.com/ershoufang/105116437734.html,559,47385,0,3室2厅1厨2卫,['高楼层/共30层'],南,['平层/精装'],117.97,2016,海投天源,海沧,海沧体育中心,1,两梯四户,2024/3/22,2017/5/11,平层,精装,3,30,2,4
666,666,五缘湾 国贸润园 高层安静位置 看海 视野开阔,https://xm.lianjia.com/ershoufang/105113443070.html,1238,86272,1,3室2厅1厨2卫,['中楼层/共21层'],南,['平层/精装'],143.5,2013,国贸润园,湖里,五缘湾,1,两梯三户,2023/4/21,2023/4/3,平层,精装,2,21,2,3
667,667,未来橙堡 新上小户型 中间楼层 采光好，看房方便,https://xm.lianjia.com/ershoufang/105114060252.html,89,28263,0,1室0厅1厨1卫,['中楼层/共6层'],南,['平层/简装'],31.49,2008,未来橙堡,海沧,海沧体育中心,0,零梯零户,2023/6/24,2017/11/10,平层,简装,2,6,0,0
668,668,高层看海，美景尽收眼底，享受人生,https://xm.lianjia.com/ershoufang/105105719256.html,340,19396,3,3室2厅1厨2卫,['高楼层/共36层'],东南,['平层/精装'],175.3,2015,泰地海西中心,海沧,海沧区政府,1,两梯三户,2020/11/6,2017/6/24,平层,精装,3,36,2,3
670,670,建发花园 4室2厅 东南 北,https://xm.lianjia.com/ershoufang/105115307804.html,830,54171,0,4室2厅1厨2卫,['低楼层/共12层'],东南,['平层/精装'],153.22,2003,建发花园,思明,火车站,1,一梯两户,2023/11/11,2019/4/10,平层,精装,1,12,1,2
671,671,枋湖香槟城132.57平洋房社区精装房,https://xm.lianjia.com/ershoufang/105114990505.html,780,58837,0,5室1厅1厨2卫,['低楼层/共15层'],南,['平层/精装'],132.57,2008,禹洲香槟城,湖里,枋湖,1,两梯四户,2023/10/8,2010/3/1,平层,精装,1,15,2,4
672,672,吕厝双地铁口 双卫 格局方  可g3房,https://xm.lianjia.com/ershoufang/105112099103.html,570,59705,1,2室2厅1厨2卫,['低楼层/共32层'],西北,['平层/简装'],95.47,2010,宝龙中心二期,思明,莲坂,1,三梯六户,2022/11/22,2003/1/7,平层,简装,1,32,3,6
673,673,楼层好格局好满五近地铁动静分离,https://xm.lianjia.com/ershoufang/105110477208.html,730,63013,3,3室1厅1厨2卫,['中楼层/共32层'],东,['平层/精装'],115.85,2002,宝龙中心二期,思明,莲坂,1,三梯六户,2022/5/8,2003/6/9,平层,精装,2,32,3,6
675,675,禹洲大学城大三房，业主自住装修，诚意出售,https://xm.lianjia.com/ershoufang/105116156206.html,189,19210,0,3室2厅1厨2卫,['低楼层/共35层'],东南,['平层/精装'],98.39,2012,禹洲大学城,同安,集美其它,1,三梯八户,2024/2/27,2013/11/1,平层,精装,1,35,3,8
676,676,高层全海景 视野开阔 顶层毛坯,https://xm.lianjia.com/ershoufang/105111332992.html,1270,88012,1,3室2厅1厨2卫,['高楼层/共38层'],南,['平层/毛坯'],144.3,2017,华尔顿1275,思明,会展中心,1,三梯十二户,2022/8/25,2020/9/28,平层,毛坯,3,38,3,12
677,677,集美桥头，洋房社区，一梯二户 使用面积大,https://xm.lianjia.com/ershoufang/105114721410.html,390,33673,0,3室2厅1厨2卫,['中楼层/共8层'],南,['平层/简装'],115.82,2015,招商海德公馆二期,集美,集美其它,1,两梯两户,2023/9/5,2021/7/26,平层,简装,2,8,2,2
678,678,房子满五年，一梯两户，户型方正，精装修，拎包入住,https://xm.lianjia.com/ershoufang/105112923280.html,950,60059,1,3室2厅1厨2卫,['中楼层/共9层'],东南,['平层/精装'],158.18,2003,阳光海岸,思明,黄厝,1,一梯两户,2023/3/7,2005/9/8,平层,精装,2,9,1,2
679,679,此房满二，集美桥头一线海景房，自住精装修，中层。,https://xm.lianjia.com/ershoufang/105111905818.html,598,35200,0,4室1厅1厨2卫,['中楼层/共23层'],南,['平层/精装'],169.89,2012,古龙御景二期,集美,集美其它,1,两梯两户,2022/10/30,2014/8/22,平层,精装,2,23,2,2
680,680,一线海景大平层 南北通透 视野开阔 BRT沿线交通方便,https://xm.lianjia.com/ershoufang/105109933086.html,657,36900,2,3室2厅1厨4卫,['高楼层/共23层'],南,['平层/毛坯'],178.05,2010,古龙御景二期,集美,集美其它,1,两梯十四户,2022/3/2,2015/3/31,平层,毛坯,3,23,2,14
681,681,此房满五*，通透户型，配有大面积会所，室内游泳馆,https://xm.lianjia.com/ershoufang/105106298033.html,520,43559,28,2室1厅1厨2卫,['低楼层/共32层'],东,['平层/精装'],119.38,2014,园博1号一期,集美,杏锦路,1,两梯三户,2021/1/20,2015/8/3,平层,精装,1,32,2,3
682,682,环东海域、美峰公园 自住精装修 满5年省税、南北 通透,https://xm.lianjia.com/ershoufang/105111482274.html,236,21563,1,4室1厅1厨1卫,['中楼层/共24层'],南,['平层/精装'],109.45,2012,禹洲大学城,同安,集美其它,1,两梯六户,2022/9/12,2016/9/1,平层,精装,2,24,2,6
683,683,明发花园一期 5室2厅 南 北,https://xm.lianjia.com/ershoufang/105108082868.html,820,45749,2,5室2厅1厨2卫,['高楼层/共9层'],南,['简装'],179.24,1999,明发花园一期,思明,前埔,1,一梯四户,2021/7/23,2021/7/25,简装,,3,9,1,4
684,684,阿罗海 天源  看海户型通透首付150万,https://xm.lianjia.com/ershoufang/105110539734.html,565,39871,1,3室1厅1厨2卫,['低楼层/共33层'],南,['平层/毛坯'],141.71,2016,海投天源,海沧,海沧体育中心,1,两梯两户,2022/5/17,2017/4/27,平层,毛坯,1,33,2,2
685,685,集美新城 龙湖品质 正规四房 诚意出售,https://xm.lianjia.com/ershoufang/105110332059.html,401,41456,10,4室2厅1厨2卫,['中楼层/共33层'],东南,['复式/毛坯'],96.73,2017,龙湖春江郦城二期,集美,杏北,1,两梯六户,2022/4/19,2018/7/4,复式,毛坯,2,33,2,6
686,686,业主诚意出售，精装大三房，近嘉庚配套齐全,https://xm.lianjia.com/ershoufang/105113139982.html,219,22405,0,3室1厅1厨2卫,['中楼层/共35层'],东南,['平层/精装'],97.75,2012,禹洲大学城,同安,集美其它,1,三梯六户,2023/3/25,2012/12/10,平层,精装,2,35,3,6
687,687,集美桥头  精装修三房，急售，价格好谈,https://xm.lianjia.com/ershoufang/105115132572.html,309,32088,1,3室1厅1厨1卫,['低楼层/共32层'],南,['平层/精装'],96.3,2013,海上五月花一期,集美,集美其它,1,两梯四户,2023/10/23,2014/8/7,平层,精装,1,32,2,4
688,688,长欣花园 2室2厅 东 西,https://xm.lianjia.com/ershoufang/105116073311.html,228,28986,0,2室2厅1厨1卫,['低楼层/共6层'],东,['平层/简装'],78.66,2004,长欣花园,海沧,海沧生活区,0,零梯零户,2024/2/20,2018/7/3,平层,简装,1,6,0,0
689,689,低楼层看海，景观没有任何影响，精装修。,https://xm.lianjia.com/ershoufang/105116361695.html,180,29772,0,3室2厅1厨2卫,['中楼层/共24层'],南,['复式/精装'],60.46,2016,融信海上城,海沧,滨海社区,1,六梯二十二户,2024/3/15,2017/7/3,复式,精装,2,24,6,22
690,690,生活区正规三房，三房朝南，精装修，欢迎评鉴,https://xm.lianjia.com/ershoufang/105110926423.html,230,21480,3,3室2厅1厨1卫,['高楼层/共6层'],南,['平层/精装'],107.08,2004,金龙商城二期,海沧,海沧生活区,0,零梯零户,2022/7/6,2017/6/14,平层,精装,3,6,0,0
691,691,江头。温莎公馆精装修，大三房。,https://xm.lianjia.com/ershoufang/105112575952.html,723,60808,0,3室2厅1厨2卫,['低楼层/共32层'],南,['平层/精装'],118.9,2015,温莎公馆,湖里,金尚,1,两梯四户,2023/2/7,2017/7/12,平层,精装,1,32,2,4
692,692,世茂精装3房2卫丨客厅跟主卧带阳台丨交通方便,https://xm.lianjia.com/ershoufang/105111651854.html,430,41854,2,3室2厅1厨2卫,['高楼层/共34层'],南,['跃层/精装'],102.74,2019,世茂璀璨天城二期,集美,集美新城,1,两梯八户,2022/9/30,2020/9/20,跃层,精装,3,34,2,8
693,693,禹洲高尔夫 2室2厅 南,https://xm.lianjia.com/ershoufang/105113873672.html,196,22670,0,2室2厅1厨1卫,['低楼层/共33层'],南,['平层/精装'],86.46,2013,禹洲高尔夫,海沧,马銮湾东,1,两梯四户,2023/6/3,2016/3/24,平层,精装,1,33,2,4
694,694,看海很好的位置，高楼层景观视野好,https://xm.lianjia.com/ershoufang/105115040180.html,445,35940,0,3室1厅1厨2卫,['低楼层/共32层'],东南,['平层/精装'],123.82,2015,国贸金沙湾,同安,环东海域,1,两梯四户,2023/10/13,2017/7/26,平层,精装,1,32,2,4
695,695,一楼带房间 复式精装修 BRT 地铁沿线 使用面积110平方,https://xm.lianjia.com/ershoufang/105111354743.html,400,37912,0,3室2厅1厨2卫,['低楼层/共34层'],南,['跃层/精装'],105.51,2019,世茂璀璨天城二期,集美,集美新城,1,两梯八户,2022/8/27,2020/8/24,跃层,精装,1,34,2,8
696,696,莲坂地铁口~龙门世家顶层楼中楼~跃三层使用400平,https://xm.lianjia.com/ershoufang/105110587224.html,1298,49134,9,5室2厅1厨4卫,['高楼层/共14层'],南,['复式/精装'],264.18,1998,龙门世家,思明,莲坂,1,两梯四户,2022/5/24,2007/10/30,复式,精装,3,14,2,4
697,697,正规两房 延奎 旁南北通透 采光充足 交通便利明厨明卫,https://xm.lianjia.com/ershoufang/105115492491.html,195,25404,2,2室2厅1厨1卫,['中楼层/共7层'],南,['平层/简装'],76.76,1999,富佳苑,海沧,海沧生活区,0,零梯零户,2023/12/2,2016/3/1,平层,简装,2,7,0,0
698,698,海沧隧道口  一个被忽略的世外桃源 精装大两房,https://xm.lianjia.com/ershoufang/105115699753.html,290,29038,0,2室2厅1厨1卫,['中楼层/共9层'],南,['平层/精装'],99.87,2008,东方高尔夫国际公寓,海沧,马銮湾东,1,两梯三户,2023/12/26,2022/11/17,平层,精装,2,9,2,3
699,699,建发央著二期 3室1厅 东南,https://xm.lianjia.com/ershoufang/105115930505.html,598,51757,0,3室1厅1厨2卫,['中楼层/共33层'],东南,['平层/精装'],115.54,2020,建发央著二期,集美,集美新城,1,两梯四户,2024/1/22,2022/3/29,平层,精装,2,33,2,4
700,700,区政府 首开上郡两房 全明格局 满二 看房方便,https://xm.lianjia.com/ershoufang/105112891149.html,160,18349,0,2室2厅1厨1卫,['低楼层/共33层'],南,['平层/毛坯'],87.2,2017,首开领翔上郡二期,翔安,新店,1,两梯四户,2023/3/4,2019/2/13,平层,毛坯,1,33,2,4
701,701,通透格局方正精装修，小区设施配备齐,https://xm.lianjia.com/ershoufang/105102461766.html,746,64311,14,3室2厅1厨2卫,['低楼层/共32层'],东南,['平层/精装'],116,2001,宝龙中心二期,思明,莲坂,1,三梯六户,2019/6/1,2009/12/2,平层,精装,1,32,3,6
702,702,美丽山水，温馨家园，来仙岳山庄,https://xm.lianjia.com/ershoufang/105110711138.html,1010,57153,6,5室2厅1厨3卫,['低楼层/共10层'],东,['复式/精装'],176.72,2002,仙岳山庄,思明,岳阳社区,1,一梯两户,2022/6/10,2016/8/24,复式,精装,1,10,1,2
703,703,建发品质 电梯高层 南北向 住家装修 全明格局,https://xm.lianjia.com/ershoufang/105111400310.html,586,62044,2,3室2厅1厨1卫,['高楼层/共18层'],南,['平层/简装'],94.45,2007,时尚国际,思明,火车站,1,两梯六户,2022/9/2,2013/9/6,平层,简装,3,18,2,6
704,704,地铁口乐海商场楼上小户型诚意出售,https://xm.lianjia.com/ershoufang/105112784964.html,216,37332,0,1室1厅1厨1卫,['中楼层/共30层'],南,['平层/简装'],57.86,2003,绿苑商城,海沧,滨海社区,1,两梯十户,2023/2/24,2017/3/2,平层,简装,2,30,2,10
705,705,房子格局好，明厨明卫，南北朝向 边套 正规三房，,https://xm.lianjia.com/ershoufang/105114494879.html,339,39223,0,3室1厅1厨1卫,['中楼层/共8层'],南,['平层/精装'],86.43,1996,兴隆新村,湖里,大唐世家,0,零梯零户,2023/8/12,2021/3/25,平层,精装,2,8,0,0
706,706,楼层视野好诚意要卖通透格局公园环抱,https://xm.lianjia.com/ershoufang/105110397980.html,188,21979,7,2室2厅1厨1卫,['低楼层/共18层'],南,['平层/精装'],85.54,2013,美地雅登祥吴三里,翔安,新店,1,两梯四户,2022/4/27,2013/10/31,平层,精装,1,18,2,4
707,707,湖里万达边套光线好正看中庭诚意出售,https://xm.lianjia.com/ershoufang/105111579564.html,66,15715,0,1室1厅1厨1卫,['中楼层/共31层'],北,['平层/精装'],42,2012,万达广场,湖里,万达广场,1,四梯十七户,2022/9/22,2013/6/15,平层,精装,2,31,4,17
708,708,高楼层，南北通风大三房，采光很好，视野没有遮挡,https://xm.lianjia.com/ershoufang/105110976901.html,397,28478,0,3室2厅1厨2卫,['中楼层/共34层'],西南,['平层/毛坯'],139.41,2017,国贸商城同悦,集美,集美其它,1,两梯四户,2022/7/12,2021/5/10,平层,毛坯,2,34,2,4
709,709,宏大花园自住精装，满两年，楼下生活配套较为齐全,https://xm.lianjia.com/ershoufang/105106894272.html,282,34232,4,2室2厅1厨1卫,['低楼层/共7层'],北,['平层/精装'],82.38,2002,宏大花园,海沧,未来海岸北师大,0,零梯零户,2021/4/5,2017/7/25,平层,精装,1,7,0,0
710,710,滨北七星公馆比邻带原装电梯小高层原三房可四房,https://xm.lianjia.com/ershoufang/105110920801.html,838,60107,8,3室2厅1厨2卫,['中楼层/共9层'],东,['平层/精装'],139.42,2000,惠祥花园,思明,七星路,1,一梯三户,2022/7/6,2020/7/9,平层,精装,2,9,1,3
711,711,地铁口大四房 三面采光 单价低诚意出售,https://xm.lianjia.com/ershoufang/105115290492.html,460,29607,0,4室2厅1厨2卫,['中楼层/共8层'],南,['平层/简装'],155.37,1999,永升彩虹花园,湖里,金尚,0,零梯零户,2023/11/9,2009/1/6,平层,简装,2,8,0,0
712,712,祥店宜居社区单价3.8万，南北双阳台3房，采光很好,https://xm.lianjia.com/ershoufang/105116311363.html,352,38908,0,3室2厅1厨1卫,['高楼层/共7层'],南,['平层/精装'],90.47,2002,银龙公寓,湖里,祥店,0,零梯零户,2024/3/11,2015/10/29,平层,精装,3,7,0,0
713,713,瑞景洪文BRT旁电梯精装住家3房2卫,https://xm.lianjia.com/ershoufang/105112512497.html,468,53949,5,3室2厅1厨2卫,['低楼层/共18层'],南,['平层/精装'],86.75,2008,联丰新城,思明,瑞景,1,一梯四户,2023/2/1,2017/4/20,平层,精装,1,18,1,4
714,714,生活区小户型，有电梯 近地铁口，生活方便，近延奎,https://xm.lianjia.com/ershoufang/105110505218.html,178,30196,7,2室1厅1厨1卫,['低楼层/共32层'],南,['平层/简装'],58.95,2013,海银大厦,海沧,海沧生活区,1,三梯十二户,2022/5/12,2017/4/11,平层,简装,1,32,3,12
715,715,朝南户型方正.目前价格优惠......,https://xm.lianjia.com/ershoufang/105111468283.html,340,75707,0,1室1厅1厨1卫,['高楼层/共9层'],西南,['平层/精装'],44.91,2010,名汇广场,思明,中山路,1,四梯五十六户,2022/9/9,2013/8/25,平层,精装,3,9,4,56
716,716,天湖城 3室2厅 南,https://xm.lianjia.com/ershoufang/105115846787.html,450,33186,0,3室2厅1厨2卫,['高楼层/共24层'],南,['平层/精装'],135.6,2012,天湖城,海沧,海沧区政府,1,两梯两户,2024/1/12,2020/1/12,平层,精装,3,24,2,2
717,717,马青路地铁口 低楼层小两房 总价低 产权满五年！,https://xm.lianjia.com/ershoufang/105114670087.html,155,32646,2,2室1厅1厨1卫,['低楼层/共6层'],南,['平层/简装'],47.48,2002,鑫茂花园,海沧,海沧生活区,0,零梯零户,2023/8/31,2017/4/7,平层,简装,1,6,0,0
718,718,大唐品质带阁楼  楼上可以使用 满五省个税,https://xm.lianjia.com/ershoufang/105110627747.html,299,46595,6,3室2厅1厨2卫,['高楼层/共9层'],东南,['平层/简装'],64.17,2002,大唐世家二期,湖里,大唐世家,0,零梯零户,2022/5/29,2015/8/26,平层,简装,3,9,0,0
719,719,楼梯房金梯层 卧室均朝南 沐浴日光,https://xm.lianjia.com/ershoufang/105104150249.html,438,52912,83,2室2厅1厨1卫,['中楼层/共7层'],南,['平层/简装'],82.78,1998,瑞景新村寿鹤苑,思明,瑞景,0,零梯零户,2020/4/21,1998/7/1,平层,简装,2,7,0,0
722,722,海峡现代城挑高五米，视野好，朝北,https://xm.lianjia.com/ershoufang/105110055572.html,75,16006,0,2室2厅1厨2卫,['高楼层/共17层'],北,['跃层/精装'],46.86,2016,海峡现代城,翔安,翔安新城,1,四梯十二户,2022/3/15,2019/8/8,跃层,精装,3,17,4,12
723,723,老虎城  中山路一双  o8年电梯低总价  楼层好采光好！,https://xm.lianjia.com/ershoufang/105115914284.html,260,81633,0,1室1厅1厨1卫,['中楼层/共7层'],南,['平层/简装'],31.85,2008,老虎城,思明,思明南路,1,两梯四十四户,2024/1/20,2009/2/9,平层,简装,2,7,2,44
724,724,仙岳路岳阳小区旁，带电梯居家3房，朝南户型，满2年,https://xm.lianjia.com/ershoufang/105110484847.html,750,59586,5,3室2厅1厨2卫,['中楼层/共15层'],南,['平层/简装'],125.87,2004,中建大厦,思明,岳阳社区,1,两梯十户,2022/5/9,2013/8/29,平层,简装,2,15,2,10
725,725,此房满五年省个税，高层看海，户型方正，采光好,https://xm.lianjia.com/ershoufang/105114136559.html,378,34714,1,4室2厅1厨2卫,['中楼层/共33层'],东南,['错层/简装'],108.89,2009,禹洲华侨金海岸,海沧,海沧体育中心,1,两梯六户,2023/7/2,2016/6/10,错层,简装,2,33,2,6
728,728,低总价，正规3房，配套齐全，业主诚意出售,https://xm.lianjia.com/ershoufang/105113611621.html,415,57784,0,3室1厅1厨1卫,['低楼层/共30层'],北,['平层/简装'],71.82,2010,湖边花园A区,湖里,万达广场,1,两梯六户,2023/5/8,2015/2/15,平层,简装,1,30,2,6
729,729,国贸远洋天和  5室2厅  南北朝向,https://xm.lianjia.com/ershoufang/105114447217.html,760,46790,0,5室2厅1厨2卫,['中楼层/共6层'],南,['复式/简装'],162.43,2020,国贸远洋天和,翔安,翔安新城,1,两梯三户,2023/8/6,2021/4/25,复式,简装,2,6,2,3
730,730,海峡国际社区二期 3室1厅 东,https://xm.lianjia.com/ershoufang/105116322801.html,645,71153,1,3室1厅1厨1卫,['中楼层/共24层'],东,['平层/精装'],90.65,2011,海峡国际社区二期,思明,会展中心,1,三梯八户,2024/3/12,2013/11/11,平层,精装,2,24,3,8
731,731,吕厝双地铁口  格局方正 三房精装,https://xm.lianjia.com/ershoufang/105111141653.html,636,66618,1,3室2厅1厨2卫,['中楼层/共32层'],西北,['平层/精装'],95.47,2002,宝龙中心二期,思明,莲坂,1,三梯六户,2022/8/2,2011/8/19,平层,精装,2,32,3,6
732,732,松柏  SM 南北 3房 双阳台 公摊小  南北   必看好房,https://xm.lianjia.com/ershoufang/105111118039.html,860,66379,2,3室2厅1厨2卫,['高楼层/共6层'],南,['平层/精装'],129.56,2000,松柏湖花园,思明,松柏,0,零梯零户,2022/7/30,2003/5/23,平层,精装,3,6,0,0
733,733,金鸡亭航空宿舍，正规三房，南北视野好，小区安静！,https://xm.lianjia.com/ershoufang/105114851049.html,398,44881,0,3室2厅1厨1卫,['高楼层/共7层'],南,['平层/简装'],88.68,1999,金鸡亭花园小区东区,思明,金鸡亭,0,零梯零户,2023/9/19,2016/6/21,平层,简装,3,7,0,0
734,734,位置佳 两梯两户 生活便利 泰禾商圈,https://xm.lianjia.com/ershoufang/105110293816.html,320,22389,5,3室2厅1厨2卫,['低楼层/共22层'],南,['平层/精装'],142.93,2014,首开领翔国际,翔安,新店,1,两梯两户,2022/4/15,2017/4/12,平层,精装,1,22,2,2
735,735,此房楼层好，户型好全明结构，带外阳台，地铁2号线,https://xm.lianjia.com/ershoufang/105115752612.html,189,34981,0,1室1厅1厨1卫,['中楼层/共30层'],西南,['平层/简装'],54.03,2009,绿苑商城,海沧,滨海社区,1,两梯十户,2024/1/2,2010/7/29,平层,简装,2,30,2,10
736,736,电梯房 地铁口，精装修，采光好,https://xm.lianjia.com/ershoufang/105114485514.html,99,36119,0,1室0厅0厨1卫,['高楼层/共32层'],西南,['平层/精装'],27.41,2013,海银大厦,海沧,海沧生活区,1,三梯十户,2023/8/11,2019/11/26,平层,精装,3,32,3,10
737,737,满五，看房方便，精装修，可拎包入住采光通风好,https://xm.lianjia.com/ershoufang/105114037257.html,328,27885,0,4室2厅1厨2卫,['低楼层/共33层'],南,['平层/精装'],117.63,2014,金城湾花园,海沧,未来海岸北师大,1,两梯六户,2023/6/20,2017/3/22,平层,精装,1,33,2,6
738,738,维多利亚高楼层两房，户型通透，门口双十，交通便利,https://xm.lianjia.com/ershoufang/105115683607.html,385,45220,0,2室2厅1厨1卫,['高楼层/共30层'],西南,['平层/简装'],85.14,2011,海晟维多利亚,海沧,滨海社区,1,两梯四户,2023/12/24,2020/8/31,平层,简装,3,30,2,4
739,739,精装修保养的很好 朝北户型，无遮挡视野好可步行上学,https://xm.lianjia.com/ershoufang/105114983791.html,228,26344,0,2室2厅1厨1卫,['高楼层/共20层'],西南,['平层/精装'],86.55,2013,溢翔首府,同安,环东海域,1,两梯七户,2023/10/7,2016/9/13,平层,精装,3,20,2,7
740,740,祥店福满园，南北通透，正规4房，格局方正,https://xm.lianjia.com/ershoufang/105111547742.html,570,47719,1,3室2厅1厨1卫,['高楼层/共6层'],南,['平层/精装'],119.45,2006,福满园,湖里,祥店,0,零梯零户,2022/9/18,2016/5/4,平层,精装,3,6,0,0
741,741,映碧里全明2房  厅带阳台朝南 价格好 空XX 实验幼儿园,https://xm.lianjia.com/ershoufang/105114522188.html,458,62921,0,2室1厅1厨1卫,['高楼层/共6层'],南,['平层/精装'],72.79,1986,映碧里小区,思明,莲花一村,0,零梯零户,2023/8/15,2015/5/15,平层,精装,3,6,0,0
742,742,新莲岳里中楼层大两房，精装修，可以拎包入住,https://xm.lianjia.com/ershoufang/105112527305.html,490,61979,0,2室1厅1厨1卫,['中楼层/共7层'],南,['平层/精装'],79.06,1995,莲岳里小区东区,思明,松柏,0,零梯零户,2023/2/3,2015/5/4,平层,精装,2,7,0,0
743,743,业主精装大四房 海景优美 无遮挡 高层视野,https://xm.lianjia.com/ershoufang/105110953120.html,1670,85357,1,4室2厅1厨2卫,['高楼层/共45层'],东南,['平层/精装'],195.65,2020,华尔顿1275,思明,会展中心,1,三梯六户,2022/7/9,2020/10/21,平层,精装,3,45,3,6
744,744,天源旁 新装修三房 省税 南北通透 诚意出售,https://xm.lianjia.com/ershoufang/105114896507.html,288,28239,1,3室1厅1厨1卫,['高楼层/共16层'],南,['平层/精装'],101.99,2010,水岸名筑,海沧,海沧体育中心,1,两梯六户,2023/9/24,2019/7/23,平层,精装,3,16,2,6
745,745,金尚小区，温馨2房，户型方正，通透视野好。,https://xm.lianjia.com/ershoufang/105110959397.html,308,43338,2,2室2厅1厨1卫,['高楼层/共7层'],南,['平层/简装'],71.07,1998,金尚小区,湖里,金尚,0,零梯零户,2022/7/10,2016/2/5,平层,简装,3,7,0,0
746,746,会展南北错层精装4房，稳定出售,https://xm.lianjia.com/ershoufang/105112773217.html,1230,68069,0,4室2厅2厨2卫,['中楼层/共32层'],北,['错层/精装'],180.7,2008,海豚湾,思明,会展中心,1,两梯两户,2023/2/23,2018/4/22,错层,精装,2,32,2,2
747,747,近联发华美空间，背靠兴湖路，生活配套成熟,https://xm.lianjia.com/ershoufang/105109456041.html,188,76176,20,2室1厅1厨1卫,['中楼层/共9层'],北,['复式/简装'],24.68,2005,古龙公寓,湖里,保税区,1,一梯二十四户,2021/12/10,2007/11/2,复式,简装,2,9,1,24
748,748,会展旁 大2房2卫2阳台 视野开阔 看海 交通便利,https://xm.lianjia.com/ershoufang/105113087858.html,540,53599,0,2室1厅1厨2卫,['中楼层/共9层'],南,['平层/简装'],100.75,2001,明发国际新城,思明,会展中心,1,一梯四户,2023/3/21,2020/3/21,平层,简装,2,9,1,4
749,749,屿后南里 2室2厅 东 南 北,https://xm.lianjia.com/ershoufang/105115856096.html,420,61189,0,2室2厅1厨1卫,['中楼层/共8层'],东,['平层/精装'],68.64,1995,屿后南里,思明,松柏,0,零梯零户,2024/1/13,2015/6/23,平层,精装,2,8,0,0
753,753,松柏公园旁K小区  全明户型 满5年 外扩使用面积大急售,https://xm.lianjia.com/ershoufang/105114545113.html,436,48466,0,2室2厅1厨1卫,['高楼层/共6层'],南,['平层/简装'],89.96,1993,江头K小区,思明,松柏,0,零梯零户,2023/8/17,2004/10/20,平层,简装,3,6,0,0
755,755,户型漂亮，明厨明卫.客厅带阳台朝北.采光好.,https://xm.lianjia.com/ershoufang/105112575113.html,419,40910,2,3室1厅1厨1卫,['低楼层/共7层'],南,['平层/简装'],102.42,1996,金鸡亭小区西区,思明,金鸡亭,0,零梯零户,2023/2/7,2017/2/15,平层,简装,1,7,0,0
756,756,吕厝双地铁口三面通透客厅主卧带阳台视野采光好,https://xm.lianjia.com/ershoufang/105115639459.html,680,58697,0,1室2厅1厨2卫,['中楼层/共32层'],东,['平层/精装'],115.85,2001,宝龙中心二期,思明,莲坂,1,三梯六户,2023/12/18,2019/11/18,平层,精装,2,32,3,6
757,757,松柏，小区楼下就是吕厝双地铁口，一号二号线交汇,https://xm.lianjia.com/ershoufang/105114713436.html,605,51120,0,3室2厅1厨2卫,['低楼层/共30层'],东北,['平层/简装'],118.35,2000,宝龙中心一期,思明,莲坂,1,三梯八户,2023/9/5,2006/9/17,平层,简装,1,30,3,8
758,758,阳光城文澜府边套3房改善户型。,https://xm.lianjia.com/ershoufang/105116316218.html,220,25446,0,3室2厅1厨1卫,['高楼层/共20层'],南,['平层/精装'],86.46,2018,阳光城文澜府,集美,灌口,1,两梯四户,2024/3/11,2021/10/19,平层,精装,3,20,2,4
759,759,集美新城 IOI园博湾  有二装  保养好  朝南看湖,https://xm.lianjia.com/ershoufang/105110667021.html,330,36074,1,2室1厅1厨1卫,['高楼层/共31层'],南,['平层/精装'],91.48,2015,IOI园博湾,集美,杏锦路,1,两梯四户,2022/6/4,2016/8/3,平层,精装,3,31,2,4
760,760,集美新城 园博湾临湖  有二次精装修 楼栋安静宜居,https://xm.lianjia.com/ershoufang/105113159742.html,305,35167,1,2室2厅1厨1卫,['中楼层/共31层'],东南,['平层/精装'],86.73,2015,IOI园博湾,集美,杏锦路,1,两梯四户,2023/3/27,2020/4/29,平层,精装,2,31,2,4
761,761,楼层好，采光充足，全明户型，使用面积大.地铁口,https://xm.lianjia.com/ershoufang/105114497985.html,545,80112,0,3室1厅1厨1卫,['中楼层/共6层'],东,['平层/简装'],68.03,1990,机关宿舍小区,思明,文园路,0,零梯零户,2023/8/12,2020/8/26,平层,简装,2,6,0,0
762,762,泉水湾二期 4室2厅 南,https://xm.lianjia.com/ershoufang/105114829338.html,508,40719,0,4室2厅1厨2卫,['中楼层/共24层'],南,['平层/精装'],124.76,2012,泉水湾二期,集美,集美其它,1,两梯四户,2023/9/17,2013/4/10,平层,精装,2,24,2,4
763,763,翔安新城，好楼层3房2卫，地铁口科技旁，闽篮鼓锣公园,https://xm.lianjia.com/ershoufang/105115178774.html,249,27704,0,3室2厅1厨1卫,['中楼层/共11层'],南,['平层/精装'],89.88,2014,建发翔城国际南区,翔安,翔安新城,0,零梯零户,2023/10/28,2015/1/27,平层,精装,2,11,0,0
764,764,冠宏花园 吕厝双地铁口 俯瞰小区 安静 舒适 拎包入住,https://xm.lianjia.com/ershoufang/105113873820.html,600,54343,0,3室2厅1厨2卫,['高楼层/共30层'],东,['平层/简装'],110.41,2004,冠宏花园,湖里,江头,1,三梯八户,2023/6/3,2010/7/7,平层,简装,3,30,3,8
765,765,房子精装修，派园南，底梯层，多一个阳台，有车位。,https://xm.lianjia.com/ershoufang/105113164468.html,580,103093,0,2室1厅1厨1卫,['低楼层/共6层'],南,['平层/精装'],56.26,1989,育青嘉园,思明,文园路,0,零梯零户,2023/3/27,2009/11/18,平层,精装,1,6,0,0
766,766,集美新城 IOI园博湾  高层 一线湖景 双地铁口 有二装,https://xm.lianjia.com/ershoufang/105112087193.html,433,40075,0,3室2厅1厨1卫,['中楼层/共31层'],南,['平层/精装'],108.05,2015,IOI园博湾,集美,杏锦路,1,两梯四户,2022/11/20,2016/6/28,平层,精装,2,31,2,4
767,767,附件有松柏菜场 公园，地铁，幼儿园近。,https://xm.lianjia.com/ershoufang/105113765372.html,430,66297,0,2室1厅1厨1卫,['中楼层/共7层'],南,['平层/其他'],64.86,1995,屿后南里,思明,松柏,0,零梯零户,2023/5/23,2000/2/21,平层,其他,2,7,0,0
768,768,五月花高层精装两房业主自住看房方便,https://xm.lianjia.com/ershoufang/105107274125.html,260,32343,12,2室2厅1厨1卫,['中楼层/共33层'],南,['平层/精装'],80.39,2013,海上五月花一期,集美,集美其它,1,两梯四户,2021/5/9,2015/4/21,平层,精装,2,33,2,4
769,769,松柏湖景房  正规三房   南北朝向,https://xm.lianjia.com/ershoufang/105112568951.html,568,53768,0,3室1厅1厨1卫,['高楼层/共7层'],南,['平层/精装'],105.64,1999,翠湖公寓,思明,松柏,0,零梯零户,2023/2/7,2001/8/14,平层,精装,3,7,0,0
770,770,文灶地铁口 正规两房 出门BRT 交通方便,https://xm.lianjia.com/ershoufang/105113171099.html,485,78518,0,2室1厅1厨1卫,['高楼层/共6层'],南,['平层/简装'],61.77,1986,文塔路,思明,文园路,0,零梯零户,2023/3/28,2016/10/16,平层,简装,3,6,0,0
771,771,松柏大三房 南北通透。户型方正 封闭式小区 可停车,https://xm.lianjia.com/ershoufang/105112939709.html,560,55347,0,3室2厅1厨1卫,['低楼层/共7层'],南,['简装'],101.18,1995,屿后南里,思明,松柏,0,零梯零户,2023/3/8,1999/2/8,简装,,1,7,0,0
772,772,集美北区电梯好房 业主诚意出售 满五省税,https://xm.lianjia.com/ershoufang/105112827537.html,260,20017,1,3室2厅1厨2卫,['中楼层/共10层'],东南,['平层/精装'],129.89,2008,祥和雅筑一期,集美,集美其它,1,两梯两户,2023/2/27,2010/9/9,平层,精装,2,10,2,2
773,773,老虎城小户型房源出售 购物方便 靠中山路 交通便利,https://xm.lianjia.com/ershoufang/105110088634.html,239.8,69528,1,1室1厅1厨1卫,['中楼层/共7层'],西北,['平层/简装'],34.49,2008,老虎城,思明,思明南路,1,两梯四十四户,2022/3/20,2016/3/28,平层,简装,2,7,2,44
774,774,翔安新城桥头堡 有天有地有花园 联排别墅,https://xm.lianjia.com/ershoufang/105114306201.html,1305,63087,0,5室2厅1厨3卫,['低楼层/共4层'],南,['复式/毛坯'],206.86,2013,阳光城翡丽湾,翔安,翔安新城,1,两梯六户,2023/7/21,2019/1/4,复式,毛坯,1,4,2,6
775,775,地段好，封闭小区环境好，小户型,https://xm.lianjia.com/ershoufang/105111069156.html,245,68284,4,1室0厅1厨1卫,['中楼层/共9层'],东,['精装'],35.88,2009,港龙新城,思明,体育中心,0,零梯零户,2022/7/24,2012/11/29,精装,,2,9,0,0
776,776,IOI园博湾 2室2厅 南,https://xm.lianjia.com/ershoufang/105115027556.html,302,34821,0,2室2厅1厨1卫,['中楼层/共31层'],南,['平层/精装'],86.73,2015,IOI园博湾,集美,杏锦路,1,两梯四户,2023/10/11,2023/11/29,平层,精装,2,31,2,4
777,777,近地铁 框架三房 南北通透 双阳台 格局方正 采光好,https://xm.lianjia.com/ershoufang/105116226727.html,450,54619,0,3室1厅1厨2卫,['中楼层/共8层'],南,['平层/简装'],82.39,1996,源盛花园,思明,松柏,0,零梯零户,2024/3/3,2010/9/29,平层,简装,2,8,0,0
778,778,松柏，地铁口，一梯两户，南北通透，低楼层，有民额,https://xm.lianjia.com/ershoufang/105112855672.html,420,67460,1,2室1厅1厨1卫,['中楼层/共7层'],南,['平层/简装'],62.26,1995,长青北里小区,思明,松柏,0,零梯零户,2023/3/2,1999/11/4,平层,简装,2,7,0,0
779,779,特大面积，价格实惠，看中庭水系景观,https://xm.lianjia.com/ershoufang/105109112737.html,459,32420,3,3室2厅1厨2卫,['低楼层/共31层'],南,['平层/简装'],141.58,2014,联发杏林湾一号二期,集美,杏林桥头,1,三梯五户,2021/10/27,2018/10/8,平层,简装,1,31,3,5
780,780,隧道口旁，进出岛方便，配套成熟高档社区房东诚意出售,https://xm.lianjia.com/ershoufang/105101563922.html,345,28017,1,3室1厅1厨2卫,['高楼层/共31层'],南,['平层/毛坯'],123.14,2014,阳光城翡丽湾二期,翔安,翔安新城,1,两梯四户,2018/9/20,2016/6/28,平层,毛坯,3,31,2,4
781,781,文灶文屏大厦高层住家精装修3房出售,https://xm.lianjia.com/ershoufang/105112364666.html,660,71360,0,3室2厅1厨2卫,['高楼层/共31层'],北,['平层/精装'],92.49,1998,文屏大厦,思明,文灶,1,三梯八户,2022/12/31,2014/10/14,平层,精装,3,31,3,8
782,782,槟东公寓 正规 住家装修 诚意出售,https://xm.lianjia.com/ershoufang/105111099923.html,480,58189,2,2室1厅1厨1卫,['高楼层/共8层'],南,['平层/简装'],82.49,1995,槟东公寓,思明,莲坂,0,零梯零户,2022/7/28,2011/7/15,平层,简装,3,8,0,0
783,783,地铁口，精装高层电梯正规一房，边套采光好，空户,https://xm.lianjia.com/ershoufang/105111194767.html,199,39896,0,1室1厅1厨1卫,['中楼层/共32层'],南,['平层/精装'],49.88,2010,海银大厦,海沧,海沧生活区,1,三梯十二户,2022/8/9,2019/8/21,平层,精装,2,32,3,12
784,784,新出好房 一中旁 正规三房 看山 风景优美 位置安静,https://xm.lianjia.com/ershoufang/105111042239.html,597,73841,4,3室2厅1厨1卫,['高楼层/共6层'],南,['平层/精装'],80.85,1990,机关宿舍小区,思明,文园路,0,零梯零户,2022/7/20,2009/5/15,平层,精装,3,6,0,0
785,785,金尚地铁口，精装大两房，居家好房。,https://xm.lianjia.com/ershoufang/105111252205.html,375,47469,1,2室1厅1厨2卫,['中楼层/共8层'],南,['平层/简装'],79,1998,天宇花园南区,湖里,金尚,0,零梯零户,2022/8/16,2010/8/13,平层,简装,2,8,0,0
786,786,急售二期经典三房，好户型楼层南北大阳台无遮挡看中庭,https://xm.lianjia.com/ershoufang/105112674980.html,536,47250,0,3室2厅1厨2卫,['中楼层/共5层'],南,['平层/精装'],113.44,2009,中港花园,湖里,SM,0,零梯零户,2023/2/16,2004/7/13,平层,精装,2,5,0,0
787,787,祥店繁华社区正规2房小户型，满5年，朝南格局,https://xm.lianjia.com/ershoufang/105114522174.html,295,53744,0,2室1厅1厨1卫,['高楼层/共6层'],南,['平层/简装'],54.89,2000,祥店新村,湖里,祥店,0,零梯零户,2023/8/15,2008/5/14,平层,简装,3,6,0,0
788,788,正规南北大两房   小区安静   适宜住家,https://xm.lianjia.com/ershoufang/105106745293.html,502,58318,6,2室2厅1厨1卫,['高楼层/共7层'],南,['平层/简装'],86.08,1993,莲坂西小区,思明,莲坂,0,零梯零户,2021/3/24,2013/9/18,平层,简装,3,7,0,0
789,789,设计师自己装修的房子 莲坂地铁口精装2房,https://xm.lianjia.com/ershoufang/105113534175.html,300,57198,0,2室1厅1厨1卫,['低楼层/共18层'],南,['平层/精装'],52.45,2003,阳光百合,思明,火车站,1,两梯八户,2023/5/1,2019/3/6,平层,精装,1,18,2,8
790,790,莲坂BRT旁，电梯四房，通风很好，交通出行便,https://xm.lianjia.com/ershoufang/105110991559.html,560,52841,0,2室1厅1厨1卫,['中楼层/共33层'],东北,['平层/精装'],105.98,1999,莲富大厦,思明,火车站,1,三梯八户,2022/7/14,2017/2/4,平层,精装,2,33,3,8
791,791,金尚小区，边套 带双阳台户型，好的楼层，户型方正,https://xm.lianjia.com/ershoufang/105114519749.html,429,46773,0,3室2厅1厨1卫,['中楼层/共7层'],南,['平层/简装'],91.72,1998,金尚小区,湖里,金尚,0,零梯零户,2023/8/14,2001/11/30,平层,简装,2,7,0,0
792,792,马青路地铁口 全新精装房 可做婚房  中层采光佳,https://xm.lianjia.com/ershoufang/105115746534.html,171,33669,0,1室1厅1厨1卫,['中楼层/共7层'],南,['平层/精装'],50.79,2000,沧翔路花园,海沧,海沧生活区,0,零梯零户,2024/1/1,2023/3/16,平层,精装,2,7,0,0
793,793,侨福城 带电梯南北通透 两房 视野开阔,https://xm.lianjia.com/ershoufang/105114133214.html,430,55292,1,2室2厅1厨1卫,['高楼层/共8层'],南,['平层/精装'],77.77,1999,侨福城侨文里,思明,瑞景,1,一梯两户,2023/7/2,2019/1/13,平层,精装,3,8,1,2
794,794,正规大3房，2梯2户，南北，使用面积大,https://xm.lianjia.com/ershoufang/105112949669.html,940,58560,0,3室2厅1厨2卫,['低楼层/共20层'],南,['平层/简装'],160.52,2010,国贸蓝海,湖里,五缘湾,1,两梯两户,2023/3/9,2008/10/1,平层,简装,1,20,2,2
795,795,万寿北路全明两房 地段好 小户型 房东急售,https://xm.lianjia.com/ershoufang/105112805726.html,468,84128,0,2室1厅1厨1卫,['低楼层/共7层'],南,['平层/简装'],55.63,1991,万寿北路,思明,文园路,0,零梯零户,2023/2/26,2022/8/29,平层,简装,1,7,0,0
796,796,莲坂国贸公交站，莲坂地铁口 交通及出行方便 价格可谈,https://xm.lianjia.com/ershoufang/105115221863.html,358,50366,0,2室1厅1厨1卫,['低楼层/共7层'],南,['平层/简装'],71.08,1996,坂尾路,思明,火车站,0,零梯零户,2023/11/2,2018/10/16,平层,简装,1,7,0,0
797,797,前埔北区，框架双阳台，南北向精装直接入住,https://xm.lianjia.com/ershoufang/105113733584.html,535,55893,0,3室2厅1厨1卫,['高楼层/共6层'],南,['平层/精装'],95.72,2001,前埔北区一里,思明,前埔,0,零梯零户,2023/5/20,2004/3/29,平层,精装,3,6,0,0
798,798,挑高5米用两层朝南户型 14年楼盘电梯 精装修约看方便,https://xm.lianjia.com/ershoufang/105109337459.html,243,43792,9,2室1厅1厨2卫,['高楼层/共15层'],南,['复式/精装'],55.49,2014,华永天地,湖里,江头,1,三梯二十二户,2021/11/27,2017/10/19,复式,精装,3,15,3,22
799,799,一套建在公园里的精装大三房南北双阳台高层视野无遮挡,https://xm.lianjia.com/ershoufang/105112848489.html,930,47264,0,3室2厅1厨2卫,['高楼层/共25层'],南,['平层/简装'],196.77,2005,联发新天地,湖里,祥店,1,两梯五户,2023/3/1,2003/5/31,平层,简装,3,25,2,5
800,800,莲坂交通枢纽，火车站商圈，南北通透大三房,https://xm.lianjia.com/ershoufang/105114611638.html,620,49864,0,3室2厅1厨2卫,['高楼层/共8层'],南,['平层/精装'],124.34,1996,龙辉花园,思明,火车站,0,零梯零户,2023/8/25,2004/10/18,平层,精装,3,8,0,0
801,801,火车站莲坂商圈，东南北大四房，宜居,https://xm.lianjia.com/ershoufang/105113007752.html,828,51455,0,4室2厅1厨2卫,['低楼层/共13层'],东,['平层/精装'],160.92,2000,荣华楼,思明,火车站,1,一梯四户,2023/3/14,2006/2/24,平层,精装,1,13,1,4
803,803,火车站地铁口 08年电梯 精装2房 满五且一 空户 急售,https://xm.lianjia.com/ershoufang/105112946807.html,298,53082,0,2室1厅1厨1卫,['低楼层/共49层'],南,['平层/精装'],56.14,2008,禹洲世贸商城思明,思明,火车站,1,五梯二十六户,2023/3/9,2017/7/10,平层,精装,1,49,5,26
804,804,此房满二，精装修，客厅朝南带阳台，景观无遮挡。,https://xm.lianjia.com/ershoufang/105113507693.html,256,32893,0,3室2厅1厨1卫,['低楼层/共29层'],南,['平层/精装'],77.83,2018,保利叁仟栋二期,同安,环东海域,1,两梯五户,2023/4/27,2019/9/24,平层,精装,1,29,2,5
805,805,房东急售，此房源多2个窗户，朝南户型，采光充足。,https://xm.lianjia.com/ershoufang/105111658615.html,149,28776,0,2室1厅1厨1卫,['低楼层/共32层'],南,['平层/精装'],51.78,2010,海银大厦,海沧,海沧生活区,1,三梯十一户,2022/10/1,2014/4/30,平层,精装,1,32,3,11
806,806,蓝水郡高楼层三房  格局方正  南北通透  拎包入住,https://xm.lianjia.com/ershoufang/105113298666.html,348,31039,0,3室2厅1厨2卫,['高楼层/共18层'],南,['平层/精装'],112.12,2009,未来海岸蓝水郡,海沧,海沧体育中心,1,两梯四户,2023/4/8,2016/4/20,平层,精装,3,18,2,4
807,807,户型方正，采光充足，视野开阔，满二免增值税。,https://xm.lianjia.com/ershoufang/105111775595.html,249,22889,1,3室2厅1厨2卫,['中楼层/共7层'],东南,['平层/精装'],108.79,2003,华创公寓,集美,杏东,0,零梯零户,2022/10/15,2018/8/10,平层,精装,2,7,0,0
808,808,房子自住，看房提前约，产权满两年，贷款280,https://xm.lianjia.com/ershoufang/105114441234.html,536,50648,0,3室1厅1厨2卫,['低楼层/共33层'],南,['平层/精装'],105.83,2010,浦南花园,思明,火车站,1,两梯五户,2023/8/6,2012/11/29,平层,精装,1,33,2,5
809,809,此*格局方正，落地窗，采光好，位置好，交通方便,https://xm.lianjia.com/ershoufang/105105740206.html,49,19186,15,1室1厅1厨1卫,['中楼层/共11层'],北,['复式/精装'],25.54,2012,永建顶尚,湖里,枋湖,1,两梯三十一户,2020/11/9,2013/9/25,复式,精装,2,11,2,31
810,810,火车站 海峡国际天璟 封闭式小区 开发商精装 南北4房,https://xm.lianjia.com/ershoufang/105112644577.html,1190,70699,0,4室2厅1厨2卫,['低楼层/共47层'],东,['平层/精装'],168.32,2018,海峡国际天璟,思明,火车站,1,三梯三户,2023/2/13,2019/2/13,平层,精装,1,47,3,3
811,811,本*户型朝西，单身*，全明落地窗挑高3.6米复式,https://xm.lianjia.com/ershoufang/105103481473.html,55,19144,73,1室1厅1厨1卫,['中楼层/共11层'],西,['复式/精装'],28.73,2012,永建顶尚,湖里,枋湖,1,两梯三十一户,2019/12/3,2016/7/8,复式,精装,2,11,2,31
812,812,可看海景 格局方正 交通便利 环境优美舒适,https://xm.lianjia.com/ershoufang/105113824841.html,478,22311,0,4室1厅1厨3卫,['低楼层/共29层'],东南,['平层/精装'],214.25,2014,泰地海西中心,海沧,海沧区政府,1,两梯两户,2023/5/29,2016/10/2,平层,精装,1,29,2,2
813,813,橡树湾三期 3室2厅 西南,https://xm.lianjia.com/ershoufang/105116545955.html,290,32497,1,3室2厅1厨1卫,['高楼层/共33层'],西南,['平层/精装'],89.24,2015,橡树湾三期,集美,杏北,1,一梯两户,2024/4/1,2019/8/7,平层,精装,3,33,1,2
814,814,江头台湾街，华永天地，新小区，配套成熟，出行方便,https://xm.lianjia.com/ershoufang/105107861059.html,200,33091,2,1室1厅1厨1卫,['高楼层/共15层'],北,['平层/毛坯'],60.44,2014,华永天地,湖里,江头,1,三梯二十户,2021/7/6,2018/4/24,平层,毛坯,3,15,3,20
820,820,高层无遮挡，有钥匙看房方便，业主诚售,https://xm.lianjia.com/ershoufang/105116331945.html,360,49752,1,3室1厅1厨1卫,['高楼层/共30层'],东,['平层/简装'],72.36,2010,湖边花园A区,湖里,万达广场,1,两梯六户,2024/3/12,2021/8/15,平层,简装,3,30,2,6
821,821,莲岳里正规三房 高层 采光好  带天台,https://xm.lianjia.com/ershoufang/105114706380.html,618,73959,0,3室1厅1厨1卫,['高楼层/共7层'],南,['平层/简装'],83.56,1994,莲岳里小区东区,思明,松柏,0,零梯零户,2023/9/4,2021/10/11,平层,简装,3,7,0,0
822,822,松柏公园旁  长青校区隔壁  南北全明三房 满五 有钥匙,https://xm.lianjia.com/ershoufang/105115835128.html,400,44465,0,2室1厅1厨1卫,['高楼层/共6层'],南,['平层/简装'],89.96,1993,江头K小区,思明,松柏,0,零梯零户,2024/1/11,2015/6/29,平层,简装,3,6,0,0
823,823,全新小区 华润央企物业 封闭式管理 绿化环境好,https://xm.lianjia.com/ershoufang/105113687563.html,288,28561,1,3室2厅1厨2卫,['低楼层/共33层'],南,['平层/精装'],100.84,2021,前海湾,翔安,翔安新城,0,零梯零户,2023/5/16,2022/6/23,平层,精装,1,33,0,0
834,834,电梯两房，明厨明卫，电梯朝南无遮挡,https://xm.lianjia.com/ershoufang/105114694764.html,421,67339,0,2室1厅1厨2卫,['低楼层/共30层'],南,['平层/简装'],62.52,2008,百源双玺,思明,火车站,1,三梯八户,2023/9/3,2009/12/7,平层,简装,1,30,3,8
835,835,花园式封闭小区，顶楼楼中楼南北通透视野好,https://xm.lianjia.com/ershoufang/105110712507.html,1453,57714,3,6室3厅1厨3卫,['高楼层/共7层'],南,['复式/精装'],251.76,2000,益城广场,思明,火车站,0,零梯零户,2022/6/10,2002/6/5,复式,精装,3,7,0,0
841,841,火车站东坪花园二期 2房536万,https://xm.lianjia.com/ershoufang/105113485650.html,536,63186,2,2室2厅1厨1卫,['中楼层/共17层'],南,['平层/精装'],84.83,2018,东坪花园二期,思明,火车站,1,两梯六户,2023/4/25,2020/2/11,平层,精装,2,17,2,6
842,842,开发商精装修，看海景，海沧湾公园旁,https://xm.lianjia.com/ershoufang/105112703593.html,585,26230,0,4室2厅1厨3卫,['低楼层/共29层'],东南,['平层/精装'],223.03,2015,泰地海西中心,海沧,海沧区政府,1,两梯两户,2023/2/17,2016/3/9,平层,精装,1,29,2,2
843,843,地铁口 免个税 正规大2房 双阳台,https://xm.lianjia.com/ershoufang/105113198842.html,251,27547,0,2室2厅1厨2卫,['中楼层/共8层'],南,['平层/精装'],91.12,2000,鑫茂花园,海沧,海沧生活区,0,零梯零户,2023/3/30,2010/4/19,平层,精装,2,8,0,0
844,844,此房满l二年 电梯中层南北朝向格局方正，带大露台,https://xm.lianjia.com/ershoufang/105111947051.html,830,60820,1,3室2厅1厨2卫,['低楼层/共9层'],南,['平层/简装'],136.47,1995,太湖新城,思明,禾祥西路,1,一梯三户,2022/11/4,2021/5/12,平层,简装,1,9,1,3
846,846,：刚需小户型 厅带阳台朝南 楼层好 采光好 阳光充足,https://xm.lianjia.com/ershoufang/105114668010.html,460,63449,0,2室2厅2厨2卫,['中楼层/共6层'],南,['平层/精装'],72.5,2006,文兴社,思明,瑞景,0,零梯零户,2023/8/31,2019/4/18,平层,精装,2,6,0,0
847,847,火车站电梯三房，满五，户型方正,https://xm.lianjia.com/ershoufang/105113397511.html,542,51857,0,3室2厅1厨1卫,['中楼层/共13层'],西北,['平层/精装'],104.52,2000,荣华楼,思明,火车站,1,一梯三户,2023/4/17,2008/11/18,平层,精装,2,13,1,3
848,848,禹洲世贸配套成熟区，交通便利，商圈繁华,https://xm.lianjia.com/ershoufang/105112667125.html,279,54493,0,2室1厅1厨1卫,['低楼层/共49层'],西,['平层/精装'],51.2,2008,禹洲世贸商城思明,思明,火车站,1,五梯二十六户,2023/2/15,2021/4/21,平层,精装,1,49,5,26
849,849,含一个产权车位 半山私宅 品质追求  南北通透,https://xm.lianjia.com/ershoufang/105111851664.html,1579,59073,1,5室1厅1厨4卫,['低楼层/共29层'],南,['平层/精装'],267.3,2009,云顶至尊,思明,瑞景,1,三梯两户,2022/10/24,2016/7/21,平层,精装,1,29,3,2
850,850,松柏湖2房低总价好格局全明户型空户 好变动,https://xm.lianjia.com/ershoufang/105114030190.html,529,63278,0,2室2厅1厨1卫,['高楼层/共6层'],东,['平层/简装'],83.6,2000,松柏湖花园,思明,松柏,0,零梯零户,2023/6/19,2008/7/3,平层,简装,3,6,0,0
851,851,集美桥头，嘉庚体育馆BRT，交通购物便利，采光视野好,https://xm.lianjia.com/ershoufang/105113523671.html,340,38315,0,2室2厅1厨1卫,['高楼层/共28层'],东南,['平层/简装'],88.74,2010,泉水湾一期,集美,集美其它,1,两梯六户,2023/4/29,2020/1/1,平层,简装,3,28,2,6
852,852,松柏莲岳里精装修南北向两房出售,https://xm.lianjia.com/ershoufang/105114987944.html,418,66287,2,2室1厅1厨1卫,['中楼层/共8层'],南,['平层/简装'],63.06,1990,莲岳里小区西区,思明,松柏,0,零梯零户,2023/10/7,2012/11/13,平层,简装,2,8,0,0
853,853,保利和光城悦 2居室 户型方正 南向采光 拎包入住,https://xm.lianjia.com/ershoufang/105116131164.html,242,35252,0,2室2厅1厨1卫,['低楼层/共32层'],南,['平层/精装'],68.65,2021,保利和光城悦,翔安,翔安新城,1,三梯六户,2024/2/25,2022/7/26,平层,精装,1,32,3,6
854,854,瑞景广场 云景花园  客厅朝南 户型方正,https://xm.lianjia.com/ershoufang/105107258682.html,436,54351,13,1室2厅1厨2卫,['低楼层/共6层'],南,['平层/简装'],80.22,2000,云景花园,思明,瑞景,0,零梯零户,2021/5/8,2011/12/27,平层,简装,1,6,0,0
857,857,罗宾森二期高档封闭式小区视野采光好,https://xm.lianjia.com/ershoufang/105112521517.html,323,61175,0,1室1厅1厨1卫,['低楼层/共33层'],东,['平层/简装'],52.8,2016,罗宾森购物广场二期,思明,火车站,1,四梯二十户,2023/2/2,2021/2/8,平层,简装,1,33,4,20
858,858,联发品质 人车分流 业主稳定出售 软三、万达、公园旁,https://xm.lianjia.com/ershoufang/105112786996.html,176,21485,0,2室2厅1厨1卫,['低楼层/共25层'],东,['平层/精装'],81.92,2018,联发欣悦湾,集美,灌口,1,两梯六户,2023/2/24,2020/3/19,平层,精装,1,25,2,6
859,859,临大润发，边套，精装，东西南北向，配套齐全，采光好,https://xm.lianjia.com/ershoufang/105113032588.html,718,61175,0,3室2厅1厨2卫,['中楼层/共7层'],东,['平层/精装'],117.37,1996,海鸿花园,思明,体育中心,0,零梯零户,2023/3/16,2009/7/30,平层,精装,2,7,0,0
860,860,正规2房带电梯，南北朝向，采光通风好,https://xm.lianjia.com/ershoufang/105109981354.html,560,80890,2,3室1厅1厨1卫,['中楼层/共7层'],南,['平层/简装'],69.23,1994,白鹤山路,思明,文园路,1,一梯七户,2022/3/7,1999/4/26,平层,简装,2,7,1,7
861,861,火车站 东浦路 东坪花园 精装三房,https://xm.lianjia.com/ershoufang/105113843359.html,560,53847,0,3室1厅1厨2卫,['中楼层/共18层'],南,['平层/精装'],104,2008,东坪花园一期,思明,火车站,1,两梯六户,2023/5/31,2013/6/5,平层,精装,2,18,2,6
862,862,高楼层，视野无遮挡，采光好，离软三近,https://xm.lianjia.com/ershoufang/105113697425.html,178,21729,1,2室2厅1厨1卫,['中楼层/共25层'],南,['平层/毛坯'],81.92,2017,联发欣悦湾,集美,灌口,1,两梯六户,2023/5/16,2019/11/19,平层,毛坯,2,25,2,6
863,863,电梯高层，做7* 间，包含车库，南北，无遮挡视野,https://xm.lianjia.com/ershoufang/105110836766.html,858,60624,5,3室2厅1厨2卫,['高楼层/共10层'],南,['精装'],141.53,2002,元利花园东区,思明,火车站,1,两梯两户,2022/6/26,2004/8/2,精装,,3,10,2,2
864,864,罗宾森 次新小区 高层视野 边角套 采光充足,https://xm.lianjia.com/ershoufang/105115381176.html,438,72673,0,1室1厅1厨1卫,['高楼层/共31层'],东北,['平层/简装'],60.27,2012,罗宾森广场一期,思明,火车站,1,三梯八户,2023/11/20,2021/11/16,平层,简装,3,31,3,8
865,865,自然家园南北正规两房出售，欢迎有缘人,https://xm.lianjia.com/ershoufang/105113054808.html,640,70625,0,2室1厅1厨2卫,['低楼层/共6层'],南,['平层/简装'],90.62,2003,自然家园,思明,火车站,0,零梯零户,2023/3/18,2005/1/4,平层,简装,1,6,0,0
866,866,天湖城精装四房 居家装修 视野开阔 采光充足,https://xm.lianjia.com/ershoufang/105112601616.html,458,29747,0,4室2厅1厨2卫,['低楼层/共28层'],南,['平层/简装'],153.97,2012,天湖城,海沧,海沧区政府,1,两梯四户,2023/2/9,2018/12/10,平层,简装,1,28,2,4
867,867,阳台山三房一厅 使用面积大  550万 业主诚意出售,https://xm.lianjia.com/ershoufang/105109349884.html,508,70527,5,3室1厅1厨1卫,['低楼层/共4层'],南,['平层/简装'],72.03,-1,阳台山路,思明,文园路,0,零梯零户,2021/11/29,1998/7/10,平层,简装,1,4,0,0
868,868,东渡六中边上和宁里 小城故事居家3房2厅带双阳台 南北,https://xm.lianjia.com/ershoufang/105109874282.html,485,53105,30,3室2厅1厨1卫,['高楼层/共7层'],南,['平层/精装'],91.33,2003,小城故事禹洲新城一期,湖里,东渡,0,零梯零户,2022/2/23,2003/7/23,平层,精装,3,7,0,0
869,869,天湖之城——【南北大三房】+中楼层,https://xm.lianjia.com/ershoufang/105110587635.html,420,32224,2,3室2厅1厨2卫,['低楼层/共33层'],南,['平层/精装'],130.34,2012,天湖城,海沧,海沧区政府,1,两梯四户,2022/5/24,2019/12/31,平层,精装,1,33,2,4
872,872,S M乌石浦地铁口，06年电梯一房出售,https://xm.lianjia.com/ershoufang/105115408507.html,236,68486,0,1室1厅1厨1卫,['低楼层/共31层'],西,['平层/简装'],34.46,2006,音乐家生活广场,思明,松柏,1,三梯十四户,2023/11/23,2020/7/1,平层,简装,1,31,3,14
873,873,天湖小区三房采光好，湖海景观，阿近地铁,https://xm.lianjia.com/ershoufang/105115034735.html,405,30041,0,3室2厅1厨2卫,['低楼层/共24层'],南,['平层/精装'],134.82,2012,天湖城,海沧,海沧区政府,1,两梯两户,2023/10/12,2013/10/11,平层,精装,1,24,2,2
874,874,厦禾路 禾祥西  闹中取静 4房 使用率大  南北通透,https://xm.lianjia.com/ershoufang/105106888827.html,498,67608,14,4室2厅1厨2卫,['低楼层/共7层'],南,['平层/简装'],73.66,1989,厦罐宿舍,思明,禾祥西路,0,零梯零户,2021/4/4,2010/11/29,平层,简装,1,7,0,0
875,875,SM片区总价低的小2房 精装修  看房方便,https://xm.lianjia.com/ershoufang/105114276061.html,238,39158,0,2室1厅1厨1卫,['中楼层/共7层'],南,['平层/精装'],60.78,1999,嘉隆建材城,湖里,SM,0,零梯零户,2023/7/18,2019/5/19,平层,精装,2,7,0,0
876,876,满五，南北全明格局，采光 通风好,https://xm.lianjia.com/ershoufang/105112887149.html,288,42858,0,2室1厅1厨1卫,['高楼层/共7层'],南,['平层/简装'],67.2,1998,龙潭花园,湖里,SM,0,零梯零户,2023/3/4,2008/12/17,平层,简装,3,7,0,0
877,877,精装修两房，拎包入住一线海景，浪漫海岸在楼下，,https://xm.lianjia.com/ershoufang/105109604889.html,236,34323,5,2室2厅1厨1卫,['中楼层/共37层'],南,['平层/精装'],68.76,2017,保利叁仟栋一期,同安,环东海域,1,三梯六户,2022/1/4,2019/1/7,平层,精装,2,37,3,6
878,878,南北通透户型，可看湖。天台可独立使用,https://xm.lianjia.com/ershoufang/105110975583.html,486,63232,1,3室1厅1厨1卫,['高楼层/共7层'],南,['平层/精装'],76.86,1994,槟榔西里(单号),思明,槟榔,0,零梯零户,2022/7/12,2020/7/9,平层,精装,3,7,0,0
887,887,莲坂花园小区 停车方便 好楼层 南北 采光充足,https://xm.lianjia.com/ershoufang/105110056944.html,460,55329,2,2室2厅1厨1卫,['低楼层/共6层'],南,['平层/精装'],83.14,1998,坂尾路,思明,火车站,0,零梯零户,2022/3/15,2017/4/25,平层,精装,1,6,0,0
888,888,面朝大海一览无余 坐享着千亿打造的海景资源,https://xm.lianjia.com/ershoufang/105111259713.html,330,33691,2,4室2厅1厨2卫,['中楼层/共33层'],东南,['跃层/精装'],97.95,2017,保利叁仟栋一期,同安,环东海域,1,两梯四户,2022/8/17,2019/8/25,跃层,精装,2,33,2,4
889,889,户型好，采光好，双地铁，公园旁，低总价,https://xm.lianjia.com/ershoufang/105111020276.html,215,60804,2,1室1厅1厨1卫,['低楼层/共31层'],南,['平层/简装'],35.36,2004,嘉华大厦,思明,莲坂,1,三梯十五户,2022/7/18,2020/8/17,平层,简装,1,31,3,15
890,890,地铁口旁自住精装小两房，朝南采光好,https://xm.lianjia.com/ershoufang/105113067601.html,275,68002,1,2室1厅1厨1卫,['高楼层/共33层'],南,['平层/精装'],40.44,2003,湖北大厦,思明,松柏,1,三梯十七户,2023/3/19,2020/7/3,平层,精装,3,33,3,17
891,891,2008年电梯花园小区两房，一梯两户，南北通透,https://xm.lianjia.com/ershoufang/105114557627.html,405,45665,1,2室2厅1厨1卫,['低楼层/共15层'],南,['平层/简装'],88.69,2008,金秋花园三期,湖里,金尚,1,两梯两户,2023/8/18,2023/10/18,平层,简装,1,15,2,2
892,892,凯悦新城大两房，高楼层自住精装，拎包入住，诚意出售,https://xm.lianjia.com/ershoufang/105115485583.html,510,59552,0,2室1厅1厨1卫,['高楼层/共13层'],南,['平层/精装'],85.64,2013,凯悦新城,湖里,枋湖,1,两梯八户,2023/12/1,2014/9/19,平层,精装,3,13,2,8
893,893,全屋重新精装修 可拎包入住 公摊小,https://xm.lianjia.com/ershoufang/105114953151.html,472,71592,2,2室1厅1厨1卫,['低楼层/共7层'],南,['平层/精装'],65.93,2002,万禾花园,思明,禾祥西路,0,零梯零户,2023/10/3,2020/6/1,平层,精装,1,7,0,0
894,894,金枫园 4室2厅 南 北,https://xm.lianjia.com/ershoufang/105115018026.html,711,53084,0,4室2厅1厨2卫,['中楼层/共11层'],南,['平层/简装'],133.94,2002,金枫园,思明,火车站,1,两梯两户,2023/10/10,2002/10/16,平层,简装,2,11,2,2
895,895,禾祥西 繁荣广场，大两房，真的是十年出一套,https://xm.lianjia.com/ershoufang/105112995448.html,625,59878,1,2室2厅1厨2卫,['中楼层/共13层'],东,['平层/精装'],104.38,1999,繁荣广场,思明,禾祥西路,1,一梯三户,2023/3/13,2012/6/14,平层,精装,2,13,1,3
899,899,封闭式小区，边套一梯两户，双阳台，另有10平储藏间,https://xm.lianjia.com/ershoufang/105110609615.html,400,36447,10,3室2厅1厨2卫,['高楼层/共7层'],南,['平层/简装'],109.75,1999,梅阳花园,湖里,SM,0,零梯零户,2022/5/27,2006/4/25,平层,简装,3,7,0,0
900,900,高档精装4房  龙湖景粼  拎包入住,https://xm.lianjia.com/ershoufang/105116537355.html,300,34325,0,4室2厅1厨2卫,['高楼层/共12层'],东南,['平层/简装'],87.4,2019,景粼原著,集美,灌口,1,一梯两户,2024/3/31,2024/4/30,平层,简装,3,12,1,2
901,901,马銮湾精装三房户型方正交通便利,https://xm.lianjia.com/ershoufang/105109944341.html,274,29969,3,3室2厅1厨1卫,['低楼层/共18层'],南,['平层/精装'],91.43,2018,海投尚书房,海沧,马銮湾中心片区,1,两梯四户,2022/3/3,2018/11/22,平层,精装,1,18,2,4
902,902,建发花园 3房朝南 一梯两户 南北通透 使用面积大,https://xm.lianjia.com/ershoufang/105112861617.html,540,55971,2,3室2厅1厨1卫,['高楼层/共9层'],南,['平层/简装'],96.48,2000,建发花园,思明,火车站,0,零梯零户,2023/3/2,2001/10/9,平层,简装,3,9,0,0
903,903,此房满两年，自住精装，户型好，使用面积大，采光充足,https://xm.lianjia.com/ershoufang/105111885902.html,1180,116039,3,3室2厅1厨3卫,['中楼层/共16层'],东南,['跃层/精装'],101.69,2017,新景国际外滩,湖里,五缘湾,1,两梯四户,2022/10/28,2022/10/28,跃层,精装,2,16,2,4
904,904,集美中心花园 三期通透好房  满五,https://xm.lianjia.com/ershoufang/105114122278.html,340,37557,0,3室2厅1厨1卫,['低楼层/共6层'],南,['平层/精装'],90.53,2009,集美中心花园,集美,集美文教区,0,零梯零户,2023/7/1,2004/12/22,平层,精装,1,6,0,0
905,905,户型方正，位置好看中庭，离高架桥较远，噪音比较小,https://xm.lianjia.com/ershoufang/105115095212.html,295,22305,2,3室1厅1厨2卫,['低楼层/共24层'],东南,['平层/毛坯'],132.26,2017,国贸商城同悦,集美,集美其它,1,两梯三户,2023/10/19,2018/4/23,平层,毛坯,1,24,2,3
906,906,集美中心花园 1室1厅 南,https://xm.lianjia.com/ershoufang/105115384333.html,250,47958,0,1室1厅1厨1卫,['高楼层/共7层'],南,['平层/精装'],52.13,1999,集美中心花园,集美,集美文教区,0,零梯零户,2023/11/20,2021/4/20,平层,精装,3,7,0,0
907,907,马銮湾精装3房1卫，户型方正，拎包入住，可看海,https://xm.lianjia.com/ershoufang/105111629240.html,265,29465,0,3室2厅1厨1卫,['高楼层/共42层'],西南,['平层/精装'],89.94,2017,万科城三期,海沧,马銮湾东,1,三梯六户,2022/9/27,2017/7/9,平层,精装,3,42,3,6
908,908,丰融尚城 2室1厅 西南,https://xm.lianjia.com/ershoufang/105115454483.html,235,33301,0,2室1厅1厨1卫,['高楼层/共16层'],西南,['平层/精装'],70.57,2015,丰融尚城,集美,集美其它,1,两梯六户,2023/11/28,2014/6/9,平层,精装,3,16,2,6
909,909,户型方正，全明格局，动静分区，自住精装房,https://xm.lianjia.com/ershoufang/105108426395.html,486,49371,37,3室1厅1厨1卫,['低楼层/共6层'],南,['平层/精装'],98.44,2007,侨福城侨福里,思明,瑞景,0,零梯零户,2021/8/17,2019/2/20,平层,精装,1,6,0,0
910,910,实幼旁 装修两房 南北  满五减个税 进岛便利,https://xm.lianjia.com/ershoufang/105113084813.html,150,18988,0,2室1厅1厨1卫,['高楼层/共6层'],南,['平层/简装'],79,-1,翔安新城南区安置房四区,翔安,新店,0,零梯零户,2023/3/21,2017/4/21,平层,简装,3,6,0,0
911,911,汇景新城中心 2室1厅 东南,https://xm.lianjia.com/ershoufang/105115990611.html,145,21488,0,2室1厅1厨1卫,['低楼层/共16层'],东南,['平层/其他'],67.48,2010,汇景新城中心,翔安,新店,1,两梯六户,2024/1/31,2013/1/24,平层,其他,1,16,2,6
912,912,地铁口旁 两房一厅两卫  格局方正 格局明亮 配套完善,https://xm.lianjia.com/ershoufang/105109927757.html,215,23818,2,2室1厅1厨2卫,['中楼层/共7层'],北,['复式/精装'],90.27,2001,大金门花园,海沧,海沧生活区,0,零梯零户,2022/3/1,2017/12/29,复式,精装,2,7,0,0
913,913,马青路地铁口 电梯精装2房 视野好 随时看房 价格可谈,https://xm.lianjia.com/ershoufang/105115040556.html,238,28320,1,2室1厅1厨1卫,['中楼层/共32层'],北,['平层/精装'],84.04,2013,海银大厦,海沧,海沧生活区,1,三梯十二户,2023/10/13,2019/1/28,平层,精装,2,32,3,12
914,914,美地雅登祥吴六里 2室1厅 南,https://xm.lianjia.com/ershoufang/105114200340.html,190,23140,0,2室1厅1厨1卫,['中楼层/共26层'],南,['平层/精装'],82.11,2013,美地雅登祥吴六里,翔安,新店,1,两梯四户,2023/7/9,2019/4/16,平层,精装,2,26,2,4
915,915,海银大厦上延奎2号地铁边上全明两房,https://xm.lianjia.com/ershoufang/105115445799.html,256,30462,0,2室1厅1厨1卫,['中楼层/共32层'],南,['平层/简装'],84.04,2013,海银大厦,海沧,海沧生活区,1,三梯十二户,2023/11/27,2019/11/16,平层,简装,2,32,3,12
916,916,四代同堂的 好房子。好景观好视野一览众小山,https://xm.lianjia.com/ershoufang/105114205903.html,650,27391,2,6室2厅1厨5卫,['高楼层/共27层'],南,['精装'],237.31,2013,美地雅登祥吴六里,翔安,新店,1,两梯两户,2023/7/10,2021/2/7,精装,,3,27,2,2
917,917,高层全海景视野开阔 享受型大三房 双阳台 万科物业,https://xm.lianjia.com/ershoufang/105113515406.html,410,30568,1,3室2厅1厨2卫,['中楼层/共31层'],东南,['平层/毛坯'],134.13,2014,禹洲中央海岸一期,集美,杏林桥头,1,三梯六户,2023/4/28,2015/11/4,平层,毛坯,2,31,3,6
918,918,全新未入住。地铁口出行方便。纯东边套户型。诚意出售,https://xm.lianjia.com/ershoufang/105114354722.html,452,38163,1,3室2厅1厨2卫,['高楼层/共33层'],南,['平层/精装'],118.44,2016,国贸天悦,集美,杏北,1,两梯四户,2023/7/27,2018/7/26,平层,精装,3,33,2,4
919,919,集美文教区  小户型 低总价 采光充足 朝南,https://xm.lianjia.com/ershoufang/105114925343.html,272,36797,0,2室1厅1厨1卫,['高楼层/共7层'],南,['平层/简装'],73.92,2000,集美中心花园,集美,集美文教区,0,零梯零户,2023/9/28,2023/2/27,平层,简装,3,7,0,0
920,920,二次装修 地铁口 正规2房 视野好,https://xm.lianjia.com/ershoufang/105112306477.html,215,24744,2,2室2厅1厨1卫,['中楼层/共18层'],东南,['平层/精装'],86.89,2017,新城际广场二期,集美,厦门北站商业区,1,两梯四户,2022/12/19,2021/11/6,平层,精装,2,18,2,4
921,921,瑞景 前埔 电梯2房 拎包入住,https://xm.lianjia.com/ershoufang/105115668080.html,450,47985,0,2室2厅1厨1卫,['中楼层/共9层'],西,['平层/精装'],93.78,1999,明发花园一期,思明,前埔,1,一梯五户,2023/12/21,2021/4/1,平层,精装,2,9,1,5
922,922,马青路地铁口，采光好户型好，繁华地段，交通便利,https://xm.lianjia.com/ershoufang/105115674575.html,130,26482,0,1室1厅1厨1卫,['中楼层/共7层'],南,['错层/简装'],49.09,2000,大金门花园,海沧,海沧生活区,0,零梯零户,2023/12/22,2023/12/20,错层,简装,2,7,0,0
923,923,万科金域华府二期，精装四房，高层看海朝南房东诚意卖,https://xm.lianjia.com/ershoufang/105110155003.html,448,35374,5,4室1厅1厨2卫,['高楼层/共42层'],东南,['平层/精装'],126.65,2014,万科金域华府二期,集美,杏林桥头,1,三梯五户,2022/3/29,2018/8/7,平层,精装,3,42,3,5
924,924,满五*  户型方正 南北通透 业主诚意出售,https://xm.lianjia.com/ershoufang/105108514543.html,620,55447,18,3室2厅1厨2卫,['中楼层/共14层'],南,['平层/精装'],111.82,2008,碧湖嘉园,湖里,枋湖,1,两梯四户,2021/8/24,2010/11/12,平层,精装,2,14,2,4
925,925,建发品质.宝龙一城一街之隔，双地铁口，交通便利，,https://xm.lianjia.com/ershoufang/105112383207.html,400,79571,2,1室1厅1厨1卫,['低楼层/共11层'],南,['平层/简装'],50.27,2007,上东美地,思明,瑞景,1,一梯三户,2023/1/4,2015/7/8,平层,简装,1,11,1,3
926,926,融信  朝东的户型，光线和通风好,https://xm.lianjia.com/ershoufang/105111837102.html,92,20449,0,2室1厅1厨1卫,['高楼层/共13层'],东,['复式/简装'],44.99,2016,融信海上城,海沧,滨海社区,1,四梯三十二户,2022/10/22,2017/8/21,复式,简装,3,13,4,32
927,927,千亿环东海 未来五缘湾 浪漫海岸线 精妆海景公寓,https://xm.lianjia.com/ershoufang/105110625490.html,158,33447,3,1室1厅1厨1卫,['高楼层/共33层'],东,['平层/精装'],47.24,2018,保利叁仟栋二期,同安,环东海域,1,两梯六户,2022/5/29,2019/7/29,平层,精装,3,33,2,6
928,928,湖里区 国际山庄 双拼别墅 云顶北路 花园别墅,https://xm.lianjia.com/ershoufang/105112180467.html,2390,93240,5,6室3厅1厨4卫,['共4层'],南,['简装'],256.33,1995,国际山庄,湖里,金山,0,零梯零户,2022/12/2,2005/7/25,简装,,-1,4,0,0
929,929,环东海域，彩虹湾精装自住楼中楼,https://xm.lianjia.com/ershoufang/105107742959.html,415,21855,3,4室2厅1厨3卫,['高楼层/共6层'],南,['跃层/精装'],189.89,-1,彩虹湾,同安,环东海域,0,零梯零户,2021/6/26,2014/1/14,跃层,精装,3,6,0,0
934,934,业主诚意急卖、楼层好、看海联发品质2房一线海景,https://xm.lianjia.com/ershoufang/105115285541.html,299,33955,0,3室1厅1厨1卫,['中楼层/共31层'],东南,['平层/精装'],88.06,2015,联发杏林湾一号三期,集美,杏林桥头,1,三梯五户,2023/11/9,2020/12/8,平层,精装,2,31,3,5
935,935,世茂璀璨天城  精装三房 楼下带房间  高层看湖出售,https://xm.lianjia.com/ershoufang/105112991629.html,435,52272,1,3室2厅1厨2卫,['中楼层/共33层'],南,['跃层/精装'],83.22,2018,世茂璀璨天城一期,集美,集美新城,1,两梯八户,2023/3/13,2022/3/9,跃层,精装,2,33,2,8
936,936,人车分离，三面采光，南北通透，空气好！,https://xm.lianjia.com/ershoufang/105115033218.html,525,57004,0,3室2厅1厨1卫,['高楼层/共7层'],南,['平层/精装'],92.1,2001,华林金磊花园,思明,金鸡亭,0,零梯零户,2023/10/12,2020/9/14,平层,精装,3,7,0,0
937,937,电梯高层，小两房，精装修，户型方正，视野好,https://xm.lianjia.com/ershoufang/105112797559.html,321,58079,1,2室1厅1厨1卫,['高楼层/共16层'],南,['平层/精装'],55.27,2006,艾德花园二期,湖里,机场区,1,两梯六户,2023/2/25,2017/8/24,平层,精装,3,16,2,6
938,938,央企品质五月花少有精装看海大户型,https://xm.lianjia.com/ershoufang/105112602822.html,580,40568,0,4室2厅1厨2卫,['中楼层/共39层'],南,['平层/精装'],142.97,2016,海上五月花六期,集美,集美其它,1,两梯四户,2023/2/9,2022/12/6,平层,精装,2,39,2,4
939,939,5-4教育南北通透户型 1梯两户总价低！使用面积大,https://xm.lianjia.com/ershoufang/105110460724.html,355,59997,9,2室2厅1厨1卫,['高楼层/共8层'],南,['平层/简装'],59.17,1992,莲前西路,思明,莲前,0,零梯零户,2022/5/6,2020/4/24,平层,简装,3,8,0,0
940,940,看中庭，楼间距宽采光好，拎包入住，诚意出售可谈,https://xm.lianjia.com/ershoufang/105115112443.html,470,67675,1,2室2厅1厨1卫,['低楼层/共18层'],南,['平层/精装'],69.45,2017,禾丰新景,思明,莲花,1,两梯四户,2023/10/20,2018/3/19,平层,精装,1,18,2,4
941,941,此房满五， 光线好、离地铁口近，看房方便,https://xm.lianjia.com/ershoufang/105113224383.html,218,27512,0,2室2厅1厨1卫,['中楼层/共8层'],南,['平层/其他'],79.24,2000,沧翔路花园,海沧,海沧生活区,0,零梯零户,2023/4/1,2008/5/26,平层,其他,2,8,0,0
942,942,莲花国际大两房，两梯三户，舒适,https://xm.lianjia.com/ershoufang/105115231023.html,340,37371,0,2室2厅1厨1卫,['中楼层/共17层'],南,['平层/精装'],90.98,2019,莲花国际A区,集美,集美新城,1,四梯三户,2023/11/3,2020/12/11,平层,精装,2,17,4,3
943,943,集美中心花园  南北通透大三房 诚意出售,https://xm.lianjia.com/ershoufang/105116235868.html,448,36279,0,3室2厅1厨2卫,['高楼层/共6层'],南,['平层/精装'],123.49,2004,集美中心花园,集美,集美文教区,0,零梯零户,2024/3/4,2019/8/19,平层,精装,3,6,0,0
944,944,高层 视野开阔 艾德花园二期 看房随时方便,https://xm.lianjia.com/ershoufang/105110601353.html,405,42614,0,3室2厅1厨1卫,['中楼层/共16层'],南,['平层/简装'],95.04,2005,艾德花园二期,湖里,机场区,1,两梯六户,2022/5/26,2003/5/1,平层,简装,2,16,2,6
945,945,国贸鹭原  精装3房  地铁口  好房子,https://xm.lianjia.com/ershoufang/105113722882.html,430,44722,1,3室2厅1厨2卫,['低楼层/共33层'],南,['平层/精装'],96.15,2022,中交国贸鹭原,集美,杏北,1,两梯四户,2023/5/19,2023/6/2,平层,精装,1,33,2,4
946,946,楼层好视野开阔地铁口交通便利电梯2房配套齐全厨房大,https://xm.lianjia.com/ershoufang/105112973800.html,618,66682,0,2室1厅1厨1卫,['中楼层/共33层'],东,['平层/简装'],92.68,2003,育秀中心,思明,体育中心,1,三梯七户,2023/3/11,2005/12/26,平层,简装,2,33,3,7
947,947,满五，业主自住，精装修，全明采光好，,https://xm.lianjia.com/ershoufang/105113838516.html,386,65480,1,2室1厅1厨1卫,['高楼层/共8层'],西南,['平层/精装'],58.95,1995,光明馨苑,思明,斗西路,0,零梯零户,2023/5/31,2018/5/28,平层,精装,3,8,0,0
948,948,槟榔西里(单号) 2室1厅 南 北,https://xm.lianjia.com/ershoufang/105114695686.html,388,62080,1,2室1厅1厨1卫,['高楼层/共6层'],南,['平层/精装'],62.5,1989,槟榔西里(单号),思明,槟榔,0,零梯零户,2023/9/3,2011/2/28,平层,精装,3,6,0,0
949,949,小洋房一梯两户南北通透居住舒适采光充足,https://xm.lianjia.com/ershoufang/105114933215.html,430,49856,0,2室1厅1厨1卫,['高楼层/共11层'],南,['平层/精装'],86.25,2011,绿苑新城二组团,海沧,滨海社区,1,一梯两户,2023/9/30,2012/12/1,平层,精装,3,11,1,2
950,950,保利品质 海上五月花 精装边套两房 通透户型,https://xm.lianjia.com/ershoufang/105115147526.html,238,32232,0,2室2厅1厨1卫,['中楼层/共35层'],南,['平层/精装'],73.84,2014,海上五月花三期,集美,集美其它,1,两梯四户,2023/10/25,2016/2/23,平层,精装,2,35,2,4
951,951,9号线地铁口联发品质，南北朝向3房双阳台，使用面积大,https://xm.lianjia.com/ershoufang/105114600096.html,486,44275,0,3室2厅1厨2卫,['低楼层/共6层'],南,['平层/简装'],109.77,2000,太微花园,湖里,金尚,0,零梯零户,2023/8/23,2009/3/28,平层,简装,1,6,0,0
952,952,长欣花园，南北朝向，舒适2房，中间楼层,https://xm.lianjia.com/ershoufang/105115130784.html,229,29518,0,2室1厅1厨1卫,['中楼层/共6层'],南,['平层/精装'],77.58,2003,长欣花园,海沧,海沧生活区,0,零梯零户,2023/10/23,2005/4/14,平层,精装,2,6,0,0
953,953,融信海上城,https://xm.lianjia.com/ershoufang/105115132068.html,79,19895,0,2室2厅1厨1卫,['低楼层/共26层'],西,['跃层/精装'],39.71,2016,融信海上城,海沧,滨海社区,1,六梯三十四户,2023/10/23,2018/10/31,跃层,精装,1,26,6,34
954,954,南北朝向  3楼 满五年  三面采光  通风好,https://xm.lianjia.com/ershoufang/105111192073.html,478,40471,0,3室2厅1厨2卫,['低楼层/共4层'],南,['平层/精装'],118.11,2009,集美中心花园,集美,集美文教区,0,零梯零户,2022/8/9,2004/6/25,平层,精装,1,4,0,0
955,955,生活区楼中楼带独立天台 213.09平  全明结构 5房,https://xm.lianjia.com/ershoufang/105114224449.html,460,21588,0,5室2厅1厨3卫,['高楼层/共5层'],南,['跃层/毛坯'],213.09,2007,隆晖花园,海沧,海沧生活区,0,零梯零户,2023/7/12,2009/1/16,跃层,毛坯,3,5,0,0
956,956,地段很好 生活 交通便利 户型方正 二次装修,https://xm.lianjia.com/ershoufang/105111873701.html,850,46566,0,4室1厅1厨3卫,['中楼层/共6层'],东南,['跃层/简装'],182.54,2019,国贸天悦,集美,杏北,1,一梯两户,2022/10/26,2020/10/21,跃层,简装,2,6,1,2
957,957,王子广场边套精装修一房售109万,https://xm.lianjia.com/ershoufang/105114926025.html,99,28746,0,1室0厅1厨1卫,['中楼层/共17层'],东,['平层/精装'],34.44,2011,碧水芳庭,海沧,海沧生活区,1,三梯二十一户,2023/9/28,2022/1/4,平层,精装,2,17,3,21
958,958,地铁500米 带120平露台精装三房 龙湖天街旁 国贸品质,https://xm.lianjia.com/ershoufang/105103509984.html,467.9,41796,7,3室2厅1厨2卫,['低楼层/共32层'],南,['平层/精装'],111.95,2018,国贸天悦,集美,杏北,1,两梯三户,2019/12/8,2020/7/1,平层,精装,1,32,2,3
959,959,莲前西路正规小两房诚意出售南北通透,https://xm.lianjia.com/ershoufang/105114103551.html,336,57762,1,2室1厅1厨1卫,['高楼层/共7层'],南,['平层/简装'],58.17,1989,莲前西路,思明,莲前,0,零梯零户,2023/6/29,2019/3/4,平层,简装,3,7,0,0
960,960,朝南，后排看中庭。开发商精装。国贸物业,https://xm.lianjia.com/ershoufang/105104473601.html,152,21610,21,2室2厅1厨1卫,['高楼层/共40层'],东南,['跃层/精装'],70.34,2019,东城合院,翔安,新店,1,四梯十户,2020/5/30,2020/5/6,跃层,精装,3,40,4,10
961,961,中华城，正规电梯一房！小户型，可民立小总价低,https://xm.lianjia.com/ershoufang/105112903657.html,275,86343,1,1室1厅1厨1卫,['中楼层/共7层'],东南,['平层/精装'],31.85,2006,老虎城,思明,思明南路,1,两梯四十四户,2023/3/5,2010/4/1,平层,精装,2,7,2,44
969,969,实小旁  地铁口 中山公园 实用两套,https://xm.lianjia.com/ershoufang/105113487963.html,930,107217,0,3室2厅2厨2卫,['低楼层/共5层'],东,['平层/简装'],86.74,-1,石路街,思明,实验小学及周边,0,零梯零户,2023/4/26,2023/3/20,平层,简装,1,5,0,0
970,970,刚需盘 高层 一梯两户 采光充足 南北通透,https://xm.lianjia.com/ershoufang/105115487097.html,215,16652,0,3室2厅1厨2卫,['高楼层/共17层'],南,['平层/简装'],129.12,2013,集美平阳里小区,集美,集美新城,1,一梯两户,2023/12/1,2023/11/22,平层,简装,3,17,1,2
971,971,户型方正，厅朝南，门口有露台，楼层好,https://xm.lianjia.com/ershoufang/105110918333.html,418,57927,0,2室1厅1厨1卫,['低楼层/共8层'],南,['平层/简装'],72.16,2000,金枫园,思明,火车站,0,零梯零户,2022/7/5,2001/6/10,平层,简装,1,8,0,0
972,972,拎包入住 交通便利 业主急卖 婚房,https://xm.lianjia.com/ershoufang/105114282888.html,253,31297,0,2室1厅1厨1卫,['低楼层/共33层'],东,['平层/精装'],80.84,2014,金城湾花园,海沧,未来海岸北师大,1,两梯六户,2023/7/19,2019/10/27,平层,精装,1,33,2,6
973,973,莲前西路 金林花园 户型方正南北通透，带露台，中楼层,https://xm.lianjia.com/ershoufang/105109859208.html,580,50431,21,3室2厅1厨2卫,['低楼层/共6层'],南,['平层/简装'],115.01,2005,金林花园,思明,金鸡亭,0,零梯零户,2022/2/22,2006/6/6,平层,简装,1,6,0,0
974,974,房子朝南采光好，楼层好，诚意出售，空户,https://xm.lianjia.com/ershoufang/105110415749.html,116,30335,0,1室1厅1厨1卫,['中楼层/共7层'],南,['平层/简装'],38.24,2005,未来橙堡,海沧,海沧体育中心,0,零梯零户,2022/4/29,2013/7/18,平层,简装,2,7,0,0
975,975,松柏正规三房，南北格局，次卧带阳台朝南,https://xm.lianjia.com/ershoufang/105110153825.html,667,58223,7,3室2厅1厨1卫,['中楼层/共8层'],南,['平层/精装'],114.56,2000,龙凤园小区,思明,松柏,0,零梯零户,2022/3/29,2000/9/11,平层,精装,2,8,0,0
976,976,禹洲精装修三房，111平方中装修一线海景房,https://xm.lianjia.com/ershoufang/105103946001.html,398,35967,1,3室2厅1厨2卫,['低楼层/共34层'],东南,['平层/精装'],110.66,2014,禹洲中央海岸一期,集美,杏林桥头,1,三梯六户,2020/3/27,2016/5/30,平层,精装,1,34,3,6
977,977,格局方正，一梯两户，南北通透，配套成熟，生活便利,https://xm.lianjia.com/ershoufang/105110635404.html,400,68635,7,2室1厅1厨1卫,['中楼层/共7层'],南,['平层/精装'],58.28,1989,莲前西路,思明,莲前,0,零梯零户,2022/5/30,2019/5/20,平层,精装,2,7,0,0
978,978,卧龙晓城  一梯两户  东南北三面采光  大4房,https://xm.lianjia.com/ershoufang/105112544599.html,1080,67002,0,4室2厅1厨2卫,['中楼层/共11层'],东,['平层/精装'],161.19,2000,卧龙晓城,思明,莲前,1,一梯两户,2023/2/4,2005/12/8,平层,精装,2,11,1,2
979,979,宝龙一城  复式楼中楼  使用面积 大,https://xm.lianjia.com/ershoufang/105107970083.html,237.8,44449,1,1室2厅2厨2卫,['高楼层/共23层'],东南,['平层/精装'],53.5,2019,宝龙一城,湖里,湖边水库,1,六梯二十四户,2021/7/15,2021/3/26,平层,精装,3,23,6,24
980,980,房子地段好，交通方便，城市闹中取静，有露台,https://xm.lianjia.com/ershoufang/105111741876.html,430,51795,4,3室2厅1厨1卫,['低楼层/共8层'],东南,['平层/精装'],83.02,2001,联丰商城,思明,瑞景,1,一梯四户,2022/10/11,2010/6/7,平层,精装,1,8,1,4
981,981,此房满两年，客厅带阳台朝南，精装两房，视野开阔，,https://xm.lianjia.com/ershoufang/105114088623.html,208,23440,0,2室2厅1厨1卫,['中楼层/共27层'],南,['平层/精装'],88.74,2014,首开领翔国际,翔安,新店,1,两梯三户,2023/6/27,2019/2/26,平层,精装,2,27,2,3
982,982,您要的，它真的来了，客厅带大阳台，全面朝南，两卫！,https://xm.lianjia.com/ershoufang/105110955932.html,240,27367,2,2室2厅1厨2卫,['中楼层/共11层'],南,['平层/精装'],87.7,2013,美地雅登祥吴五里,翔安,新店,1,两梯三户,2022/7/9,2015/6/3,平层,精装,2,11,2,3
983,983,房所在小区是2001年新建商品房社区。,https://xm.lianjia.com/ershoufang/105114583064.html,398,40679,1,3室1厅1厨1卫,['低楼层/共7层'],东,['简装'],97.84,1999,前埔南小区一区,思明,前埔,0,零梯零户,2023/8/21,2004/7/2,简装,,1,7,0,0
984,984,瑞景公园大三房南北通透采光视野佳,https://xm.lianjia.com/ershoufang/105116499203.html,1158,75190,0,3室2厅1厨2卫,['中楼层/共25层'],南,['平层/精装'],154.01,2009,瑞景公园,思明,瑞景,1,两梯两户,2024/3/27,2009/12/14,平层,精装,2,25,2,2
985,985,瑞景洪文BRT旁 带储物间 全明低总价3房2厅2阳台,https://xm.lianjia.com/ershoufang/105113289667.html,380,49778,0,3室2厅1厨1卫,['高楼层/共6层'],南,['平层/精装'],76.34,2003,新潘宅安置房,思明,瑞景,0,零梯零户,2023/4/8,2010/11/25,平层,精装,3,6,0,0
986,986,隧道口南部新城双阳台两房业主诚意出售,https://xm.lianjia.com/ershoufang/105107220077.html,208,27808,26,2室2厅1厨1卫,['低楼层/共32层'],东南,['平层/毛坯'],74.8,2015,阳光城翡丽湾二期,翔安,翔安新城,1,两梯六户,2021/5/4,2021/6/13,平层,毛坯,1,32,2,6
987,987,瑞景 朝南2房 采光好 安静不靠路 诚意出售,https://xm.lianjia.com/ershoufang/105115384728.html,409,52680,0,2室2厅1厨1卫,['高楼层/共6层'],南,['简装'],77.64,2000,瑞景新村祥麟苑,思明,瑞景,0,零梯零户,2023/11/20,2010/2/1,简装,,3,6,0,0
988,988,05年正规一房一厅 电梯中高层 视野佳 自住装修,https://xm.lianjia.com/ershoufang/105114687136.html,408,70285,0,1室2厅1厨1卫,['中楼层/共27层'],西北,['平层/精装'],58.05,2005,山木清华,思明,莲前,1,三梯八户,2023/9/2,2021/6/18,平层,精装,2,27,3,8
989,989,高楼层，视野无遮挡，开发商带精装。,https://xm.lianjia.com/ershoufang/105113981634.html,159.1,23539,0,2室1厅1厨1卫,['中楼层/共40层'],南,['跃层/精装'],67.59,2019,东城合院,翔安,新店,1,四梯十户,2023/6/14,2020/4/1,跃层,精装,2,40,4,10
995,995,文园公寓一期 3室1厅 南 北,https://xm.lianjia.com/ershoufang/105116271430.html,588,60625,0,3室1厅1厨1卫,['高楼层/共7层'],南,['平层/精装'],96.99,1998,文园公寓一期,思明,文园路,0,零梯零户,2024/3/7,2019/3/8,平层,精装,3,7,0,0
996,996,此房一梯两户，南北通透 ，厅带阳台 ，交通生活都方便,https://xm.lianjia.com/ershoufang/105111768193.html,626,50020,1,3室2厅1厨2卫,['低楼层/共17层'],南,['平层/简装'],125.15,2003,卧龙晓城,思明,莲前,1,两梯四户,2022/10/14,2016/12/19,平层,简装,1,17,2,4
997,997,建发品质 花园小区 一梯两户南北通透 户型方正大三房,https://xm.lianjia.com/ershoufang/105113615720.html,640,43473,0,3室2厅1厨2卫,['高楼层/共9层'],南,['平层/简装'],147.22,1997,建发花园,思明,火车站,0,零梯零户,2023/5/9,2010/11/1,平层,简装,3,9,0,0
998,998,采光视野好 无遮挡 别墅小区.高绿化.带前后花园。,https://xm.lianjia.com/ershoufang/105110668909.html,650,42761,4,5室2厅1厨2卫,['低楼层/共3层'],南,['复式/毛坯'],152.01,-1,东城合院,翔安,新店,1,两梯十九户,2022/6/4,2020/1/21,复式,毛坯,1,3,2,19
999,999,地铁口   精装修  满五省税   房东诚意出售。,https://xm.lianjia.com/ershoufang/105114906754.html,338,25481,0,3室1厅1厨2卫,['中楼层/共45层'],南,['平层/精装'],132.65,2017,西雅图,海沧,海沧外国语片区,1,三梯四户,2023/9/26,2018/8/21,平层,精装,2,45,3,4
1000,1000,松柏单价低！南北朝向！楼中楼！使用面积大！,https://xm.lianjia.com/ershoufang/105112854512.html,565,50591,0,3室1厅1厨2卫,['高楼层/共8层'],南,['跃层/简装'],111.68,1993,莲坂西小区,思明,莲坂,0,零梯零户,2023/3/1,2019/9/5,跃层,简装,3,8,0,0
1001,1001,吕厝地铁口，松柏，方正，电梯，采光好,https://xm.lianjia.com/ershoufang/105114997613.html,410,56288,0,2室2厅1厨1卫,['中楼层/共30层'],北,['平层/简装'],72.84,2000,宝龙中心一期,思明,莲坂,1,三梯八户,2023/10/8,2006/1/12,平层,简装,2,30,3,8
1002,1002,翔安新城 对望金门 会展观音山 世茂御海墅精装三房,https://xm.lianjia.com/ershoufang/105111635805.html,248,28588,0,3室1厅1厨1卫,['高楼层/共31层'],南,['平层/精装'],86.75,2018,世茂御海墅,翔安,翔安新城,1,两梯五户,2022/9/28,2020/5/8,平层,精装,3,31,2,5
1003,1003,景观好房来咯，湖园高层精装三房两卫,https://xm.lianjia.com/ershoufang/105114445368.html,375,42976,0,3室2厅1厨2卫,['高楼层/共33层'],南,['平层/精装'],87.26,2015,莲花新城二期,集美,集美新城,1,两梯四户,2023/8/6,2017/5/8,平层,精装,3,33,2,4
1004,1004,科技ZX翔安校区旁保利和光城悦精装1房一厅出售,https://xm.lianjia.com/ershoufang/105115112048.html,196,40622,0,1室1厅1厨1卫,['中楼层/共33层'],南,['平层/精装'],48.25,2021,保利和光城悦,翔安,翔安新城,1,三梯六户,2023/10/20,2022/8/27,平层,精装,2,33,3,6
1005,1005,室内安静，视野很远，通风采光很好,https://xm.lianjia.com/ershoufang/105113550650.html,189,20690,1,3室2厅1厨1卫,['低楼层/共42层'],西南,['平层/精装'],91.35,2020,万科广场幸福里,集美,厦门北站商业区,1,三梯五户,2023/5/3,2018/2/6,平层,精装,1,42,3,5
1006,1006,翔安南部新城，精装4房，拎包入住,https://xm.lianjia.com/ershoufang/105114391841.html,320,25057,1,4室2厅1厨2卫,['高楼层/共39层'],南,['跃层/精装'],127.71,2015,阳光城翡丽湾二期,翔安,翔安新城,1,两梯四户,2023/8/1,2016/8/5,跃层,精装,3,39,2,4
1007,1007,安静带小区 低总价 配套成熟 业主自住,https://xm.lianjia.com/ershoufang/105114768601.html,282,65719,0,1室1厅1厨1卫,['中楼层/共14层'],南,['平层/精装'],42.91,2005,金辉园,思明,富山,1,一梯八户,2023/9/10,2009/7/2,平层,精装,2,14,1,8
1008,1008,楼层好，视野宽阔，采光充足，配套设施齐全,https://xm.lianjia.com/ershoufang/105109883361.html,998,102349,5,4室2厅1厨3卫,['高楼层/共15层'],东,['平层/毛坯'],97.51,2014,新景国际外滩,湖里,五缘湾,1,两梯四户,2022/2/24,2015/6/4,平层,毛坯,3,15,2,4
1009,1009,精装小户型温馨拎包入住2房1厅1卫1厨,https://xm.lianjia.com/ershoufang/105111058493.html,249,101509,1,2室1厅1厨1卫,['低楼层/共15层'],南,['平层/精装'],24.53,2008,瑞景苑,思明,瑞景,1,两梯二十五户,2022/7/22,2020/4/8,平层,精装,1,15,2,25
1010,1010,地铁2号线 位置安静 带电梯 新装修拎包入住,https://xm.lianjia.com/ershoufang/105108397695.html,270,47561,6,1室0厅0厨0卫,['低楼层/共28层'],西,['平层/精装'],56.77,2005,振华大厦,湖里,邮轮城,1,两梯二十四户,2021/8/15,2004/12/15,平层,精装,1,28,2,24
1011,1011,莲坂高层电梯朝南，客厅落地大窗，时尚新潮，,https://xm.lianjia.com/ershoufang/105111677439.html,610,100677,0,3室1厅1厨2卫,['中楼层/共11层'],南,['平层/毛坯'],60.59,2008,城立方,思明,富山,1,两梯十八户,2022/10/4,2014/6/23,平层,毛坯,2,11,2,18
1012,1012,楼层好，配套齐全，交通方便，框架结构，得房率高..,https://xm.lianjia.com/ershoufang/105112645391.html,418,41041,1,3室2厅1厨2卫,['低楼层/共9层'],南,['平层/简装'],101.85,1996,台北新村,湖里,南山路,0,零梯零户,2023/2/13,2019/11/1,平层,简装,1,9,0,0
1013,1013,禹洲一期安静海景大三房，可以看海景啊,https://xm.lianjia.com/ershoufang/105112139263.html,406,30922,0,3室2厅1厨2卫,['中楼层/共34层'],南,['平层/精装'],131.3,2015,禹洲中央海岸一期,集美,杏林桥头,1,三梯六户,2022/11/27,2015/3/16,平层,精装,2,34,3,6
1014,1014,大平层4房  产权满五年，省个税  视野好，南北通透,https://xm.lianjia.com/ershoufang/105106320011.html,780,45202,79,4室2厅1厨2卫,['中楼层/共5层'],南,['平层/精装'],172.56,2000,龙山山庄,思明,莲前,0,零梯零户,2021/1/23,2008/8/22,平层,精装,2,5,0,0
1015,1015,集美新城 IOI世茂综合旁 沿湖而居 精装修三房,https://xm.lianjia.com/ershoufang/105111066785.html,450,43826,1,3室2厅1厨2卫,['低楼层/共34层'],南,['跃层/精装'],102.68,-1,世茂璀璨天城二期,集美,集美新城,1,两梯八户,2022/7/24,2020/8/26,跃层,精装,1,34,2,8
1016,1016,电梯房公摊小 大平层三阳台只算一半面积安静全明户型,https://xm.lianjia.com/ershoufang/105114988519.html,1060,65300,0,3室2厅1厨2卫,['低楼层/共12层'],东北,['平层/简装'],162.33,1999,湖东花园,思明,槟榔,1,一梯四户,2023/10/7,2003/1/22,平层,简装,1,12,1,4
1017,1017,小洋房 客厅宽敞明亮 朝南带阳台 户型方正，环境优美,https://xm.lianjia.com/ershoufang/105113891675.html,400,29119,0,4室2厅1厨2卫,['低楼层/共8层'],南,['平层/毛坯'],137.37,2019,欣盛丰森林海,同安,环东海域,1,两梯四户,2023/6/5,2021/5/1,平层,毛坯,1,8,2,4
1018,1018,高楼层观海 三面采光 南北对流 视野开阔,https://xm.lianjia.com/ershoufang/105111368627.html,438,32945,0,3室1厅1厨2卫,['高楼层/共34层'],东南,['平层/精装'],132.95,2014,禹洲中央海岸一期,集美,杏林桥头,1,三梯六户,2022/8/29,2017/5/22,平层,精装,3,34,3,6
1019,1019,杏林桥头万科金域华府中楼层，拎包入住，配套方便,https://xm.lianjia.com/ershoufang/105116458903.html,265,32341,0,2室2厅1厨1卫,['中楼层/共17层'],南,['平层/简装'],81.94,2012,万科金域华府二期,集美,杏林桥头,1,两梯四户,2024/3/23,2023/11/14,平层,简装,2,17,2,4
1023,1023,岳阳西里 2室1厅 南 北,https://xm.lianjia.com/ershoufang/105115181553.html,330,50723,0,2室1厅1厨1卫,['中楼层/共7层'],南,['平层/简装'],65.06,1996,岳阳西里,思明,岳阳社区,0,零梯零户,2023/10/28,2002/7/31,平层,简装,2,7,0,0
1024,1024,瑞景苑 1室0厅 南,https://xm.lianjia.com/ershoufang/105114417618.html,216,78603,0,1室0厅1厨1卫,['中楼层/共15层'],南,['平层/精装'],27.48,2008,瑞景苑,思明,瑞景,1,两梯二十五户,2023/8/3,2021/8/25,平层,精装,2,15,2,25
1025,1025,业主诚心出售，此房采光充足，视野开阔,https://xm.lianjia.com/ershoufang/105112603489.html,100,26512,0,1室1厅1厨1卫,['高楼层/共7层'],东南,['平层/简装'],37.72,2005,未来橙堡,海沧,海沧体育中心,0,零梯零户,2023/2/9,2020/2/10,平层,简装,3,7,0,0
1026,1026,福满山庄  中间楼层  朝南 靠小区中庭  可拎包入住,https://xm.lianjia.com/ershoufang/105111732344.html,460,61146,2,2室1厅1厨1卫,['低楼层/共12层'],南,['平层/精装'],75.23,2005,福满山庄,思明,瑞景,1,一梯四户,2022/10/11,2007/6/4,平层,精装,1,12,1,4
1027,1027,住宅莲花国际位于集美新城区，交通便利.,https://xm.lianjia.com/ershoufang/105109743071.html,89,20214,13,2室1厅1厨1卫,['中楼层/共7层'],西北,['复式/简装'],44.03,2015,住宅莲花国际,集美,集美新城,1,四梯七十四户,2022/2/9,2017/12/28,复式,简装,2,7,4,74
1028,1028,莲花新城三期 三房两卫 自住精装拎包入住 1号线地铁口,https://xm.lianjia.com/ershoufang/105112962274.html,408,34547,0,3室2厅1厨2卫,['低楼层/共33层'],南,['平层/精装'],118.1,2017,莲花新城三期,集美,集美新城,1,两梯四户,2023/3/10,2017/9/28,平层,精装,1,33,2,4
1029,1029,火车站万象城旁富城花园地铁BRT交通方便,https://xm.lianjia.com/ershoufang/105112075503.html,668,69331,0,3室2厅1厨2卫,['中楼层/共11层'],南,['简装'],96.35,2002,富城花园,思明,富山,1,一梯三户,2022/11/19,2015/5/12,简装,,2,11,1,3
1030,1030,南北通透格局，好楼层，采光充足，交通便利,https://xm.lianjia.com/ershoufang/105113085922.html,650,64613,0,2室2厅1厨1卫,['中楼层/共7层'],南,['平层/简装'],100.6,1999,翠湖公寓,思明,松柏,0,零梯零户,2023/3/21,2001/8/8,平层,简装,2,7,0,0
1031,1031,别墅旁靠山安静 看中庭 ，东南北采光好， 全明三房,https://xm.lianjia.com/ershoufang/105113733046.html,498,53468,0,3室1厅1厨1卫,['中楼层/共7层'],东,['平层/精装'],93.14,2000,和旭里小区,湖里,东渡,0,零梯零户,2023/5/20,2008/12/10,平层,精装,2,7,0,0
1032,1032,电梯大三房，看山视野开阔， 东南户型好,https://xm.lianjia.com/ershoufang/105113816911.html,716,51272,0,3室2厅1厨2卫,['中楼层/共27层'],东南,['平层/精装'],139.65,2006,仙岳海景大厦,思明,岳阳社区,1,三梯八户,2023/5/28,2013/1/29,平层,精装,2,27,3,8
1034,1034,此房满两年，电梯房，精装修，拎包入住,https://xm.lianjia.com/ershoufang/105116044302.html,196,76235,0,1室0厅1厨1卫,['中楼层/共15层'],北,['平层/精装'],25.71,2008,瑞景苑,思明,瑞景,1,两梯二十五户,2024/2/18,2021/4/13,平层,精装,2,15,2,25
1035,1035,金尚 小区正规三房 一梯两户 全明 户型 看房提前约,https://xm.lianjia.com/ershoufang/105111541652.html,400,46004,1,3室2厅1厨1卫,['高楼层/共7层'],南,['平层/简装'],86.95,1998,金尚小区,湖里,金尚,0,零梯零户,2022/9/18,2015/4/22,平层,简装,3,7,0,0
1036,1036,老市区，万象城旁边，地铁口就在楼下,https://xm.lianjia.com/ershoufang/105108069539.html,400,86976,0,1室1厅1厨1卫,['高楼层/共18层'],北,['平层/简装'],45.99,2004,金领广场,思明,富山,1,两梯五户,2021/7/22,2009/8/7,平层,简装,3,18,2,5
1037,1037,瑞景福满山庄 楼中楼 高层 产权在手 南北通透,https://xm.lianjia.com/ershoufang/105109327376.html,1050,48479,8,5室2厅1厨3卫,['高楼层/共17层'],南,['平层/毛坯'],216.59,2005,福满山庄,思明,瑞景,1,两梯四户,2021/11/25,2010/4/28,平层,毛坯,3,17,2,4
1038,1038,电梯高层 楼层采光好，视野宽阔，海景房,https://xm.lianjia.com/ershoufang/105112611426.html,298,32748,1,2室2厅1厨1卫,['中楼层/共37层'],东南,['平层/精装'],91,2015,禹洲中央海岸一期,集美,杏林桥头,1,三梯六户,2023/2/10,2019/3/18,平层,精装,2,37,3,6
1039,1039,急售 精装自住三房，价格可谈 看房方便,https://xm.lianjia.com/ershoufang/105112123555.html,315,32512,1,3室2厅1厨1卫,['高楼层/共32层'],南,['平层/精装'],96.89,2013,海上五月花一期,集美,集美其它,1,两梯四户,2022/11/25,2022/8/27,平层,精装,3,32,2,4
1040,1040,环东海域，地铁口看海精装两房，套内使用面积大,https://xm.lianjia.com/ershoufang/105115292745.html,138,23292,0,2室1厅1厨1卫,['中楼层/共17层'],南,['平层/精装'],59.25,2015,长荣花园,同安,环东海域,1,两梯四户,2023/11/9,2019/3/11,平层,精装,2,17,2,4
1042,1042,万科金域华府二期朝南 通透两房,https://xm.lianjia.com/ershoufang/105109954095.html,271,32007,10,2室1厅1厨1卫,['低楼层/共17层'],东南,['平层/精装'],84.67,2015,万科金域华府二期,集美,杏林桥头,1,两梯四户,2022/3/4,2013/12/23,平层,精装,1,17,2,4
1043,1043,福满山庄 厅带阳台朝南 格局方正 采光好 通透性强,https://xm.lianjia.com/ershoufang/105108239186.html,358,55625,56,2室1厅1厨1卫,['低楼层/共17层'],南,['跃层/简装'],64.36,2004,福满山庄,思明,瑞景,1,两梯两户,2021/8/4,2012/9/29,跃层,简装,1,17,2,2
1044,1044,采光好， 看小区中庭 动静分离 世茂品质 世茂物业,https://xm.lianjia.com/ershoufang/105107178412.html,218,37743,1,1室0厅1厨1卫,['高楼层/共9层'],西,['平层/简装'],57.76,2014,世茂湖滨首府B区,湖里,湖边水库,1,两梯二十三户,2021/4/29,2017/7/10,平层,简装,3,9,2,23
1045,1045,瑞景洪文BRT旁电梯高层精装1房,https://xm.lianjia.com/ershoufang/105112546407.html,215,63610,0,1室0厅0厨1卫,['高楼层/共15层'],东,['平层/精装'],33.8,2008,瑞景苑,思明,瑞景,1,两梯二十五户,2023/2/4,2021/4/1,平层,精装,3,15,2,25
1046,1046,正地铁口，繁华地段，户型方正，繁华地段交通生活便利,https://xm.lianjia.com/ershoufang/105109833434.html,165,33462,5,1室1厅1厨1卫,['中楼层/共7层'],南,['错层/精装'],49.31,2000,大金门花园,海沧,海沧生活区,0,零梯零户,2022/2/19,2010/4/28,错层,精装,2,7,0,0
1047,1047,产权满5，视野开阔，业主自住精装拎包入住,https://xm.lianjia.com/ershoufang/105111229211.html,1060,118185,1,3室2厅1厨3卫,['低楼层/共16层'],东南,['跃层/精装'],89.69,2010,源昌鑫海湾,湖里,五缘湾,1,两梯三户,2022/8/13,2014/6/6,跃层,精装,1,16,2,3
1049,1049,一梯两户，两房朝南，户型方正，拎包入住,https://xm.lianjia.com/ershoufang/105107554155.html,400,64642,9,2室1厅1厨1卫,['高楼层/共7层'],南,['精装'],61.88,1993,屿后里小区一区,思明,松柏,0,零梯零户,2021/6/7,2017/3/27,精装,,3,7,0,0
1050,1050,集美新城，地铁口大三房，临湖环境好，交通便利,https://xm.lianjia.com/ershoufang/105110640543.html,456,33813,0,3室2厅1厨2卫,['低楼层/共33层'],东南,['平层/简装'],134.86,2017,莲花新城三期,集美,集美新城,1,两梯四户,2022/5/31,2019/5/22,平层,简装,1,33,2,4
1053,1053,富山繁华地段封闭式带游泳池小区南北通透南北阳台,https://xm.lianjia.com/ershoufang/105109850687.html,465,59441,2,2室1厅1厨1卫,['低楼层/共7层'],南,['平层/精装'],78.23,2000,富山花园罗马假日,思明,富山,0,零梯零户,2022/2/21,2006/5/10,平层,精装,1,7,0,0
1054,1054,体育路 框架2房 南北对流 采光好通风户型,https://xm.lianjia.com/ershoufang/105107323215.html,486,66285,22,2室2厅1厨1卫,['中楼层/共7层'],南,['平层/简装'],73.32,1995,艺盛花园,思明,体育中心,0,零梯零户,2021/5/15,2019/8/2,平层,简装,2,7,0,0
1055,1055,松柏正规两房朝南带阳台 出售！,https://xm.lianjia.com/ershoufang/105112741229.html,427,66130,0,2室1厅1厨1卫,['高楼层/共8层'],南,['平层/简装'],64.57,2009,特运松柏文明小区,思明,体育中心,0,零梯零户,2023/2/20,2001/9/27,平层,简装,3,8,0,0
1056,1056,环东海域精装四房  可伶包入住,https://xm.lianjia.com/ershoufang/105114049579.html,235,24523,0,4室2厅1厨1卫,['中楼层/共18层'],南,['错层/精装'],95.83,2012,禹洲大学城,同安,集美其它,1,两梯四户,2023/6/22,2018/3/7,错层,精装,2,18,2,4
1059,1059,瑞景片区，边套精装一房一厅出售，三面采光,https://xm.lianjia.com/ershoufang/105106800282.html,286,90421,31,1室1厅1厨1卫,['中楼层/共15层'],东,['平层/精装'],31.63,2008,瑞景苑,思明,瑞景,1,两梯二十五户,2021/3/28,2016/5/12,平层,精装,2,15,2,25
1060,1060,大三房厅带阳台朝南，户型好全明结构,https://xm.lianjia.com/ershoufang/105113533369.html,239,19278,2,3室2厅1厨2卫,['高楼层/共27层'],南,['平层/简装'],123.98,2014,首开领翔国际,翔安,新店,1,两梯三户,2023/4/30,2015/6/12,平层,简装,3,27,2,3
1061,1061,3房户型方正 采光无遮挡 视野好,https://xm.lianjia.com/ershoufang/105110248673.html,218,22994,0,3室2厅1厨1卫,['中楼层/共49层'],东南,['平层/精装'],94.81,2017,万科广场幸福里,集美,厦门北站商业区,1,三梯五户,2022/4/10,2018/5/22,平层,精装,2,49,3,5
1062,1062,精装3房 保养好 万科物业 交通便利,https://xm.lianjia.com/ershoufang/105113258213.html,208,21724,0,3室2厅1厨1卫,['低楼层/共49层'],东南,['平层/精装'],95.75,2017,万科广场幸福里,集美,厦门北站商业区,1,三梯五户,2023/4/5,2018/7/4,平层,精装,1,49,3,5
1063,1063,翔安隧道口，花园别墅 奥特莱斯 澳头特色小镇,https://xm.lianjia.com/ershoufang/105112179051.html,1030,59538,0,5室2厅1厨3卫,['低楼层/共3层'],东,['复式/毛坯'],173,2016,世茂御海墅,翔安,翔安新城,0,零梯零户,2022/12/2,2019/4/2,复式,毛坯,1,3,0,0
1064,1064,国际邮轮城二期高档小区，精装一房，视野开阔,https://xm.lianjia.com/ershoufang/105110235104.html,502,71015,8,1室1厅1厨1卫,['低楼层/共30层'],西南,['平层/精装'],70.69,2011,国际邮轮城二期,湖里,邮轮城,1,两梯四户,2022/4/8,2019/7/9,平层,精装,1,30,2,4
1066,1066,满五年   低税费 客厅带阳台朝南,https://xm.lianjia.com/ershoufang/105110711077.html,586,55159,9,3室2厅1厨1卫,['低楼层/共12层'],南,['平层/简装'],106.24,2005,福满山庄,思明,瑞景,1,一梯三户,2022/6/10,2007/3/9,平层,简装,1,12,1,3
1067,1067,朝南大阳台 正面全海景 双主卧设计 中骏模范社区,https://xm.lianjia.com/ershoufang/105114951627.html,860,50184,0,3室2厅1厨3卫,['中楼层/共18层'],东南,['平层/简装'],171.37,2008,中骏蓝湾半岛,海沧,滨海社区,1,两梯四户,2023/10/3,2023/3/2,平层,简装,2,18,2,4
1068,1068,滨海上城 单身公寓 看部分海景,https://xm.lianjia.com/ershoufang/105113397975.html,270,54579,0,1室1厅1厨1卫,['高楼层/共30层'],东,['平层/简装'],49.47,2009,泉舜滨海上城,海沧,滨海社区,1,两梯六户,2023/4/17,2018/4/4,平层,简装,3,30,2,6
1069,1069,融信海上城,https://xm.lianjia.com/ershoufang/105115887623.html,92,20445,0,2室2厅1厨1卫,['中楼层/共26层'],东南,['跃层/精装'],45,2016,融信海上城,海沧,滨海社区,1,六梯三十四户,2024/1/17,2017/3/3,跃层,精装,2,26,6,34
1070,1070,3号楼朝东看海看中庭安静 开发商精装,https://xm.lianjia.com/ershoufang/105114611174.html,87,19334,0,2室2厅1厨1卫,['低楼层/共26层'],南,['跃层/精装'],45,2016,融信海上城,海沧,滨海社区,1,六梯三十四户,2023/8/25,2018/4/5,跃层,精装,1,26,6,34
1071,1071,精装 温馨舒适 采光好 双十旁 户型方正 绿苑新城,https://xm.lianjia.com/ershoufang/105114128261.html,369,42748,2,2室2厅1厨2卫,['低楼层/共18层'],南,['平层/精装'],86.32,2011,绿苑新城一组团,海沧,滨海社区,1,两梯四户,2023/7/1,2019/1/1,平层,精装,1,18,2,4
1072,1072,禾祥西中山医院地铁口外国语禾祥小大2房建发花园小区,https://xm.lianjia.com/ershoufang/105113819632.html,550,67172,1,2室1厅1厨1卫,['低楼层/共6层'],东,['平层/精装'],81.88,2000,汇禾新城,思明,禾祥西路,0,零梯零户,2023/5/29,2023/5/31,平层,精装,1,6,0,0
1073,1073,房屋产权满二 省5.3%增值税 朝南采光充足,https://xm.lianjia.com/ershoufang/105114721672.html,215,34667,0,2室1厅1厨1卫,['高楼层/共17层'],北,['平层/精装'],62.02,2013,滨水二里,集美,集美新城,1,两梯四户,2023/9/5,2019/7/18,平层,精装,3,17,2,4
1074,1074,此房满五，洋房采光好，高层视野不错的,https://xm.lianjia.com/ershoufang/105114082299.html,200,38396,0,1室1厅1厨1卫,['中楼层/共11层'],南,['平层/精装'],52.09,2008,未来海岸蓝月湾二期,海沧,未来海岸北师大,0,零梯零户,2023/6/26,2016/1/20,平层,精装,2,11,0,0
1075,1075,三房双卫，朝南客厅带阳台，满五年省税费,https://xm.lianjia.com/ershoufang/105110563663.html,200,19380,11,3室2厅1厨2卫,['低楼层/共35层'],南,['平层/精装'],103.2,2012,禹洲大学城,同安,集美其它,1,三梯十户,2022/5/20,2015/6/8,平层,精装,1,35,3,10
1076,1076,48.84平 朝东面 公园就在门口,https://xm.lianjia.com/ershoufang/105114258236.html,93,19042,0,2室1厅1厨1卫,['低楼层/共26层'],东,['跃层/精装'],48.84,2016,融信海上城,海沧,滨海社区,1,六梯三十六户,2023/7/16,2017/9/27,跃层,精装,1,26,6,36
1077,1077,文园公寓二期 电梯房 空户满五* 停车方便 产权在手,https://xm.lianjia.com/ershoufang/105107338634.html,600,72255,6,2室2厅1厨1卫,['中楼层/共11层'],南,['平层/精装'],83.04,2002,文园公寓二期,思明,文园路,1,两梯六户,2021/5/16,2005/8/1,平层,精装,2,11,2,6
1078,1078,地铁口楼中楼片区延奎实用面积大适合大家庭居住,https://xm.lianjia.com/ershoufang/105111823870.html,395,27567,1,5室2厅1厨2卫,['高楼层/共6层'],南,['跃层/精装'],143.29,2004,湖景华庭,海沧,海沧生活区,0,零梯零户,2022/10/21,2007/9/17,跃层,精装,3,6,0,0
1079,1079,近地铁临延奎房子阳光足，户型方正，小区安静，,https://xm.lianjia.com/ershoufang/105115798580.html,155,29257,0,1室1厅1厨1卫,['高楼层/共6层'],南,['平层/简装'],52.98,2004,长欣花园,海沧,海沧生活区,0,零梯零户,2024/1/7,2019/2/18,平层,简装,3,6,0,0
1080,1080,此房满两年，客厅带阳台朝南，全明结构,https://xm.lianjia.com/ershoufang/105113661794.html,205,23246,1,2室2厅1厨1卫,['中楼层/共26层'],南,['平层/精装'],88.19,2014,首开领翔国际,翔安,新店,1,两梯三户,2023/5/13,2018/7/19,平层,精装,2,26,2,3
1081,1081,集美新城 世茂IOI万科里商圈  精装三房 BRT地铁,https://xm.lianjia.com/ershoufang/105113648017.html,365,28454,0,3室2厅1厨2卫,['低楼层/共33层'],南,['平层/精装'],128.28,2013,莲花尚院,集美,集美新城,1,两梯四户,2023/5/12,2011/12/5,平层,精装,1,33,2,4
1082,1082,火车站旁地铁口，08年电梯高层小2房  满5,https://xm.lianjia.com/ershoufang/105113656286.html,309,57974,0,2室1厅1厨1卫,['中楼层/共49层'],东,['平层/精装'],53.3,2008,禹洲世贸商城思明,思明,火车站,1,五梯二十六户,2023/5/12,2016/11/4,平层,精装,2,49,5,26
1083,1083,高楼看海，边套户型。采光好，视野无遮挡,https://xm.lianjia.com/ershoufang/105108642458.html,440,42815,5,3室2厅1厨2卫,['高楼层/共11层'],南,['复式/简装'],102.77,2006,古龙明珠,集美,集美文教区,1,一梯四户,2021/9/4,2009/3/6,复式,简装,3,11,1,4
1084,1084,生活区南北通透两房！生活便利！方正格局！,https://xm.lianjia.com/ershoufang/105107373118.html,214.6,27609,92,2室1厅1厨1卫,['低楼层/共6层'],南,['平层/简装'],77.73,2000,水务宿舍,海沧,海沧生活区,0,零梯零户,2021/5/20,2006/7/30,平层,简装,1,6,0,0
1085,1085,有花园的正规两房 出门就是地铁 交通便利业主诚意出售,https://xm.lianjia.com/ershoufang/105112529476.html,229,30267,1,2室1厅1厨1卫,['低楼层/共7层'],南,['平层/精装'],75.66,2001,大金门花园,海沧,海沧生活区,0,零梯零户,2023/2/3,2015/2/7,平层,精装,1,7,0,0
1086,1086,花园小区 ，大厨房，看小区中庭泳池,https://xm.lianjia.com/ershoufang/105110888931.html,560,68687,8,2室1厅1厨2卫,['低楼层/共10层'],东,['平层/简装'],81.53,2003,牡丹园,思明,松柏,0,零梯零户,2022/7/2,2004/11/1,平层,简装,1,10,0,0
1087,1087,地铁口 金鸿花园 户型漂亮 满五省税 诚意出售,https://xm.lianjia.com/ershoufang/105115557380.html,498,45117,0,3室2厅1厨2卫,['低楼层/共6层'],南,['平层/简装'],110.38,2000,金鸿花园,湖里,金尚,0,零梯零户,2023/12/8,2009/8/17,平层,简装,1,6,0,0
1088,1088,建发品质 二次 精装修 直接拎包入住 视野无遮挡,https://xm.lianjia.com/ershoufang/105113110534.html,468,49661,1,3室2厅1厨1卫,['低楼层/共39层'],南,['平层/精装'],94.24,2020,建发央著一期,集美,集美新城,1,两梯四户,2023/3/23,2022/3/25,平层,精装,1,39,2,4
1089,1089,建达花园，04年小区，电梯房，精装修。一房一厅,https://xm.lianjia.com/ershoufang/105113221565.html,380,71416,0,1室1厅1厨1卫,['中楼层/共26层'],西南,['平层/精装'],53.21,2004,建达花园,思明,文灶,1,两梯七户,2023/4/1,2017/6/5,平层,精装,2,26,2,7
1090,1090,厦门软件园三期万达旁纯别墅大花园,https://xm.lianjia.com/ershoufang/105111368903.html,918,66144,1,5室3厅1厨4卫,['低楼层/共3层'],东南,['复式/毛坯'],138.79,2018,龙湖原著,集美,灌口,0,零梯零户,2022/8/29,2020/2/28,复式,毛坯,1,3,0,0
1091,1091,天湖城  地铁口 湖海双景高楼层 外凸阳台 有意境 新装,https://xm.lianjia.com/ershoufang/105115492821.html,458,33969,0,3室2厅1厨2卫,['高楼层/共33层'],东南,['平层/精装'],134.83,2012,天湖城,海沧,海沧区政府,1,两梯四户,2023/12/2,2022/1/26,平层,精装,3,33,2,4
1092,1092,楼中楼，三面采光，100多平露台，带使用权车位，,https://xm.lianjia.com/ershoufang/105113024393.html,1128,53273,0,5室3厅1厨4卫,['中楼层/共8层'],南,['复式/精装'],211.74,2002,大唐世家二期,湖里,大唐世家,0,零梯零户,2023/3/15,2019/4/18,复式,精装,2,8,0,0
1093,1093,未来橙堡南北通透小户型楼层好业主诚售,https://xm.lianjia.com/ershoufang/105115288128.html,86,28581,0,1室0厅1厨1卫,['中楼层/共5层'],南,['平层/简装'],30.09,2006,未来橙堡,海沧,海沧体育中心,0,零梯零户,2023/11/9,2023/11/9,平层,简装,2,5,0,0
1094,1094,框架电梯大两房 全明户型 厅带阳台朝南 地铁口,https://xm.lianjia.com/ershoufang/105116347987.html,388,52102,0,2室2厅1厨1卫,['中楼层/共8层'],东,['平层/简装'],74.47,1998,金尚小区,湖里,金尚,1,一梯两户,2024/3/14,2023/4/17,平层,简装,2,8,1,2
1095,1095,此户型阳台朝南，一梯两户，近中庭和地铁,https://xm.lianjia.com/ershoufang/105113976177.html,350,48470,0,2室2厅1厨1卫,['中楼层/共7层'],南,['平层/简装'],72.21,1999,金尚小区,湖里,金尚,0,零梯零户,2023/6/13,2021/5/21,平层,简装,2,7,0,0
1096,1096,集美文教区  采光好格局方正 低公摊  居家优选房,https://xm.lianjia.com/ershoufang/105106964308.html,530,37621,11,3室2厅1厨2卫,['中楼层/共11层'],南,['平层/简装'],140.88,2009,天鹅美苑,集美,集美文教区,1,一梯两户,2021/4/12,2011/4/12,平层,简装,2,11,1,2
1097,1097,地铁口朝南大两房，户型方正采光好,https://xm.lianjia.com/ershoufang/105110323589.html,565,59144,5,2室1厅1厨2卫,['低楼层/共32层'],南,['平层/简装'],95.53,2001,宝龙中心二期,思明,莲坂,1,三梯六户,2022/4/19,2016/4/29,平层,简装,1,32,3,6
1098,1098,赣商海领馆,https://xm.lianjia.com/ershoufang/105115730429.html,91,14215,0,1室1厅1厨1卫,['高楼层/共9层'],南,['平层/毛坯'],64.02,2017,赣商海领馆,湖里,机场区,1,两梯三十二户,2023/12/30,2023/11/29,平层,毛坯,3,9,2,32
1099,1099,蓝水郡高层精装修可拎包入住，产权満五省税，看房方便,https://xm.lianjia.com/ershoufang/105115039687.html,346,31113,1,3室2厅1厨2卫,['中楼层/共18层'],南,['平层/精装'],111.21,2008,未来海岸蓝水郡,海沧,海沧体育中心,1,两梯四户,2023/10/13,2009/11/13,平层,精装,2,18,2,4
1100,1100,采光好，全明格局，朝南户型，视野开阔，看中庭。,https://xm.lianjia.com/ershoufang/105114037752.html,476,38823,1,3室2厅1厨2卫,['低楼层/共23层'],南,['平层/精装'],122.61,2010,天心岛,海沧,滨海社区,1,两梯两户,2023/6/20,2016/8/22,平层,精装,1,23,2,2
1101,1101,一梯二户，南北通透户型，采光充足。,https://xm.lianjia.com/ershoufang/105112505580.html,295,24658,1,3室1厅1厨2卫,['中楼层/共6层'],南,['平层/精装'],119.64,2005,泉舜星园美第,海沧,未来海岸北师大,0,零梯零户,2023/2/1,2016/7/21,平层,精装,2,6,0,0
1102,1102,联发品质 电梯三房 三面采光 视野好 位置好 诚售,https://xm.lianjia.com/ershoufang/105114712531.html,463,44674,0,3室2厅1厨1卫,['中楼层/共7层'],南,['平层/简装'],103.64,2000,太微花园,湖里,金尚,1,一梯三户,2023/9/5,2000/12/28,平层,简装,2,7,1,3
1103,1103,落地窗 采光好 位置好  交通方便,https://xm.lianjia.com/ershoufang/105114825968.html,69.9,22086,0,1室0厅1厨1卫,['中楼层/共11层'],北,['复式/精装'],31.65,2012,永建顶尚,湖里,枋湖,1,两梯十八户,2023/9/17,2015/4/8,复式,精装,2,11,2,18
1104,1104,二期全海景大三房  永恒的海景视野  满五*税费低,https://xm.lianjia.com/ershoufang/105104065167.html,438,34254,18,3室2厅1厨2卫,['高楼层/共30层'],东南,['平层/毛坯'],127.87,2007,未来海岸蓝月湾二期,海沧,未来海岸北师大,1,两梯四户,2020/4/11,2015/3/17,平层,毛坯,3,30,2,4
1106,1106,业主诚售绿苑小区方正格局一房一厅 采光充足 居家选择,https://xm.lianjia.com/ershoufang/105113538801.html,180,34008,0,1室1厅1厨1卫,['低楼层/共17层'],东南,['平层/精装'],52.93,2007,绿苑小区一期,海沧,滨海社区,1,两梯六户,2023/5/1,2019/11/19,平层,精装,1,17,2,6
1107,1107,大2房 厅带阳台 钢混结构 产权满五年 看房方便,https://xm.lianjia.com/ershoufang/105114608438.html,390,44828,0,2室2厅1厨1卫,['中楼层/共9层'],南,['平层/简装'],87,1999,明发花园一期,思明,前埔,0,零梯零户,2023/8/24,2000/9/20,平层,简装,2,9,0,0
1109,1109,万科精装朝南户型  保养很好  拎包入住,https://xm.lianjia.com/ershoufang/105114965413.html,248,28774,0,2室1厅1厨1卫,['低楼层/共42层'],东南,['平层/精装'],86.19,2014,万科金域华府二期,集美,杏林桥头,1,三梯五户,2023/10/5,2017/4/21,平层,精装,1,42,3,5
1110,1110,客厅带阳台 ，南北通透 带一个储藏间 精装,https://xm.lianjia.com/ershoufang/105107092662.html,475,51319,13,2室1厅1厨2卫,['低楼层/共7层'],南,['平层/精装'],92.56,2000,联丰商城,思明,瑞景,1,一梯四户,2021/4/22,2017/4/10,平层,精装,1,7,1,4
1112,1112,业主自住装修，通透户型，明厨明卫，楼层好，边套,https://xm.lianjia.com/ershoufang/105114949226.html,315,27337,0,3室2厅1厨2卫,['中楼层/共18层'],南,['平层/精装'],115.23,2008,水岸名筑,海沧,海沧体育中心,1,两梯三户,2023/10/2,2011/8/5,平层,精装,2,18,2,3
1113,1113,BRT 湾悦城旁 精装复式楼 带车位出售,https://xm.lianjia.com/ershoufang/105109822669.html,80,26909,4,1室1厅1厨1卫,['中楼层/共24层'],东,['平层/精装'],29.73,2015,大唐五缘yoho,湖里,五缘湾,1,四梯三十六户,2022/2/18,2017/5/9,平层,精装,2,24,4,36
1114,1114,泰地海西中心,https://xm.lianjia.com/ershoufang/105116595996.html,270,19613,0,3室2厅1厨2卫,['低楼层/共30层'],东南,['平层/精装'],137.67,2015,泰地海西中心,海沧,海沧区政府,1,两梯四户,2024/4/6,2018/8/31,平层,精装,1,30,2,4
1115,1115,文化大厦户型方正 一房改两房  朝南,https://xm.lianjia.com/ershoufang/105111356611.html,300,73620,0,2室1厅1厨1卫,['高楼层/共31层'],东南,['平层/简装'],40.75,2007,国际文化大厦,思明,莲坂,1,两梯十八户,2022/8/28,2016/7/8,平层,简装,3,31,2,18
1116,1116,近地铁  10年精装电梯2房 总价低 省优延奎,https://xm.lianjia.com/ershoufang/105116594177.html,180,30535,0,2室1厅1厨1卫,['低楼层/共32层'],西南,['平层/精装'],58.95,2013,海银大厦,海沧,海沧生活区,1,三梯十一户,2024/4/6,2024/4/16,平层,精装,1,32,3,11
1122,1122,金海湾 大两房  满五年 朝南向 交通便利,https://xm.lianjia.com/ershoufang/105111022794.html,283,28976,1,2室2厅1厨2卫,['低楼层/共24层'],西南,['平层/精装'],97.67,2010,金海湾,集美,杏林桥头,1,两梯五户,2022/7/18,2015/4/30,平层,精装,1,24,2,5
1123,1123,隧道口朝南双阳台边套两房，高层采光通风俱佳好房,https://xm.lianjia.com/ershoufang/105110331293.html,242,27826,3,2室1厅1厨1卫,['高楼层/共18层'],东南,['平层/简装'],86.97,2014,明发半岛祥湾B区,翔安,翔安新城,1,两梯三户,2022/4/19,2017/8/17,平层,简装,3,18,2,3
1124,1124,一线海景房。万科2房2阳台 前后通透，采光视野好,https://xm.lianjia.com/ershoufang/105116470433.html,268,32193,0,2室1厅1厨1卫,['高楼层/共47层'],南,['平层/精装'],83.25,2015,万科金域华府二期,集美,杏林桥头,1,四梯六户,2024/3/25,2019/3/14,平层,精装,3,47,4,6
1125,1125,高层毛坯格局方正，房东诚意出售，位置安静，看湖景,https://xm.lianjia.com/ershoufang/105111339272.html,747,52440,2,3室2厅1厨2卫,['高楼层/共32层'],南,['平层/毛坯'],142.45,2019,莲花首岸和院,集美,集美新城,1,两梯四户,2022/8/26,2020/10/23,平层,毛坯,3,32,2,4
1126,1126,家具家电齐全，通风好采光足，可看湖景，直接拎包.,https://xm.lianjia.com/ershoufang/105115908084.html,450,36714,0,3室2厅1厨2卫,['中楼层/共8层'],东,['平层/精装'],122.57,2014,水晶湖郡A区,集美,集美新城,1,两梯两户,2024/1/19,2018/7/9,平层,精装,2,8,2,2
1127,1127,标准楼中楼，教育家门口，挑高6米，离岛内近,https://xm.lianjia.com/ershoufang/105110430157.html,968,55214,1,5室2厅1厨2卫,['高楼层/共43层'],南,['平层/毛坯'],175.32,2017,融侨观邸,海沧,马銮湾东,1,两梯一户,2022/5/2,2019/9/16,平层,毛坯,3,43,2,1
1128,1128,翔安隧道口新会展奥体旁，交通便利进岛快！,https://xm.lianjia.com/ershoufang/105114532791.html,268,27958,0,3室2厅1厨1卫,['中楼层/共31层'],南,['平层/精装'],95.86,2015,阳光城翡丽湾二期,翔安,翔安新城,1,两梯六户,2023/8/16,2018/7/30,平层,精装,2,31,2,6
1129,1129,建发品质 中式风格 小区自带苏州园林式花园,https://xm.lianjia.com/ershoufang/105113163335.html,422,52843,0,2室2厅1厨1卫,['低楼层/共33层'],东南,['平层/精装'],79.86,2020,建发央著二期,集美,集美新城,1,两梯四户,2023/3/27,2022/2/11,平层,精装,1,33,2,4
1130,1130,水晶湖郡 精装修 可拎包入住 业主诚意出售,https://xm.lianjia.com/ershoufang/105110567492.html,350,40505,5,2室1厅1厨1卫,['高楼层/共25层'],东,['平层/精装'],86.41,2014,水晶湖郡A区,集美,集美新城,1,两梯四户,2022/5/21,2018/6/22,平层,精装,3,25,2,4
1131,1131,新出好房 怡祥佳苑 改造小区环境好 空户 看房方便,https://xm.lianjia.com/ershoufang/105111237857.html,500,71902,0,2室2厅1厨1卫,['高楼层/共6层'],南,['平层/简装'],69.54,1986,阳台山路,思明,文园路,0,零梯零户,2022/8/14,2018/6/20,平层,简装,3,6,0,0
1132,1132,水晶湖郡双拼别墅 沿湖一排看湖,https://xm.lianjia.com/ershoufang/105109608896.html,3050,82942,4,7室3厅1厨6卫,['低楼层/共3层'],南,['跃层/简装'],367.73,2015,住宅·水晶湖郡,集美,集美新城,0,零梯零户,2022/1/4,2019/8/29,跃层,简装,1,3,0,0
1133,1133,新出好房 文园公寓二期 满五*一  空户 诚意出售,https://xm.lianjia.com/ershoufang/105111111642.html,860,68325,1,3室2厅1厨2卫,['高楼层/共8层'],南,['平层/简装'],125.87,1998,文园公寓二期,思明,文园路,0,零梯零户,2022/7/29,2004/10/10,平层,简装,3,8,0,0
1134,1134,通透四房，低楼层位置安静，有钥匙交通方便。,https://xm.lianjia.com/ershoufang/105106488360.html,522,36591,17,4室2厅1厨2卫,['低楼层/共28层'],南,['平层/毛坯'],142.66,2014,水晶湖郡A区,集美,集美新城,1,两梯三户,2021/2/27,2016/12/31,平层,毛坯,1,28,2,3
1135,1135,地铁站禹洲新村南北边套格局采光好交通方便,https://xm.lianjia.com/ershoufang/105112211262.html,318,48498,5,2室1厅1厨1卫,['中楼层/共10层'],南,['平层/精装'],65.57,1998,禹洲新村,湖里,南山路,0,零梯零户,2022/12/6,2018/8/23,平层,精装,2,10,0,0
1136,1136,视野广阔，采光充足，交通便利 配套设施齐全,https://xm.lianjia.com/ershoufang/105107881205.html,525,41562,29,3室2厅1厨2卫,['中楼层/共28层'],南,['平层/简装'],126.32,2014,水晶湖郡A区,集美,集美新城,1,两梯三户,2021/7/7,2018/5/19,平层,简装,2,28,2,3
1137,1137,杏林桥头堡 看海无遮挡3房 客厅带大阳台 户型方正,https://xm.lianjia.com/ershoufang/105110811734.html,380,33817,2,3室2厅1厨2卫,['中楼层/共34层'],东南,['平层/精装'],112.37,2014,禹洲中央海岸一期,集美,杏林桥头,1,三梯六户,2022/6/22,2016/12/13,平层,精装,2,34,3,6
1138,1138,阳光城 一线湖景 方正视野开阔，边套三居室,https://xm.lianjia.com/ershoufang/105115024274.html,239,26636,0,3室1厅1厨1卫,['高楼层/共19层'],南,['平层/精装'],89.73,2019,阳光城文澜府,集美,灌口,1,两梯三户,2023/10/11,2021/1/15,平层,精装,3,19,2,3
1139,1139,东辉小区、业主稳定出售、寻找有元人,https://xm.lianjia.com/ershoufang/105114504496.html,305,47375,0,2室2厅1厨1卫,['中楼层/共7层'],南,['平层/简装'],64.38,-1,东辉小区,湖里,东渡,0,零梯零户,2023/8/13,1999/9/27,平层,简装,2,7,0,0
1143,1143,地铁口，看房方便，诚意卖！高层视野开阔，精装,https://xm.lianjia.com/ershoufang/105115376285.html,295,29357,0,2室2厅1厨1卫,['低楼层/共30层'],南,['平层/精装'],100.49,2017,西雅图,海沧,海沧外国语片区,1,三梯四户,2023/11/19,2018/9/20,平层,精装,1,30,3,4
1144,1144,生活区延奎500米处两房，边套采光好.,https://xm.lianjia.com/ershoufang/105105455427.html,230,26437,5,2室2厅1厨1卫,['高楼层/共8层'],南,['平层/简装'],87,2002,福裕花园,海沧,海沧生活区,0,零梯零户,2020/10/3,2003/5/21,平层,简装,3,8,0,0
1145,1145,南北通，户型方正，楼层好，业主诚意出售,https://xm.lianjia.com/ershoufang/105113752155.html,219.5,30627,0,2室1厅1厨1卫,['高楼层/共6层'],南,['平层/简装'],71.67,2000,沧二小区,海沧,海沧生活区,0,零梯零户,2023/5/22,2013/1/22,平层,简装,3,6,0,0
1148,1148,火车站 电梯楼中楼 南北通透 户型好 有LT 十佳社区,https://xm.lianjia.com/ershoufang/105116046436.html,1085,59297,0,4室2厅1厨2卫,['高楼层/共8层'],南,['跃层/简装'],182.98,2004,东坪山庄,思明,火车站,1,一梯两户,2024/2/18,2016/3/22,跃层,简装,3,8,1,2
1149,1149,荐|《独门独户》边套南北户型，高层海景房，诚意出售,https://xm.lianjia.com/ershoufang/105110194041.html,269,28391,4,3室2厅1厨2卫,['高楼层/共33层'],南,['平层/精装'],94.75,2015,阳光城翡丽湾二期,翔安,翔安新城,1,两梯六户,2022/4/2,2016/4/13,平层,精装,3,33,2,6
1150,1150,集美边套精装三房，外国语，建发品质,https://xm.lianjia.com/ershoufang/105113162817.html,500,53073,0,3室2厅1厨1卫,['低楼层/共39层'],南,['平层/精装'],94.21,2021,建发央著一期,集美,集美新城,1,两梯四户,2023/3/27,2022/2/8,平层,精装,1,39,2,4
1151,1151,莲花新城三期 高楼层 自住精装 满五,https://xm.lianjia.com/ershoufang/105115541948.html,330,35703,0,3室2厅1厨1卫,['高楼层/共33层'],东南,['平层/精装'],92.43,2017,莲花新城三期,集美,集美新城,1,两梯四户,2023/12/7,2017/10/20,平层,精装,3,33,2,4
1152,1152,集美新城，边套户型，三面采光，通透户型,https://xm.lianjia.com/ershoufang/105113180408.html,300,34192,2,2室2厅1厨1卫,['高楼层/共17层'],南,['平层/简装'],87.74,2019,莲花国际A区,集美,集美新城,1,四梯三户,2023/3/29,2020/12/17,平层,简装,3,17,4,3
1153,1153,沧翔路花园 精装修3房只要260万 方便看房子,https://xm.lianjia.com/ershoufang/105113396573.html,253,27260,0,3室1厅1厨1卫,['高楼层/共7层'],南,['平层/简装'],92.81,2000,沧翔路花园,海沧,海沧生活区,0,零梯零户,2023/4/17,2011/3/11,平层,简装,3,7,0,0
1154,1154,精装大三房 看湖海双景 距离地铁1号线园博苑站300米,https://xm.lianjia.com/ershoufang/105113210306.html,458,33160,1,4室2厅1厨1卫,['中楼层/共41层'],东,['平层/精装'],138.12,2016,禹洲中央海岸二期,集美,杏林桥头,1,三梯六户,2023/3/31,2016/1/9,平层,精装,2,41,3,6
1155,1155,精装大三房，舒适楼层，诚意出售，看房方便,https://xm.lianjia.com/ershoufang/105114418391.html,260,20616,1,3室1厅1厨2卫,['高楼层/共7层'],东南,['平层/精装'],126.12,1998,信发楼,海沧,海沧生活区,0,零梯零户,2023/8/3,2010/1/8,平层,精装,3,7,0,0
1156,1156,欣华花园，精装两房，三面采光，交通便利，视野宽阔!,https://xm.lianjia.com/ershoufang/105114770641.html,195,30484,8,2室1厅1厨1卫,['高楼层/共7层'],东,['平层/精装'],63.97,1997,欣华花园,湖里,湖里大道,0,零梯零户,2023/9/11,2020/5/13,平层,精装,3,7,0,0
1157,1157,翔安桥头，精品小区，精装三房，满二，小区环境好,https://xm.lianjia.com/ershoufang/105110945428.html,230,26636,3,3室1厅1厨1卫,['低楼层/共31层'],南,['平层/精装'],86.35,2018,世茂御海墅,翔安,翔安新城,1,两梯五户,2022/7/8,2019/7/24,平层,精装,1,31,2,5
1158,1158,美地雅登祥吴二里 1室1厅 南 北,https://xm.lianjia.com/ershoufang/105112621673.html,138,22784,0,1室1厅1厨1卫,['低楼层/共18层'],南,['平层/精装'],60.57,2009,美地雅登祥吴二里,翔安,新店,1,两梯四户,2023/2/11,2019/10/29,平层,精装,1,18,2,4
1159,1159,国企好房小区东边套优质好的户型中间楼层,https://xm.lianjia.com/ershoufang/105115799384.html,368,26352,0,3室2厅1厨2卫,['中楼层/共25层'],南,['平层/精装'],139.65,2012,美地雅登祥吴六里,翔安,新店,1,两梯两户,2024/1/7,2013/7/31,平层,精装,2,25,2,2
1160,1160,中A复式高档装修，带车位一起，高层视野宽阔,https://xm.lianjia.com/ershoufang/105107681765.html,715,43630,9,4室2厅1厨3卫,['高楼层/共31层'],南,['跃层/精装'],163.88,2015,中航城A区,集美,杏锦路,1,两梯三户,2021/6/20,2021/5/13,跃层,精装,3,31,2,3
1161,1161,福达里单身公寓 高层西南朝向 总价低 诚意卖！,https://xm.lianjia.com/ershoufang/105114925775.html,253,71814,0,1室1厅1厨1卫,['中楼层/共26层'],西南,['平层/简装'],35.23,2011,福达里,思明,七星路,1,两梯六户,2023/9/28,2018/6/8,平层,简装,2,26,2,6
1162,1162,莲坂地铁口  交通便利  小户型  封闭式花园小区,https://xm.lianjia.com/ershoufang/105109942732.html,226,71204,12,1室1厅1厨1卫,['高楼层/共11层'],北,['平层/精装'],31.74,2001,大洲新世纪广场,思明,富山,1,一梯十七户,2022/3/2,2008/12/11,平层,精装,3,11,1,17
1163,1163,BRT总站旁，3房无遮挡全明户型，小区安静宜居,https://xm.lianjia.com/ershoufang/105111091196.html,400,48333,7,3室2厅1厨1卫,['低楼层/共7层'],南,['平层/精装'],82.76,1998,前埔南区文兴东二里,思明,前埔,0,零梯零户,2022/7/27,2016/2/15,平层,精装,1,7,0,0
1164,1164,阳光城 正规三房 精装修 不看塔 诚意出售,https://xm.lianjia.com/ershoufang/105116219380.html,210,24348,0,3室2厅1厨1卫,['低楼层/共19层'],南,['平层/精装'],86.25,-1,阳光城文澜府,集美,灌口,0,零梯零户,2024/3/3,2022/1/25,平层,精装,1,19,0,0
1165,1165,业主诚意出售，看房方便随时约。配套完善，刚需自住,https://xm.lianjia.com/ershoufang/105115720594.html,255,39450,2,3室2厅1厨1卫,['中楼层/共26层'],北,['平层/精装'],64.64,2012,泉水湾二期,集美,集美其它,1,两梯六户,2023/12/28,2018/5/3,平层,精装,2,26,2,6
1166,1166,环东海域，业主诚意出售，小套低总价少公摊，得房率高,https://xm.lianjia.com/ershoufang/105110766339.html,127,24800,4,1室1厅1厨1卫,['高楼层/共34层'],西北,['平层/精装'],51.21,2011,禹洲大学城,同安,集美其它,1,三梯六户,2022/6/17,2019/5/23,平层,精装,3,34,3,6
1167,1167,古兴里，电梯中间楼层东边套明厨自住装修安静舒适,https://xm.lianjia.com/ershoufang/105115661950.html,499,45953,0,3室2厅1厨2卫,['中楼层/共17层'],西南,['平层/简装'],108.59,2000,古兴里,思明,前埔,1,两梯六户,2023/12/21,2004/1/15,平层,简装,2,17,2,6
1168,1168,海投尚书房，精装2房，交通便利，购物便捷,https://xm.lianjia.com/ershoufang/105112888355.html,188,24540,0,2室2厅1厨1卫,['高楼层/共18层'],南,['平层/精装'],76.61,2018,海投尚书房,海沧,马銮湾中心片区,1,两梯四户,2023/3/4,2019/10/14,平层,精装,3,18,2,4
1169,1169,中航城A区复试四房边套一线湖景,https://xm.lianjia.com/ershoufang/105113563255.html,780,49408,1,4室1厅1厨3卫,['中楼层/共29层'],东南,['跃层/精装'],157.87,2016,中航城A区,集美,杏锦路,1,两梯八户,2023/5/4,2020/6/12,跃层,精装,2,29,2,8
1170,1170,南北朝向格局，采光好，全明户型，满二,https://xm.lianjia.com/ershoufang/105110446160.html,330,40073,3,3室2厅1厨1卫,['高楼层/共18层'],东,['平层/精装'],82.35,2016,恒亿尚品湾（1/2/5/6期）,同安,环东海域,1,两梯四户,2022/5/4,2017/4/20,平层,精装,3,18,2,4
1171,1171,文教区产权满五 南北通透 中间楼层 采光好 户型方正,https://xm.lianjia.com/ershoufang/105116194589.html,308,39117,0,3室2厅1厨1卫,['中楼层/共8层'],南,['平层/精装'],78.74,2002,集美中心花园,集美,集美文教区,0,零梯零户,2024/3/1,2004/6/2,平层,精装,2,8,0,0
1172,1172,南部新城建发醇熟社区，地铁口，商场旁,https://xm.lianjia.com/ershoufang/105114719287.html,298,33152,2,3室2厅1厨1卫,['低楼层/共18层'],南,['平层/简装'],89.89,-1,建发翔城国际北区,翔安,翔安新城,1,两梯三户,2023/9/5,2014/12/15,平层,简装,1,18,2,3
1173,1173,一梯两户，二楼南北通透，三房户型，好楼层,https://xm.lianjia.com/ershoufang/105111409702.html,480,52197,3,3室2厅1厨1卫,['中楼层/共8层'],南,['平层/精装'],91.96,2003,文屏山庄,思明,文灶,0,零梯零户,2022/9/2,2005/11/29,平层,精装,2,8,0,0
1174,1174,此房是05年带电梯，房子是复式小两房，适合刚需客户,https://xm.lianjia.com/ershoufang/105113251751.html,260,74265,0,2室2厅1厨2卫,['中楼层/共9层'],南,['复式/精装'],35.01,2005,古龙公寓,湖里,保税区,1,一梯十六户,2023/4/4,2019/8/27,复式,精装,2,9,1,16
1175,1175,振华大厦、业主稳定出售、寻找有元人,https://xm.lianjia.com/ershoufang/105114681319.html,228,40163,0,1室1厅1厨1卫,['低楼层/共28层'],南,['平层/精装'],56.77,2003,振华大厦,湖里,邮轮城,1,两梯二十四户,2023/9/1,2004/12/15,平层,精装,1,28,2,24
1176,1176,高楼层 ，格局采光好 ，视野开阔,https://xm.lianjia.com/ershoufang/105111438091.html,253,21571,2,4室1厅1厨2卫,['中楼层/共12层'],南,['平层/毛坯'],117.29,2017,禹洲卢卡小镇,翔安,新店,1,两梯两户,2022/9/6,2019/9/5,平层,毛坯,2,12,2,2
1178,1178,精装，高层朝南两房，看海，视野无遮挡,https://xm.lianjia.com/ershoufang/105115998989.html,620,67421,0,2室1厅1厨1卫,['高楼层/共24层'],东南,['平层/精装'],91.96,2005,明发海景苑,思明,会展中心,1,两梯四户,2024/2/1,2005/5/27,平层,精装,3,24,2,4
1179,1179,联丰商城 5室2厅 南 北,https://xm.lianjia.com/ershoufang/105114640754.html,508,75349,0,5室2厅1厨2卫,['高楼层/共7层'],南,['平层/精装'],67.42,2000,联丰商城,思明,瑞景,1,一梯四户,2023/8/28,2017/8/28,平层,精装,3,7,1,4
1180,1180,非热点 空户金榜小 火车站旁 三梯八户 高层朝南视野好,https://xm.lianjia.com/ershoufang/105114659742.html,599,58508,0,3室2厅1厨1卫,['高楼层/共28层'],东,['平层/精装'],102.38,1999,银河大厦,思明,火车站,1,三梯十五户,2023/8/30,2021/1/20,平层,精装,3,28,3,15
1182,1182,朝南三房 户型方正 采光好 位置安静 产权满五年,https://xm.lianjia.com/ershoufang/105109768487.html,570,65586,2,2室2厅1厨1卫,['低楼层/共14层'],南,['平层/简装'],86.91,2012,水晶APPLE,湖里,枋湖,1,两梯四户,2022/2/12,2016/4/6,平层,简装,1,14,2,4
1184,1184,业主自住装修，通透户型，明厨明卫楼层好边套,https://xm.lianjia.com/ershoufang/105114920516.html,338,29621,0,3室2厅1厨2卫,['中楼层/共18层'],南,['平层/精装'],114.11,2008,水岸名筑,海沧,海沧体育中心,1,两梯三户,2023/9/27,2012/9/24,平层,精装,2,18,2,3
1185,1185,经典户型 3房普通装修。朝南 拎包入住,https://xm.lianjia.com/ershoufang/105114990523.html,399.6,29688,0,3室2厅1厨2卫,['低楼层/共31层'],南,['平层/精装'],134.6,2015,联发杏林湾一号三期,集美,杏林桥头,1,三梯五户,2023/10/8,2023/3/8,平层,精装,1,31,3,5
1188,1188,金尚小区 两房出售 边套户型 小区中间位置,https://xm.lianjia.com/ershoufang/105114996959.html,325,44062,0,2室1厅1厨1卫,['低楼层/共8层'],南,['平层/简装'],73.76,1999,金尚小区,湖里,金尚,0,零梯零户,2023/10/8,2020/1/8,平层,简装,1,8,0,0
1193,1193,滨海社区 精装4室 看海 拎包即住 邻校而居,https://xm.lianjia.com/ershoufang/105115697602.html,1058,54956,1,4室2厅1厨3卫,['中楼层/共32层'],南,['平层/精装'],192.52,2011,海晟维多利亚,海沧,滨海社区,1,三梯四户,2023/12/26,2013/6/7,平层,精装,2,32,3,4
1194,1194,2000年式小区 精装修两房 满5年楼层好拎包入住诚意出,https://xm.lianjia.com/ershoufang/105114196298.html,350,45520,0,2室2厅1厨1卫,['中楼层/共7层'],东北,['平层/精装'],76.89,2000,濠头村新庄园,湖里,东渡,0,零梯零户,2023/7/9,2016/3/10,平层,精装,2,7,0,0
1195,1195,集美新城双地铁诚毅学习，龙湖复式楼中楼,https://xm.lianjia.com/ershoufang/105113920053.html,376,36626,0,4室2厅1厨2卫,['高楼层/共33层'],南,['跃层/简装'],102.66,2016,龙湖春江郦城一期,集美,杏北,1,两梯六户,2023/6/8,2020/3/31,跃层,简装,3,33,2,6
1197,1197,集美新城地铁口精装三房，近软三杏林湾，沿湖环境好,https://xm.lianjia.com/ershoufang/105110360458.html,355,39920,4,3室2厅1厨1卫,['低楼层/共33层'],东南,['平层/精装'],88.93,2017,莲花新城三期,集美,集美新城,1,两梯四户,2022/4/22,2020/7/13,平层,精装,1,33,2,4
1198,1198,此房格局方正  采光通风好 带双阳台,https://xm.lianjia.com/ershoufang/105108876330.html,455,47770,23,3室1厅1厨1卫,['高楼层/共7层'],南,['平层/简装'],95.25,1999,太微花园,湖里,金尚,1,一梯两户,2021/9/28,2021/9/29,平层,简装,3,7,1,2
1199,1199,火车站  精装两房  看房方便  诚意出售,https://xm.lianjia.com/ershoufang/105113582540.html,249,56335,25,2室1厅1厨1卫,['高楼层/共6层'],南,['平层/精装'],44.2,1988,金榜铁路家园,思明,火车站,1,一梯三户,2023/5/6,2020/5/7,平层,精装,3,6,1,3
1200,1200,房东诚意卖房，此房高层视野无遮挡，湖海双景,https://xm.lianjia.com/ershoufang/105113140398.html,560,36655,1,4室2厅1厨2卫,['中楼层/共33层'],东南,['平层/精装'],152.78,2012,天湖城,海沧,海沧区政府,1,两梯四户,2023/3/25,2019/2/21,平层,精装,2,33,2,4
1201,1201,东浦路 人民 瓷厂宿舍4房 实际使用两层 低总价,https://xm.lianjia.com/ershoufang/105114913201.html,245,54192,2,4室2厅1厨2卫,['高楼层/共8层'],南,['平层/精装'],45.21,1992,瓷厂宿舍,思明,火车站,0,零梯零户,2023/9/27,2019/2/25,平层,精装,3,8,0,0
1202,1202,中海品质4房，海景 湖景饱收眼底。保养精致,https://xm.lianjia.com/ershoufang/105112814768.html,460,34447,1,4室2厅1厨2卫,['中楼层/共34层'],南,['平层/精装'],133.54,2013,中海寰宇天下,集美,杏林桥头,1,两梯四户,2023/2/26,2015/4/16,平层,精装,2,34,2,4
1203,1203,中海锦国际 正规三房 高楼层 位置好,https://xm.lianjia.com/ershoufang/105112986064.html,198,20213,1,高楼层 (共33层),['高楼层/共33层'],南,['平层/简装'],97.96,2015,中海锦城国际,集美,锦园,0,零梯零户,2023/3/12,2019/4/10,平层,简装,3,33,0,0
1204,1204,建发品质  精装交付  空户空XUE位  满两年 看房方便,https://xm.lianjia.com/ershoufang/105113070367.html,450,56103,0,2室2厅1厨1卫,['低楼层/共27层'],南,['平层/精装'],80.21,2020,建发央著二期,集美,集美新城,1,两梯四户,2023/3/19,2022/2/11,平层,精装,1,27,2,4
1205,1205,环东海域精装，诚意出售，拎包入住，边套户型,https://xm.lianjia.com/ershoufang/105112735500.html,199,22166,1,3室2厅1厨1卫,['中楼层/共6层'],南,['平层/精装'],89.78,2009,彩虹湾,同安,环东海域,1,一梯两户,2023/2/20,2020/7/24,平层,精装,2,6,1,2
1206,1206,融信海上城 海景 海景视野全景 方便看 有钥匙,https://xm.lianjia.com/ershoufang/105112914528.html,145,23659,0,3室2厅1厨2卫,['低楼层/共26层'],南,['跃层/精装'],61.29,2016,融信海上城,海沧,滨海社区,1,六梯二十户,2023/3/6,2018/2/16,跃层,精装,1,26,6,20
1207,1207,中交洋房户型，公摊低，户数少，居住舒适度高~,https://xm.lianjia.com/ershoufang/105109456662.html,580,50940,32,3室2厅1厨2卫,['高楼层/共9层'],南,['平层/毛坯'],113.86,2015,中交和美新城一期,集美,集美新城,1,两梯两户,2021/12/10,2018/3/19,平层,毛坯,3,9,2,2
1208,1208,此房满五年，精装修，采光充足，近地铁,https://xm.lianjia.com/ershoufang/105113127405.html,335,36826,1,3室2厅1厨1卫,['低楼层/共33层'],南,['平层/精装'],90.97,2017,莲花新城三期,集美,集美新城,1,两梯四户,2023/3/24,2017/9/7,平层,精装,1,33,2,4
1209,1209,翔安隧道口， 进出岛方便，毛坯，低总价,https://xm.lianjia.com/ershoufang/105110333906.html,32,8007,20,1室1厅0厨1卫,['高楼层/共25层'],南,['平层/毛坯'],39.97,2017,信洲大厦,翔安,翔安新城,1,六梯三十六户,2022/4/20,2019/6/13,平层,毛坯,3,25,6,36
1210,1210,文灶BRT地铁口 户型好 电梯正规三房 户型通透 自住装,https://xm.lianjia.com/ershoufang/105108802767.html,760,63524,20,3室2厅1厨2卫,['中楼层/共31层'],东南,['平层/简装'],119.64,1999,文屏大厦,思明,文灶,1,三梯八户,2021/9/19,2019/6/18,平层,简装,2,31,3,8
1211,1211,电梯房，两梯两户，客厅朝南，中高楼层，采光好,https://xm.lianjia.com/ershoufang/105113949719.html,520,35979,1,4室2厅1厨2卫,['中楼层/共19层'],南,['平层/简装'],144.53,2007,集美中心花园,集美,集美文教区,1,两梯两户,2023/6/10,2016/4/29,平层,简装,2,19,2,2
1212,1212,电梯四房  出门地铁口  交通便利  公摊小可以拎包入住,https://xm.lianjia.com/ershoufang/105114221529.html,326,23875,0,5室2厅1厨2卫,['中楼层/共8层'],东南,['平层/精装'],136.55,1996,大金门花园,海沧,海沧生活区,1,一梯两户,2023/7/12,2021/7/3,平层,精装,2,8,1,2
1213,1213,白鹤山路 电梯大两房 南北朝向 格局方正 采光好,https://xm.lianjia.com/ershoufang/105114217594.html,398,71998,1,2室1厅1厨1卫,['中楼层/共5层'],南,['平层/简装'],55.28,1987,白鹤山路,思明,文园路,0,零梯零户,2023/7/11,2020/7/16,平层,简装,2,5,0,0
1214,1214,近地铁口 朝东南边套 全明格局 采光好 精装 业主诚售,https://xm.lianjia.com/ershoufang/105110687667.html,399,17890,1,4室2厅1厨3卫,['低楼层/共29层'],东南,['平层/精装'],223.03,2015,泰地海西中心,海沧,海沧区政府,1,两梯两户,2022/6/7,2017/7/31,平层,精装,1,29,2,2
1215,1215,前埔北区一里 96平 一梯两户 南北通透,https://xm.lianjia.com/ershoufang/105115647126.html,430,44574,1,3室2厅1厨2卫,['低楼层/共6层'],南,['平层/精装'],96.47,2001,前埔北区一里,思明,前埔,0,零梯零户,2023/12/19,2005/10/18,平层,精装,1,6,0,0
1216,1216,楼中楼有两个露天阳台，有阁楼，南北朝向，采光通风好,https://xm.lianjia.com/ershoufang/105112527028.html,478,32368,0,3室2厅1厨2卫,['高楼层/共8层'],南,['跃层/简装'],147.68,2009,集美中心花园,集美,集美文教区,0,零梯零户,2023/2/3,2010/5/7,跃层,简装,3,8,0,0
1217,1217,吕岭花园 精装 中楼层  东南北朝向 江头地铁口,https://xm.lianjia.com/ershoufang/105114192706.html,478,45524,1,3室2厅1厨2卫,['中楼层/共7层'],南,['平层/精装'],105,1997,吕岭花园,湖里,金尚,0,零梯零户,2023/7/8,2017/1/23,平层,精装,2,7,0,0
1218,1218,泰和花园  2号线 地铁口  框架结构,https://xm.lianjia.com/ershoufang/105114039071.html,435,42875,3,3室2厅1厨1卫,['中楼层/共8层'],东,['平层/精装'],101.46,1998,泰和花园,湖里,金尚,0,零梯零户,2023/6/20,2021/2/25,平层,精装,2,8,0,0
1219,1219,南部新城  叠墅 站进岛   业主急售,https://xm.lianjia.com/ershoufang/105115080999.html,390,32954,5,4室2厅1厨3卫,['中楼层/共6层'],南,['跃层/精装'],118.35,-1,世茂国风宸曦,翔安,翔安新城,1,三梯两户,2023/10/17,2023/10/15,跃层,精装,2,6,3,2
1220,1220,金彩花苑 正规大两房 双卫 地铁口,https://xm.lianjia.com/ershoufang/105113090509.html,390,47336,1,2室2厅1厨2卫,['高楼层/共6层'],东,['平层/简装'],82.39,-1,金彩花苑,湖里,金尚,0,零梯零户,2023/3/21,2005/9/28,平层,简装,3,6,0,0
1221,1221,火车站 禹洲世贸商城  房间无柱子,https://xm.lianjia.com/ershoufang/105113350792.html,286,50282,1,1室1厅1厨1卫,['低楼层/共49层'],西北,['平层/简装'],56.88,2008,禹洲世贸商城思明,思明,火车站,1,五梯二十六户,2023/4/13,2019/11/18,平层,简装,1,49,5,26
1222,1222,杏林桥头 全新精装修 三房两厅一卫双阳台，海景房,https://xm.lianjia.com/ershoufang/105114877600.html,306,32046,0,2室2厅1厨1卫,['低楼层/共31层'],南,['平层/精装'],95.49,2016,禹洲中央海岸三期,集美,杏林桥头,1,三梯六户,2023/9/22,2018/9/25,平层,精装,1,31,3,6
1223,1223,全南高层看湖 视野无遮挡，采光充足， 产权满二,https://xm.lianjia.com/ershoufang/105112310745.html,260,29171,5,2室2厅1厨1卫,['中楼层/共33层'],南,['平层/简装'],89.13,2013,莲花尚院,集美,集美新城,1,两梯四户,2022/12/20,2017/12/20,平层,简装,2,33,2,4
1224,1224,莲坂电梯高层朝东南向复式楼中楼,https://xm.lianjia.com/ershoufang/105112522120.html,550,81809,0,3室1厅1厨1卫,['高楼层/共11层'],东,['平层/毛坯'],67.23,2007,源昌商业中心,思明,富山,1,一梯七户,2023/2/2,2015/7/1,平层,毛坯,3,11,1,7
1225,1225,水晶精装房丨南北双面看内外胡静丨位置安静,https://xm.lianjia.com/ershoufang/105113100309.html,539,41520,1,4室2厅1厨2卫,['低楼层/共32层'],南,['平层/精装'],129.82,2014,住宅·水晶湖郡,集美,集美新城,1,两梯三户,2023/3/22,2020/7/21,平层,精装,1,32,2,3
1226,1226,水晶精装3房丨看湖视野开阔丨交通购物方便,https://xm.lianjia.com/ershoufang/105114025609.html,480,42493,0,3室1厅1厨1卫,['低楼层/共30层'],南,['平层/精装'],112.96,2014,水晶湖郡A区,集美,集美新城,1,两梯三户,2023/6/19,2016/6/8,平层,精装,1,30,2,3
1227,1227,火车站 莲坂 富山 正规一房一厅出租精装修，预约看房,https://xm.lianjia.com/ershoufang/105114273927.html,213,59217,0,1室1厅1厨1卫,['高楼层/共23层'],西北,['平层/精装'],35.97,2004,裕发广场,思明,富山,1,三梯二十二户,2023/7/18,2005/10/17,平层,精装,3,23,3,22
1228,1228,彩光充足、南北通透、户型方正、交通便利,https://xm.lianjia.com/ershoufang/105110751939.html,756,71416,4,3室2厅1厨1卫,['低楼层/共4层'],南,['平层/简装'],105.86,-1,滨海湾花园,思明,曾厝垵,0,零梯零户,2022/6/15,2011/5/23,平层,简装,1,4,0,0
1229,1229,视野开阔 高楼层  安静宜居  看房方便   户型方正,https://xm.lianjia.com/ershoufang/105110370061.html,428,33277,12,4室2厅1厨2卫,['高楼层/共42层'],南,['平层/精装'],128.62,2014,万科金域华府二期,集美,杏林桥头,1,三梯四户,2022/4/24,2016/3/7,平层,精装,3,42,3,4
1230,1230,本*电梯中层，南北朝向可看海，视野采光好；,https://xm.lianjia.com/ershoufang/105104360875.html,122,19694,5,1室1厅1厨1卫,['中楼层/共9层'],南,['平层/毛坯'],61.95,2017,赣商海领馆,湖里,机场区,1,两梯三十二户,2020/5/16,2018/12/24,平层,毛坯,2,9,2,32
1231,1231,新景数码港通透户型，高楼层，复式楼使用面积多,https://xm.lianjia.com/ershoufang/105110873009.html,1050,60561,1,4室2厅1厨2卫,['中楼层/共31层'],南,['平层/简装'],173.38,2010,新景数码港,思明,莲坂,1,两梯五户,2022/6/30,2017/10/18,平层,简装,2,31,2,5
1237,1237,精装四房，拎包入住，公摊小，一梯三户，南北通透格局,https://xm.lianjia.com/ershoufang/105114721501.html,320,23761,0,4室2厅1厨2卫,['高楼层/共6层'],南,['平层/精装'],134.68,2005,宏大花园,海沧,未来海岸北师大,0,零梯零户,2023/9/5,2019/8/13,平层,精装,3,6,0,0
1238,1238,金帝中洲滨海城 大2房 直接拎包入住 客厅朝南带阳台,https://xm.lianjia.com/ershoufang/105110946605.html,268,27943,0,2室2厅1厨1卫,['低楼层/共31层'],南,['平层/精装'],95.91,2017,金帝中洲滨海城,同安,环东海域,1,两梯三户,2022/7/8,2018/7/27,平层,精装,1,31,2,3
1239,1239,房子一梯两户，南北朝向，通透采光好，高楼层户型方正,https://xm.lianjia.com/ershoufang/105109510678.html,598,50942,16,3室2厅1厨1卫,['高楼层/共9层'],南,['平层/简装'],117.39,1993,莲前西路,思明,莲前,0,零梯零户,2021/12/19,2017/3/22,平层,简装,3,9,0,0
1240,1240,万象城地铁口，精致小区改善住宅，有露台，人车分流,https://xm.lianjia.com/ershoufang/105114370352.html,1050,78242,2,3室1厅1厨2卫,['低楼层/共12层'],南,['平层/简装'],134.2,2004,皓晖花园,思明,富山,1,一梯两户,2023/7/29,2022/4/26,平层,简装,1,12,1,2
1241,1241,非热点 空户金榜小 火车站旁3梯8户 格局正 朝南暖可谈,https://xm.lianjia.com/ershoufang/105110259581.html,556,54650,20,3室2厅1厨2卫,['低楼层/共28层'],南,['平层/精装'],101.74,1998,银河大厦,思明,火车站,1,三梯八户,2022/4/11,2000/8/11,平层,精装,1,28,3,8
1242,1242,小区绿化面积大，鸟语花香，三面采光,https://xm.lianjia.com/ershoufang/105116621610.html,380,27147,0,3室2厅1厨2卫,['低楼层/共11层'],南,['平层/精装'],139.98,2008,东方高尔夫国际公寓,海沧,马銮湾东,1,一梯两户,2024/4/9,2016/8/8,平层,精装,1,11,1,2
1243,1243,上郡92平三房，自住精装修，拎包入住,https://xm.lianjia.com/ershoufang/105110896534.html,180,19431,3,3室2厅1厨1卫,['高楼层/共33层'],南,['平层/精装'],92.64,2016,首开领翔上郡一期,翔安,新店,1,两梯四户,2022/7/3,2021/1/15,平层,精装,3,33,2,4
1244,1244,海景房视野无遮挡 南北户型 得房率高,https://xm.lianjia.com/ershoufang/105113081708.html,740,54787,0,3室2厅1厨2卫,['中楼层/共31层'],东南,['平层/简装'],135.07,2007,江山帝景,思明,会展中心,1,两梯三户,2023/3/20,2010/3/20,平层,简装,2,31,2,3
1245,1245,电梯高层楼中楼，一梯两户，南北通透，采光通风条件好,https://xm.lianjia.com/ershoufang/105115479876.html,498,45764,0,3室2厅2厨2卫,['高楼层/共11层'],南,['平层/精装'],108.82,2005,金秋花园,湖里,金尚,1,一梯四户,2023/11/30,2021/4/7,平层,精装,3,11,1,4
1246,1246,台北新村 3室2厅 南 北,https://xm.lianjia.com/ershoufang/105112986594.html,468,40696,0,3室2厅1厨2卫,['中楼层/共9层'],南,['平层/精装'],115,1996,台北新村,湖里,南山路,0,零梯零户,2023/3/12,2016/4/25,平层,精装,2,9,0,0
1247,1247,小户型 大空间  南向采光好 视野佳,https://xm.lianjia.com/ershoufang/105113181383.html,95,14826,0,1室1厅1厨1卫,['中楼层/共9层'],南,['平层/简装'],64.08,2017,赣商海领馆,湖里,机场区,1,两梯三十二户,2023/3/29,2005/7/3,平层,简装,2,9,2,32
1248,1248,滨水二里 2室2厅 南,https://xm.lianjia.com/ershoufang/105116117280.html,195,31518,0,2室2厅1厨1卫,['低楼层/共18层'],南,['平层/精装'],61.87,2016,滨水二里,集美,集美新城,1,两梯六户,2024/2/23,2023/3/26,平层,精装,1,18,2,6
1249,1249,经典的4房，坐南朝北冬暖夏凉，采光充足，户型方正。,https://xm.lianjia.com/ershoufang/105112953034.html,342,28935,0,4室2厅1厨2卫,['低楼层/共26层'],南,['平层/简装'],118.2,2006,汇景雅苑,海沧,未来海岸北师大,1,两梯四户,2023/3/9,2009/7/28,平层,简装,1,26,2,4
1250,1250,中海万锦熙岸 三房 拎包入住 高层看海,https://xm.lianjia.com/ershoufang/105104493612.html,190,21128,33,3室2厅1厨1卫,['中楼层/共33层'],东南,['平层/精装'],89.93,2016,中海万锦熙岸,同安,环东海域,1,两梯四户,2020/6/1,2018/3/3,平层,精装,2,33,2,4
1251,1251,税费少，高楼层，南北通透， 双阳台,https://xm.lianjia.com/ershoufang/105113216947.html,284.5,20864,0,4室1厅1厨2卫,['高楼层/共6层'],南,['平层/精装'],136.36,1999,金桥苑,海沧,未来海岸北师大,0,零梯零户,2023/4/1,2016/5/18,平层,精装,3,6,0,0
1252,1252,精装三房，业主自住，产权满二，诚意出售,https://xm.lianjia.com/ershoufang/105107236329.html,210,23842,2,3室2厅1厨1卫,['低楼层/共34层'],南,['平层/精装'],88.08,2016,中海万锦熙岸,同安,环东海域,1,两梯四户,2021/5/6,2018/6/19,平层,精装,1,34,2,4
1253,1253,火车站地铁口电梯高层采光好稳定出售,https://xm.lianjia.com/ershoufang/105112844724.html,665,46894,0,3室2厅1厨2卫,['中楼层/共28层'],东北,['平层/精装'],141.81,1998,银河大厦,思明,火车站,1,三梯八户,2023/3/1,2023/3/1,平层,精装,2,28,3,8
1259,1259,一线海景，视野开阔，精装修、保养状态好，,https://xm.lianjia.com/ershoufang/105114984711.html,450,37092,1,3室1厅1厨2卫,['中楼层/共49层'],东南,['平层/精装'],121.32,2015,联发杏林湾一号三期,集美,杏林桥头,1,三梯六户,2023/10/7,2019/1/23,平层,精装,2,49,3,6
1260,1260,天御花园 大三房 户型方正 无遮挡 阳光充足 地铁口,https://xm.lianjia.com/ershoufang/105113067640.html,455,34441,0,3室2厅1厨2卫,['低楼层/共26层'],东,['平层/毛坯'],132.11,2007,天御小区,海沧,海沧区政府,1,两梯四户,2023/3/19,2010/12/28,平层,毛坯,1,26,2,4
1261,1261,中海品质精装两房 环东片区 BRT沿线交通便利,https://xm.lianjia.com/ershoufang/105114859643.html,169,22737,1,2室1厅1厨1卫,['中楼层/共24层'],南,['平层/精装'],74.33,2016,中海万锦熙岸,同安,环东海域,1,两梯六户,2023/9/20,2019/9/4,平层,精装,2,24,2,6
1262,1262,滨北 3 号线地铁口 居家2房 满五年  免双税,https://xm.lianjia.com/ershoufang/105111754651.html,468,55066,2,2室1厅1厨1卫,['中楼层/共7层'],东,['平层/简装'],84.99,2000,玫瑰园,思明,七星路,0,零梯零户,2022/10/13,2007/1/24,平层,简装,2,7,0,0
1263,1263,禾祥新天地电梯边套两房 高层无遮挡 装修好,https://xm.lianjia.com/ershoufang/105113950848.html,289,71553,0,2室1厅1厨1卫,['高楼层/共17层'],西北,['平层/精装'],40.39,1999,银龙广场二期,思明,火车站,1,一梯六户,2023/6/10,2016/7/31,平层,精装,3,17,1,6
1278,1278,独立使用天台  南北  准电梯房  厅带阳台 三面采光,https://xm.lianjia.com/ershoufang/105106646010.html,388,47474,23,2室2厅1厨1卫,['高楼层/共7层'],南,['平层/简装'],81.73,1996,吕岭花园,湖里,金尚,0,零梯零户,2021/3/14,2020/7/18,平层,简装,3,7,0,0
1279,1279,松柏莲岳里西区正规两房出售！！！,https://xm.lianjia.com/ershoufang/105115638386.html,395,67280,0,2室1厅1厨1卫,['高楼层/共8层'],南,['平层/简装'],58.71,1990,莲岳里小区西区,思明,松柏,0,零梯零户,2023/12/18,2003/4/29,平层,简装,3,8,0,0
1280,1280,近集美桥头环东海域，优质精装高层两房，一线海景,https://xm.lianjia.com/ershoufang/105111361567.html,145,20771,1,2室1厅1厨1卫,['高楼层/共35层'],东南,['平层/精装'],69.81,2012,禹洲大学城,同安,集美其它,1,三梯八户,2022/8/28,2016/8/3,平层,精装,3,35,3,8
1281,1281,此房满五年，三面采光，配套设施齐全，交通便利！,https://xm.lianjia.com/ershoufang/105112737044.html,828,50408,0,5室2厅2厨1卫,['低楼层/共8层'],东南,['平层/精装'],164.26,1998,益友花园,思明,火车站,0,零梯零户,2023/2/20,2015/10/28,平层,精装,1,8,0,0
1282,1282,厦门北站 新城际广场  视野采光好  地铁口房,https://xm.lianjia.com/ershoufang/105107791275.html,209,22965,2,2室1厅1厨1卫,['高楼层/共29层'],南,['平层/毛坯'],91.01,2017,新城际广场二期,集美,厦门北站商业区,1,两梯四户,2021/6/30,2018/5/22,平层,毛坯,3,29,2,4
1283,1283,精装湖景房，格局好，拎包入住。,https://xm.lianjia.com/ershoufang/105109063389.html,820,110453,31,3室2厅1厨2卫,['中楼层/共20层'],南,['复式/精装'],74.24,2008,南湖中祥大厦,思明,槟榔,1,两梯五户,2021/10/21,2017/7/21,复式,精装,2,20,2,5
1284,1284,国贸品质，户型方正，高层 前后无遮挡 采光好，景观好,https://xm.lianjia.com/ershoufang/105110892683.html,328,36718,0,2室2厅1厨1卫,['中楼层/共30层'],东南,['平层/毛坯'],89.33,2015,国贸金沙湾,同安,环东海域,1,两梯四户,2022/7/2,2017/8/11,平层,毛坯,2,30,2,4
1285,1285,火车站，莲坂，富山，地铁口，一房，简装，预约看现房,https://xm.lianjia.com/ershoufang/105114645963.html,239,67098,0,1室1厅1厨1卫,['高楼层/共23层'],北,['平层/简装'],35.62,2004,裕发广场,思明,富山,1,三梯二十二户,2023/8/29,2018/2/13,平层,简装,3,23,3,22
1286,1286,家家海景 4室2厅 南 北,https://xm.lianjia.com/ershoufang/105115473164.html,1080,44961,1,4室2厅1厨2卫,['高楼层/共11层'],南,['复式/简装'],240.21,2005,家家海景,思明,前埔,1,一梯两户,2023/11/30,2007/1/9,复式,简装,3,11,1,2
1287,1287,建发品质\u3000时尚国际\u3000电梯高层 西南北 采光好 满五年,https://xm.lianjia.com/ershoufang/105114936052.html,492,61686,1,2室2厅1厨1卫,['中楼层/共25层'],南,['平层/精装'],79.76,2007,时尚国际,思明,火车站,1,三梯十户,2023/9/30,2010/1/29,平层,精装,2,25,3,10
1288,1288,精装两房，总价低，业主诚意出售，小区环境好，物业好,https://xm.lianjia.com/ershoufang/105112625992.html,499,66837,1,2室1厅1厨1卫,['低楼层/共11层'],南,['平层/精装'],74.66,2007,联发欣悦园,湖里,枋湖,1,一梯四户,2023/2/11,2019/2/11,平层,精装,1,11,1,4
1289,1289,中交一期边套三面采光南北通透小洋房,https://xm.lianjia.com/ershoufang/105113337176.html,580,51287,0,3室2厅1厨2卫,['高楼层/共9层'],南,['平层/精装'],113.09,2016,中交和美新城一期,集美,集美新城,1,两梯两户,2023/4/12,2017/3/25,平层,精装,3,9,2,2
1290,1290,宝龙一城，软件园二期明发园 精装修电梯3房，地铁口,https://xm.lianjia.com/ershoufang/105113651296.html,756,60148,0,3室2厅1厨2卫,['低楼层/共11层'],南,['平层/精装'],125.69,2005,明发园二期,思明,前埔,1,一梯四户,2023/5/12,2015/7/6,平层,精装,1,11,1,4
1291,1291,锦绣广场电梯好楼层，地铁口，双阳台，公园旁,https://xm.lianjia.com/ershoufang/105110892452.html,578,61229,6,3室1厅1厨1卫,['中楼层/共9层'],北,['错层/简装'],94.4,1999,锦绣广场,思明,松柏,1,一梯两户,2022/7/2,2002/10/30,错层,简装,2,9,1,2
1292,1292,祥店新村 楼中楼 居家5房 使用空间大  业主诚意出售,https://xm.lianjia.com/ershoufang/105109547266.html,652,55045,1,5室2厅1厨2卫,['高楼层/共6层'],南,['跃层/简装'],118.45,2005,祥店新村,湖里,祥店,0,零梯零户,2021/12/25,2010/6/2,跃层,简装,3,6,0,0
1293,1293,厅带阳台朝南 高层 采光视野好 有阁楼 业主诚意出售,https://xm.lianjia.com/ershoufang/105111661062.html,455,69893,0,2室2厅1厨1卫,['高楼层/共14层'],南,['平层/简装'],65.1,2012,水晶APPLE,湖里,枋湖,1,两梯四户,2022/10/1,2013/8/1,平层,简装,3,14,2,4
1294,1294,电梯高层，三房两卫，视野好，采光好，生活方便,https://xm.lianjia.com/ershoufang/105115351282.html,688,56004,0,3室1厅1厨2卫,['中楼层/共28层'],东,['平层/精装'],122.85,2005,四川大厦,思明,松柏,1,三梯十四户,2023/11/16,2010/5/25,平层,精装,2,28,3,14
1295,1295,此房满两年 精装一房一厅 小区配套完善,https://xm.lianjia.com/ershoufang/105113276891.html,288,65935,3,1室1厅1厨1卫,['中楼层/共12层'],北,['平层/精装'],43.68,2013,东晖广场,湖里,枋湖,1,两梯八户,2023/4/7,2019/4/7,平层,精装,2,12,2,8
1296,1296,杏林湾通透户型，厅带阳台，精装修，海景大三房,https://xm.lianjia.com/ershoufang/105110179703.html,500,35421,2,3室1厅1厨2卫,['中楼层/共41层'],南,['平层/精装'],141.16,2016,联发杏林湾一号一期,集美,杏林桥头,1,两梯四户,2022/4/1,2020/7/14,平层,精装,2,41,2,4
1297,1297,筼筜湖畔朝南三房高层采光视野通风不错哦,https://xm.lianjia.com/ershoufang/105113802479.html,2100,67852,0,6室3厅1厨4卫,['高楼层/共10层'],东,['跃层/精装'],309.5,2000,联谊广场,思明,莲坂,1,一梯四户,2023/5/27,2011/3/10,跃层,精装,3,10,1,4
1298,1298,中楼层看湖景，使用面积大，位置佳，业主诚意出售,https://xm.lianjia.com/ershoufang/105111087811.html,420,34852,2,3室2厅1厨2卫,['中楼层/共31层'],东,['平层/精装'],120.51,2015,IOI园博湾,集美,杏锦路,1,两梯四户,2022/7/26,2022/7/27,平层,精装,2,31,2,4
1299,1299,火车站莲坂站 2005年封闭式花园小区闹中取静精装三房,https://xm.lianjia.com/ershoufang/105116324291.html,598,98502,0,2室2厅1厨2卫,['高楼层/共11层'],南,['跃层/精装'],60.71,2007,源昌商业中心,思明,富山,1,一梯六户,2024/3/12,2017/3/12,跃层,精装,3,11,1,6
1300,1300,和通里小区 2室2厅 南,https://xm.lianjia.com/ershoufang/105112775524.html,330,46407,1,2室2厅1厨1卫,['中楼层/共7层'],南,['平层/简装'],71.11,1997,和通里小区,湖里,东渡,0,零梯零户,2023/2/23,1999/11/5,平层,简装,2,7,0,0
1301,1301,产权满五年，一梯两户南北向   前后间距宽、视野好,https://xm.lianjia.com/ershoufang/105109746278.html,360,30870,8,3室2厅1厨2卫,['低楼层/共11层'],南,['平层/简装'],116.62,2006,未来海岸浪琴湾,海沧,未来海岸北师大,1,一梯两户,2022/2/9,2006/6/13,平层,简装,1,11,1,2
1302,1302,禹州璟阅城，产权在手，精装修，可以直接拎包入住的,https://xm.lianjia.com/ershoufang/105115241232.html,218,30796,0,2室1厅1厨1卫,['中楼层/共17层'],东南,['平层/精装'],70.79,2021,禹洲璟阅城,集美,灌口,1,两梯六户,2023/11/4,2023/11/6,平层,精装,2,17,2,6
1303,1303,三面采光，高层视野好，看中庭业主诚意出售,https://xm.lianjia.com/ershoufang/105112703188.html,610,40481,0,3室2厅1厨2卫,['中楼层/共27层'],东,['平层/简装'],150.69,2010,泉舜滨海上城,海沧,滨海社区,1,两梯三户,2023/2/17,2020/6/15,平层,简装,2,27,2,3
1304,1304,天湖城 3房  毛坯随心装  满5年,https://xm.lianjia.com/ershoufang/105106930246.html,350,31070,14,3室2厅1厨1卫,['中楼层/共22层'],东南,['平层/毛坯'],112.65,2012,天湖城,海沧,海沧区政府,1,两梯四户,2021/4/8,2013/11/19,平层,毛坯,2,22,2,4
1305,1305,杏林湾一号三期 边套双阳台 海景大三房,https://xm.lianjia.com/ershoufang/105111944216.html,436,35947,0,3室1厅1厨2卫,['低楼层/共47层'],西南,['平层/精装'],121.29,2015,联发杏林湾一号三期,集美,杏林桥头,1,三梯六户,2022/11/3,2013/5/13,平层,精装,1,47,3,6
1306,1306,视野好。看筼筜湖景，采光好，地铁口,https://xm.lianjia.com/ershoufang/105106958966.html,998,59229,15,4室2厅1厨3卫,['低楼层/共33层'],西,['复式/精装'],168.5,2003,育秀中心,思明,体育中心,1,三梯七户,2021/4/11,2021/4/11,复式,精装,1,33,3,7
1307,1307,明厨明卫，格局方正，产权满2，看房子方便,https://xm.lianjia.com/ershoufang/105106426838.html,377,29546,2,3室2厅1厨2卫,['中楼层/共9层'],东南,['平层/简装'],127.6,-1,未来橙堡,海沧,海沧体育中心,1,两梯两户,2021/2/21,2012/9/12,平层,简装,2,9,2,2
1308,1308,莲坂地铁口电梯四房南北通透业主诚意出售,https://xm.lianjia.com/ershoufang/105112380796.html,780,58292,0,4室2厅1厨2卫,['低楼层/共18层'],南,['平层/毛坯'],133.81,2004,美迪斯小区,思明,富山,1,一梯六户,2023/1/4,2006/11/8,平层,毛坯,1,18,1,6
1309,1309,火车站东南向 单价低 总价低 面积大 带电梯,https://xm.lianjia.com/ershoufang/105108440961.html,198,20225,79,2室2厅0厨0卫,['低楼层/共28层'],东南,['平层/简装'],97.9,1992,华星大厦,思明,火车站,1,五梯十三户,2021/8/18,2016/11/3,平层,简装,1,28,5,13
1310,1310,体育馆 地铁边 中楼层 南北通透 采光好 业主诚售,https://xm.lianjia.com/ershoufang/105109923224.html,360,55719,24,3室1厅1厨1卫,['中楼层/共6层'],南,['平层/简装'],64.61,1990,东岳路45-55号,思明,体育中心,0,零梯零户,2022/3/1,2019/4/16,平层,简装,2,6,0,0
1311,1311,万象城旁，双地铁口，正规两房，格局方正，看房方便。,https://xm.lianjia.com/ershoufang/105113150891.html,426,67523,1,2室2厅1厨1卫,['中楼层/共6层'],南,['平层/精装'],63.09,1986,湖滨东路,思明,火车站,0,零梯零户,2023/3/26,2021/4/21,平层,精装,2,6,0,0
1312,1312,地铁口两房格局方正，南北通透，精装修可拎包入住。,https://xm.lianjia.com/ershoufang/105113139515.html,300,69221,3,2室1厅1厨1卫,['低楼层/共6层'],南,['平层/精装'],43.34,1985,湖滨东路,思明,火车站,0,零梯零户,2023/3/25,2023/3/26,平层,精装,1,6,0,0
1313,1313,中山路写字楼，方便，业主诚心出售。,https://xm.lianjia.com/ershoufang/105110517152.html,789,19386,1,5室2厅0厨0卫,['中楼层/共36层'],南,['平层/精装'],407,1995,海光大厦,思明,中山路,1,两梯八户,2022/5/14,2007/5/30,平层,精装,2,36,2,8
1314,1314,环东国际精装大三房 业主诚意出售 看房方便,https://xm.lianjia.com/ershoufang/105114289518.html,221,21306,0,3室2厅1厨2卫,['中楼层/共35层'],东南,['平层/精装'],103.73,2012,禹洲大学城,同安,集美其它,1,三梯十户,2023/7/20,2011/12/1,平层,精装,2,35,3,10
1315,1315,房子采光充足，格局好，高层一线海景房，自住精装,https://xm.lianjia.com/ershoufang/105111120062.html,410,36487,1,3室1厅1厨2卫,['中楼层/共34层'],东南,['平层/精装'],112.37,2014,禹洲中央海岸一期,集美,杏林桥头,1,三梯六户,2022/7/30,2021/3/26,平层,精装,2,34,3,6
1316,1316,文灶万寿片区，闹中取静，出行方便。。。。。,https://xm.lianjia.com/ershoufang/105111993693.html,658,63106,0,3室2厅1厨1卫,['高楼层/共7层'],南,['平层/简装'],104.27,-1,电化宿舍,思明,文灶,0,零梯零户,2022/11/9,1999/3/29,平层,简装,3,7,0,0
1317,1317,万科里繁华地段挑高5米 开发商精装2层  朝南,https://xm.lianjia.com/ershoufang/105111093075.html,93,22530,1,2室1厅1厨2卫,['低楼层/共31层'],南,['跃层/简装'],41.28,2018,万科金域华府二期,集美,杏林桥头,1,五梯三十五户,2022/7/27,2019/1/30,跃层,简装,1,31,5,35
1318,1318,集美核芯，精装三房，中间楼层看中庭，双地铁口,https://xm.lianjia.com/ershoufang/105107827816.html,530,45999,23,3室2厅1厨2卫,['中楼层/共33层'],东南,['平层/精装'],115.22,2019,莲花首岸,集美,集美新城,1,两梯四户,2021/7/3,2019/7/1,平层,精装,2,33,2,4
1319,1319,集美新城地铁口，业主自住精装三房，高楼层，景观好！,https://xm.lianjia.com/ershoufang/105112793401.html,336,37783,3,3室2厅1厨1卫,['中楼层/共33层'],东南,['平层/精装'],88.93,2017,莲花新城三期,集美,集美新城,1,两梯四户,2023/2/25,2020/5/28,平层,精装,2,33,2,4
1320,1320,精装修， 采光明亮视野宽，环境优雅， 起居购物方便,https://xm.lianjia.com/ershoufang/105112888373.html,85,18319,1,2室1厅1厨1卫,['低楼层/共26层'],西北,['跃层/精装'],46.4,2016,融信海上城,海沧,滨海社区,1,六梯二十户,2023/3/4,2020/4/8,跃层,精装,1,26,6,20
1321,1321,此房满5年且只有一套，小区里面安静，南北，采光好。,https://xm.lianjia.com/ershoufang/105114311145.html,358,63375,1,1室1厅1厨1卫,['低楼层/共14层'],南,['平层/精装'],56.49,2010,新港龙世家幸福密码,湖里,枋湖,1,一梯三户,2023/7/22,2011/3/30,平层,精装,1,14,1,3
1322,1322,滨北 2000年框架 正规两房 满5年,https://xm.lianjia.com/ershoufang/105109877373.html,320,66007,12,2室1厅1厨1卫,['高楼层/共9层'],南,['平层/简装'],48.48,2000,共和大厦,思明,七星路,0,零梯零户,2022/2/24,2017/3/28,平层,简装,3,9,0,0
1323,1323,急售！2000年封闭小区  框架挑高两层，分隔多套两房,https://xm.lianjia.com/ershoufang/105110159163.html,395,34046,2,5室1厅2厨2卫,['地下室/共7层'],北,['复式/精装'],116.02,2000,榕海花园,湖里,东渡,0,零梯零户,2022/3/29,2004/2/25,复式,精装,0,7,0,0
1333,1333,中港二期 04年 框架 中庭位置 中楼层 业主自住装修,https://xm.lianjia.com/ershoufang/105113359460.html,540,47527,2,3室1厅1厨2卫,['中楼层/共5层'],南,['平层/精装'],113.62,2001,中港花园,湖里,SM,0,零梯零户,2023/4/14,2019/4/17,平层,精装,2,5,0,0
1334,1334,一线海景房，户型方正，全明格局，朝向好，诚意出售,https://xm.lianjia.com/ershoufang/105111485079.html,450,40432,1,3室2厅1厨1卫,['中楼层/共41层'],南,['平层/精装'],111.3,2014,禹洲中央海岸二期,集美,杏林桥头,1,三梯六户,2022/9/12,2017/5/17,平层,精装,2,41,3,6
1335,1335,海上世界旁，格局方正， 建成年限新98年小区，2号线,https://xm.lianjia.com/ershoufang/105112752925.html,415,51432,1,2室2厅1厨1卫,['中楼层/共8层'],东,['平层/精装'],80.69,1998,宝鹭苑,湖里,邮轮城,1,两梯两户,2023/2/21,2000/7/17,平层,精装,2,8,2,2
1336,1336,翔安隧道口精装小三房，拎包入住，省契税！,https://xm.lianjia.com/ershoufang/105111319720.html,252,28032,1,3室1厅1厨1卫,['高楼层/共31层'],东南,['平层/精装'],89.9,2014,阳光城翡丽湾一期,翔安,翔安新城,1,两梯六户,2022/8/24,2019/8/29,平层,精装,3,31,2,6
1337,1337,火车站东浦路建发08年小区，1房1厅电楼，精装,https://xm.lianjia.com/ershoufang/105112497654.html,318,60354,0,1室1厅1厨1卫,['中楼层/共25层'],北,['平层/精装'],52.69,2007,时尚国际,思明,火车站,1,三梯十户,2023/1/31,2010/9/8,平层,精装,2,25,3,10
1338,1338,莲坂地铁口低单价3房，全明格局,https://xm.lianjia.com/ershoufang/105112937631.html,688,51816,0,3室2厅1厨2卫,['中楼层/共34层'],南,['平层/简装'],132.78,1994,宝福大厦,思明,莲坂,1,三梯六户,2023/3/8,2019/12/16,平层,简装,2,34,3,6
1339,1339,新景国际外滩 3室2厅 东,https://xm.lianjia.com/ershoufang/105114857621.html,1080,103717,0,3室2厅1厨2卫,['中楼层/共16层'],东,['跃层/精装'],104.13,2014,新景国际外滩,湖里,五缘湾,1,两梯四户,2023/9/20,2015/9/15,跃层,精装,2,16,2,4
1340,1340,盛元广场,https://xm.lianjia.com/ershoufang/105114691405.html,150,22780,1,4室2厅1厨2卫,['高楼层/共11层'],南,['跃层/精装'],65.85,2018,盛元广场,海沧,海沧农场,1,两梯八户,2023/9/2,2018/11/21,跃层,精装,3,11,2,8
1341,1341,一线湾景，地铁商圈围绕，复式使用大，全明格局,https://xm.lianjia.com/ershoufang/105113809757.html,735,49046,3,4室1厅1厨3卫,['高楼层/共33层'],南,['跃层/精装'],149.86,-1,世茂璀璨天城一期,集美,集美新城,1,两梯八户,2023/5/28,2020/4/14,跃层,精装,3,33,2,8
1342,1342,未来海岸浪琴湾大三房子.朝南.精装.拎包入住,https://xm.lianjia.com/ershoufang/105114835591.html,360,25262,0,3室2厅1厨2卫,['低楼层/共18层'],南,['平层/精装'],142.51,2005,未来海岸浪琴湾,海沧,未来海岸北师大,1,两梯三户,2023/9/18,2016/12/15,平层,精装,1,18,2,3
1343,1343,格局方正，采光通风好，现改成两套单身公寓,https://xm.lianjia.com/ershoufang/105114539505.html,330,59772,0,1室1厅1厨1卫,['中楼层/共31层'],东,['平层/精装'],55.21,2003,天宝大厦,思明,松柏,1,三梯二十一户,2023/8/17,2012/4/1,平层,精装,2,31,3,21
1344,1344,大唐世家 电梯 精装 拎包入住 地铁一号线,https://xm.lianjia.com/ershoufang/105114975467.html,180,51710,0,1室1厅1厨1卫,['高楼层/共9层'],西,['平层/精装'],34.81,2008,大唐世家一期,湖里,大唐世家,1,两梯四十户,2023/10/6,2019/3/5,平层,精装,3,9,2,40
1345,1345,翔安隧道口厦航三六里旁融侨复式三房,https://xm.lianjia.com/ershoufang/105115794624.html,275,30458,0,3室2厅1厨2卫,['中楼层/共34层'],南,['跃层/精装'],90.29,2022,融侨铂樾府,翔安,翔安新城,1,两梯六户,2024/1/6,2023/4/12,跃层,精装,2,34,2,6
1346,1346,高层看海，视野开阔，交通方便，楼下就是公交站。。。,https://xm.lianjia.com/ershoufang/105110258855.html,865,55435,2,4室2厅1厨2卫,['高楼层/共30层'],西南,['平层/精装'],156.04,2006,源昌大厦,湖里,东渡,1,两梯十四户,2022/4/11,2016/4/19,平层,精装,3,30,2,14
1347,1347,封闭式小区，会加装电梯，公摊小，闹中取静，停车方便,https://xm.lianjia.com/ershoufang/105109728021.html,453,47760,5,2室2厅1厨1卫,['中楼层/共7层'],南,['平层/精装'],94.85,2000,海俱宿舍区,湖里,东渡,0,零梯零户,2022/2/6,2017/7/18,平层,精装,2,7,0,0
1348,1348,地铁2号线旁精明房型稳定出售。,https://xm.lianjia.com/ershoufang/105106836798.html,551,44533,19,3室2厅1厨2卫,['低楼层/共22层'],西南,['平层/精装'],123.73,2000,港吉大厦,湖里,东渡,1,两梯八户,2021/3/30,2000/2/23,平层,精装,1,22,2,8
1349,1349,空户 没有贷款的一房一厅诚意出售,https://xm.lianjia.com/ershoufang/105115751027.html,179,32929,0,1室1厅1厨1卫,['中楼层/共25层'],东南,['平层/简装'],54.36,2009,绿苑商城,海沧,滨海社区,1,两梯十户,2024/1/2,2013/8/8,平层,简装,2,25,2,10
1350,1350,保利央企品质 高层南北通透大3房 满五 自住精装保养好,https://xm.lianjia.com/ershoufang/105115057681.html,360,34120,0,3室2厅1厨2卫,['中楼层/共33层'],南,['平层/精装'],105.51,2014,海上五月花三期,集美,集美其它,1,两梯四户,2023/10/15,2015/6/30,平层,精装,2,33,2,4
1351,1351,群惠旁地铁口，精装带家电拎包入住，全明两房三面采光,https://xm.lianjia.com/ershoufang/105115090429.html,499,84220,0,2室1厅1厨1卫,['低楼层/共7层'],东南,['平层/精装'],59.25,-1,草埔巷,思明,实验小学及周边,0,零梯零户,2023/10/18,2023/10/1,平层,精装,1,7,0,0
1352,1352,集美桥头，南北通透大两房，采光好，满五年,https://xm.lianjia.com/ershoufang/105115600958.html,285,32838,1,2室2厅1厨1卫,['中楼层/共27层'],南,['平层/精装'],86.79,2010,泉水湾一期,集美,集美其它,1,两梯六户,2023/12/13,2017/4/26,平层,精装,2,27,2,6
1353,1353,华中就在家门口 高层三房 看房方便 业主稳定出售,https://xm.lianjia.com/ershoufang/105113496171.html,200,21991,1,3室2厅1厨1卫,['高楼层/共33层'],东南,['平层/精装'],90.95,2019,海投自贸城,海沧,角嵩路,0,零梯零户,2023/4/26,2021/4/19,平层,精装,3,33,0,0
1354,1354,翔安隧道口，看海楼中楼，使用面积大，次新小区,https://xm.lianjia.com/ershoufang/105115705984.html,330,26517,1,4室2厅1厨2卫,['中楼层/共31层'],南,['跃层/毛坯'],124.45,2014,阳光城翡丽湾一期,翔安,翔安新城,1,两梯四户,2023/12/27,2018/1/7,跃层,毛坯,2,31,2,4
1355,1355,泰和花园 2号地铁线江头出口 总价底 框架 南北 通透,https://xm.lianjia.com/ershoufang/105115143890.html,275,33026,0,2室2厅1厨1卫,['高楼层/共8层'],南,['平层/精装'],83.27,1999,泰和花园,湖里,金尚,0,零梯零户,2023/10/24,2013/11/8,平层,精装,3,8,0,0
1357,1357,地铁2号线旁 户型方正 稳定出售,https://xm.lianjia.com/ershoufang/105115538477.html,563,45503,0,3室2厅2厨1卫,['低楼层/共22层'],东南,['平层/精装'],123.73,1999,港吉大厦,湖里,东渡,1,两梯八户,2023/12/7,2023/11/27,平层,精装,1,22,2,8
1358,1358,文灶地铁口 小面积南北朝向三房 交通方便,https://xm.lianjia.com/ershoufang/105114593354.html,360,65622,0,3室1厅1厨1卫,['低楼层/共7层'],南,['平层/精装'],54.86,1992,文塔苑,思明,文园路,0,零梯零户,2023/8/23,2019/11/26,平层,精装,1,7,0,0
1360,1360,满五一自住装修 保养好 高楼层看海,https://xm.lianjia.com/ershoufang/105115324767.html,426,34802,0,3室1厅1厨2卫,['中楼层/共47层'],南,['平层/精装'],122.41,2015,联发杏林湾一号三期,集美,杏林桥头,1,三梯六户,2023/11/13,2016/6/30,平层,精装,2,47,3,6
1361,1361,万科金域华府二期 高层看海 业主自住精装大四房,https://xm.lianjia.com/ershoufang/105115653509.html,395,30652,1,4室2厅1厨2卫,['高楼层/共47层'],南,['平层/精装'],128.87,2015,万科金域华府二期,集美,杏林桥头,1,四梯六户,2023/12/20,2019/2/21,平层,精装,3,47,4,6
1362,1362,翔安隧道口一站进岛、新会展旁、高层看海景、急售。,https://xm.lianjia.com/ershoufang/105114232146.html,301,23291,1,3室2厅1厨2卫,['高楼层/共33层'],东南,['平层/毛坯'],129.24,2015,阳光城翡丽湾二期,翔安,翔安新城,1,两梯四户,2023/7/13,2016/5/19,平层,毛坯,3,33,2,4
1363,1363,侨旺大厦 3室2厅 东 北,https://xm.lianjia.com/ershoufang/105115076417.html,650,47784,0,3室2厅1厨2卫,['低楼层/共28层'],东,['平层/精装'],136.03,2000,侨旺大厦,思明,莲坂,1,三梯六户,2023/10/17,2009/9/2,平层,精装,1,28,3,6
1364,1364,金海湾精装大两房 房东诚意出售,https://xm.lianjia.com/ershoufang/105114902854.html,250,26179,0,2室1厅1厨2卫,['中楼层/共24层'],南,['平层/精装'],95.5,2011,金海湾,集美,杏林桥头,1,两梯五户,2023/9/25,2020/9/10,平层,精装,2,24,2,5
1365,1365,阳光城精装三房 边套三房 楼层好 视野好,https://xm.lianjia.com/ershoufang/105115434716.html,218,24391,0,3室2厅1厨1卫,['中楼层/共19层'],南,['平层/精装'],89.38,2019,阳光城文澜府,集美,灌口,1,两梯三户,2023/11/25,2021/4/14,平层,精装,2,19,2,3
1366,1366,公摊面积小，户型好，动静分离，位置好,https://xm.lianjia.com/ershoufang/105115634292.html,425,63910,0,2室1厅1厨1卫,['高楼层/共9层'],南,['平层/精装'],66.5,1995,湖光路工业设计院,思明,槟榔,0,零梯零户,2023/12/18,2006/4/24,平层,精装,3,9,0,0
1367,1367,景粼原著中叠叠墅 业主诚意出售 实际使用300平左右,https://xm.lianjia.com/ershoufang/105116133912.html,679,54856,0,4室2厅1厨1卫,['中楼层/共7层'],东南,['复式/毛坯'],123.78,-1,景粼原著,集美,灌口,1,一梯两户,2024/2/25,2022/12/14,复式,毛坯,2,7,1,2
1368,1368,此房采光充足 楼层好 交通便利 诚意出售,https://xm.lianjia.com/ershoufang/105116564488.html,298,31879,0,3室1厅1厨1卫,['中楼层/共31层'],南,['平层/精装'],93.48,2014,禹洲中央海岸一期,集美,杏林桥头,1,三梯六户,2024/4/2,2022/3/24,平层,精装,2,31,3,6
1369,1369,招商莱顿小镇 2室2厅 南,https://xm.lianjia.com/ershoufang/105116537164.html,188,25087,0,2室2厅1厨1卫,['中楼层/共11层'],南,['平层/精装'],74.94,2018,招商莱顿小镇,集美,灌口,1,一梯三户,2024/3/31,2020/10/19,平层,精装,2,11,1,3
1370,1370,建发央著二期 2室2厅 东南 南,https://xm.lianjia.com/ershoufang/105116546488.html,420,52304,0,2室2厅1厨1卫,['高楼层/共33层'],东南,['平层/精装'],80.3,2020,建发央著二期,集美,集美新城,1,两梯四户,2024/4/1,2022/1/14,平层,精装,3,33,2,4
1371,1371,江头地铁口，框架南北通透两房，闹中取静，采光好,https://xm.lianjia.com/ershoufang/105116461298.html,279,35465,0,2室1厅1厨1卫,['高楼层/共8层'],南,['平层/精装'],78.67,1996,吕岭综合楼,湖里,金尚,0,零梯零户,2024/3/24,2021/7/12,平层,精装,3,8,0,0
1372,1372,地铁口 国企开发 免个税精装拎包入住 过云溪近教育,https://xm.lianjia.com/ershoufang/105114275831.html,245,22414,0,3室2厅1厨1卫,['高楼层/共18层'],南,['平层/精装'],109.31,2015,过云溪二组团,海沧,东孚,1,两梯四户,2023/7/18,2015/11/26,平层,精装,3,18,2,4
1374,1374,文圃花园 带电梯 好楼层 住家装修,https://xm.lianjia.com/ershoufang/105112823604.html,238,28103,8,3室2厅1厨1卫,['中楼层/共7层'],南,['平层/精装'],84.69,-1,文圃花园,海沧,海沧生活区,1,一梯四户,2023/2/27,2015/9/8,平层,精装,2,7,1,4
1375,1375,此房满2年，边套三房，近地铁，采光充足 经典户型,https://xm.lianjia.com/ershoufang/105114087542.html,413,34841,0,3室2厅1厨2卫,['高楼层/共33层'],南,['平层/精装'],118.54,2017,莲花新城三期,集美,集美新城,1,两梯四户,2023/6/27,2018/5/7,平层,精装,3,33,2,4
1376,1376,此房坐落于东渡狐尾山公园，健康步道，邮轮码头。,https://xm.lianjia.com/ershoufang/105113233144.html,254,38230,1,2室1厅1厨1卫,['高楼层/共7层'],南,['平层/简装'],66.44,-1,东村巷,湖里,东渡,0,零梯零户,2023/4/2,1998/12/19,平层,简装,3,7,0,0
1377,1377,集美新城 IOI园博湾  精装两房  安静  一线湖景,https://xm.lianjia.com/ershoufang/105112666365.html,285,32861,1,2室2厅1厨1卫,['中楼层/共31层'],南,['平层/精装'],86.73,2015,IOI园博湾,集美,杏锦路,1,两梯四户,2023/2/15,2018/9/25,平层,精装,2,31,2,4
1378,1378,此房视野开阔，看海景，采光充足,https://xm.lianjia.com/ershoufang/105113316494.html,257,28588,0,3室1厅1厨1卫,['低楼层/共31层'],南,['平层/毛坯'],89.9,2014,阳光城翡丽湾一期,翔安,翔安新城,1,两梯六户,2023/4/10,2013/9/18,平层,毛坯,1,31,2,6
1379,1379,边套高层，自己重新精装修，个人产权，业主诚意出售,https://xm.lianjia.com/ershoufang/105113119726.html,150,25160,2,3室1厅1厨2卫,['中楼层/共24层'],东南,['跃层/精装'],59.62,2016,融信海上城,海沧,滨海社区,1,六梯二十二户,2023/3/23,2012/10/17,跃层,精装,2,24,6,22
1380,1380,高层全海景 精装修享受型大三房 双阳台 房子保养好,https://xm.lianjia.com/ershoufang/105111112112.html,420,30369,0,3室2厅1厨2卫,['高楼层/共41层'],东南,['平层/精装'],138.3,2014,禹洲中央海岸一期,集美,杏林桥头,1,三梯六户,2022/7/29,2020/10/21,平层,精装,3,41,3,6
1381,1381,隧道口 阳光城 方正两房 视野无遮挡 朝南 看海,https://xm.lianjia.com/ershoufang/105111168263.html,228,31711,1,2室2厅1厨1卫,['中楼层/共33层'],南,['平层/精装'],71.9,2014,阳光城翡丽湾一期,翔安,翔安新城,1,两梯六户,2022/8/6,2016/12/2,平层,精装,2,33,2,6
1382,1382,出行交通便利，房子采光好，满五*，框架结构。,https://xm.lianjia.com/ershoufang/105108082504.html,418,50163,49,3室2厅1厨1卫,['中楼层/共8层'],西北,['平层/精装'],83.33,2000,龙山山庄,思明,莲前,0,零梯零户,2021/7/23,2011/10/10,平层,精装,2,8,0,0
1383,1383,小区居住的安逸舒适是您优先的选择,https://xm.lianjia.com/ershoufang/105102162006.html,300,25063,7,3室2厅1厨2卫,['低楼层/共18层'],南,['平层/毛坯'],119.7,2013,美地雅登祥吴六里,翔安,新店,1,两梯四户,2019/3/25,2019/6/15,平层,毛坯,1,18,2,4
1393,1393,海上世界，2号地铁口旁，交通生活便利，,https://xm.lianjia.com/ershoufang/105112031753.html,162,37208,7,2室1厅1厨1卫,['中楼层/共7层'],南,['平层/精装'],43.54,-1,海山路,湖里,东渡,0,零梯零户,2022/11/14,2006/6/3,平层,精装,2,7,0,0
1395,1395,万象城旁电梯大三房，格局方正，一梯三户双地铁口。,https://xm.lianjia.com/ershoufang/105115942261.html,758,66201,1,3室1厅1厨2卫,['低楼层/共7层'],南,['平层/精装'],114.5,1999,湖滨东路,思明,火车站,1,一梯三户,2024/1/24,2009/7/27,平层,精装,1,7,1,3
1405,1405,世茂IOI万科里商圈 华大 边套 精装 三室两厅,https://xm.lianjia.com/ershoufang/105112144716.html,408.8,31841,0,3室2厅1厨2卫,['中楼层/共33层'],南,['平层/精装'],128.39,2013,莲花尚院,集美,集美新城,1,两梯四户,2022/11/28,2014/11/7,平层,精装,2,33,2,4
1406,1406,高层海景大三房，现代简约风装修，大阳台.,https://xm.lianjia.com/ershoufang/105113147289.html,428,31611,0,3室2厅1厨2卫,['中楼层/共39层'],南,['平层/精装'],135.4,2016,联发杏林湾一号二期,集美,杏林桥头,1,三梯六户,2023/3/26,2015/4/9,平层,精装,2,39,3,6
1407,1407,莲花首岸 中楼层精装 南北 看湖看集美塔 景观不错,https://xm.lianjia.com/ershoufang/105114612052.html,550,37100,0,3室2厅1厨2卫,['低楼层/共36层'],南,['平层/精装'],148.25,2019,莲花首岸,集美,集美新城,1,两梯四户,2023/8/25,2019/9/17,平层,精装,1,36,2,4
1411,1411,花园式小区，电梯小高层，看中庭视野好,https://xm.lianjia.com/ershoufang/105111074535.html,1220,87038,1,3室2厅1厨2卫,['中楼层/共10层'],南,['平层/精装'],140.17,2003,绿家园,思明,富山,1,一梯两户,2022/7/25,2005/1/24,平层,精装,2,10,1,2
1415,1415,小户型 总价低 高楼层 看房方便 业主诚意出售,https://xm.lianjia.com/ershoufang/105113534739.html,119,34324,0,1室0厅0厨1卫,['高楼层/共18层'],西,['平层/简装'],34.67,2009,未来海岸蓝水郡,海沧,海沧体育中心,1,两梯九户,2023/5/1,2023/7/17,平层,简装,3,18,2,9
1416,1416,万科金域蓝湾二期正规南北户型 精装修看房方便,https://xm.lianjia.com/ershoufang/105111381294.html,1300,69765,7,4室2厅1厨3卫,['高楼层/共30层'],南,['平层/精装'],186.34,2010,万科金域蓝湾二期,思明,瑞景,1,两梯两户,2022/8/31,2011/8/1,平层,精装,3,30,2,2
1417,1417,二号线地铁口 万科物业 边套西南北三面采光四房,https://xm.lianjia.com/ershoufang/105110932798.html,1050,71889,0,4室2厅1厨2卫,['低楼层/共28层'],东南,['精装'],146.06,2008,万科金域蓝湾一期,思明,瑞景,1,两梯三户,2022/7/7,2010/12/23,精装,,1,28,2,3
1418,1418,满两年 业主精装房 看房方便 采光好,https://xm.lianjia.com/ershoufang/105114874129.html,78,25408,0,1室0厅0厨1卫,['高楼层/共5层'],南,['平层/精装'],30.7,2006,未来橙堡,海沧,海沧体育中心,0,零梯零户,2023/9/22,2020/9/22,平层,精装,3,5,0,0
1419,1419,产权满五年 中高楼层 视野采光好 价格可谈,https://xm.lianjia.com/ershoufang/105114668017.html,310,30089,1,3室2厅1厨1卫,['中楼层/共18层'],南,['平层/简装'],103.03,2005,未来海岸蓝水郡,海沧,海沧体育中心,1,两梯五户,2023/8/31,2009/10/20,平层,简装,2,18,2,5
1420,1420,高层，海景，小区绿化高，离海边又近,https://xm.lianjia.com/ershoufang/105107247294.html,1150,62173,12,4室2厅1厨2卫,['中楼层/共31层'],东,['精装'],184.97,2009,海豚湾,思明,会展中心,1,两梯两户,2021/5/7,2017/3/14,精装,,2,31,2,2
1421,1421,房子格局好，配套齐全，后面就是万石植物园，天然氧吧,https://xm.lianjia.com/ershoufang/105116297422.html,386,52906,0,2室2厅1厨1卫,['低楼层/共10层'],南,['平层/精装'],72.96,2000,阳台山路19-25号,思明,文园路,1,一梯两户,2024/3/9,2016/6/12,平层,精装,1,10,1,2
1422,1422,文灶南北三房精装修，空户，仅售480万,https://xm.lianjia.com/ershoufang/105112265295.html,469,56911,0,3室1厅1厨1卫,['低楼层/共7层'],南,['平层/精装'],82.41,1992,金榜铁路家园,思明,火车站,0,零梯零户,2022/12/13,2017/5/18,平层,精装,1,7,0,0
1423,1423,R3-3户型，通风，通风采光好，看中庭，,https://xm.lianjia.com/ershoufang/105112743797.html,330,37117,2,3室1厅1厨1卫,['高楼层/共33层'],南,['平层/简装'],88.91,2015,橡树湾三期,集美,杏北,1,两梯两户,2023/2/21,2018/12/24,平层,简装,3,33,2,2
1424,1424,杏林桥头 万科精装四房 满五， 证在手 随时过户,https://xm.lianjia.com/ershoufang/105113159360.html,420,32844,0,4室1厅1厨2卫,['高楼层/共42层'],南,['平层/精装'],127.88,2014,万科金域华府二期,集美,杏林桥头,1,三梯四户,2023/3/27,2023/3/28,平层,精装,3,42,3,4
1425,1425,高层海景房，满2年，采光好，通透,https://xm.lianjia.com/ershoufang/105113051392.html,136,33806,0,1室0厅1厨1卫,['高楼层/共18层'],东,['平层/简装'],40.23,2009,汇景雅苑,海沧,未来海岸北师大,1,两梯七户,2023/3/18,2020/1/14,平层,简装,3,18,2,7
1426,1426,一线海景、正规大4房，二次精装修拎包入住，产权满二,https://xm.lianjia.com/ershoufang/105115024836.html,316,32118,0,4室2厅1厨2卫,['中楼层/共33层'],南,['跃层/精装'],98.39,2017,保利叁仟栋一期,同安,环东海域,1,两梯四户,2023/10/11,2019/2/27,跃层,精装,2,33,2,4
1427,1427,沧翔路花园   户型通透  户型方正  房子温馨舒适！,https://xm.lianjia.com/ershoufang/105112550085.html,240,25860,0,2室2厅1厨2卫,['高楼层/共7层'],南,['平层/简装'],92.81,2000,沧翔路花园,海沧,海沧生活区,0,零梯零户,2023/2/5,2017/3/4,平层,简装,3,7,0,0
1428,1428,联发杏林湾三房 装修效果好 业主诚意出售,https://xm.lianjia.com/ershoufang/105109294388.html,426,35166,13,3室2厅1厨2卫,['低楼层/共49层'],东南,['平层/精装'],121.14,2015,联发杏林湾一号三期,集美,杏林桥头,1,三梯六户,2021/11/21,2016/5/12,平层,精装,1,49,3,6
1429,1429,滨北新楼盘信和银湖天峰精装单身公寓,https://xm.lianjia.com/ershoufang/105110250798.html,348,80056,5,1室0厅1厨1卫,['低楼层/共39层'],西,['平层/精装'],43.47,2016,信和银湖天峰,思明,市政府,1,七梯二十三户,2022/4/10,2017/9/11,平层,精装,1,39,7,23
1430,1430,房子满五年 业主自住精装修 带露台已做好,https://xm.lianjia.com/ershoufang/105114427943.html,330,29397,1,3室2厅1厨1卫,['低楼层/共26层'],南,['平层/精装'],112.26,2012,天湖城,海沧,海沧区政府,1,两梯四户,2023/8/4,2014/7/28,平层,精装,1,26,2,4
1431,1431,满五年，好楼层，朝南 采光好 价格可谈,https://xm.lianjia.com/ershoufang/105113101308.html,100,31192,0,1室1厅1厨1卫,['中楼层/共5层'],南,['平层/简装'],32.06,2005,未来橙堡,海沧,海沧体育中心,0,零梯零户,2023/3/22,2023/3/22,平层,简装,2,5,0,0
1432,1432,房子满五年 空户 看房方便 价格可谈,https://xm.lianjia.com/ershoufang/105113147943.html,108.9,31899,0,1室1厅1厨1卫,['高楼层/共6层'],南,['平层/简装'],34.14,2005,未来橙堡,海沧,海沧体育中心,0,零梯零户,2023/3/26,2016/4/9,平层,简装,3,6,0,0
1433,1433,万科一期三号楼南北大四房 户型方正 看湖边水库,https://xm.lianjia.com/ershoufang/105113305170.html,1180,72384,1,4室2厅1厨2卫,['中楼层/共28层'],南,['平层/精装'],163.02,2007,万科金域蓝湾一期,思明,瑞景,1,两梯两户,2023/4/9,2019/12/10,平层,精装,2,28,2,2
1434,1434,环东海域 集美海上五月花 南北通透3房 满2 中层视野好,https://xm.lianjia.com/ershoufang/105111275012.html,428,42339,2,3室2厅1厨2卫,['中楼层/共33层'],南,['平层/毛坯'],101.09,2015,海上五月花五期,同安,集美其它,1,两梯四户,2022/8/19,2017/12/31,平层,毛坯,2,33,2,4
1435,1435,火车站禾祥东，南北通透大3房，精装,https://xm.lianjia.com/ershoufang/105111628905.html,880,74050,1,3室2厅1厨2卫,['中楼层/共11层'],南,['平层/精装'],118.84,2001,富城花园,思明,富山,1,一梯三户,2022/9/27,2017/4/17,平层,精装,2,11,1,3
1436,1436,正规3房，户型房正，主卧带阳台朝南，,https://xm.lianjia.com/ershoufang/105113135135.html,363,50905,1,3室1厅1厨1卫,['中楼层/共30层'],南,['平层/精装'],71.31,2011,高林居住区三里,湖里,软件园,1,两梯六户,2023/3/25,2021/1/8,平层,精装,2,30,2,6
1437,1437,地铁口 万科物业 高层精装看海两房,https://xm.lianjia.com/ershoufang/105112222936.html,618,70500,5,2室2厅1厨1卫,['高楼层/共31层'],南,['平层/精装'],87.66,2010,万科金域蓝湾二期,思明,瑞景,1,两梯四户,2022/12/7,2014/7/28,平层,精装,3,31,2,4
1438,1438,鑫荣苑 3室1厅 南 北,https://xm.lianjia.com/ershoufang/105114281252.html,298,25429,1,3室1厅1厨2卫,['中楼层/共6层'],南,['平层/简装'],117.19,-1,鑫荣苑,海沧,海沧生活区,0,零梯零户,2023/7/19,2018/3/19,平层,简装,2,6,0,0
1439,1439,高层看海 景观视野杠杠的 随时可以看,https://xm.lianjia.com/ershoufang/105114521988.html,96,21913,0,2室2厅1厨1卫,['中楼层/共26层'],东,['跃层/精装'],43.81,2015,融信海上城,海沧,滨海社区,1,六梯三十四户,2023/8/15,2017/9/2,跃层,精装,2,26,6,34
1441,1441,四房双卫，业主自住装，满五年省增值税,https://xm.lianjia.com/ershoufang/105109951444.html,260,20995,111,4室2厅1厨2卫,['高楼层/共34层'],南,['错层/精装'],123.84,2012,禹洲大学城,同安,集美其它,1,三梯六户,2022/3/3,2013/6/27,错层,精装,3,34,3,6
1444,1444,集美桥头 保利高层南北 海景2房,https://xm.lianjia.com/ershoufang/105114861034.html,240,31776,0,2室1厅1厨1卫,['中楼层/共32层'],南,['平层/精装'],75.53,2014,海上五月花五期,同安,集美其它,1,两梯六户,2023/9/20,2018/12/26,平层,精装,2,32,2,6
1446,1446,世茂品质精装复式三房 地铁沿线 靠湖 采光通风好,https://xm.lianjia.com/ershoufang/105113047400.html,435,51057,0,3室2厅1厨2卫,['中楼层/共13层'],南,['跃层/精装'],85.2,2018,世茂璀璨天城一期,集美,集美新城,1,两梯八户,2023/3/17,2020/6/16,跃层,精装,2,13,2,8
1448,1448,近集美桥头，业主诚意出售，户型方正 朝南双阳台,https://xm.lianjia.com/ershoufang/105114154755.html,190,16489,0,3室2厅1厨2卫,['低楼层/共30层'],南,['错层/简装'],115.23,2012,禹洲大学城,同安,集美其它,1,三梯四户,2023/7/4,2013/5/27,错层,简装,1,30,3,4
1449,1449,中庭位置看绿化 采光好，户型方正，使用面积大 南北,https://xm.lianjia.com/ershoufang/105113847819.html,950,62104,0,4室2厅2厨2卫,['中楼层/共12层'],南,['平层/精装'],152.97,2009,凯悦新城,湖里,枋湖,1,一梯两户,2023/5/31,2013/3/15,平层,精装,2,12,1,2
1450,1450,此房为电梯高层 视野无遮挡，实用两房。,https://xm.lianjia.com/ershoufang/105109852351.html,320,59546,5,2室1厅1厨1卫,['中楼层/共31层'],西南,['平层/精装'],53.74,2007,国际文化大厦,思明,莲坂,1,两梯十八户,2022/2/21,2015/9/7,平层,精装,2,31,2,18
1451,1451,滨北 岳阳小区 通透明亮 一梯两户 南北通透 满5年,https://xm.lianjia.com/ershoufang/105113348339.html,290,57954,1,1室1厅1厨1卫,['中楼层/共7层'],南,['平层/精装'],50.04,1994,岳阳西里,思明,岳阳社区,0,零梯零户,2023/4/13,2018/4/14,平层,精装,2,7,0,0
1452,1452,地铁口 延奎  邻居和睦 小区物业管理好 花园式小区,https://xm.lianjia.com/ershoufang/105115056710.html,240,28572,0,2室2厅1厨1卫,['高楼层/共7层'],东南,['平层/精装'],84,2003,文圃花园,海沧,海沧生活区,0,零梯零户,2023/10/14,2021/7/7,平层,精装,3,7,0,0
1453,1453,杏东5号线地铁口 楼层好2楼 格局可更改,https://xm.lianjia.com/ershoufang/105113530881.html,162,24681,0,2室1厅1厨1卫,['低楼层/共1层'],南,['平层/简装'],65.64,2004,东方牡丹园,集美,杏东,0,零梯零户,2023/4/30,2017/4/12,平层,简装,1,1,0,0
1454,1454,业主诚意出售 经典海景大3房中庭、视野开阔,https://xm.lianjia.com/ershoufang/105115996462.html,385,30627,0,3室2厅1厨2卫,['高楼层/共30层'],南,['平层/精装'],125.71,2012,宁宝世家,集美,杏东,1,两梯四户,2024/2/1,2015/3/5,平层,精装,3,30,2,4
1455,1455,楼层好户型方正视野开阔，看中庭采光好,https://xm.lianjia.com/ershoufang/105110566212.html,389,31083,3,4室1厅1厨2卫,['中楼层/共42层'],东南,['平层/精装'],125.15,2015,万科金域华府二期,集美,杏林桥头,1,三梯五户,2022/5/21,2015/5/21,平层,精装,2,42,3,5
1456,1456,地铁1号线大4房 精装边套通透性好朝南格局全明采光,https://xm.lianjia.com/ershoufang/105112231150.html,425,32146,2,4室2厅1厨2卫,['低楼层/共38层'],南,['平层/精装'],132.21,2014,禹洲中央海岸二期,集美,杏林桥头,1,两梯四户,2022/12/8,2020/12/1,平层,精装,1,38,2,4
1457,1457,地铁口 万科二期精装两房 看中庭 安静不靠路,https://xm.lianjia.com/ershoufang/105112625704.html,610,67997,3,2室2厅1厨1卫,['中楼层/共18层'],东,['精装'],89.71,2010,万科金域蓝湾二期,思明,瑞景,1,两梯四户,2023/2/11,2012/5/18,精装,,2,18,2,4
1459,1459,看海景 电梯大三房 满五年 24小时安保 楼间距宽,https://xm.lianjia.com/ershoufang/105105615647.html,800,63801,30,3室2厅1厨2卫,['中楼层/共29层'],南,['平层/简装'],125.39,2009,国际邮轮城,湖里,邮轮城,1,两梯两户,2020/10/25,2014/10/29,平层,简装,2,29,2,2
1468,1468,白鹭洲公园边正规两房两厅电梯房,https://xm.lianjia.com/ershoufang/105115199397.html,800,86468,0,1室2厅1厨2卫,['低楼层/共29层'],北,['平层/精装'],92.52,2002,天耀湖畔,思明,白鹭洲,1,两梯四户,2023/10/31,2007/7/11,平层,精装,1,29,2,4
1469,1469,莲花国际C区，南北3房，出售，满2年，没按揭,https://xm.lianjia.com/ershoufang/105113067953.html,435,37072,2,3室2厅1厨2卫,['中楼层/共18层'],南,['平层/简装'],117.34,2015,住宅莲花国际,集美,集美新城,1,两梯四户,2023/3/19,2016/5/24,平层,简装,2,18,2,4
1470,1470,此房满二 朝那格局 采光充足 配套设施齐全 交通便利,https://xm.lianjia.com/ershoufang/105114255421.html,210,23323,0,2室1厅1厨1卫,['低楼层/共27层'],南,['平层/精装'],90.04,2014,首开领翔国际,翔安,新店,1,两梯三户,2023/7/15,2019/1/3,平层,精装,1,27,2,3
1471,1471,地铁口复式两房一厅楼层好边套大窗户采光好,https://xm.lianjia.com/ershoufang/105116018787.html,142,28868,0,2室1厅1厨1卫,['低楼层/共7层'],东南,['复式/其他'],49.19,2000,大金门花园,海沧,海沧生活区,0,零梯零户,2024/2/12,2023/9/19,复式,其他,1,7,0,0
1472,1472,白鹭洲，楼层高，看湖景，教科院边上，小区管理好,https://xm.lianjia.com/ershoufang/105113674062.html,770,65527,1,3室2厅1厨2卫,['高楼层/共26层'],东北,['平层/简装'],117.51,2000,湖滨名宫,思明,白鹭洲,1,两梯六户,2023/5/14,2008/7/21,平层,简装,3,26,2,6
1473,1473,金沙电梯正规一房，此房满五年，产权在手，中间楼层,https://xm.lianjia.com/ershoufang/105114963384.html,316,58025,0,1室2厅1厨1卫,['中楼层/共9层'],南,['平层/简装'],54.46,2005,金沙花园,思明,金鸡亭,1,一梯四户,2023/10/5,2015/8/31,平层,简装,2,9,1,4
1474,1474,：：此房小区中庭，楼梯公摊小，满五，双阳台。,https://xm.lianjia.com/ershoufang/105115143406.html,360,33702,0,3室2厅1厨2卫,['中楼层/共7层'],南,['平层/精装'],106.82,2009,集美中心花园,集美,集美文教区,0,零梯零户,2023/10/24,2013/2/28,平层,精装,2,7,0,0
1475,1475,地铁口朝南正规两房业主诚意出售,https://xm.lianjia.com/ershoufang/105115408279.html,125,18356,3,2室2厅1厨1卫,['高楼层/共18层'],南,['平层/精装'],68.1,2016,后溪花园,集美,厦门北站商业区,0,零梯零户,2023/11/23,2023/1/18,平层,精装,3,18,0,0
1476,1476,此房满五 南北通透格局，高楼层，俯瞰体育场公园.,https://xm.lianjia.com/ershoufang/105113317323.html,246,21231,3,3室1厅1厨2卫,['中楼层/共32层'],北,['平层/精装'],115.87,2015,宝嘉誉园,翔安,新店,1,两梯四户,2023/4/10,2016/5/2,平层,精装,2,32,2,4
1477,1477,唐庄别墅社区温馨小三房小区中庭诚意出售,https://xm.lianjia.com/ershoufang/105111188683.html,459,49181,1,3室1厅1厨1卫,['低楼层/共12层'],南,['平层/精装'],93.33,2001,唐庄,湖里,金尚,1,两梯四户,2022/8/8,2018/3/21,平层,精装,1,12,2,4
1478,1478,视野好，复式楼中楼，使用空间大。格局方正.,https://xm.lianjia.com/ershoufang/105114039274.html,142,26884,2,2室2厅1厨2卫,['中楼层/共23层'],北,['平层/精装'],52.82,2019,宝龙一城,湖里,湖边水库,1,六梯二十四户,2023/6/20,2021/8/12,平层,精装,2,23,6,24
1479,1479,蓝月湾一期，大三房，动静分离，看中庭,https://xm.lianjia.com/ershoufang/105109329063.html,318,24051,3,3室2厅1厨2卫,['低楼层/共18层'],南,['错层/简装'],132.22,2007,未来海岸蓝月湾一期,海沧,未来海岸北师大,1,两梯两户,2021/11/26,2010/1/4,错层,简装,1,18,2,2
1480,1480,东渡模范花园小区正规2房房东诚意出售,https://xm.lianjia.com/ershoufang/105109427474.html,290,43433,29,2室1厅1厨1卫,['高楼层/共8层'],南,['平层/简装'],66.77,-1,东渡三航小区,湖里,东渡,0,零梯零户,2021/12/7,2001/11/29,平层,简装,3,8,0,0
1481,1481,地铁2号线旁精明房型稳定出售。,https://xm.lianjia.com/ershoufang/105104537084.html,275,44177,13,2室1厅1厨1卫,['低楼层/共28层'],东,['简装'],62.25,2003,振华大厦,湖里,邮轮城,1,两梯二十四户,2020/6/7,2012/3/5,简装,,1,28,2,24
1482,1482,格局好，宽敞大2房，楼层适中，采光好,https://xm.lianjia.com/ershoufang/105115430354.html,200,21200,0,2室1厅1厨1卫,['中楼层/共31层'],南,['平层/毛坯'],94.34,2017,金帝中洲滨海城,同安,环东海域,1,两梯四户,2023/11/25,2018/4/1,平层,毛坯,2,31,2,4
1483,1483,鸿山大厦精准两房东南朝向全明格局中层电梯房,https://xm.lianjia.com/ershoufang/105102763169.html,595,90702,44,2室1厅1厨1卫,['中楼层/共26层'],东南,['平层/精装'],65.6,1993,鸿山大厦,思明,实验小学及周边,1,三梯六户,2019/7/29,1996/1/18,平层,精装,2,26,3,6
1484,1484,水晶湖郡标准三房生活空间大，房子动静结合,https://xm.lianjia.com/ershoufang/105109973549.html,360,37217,4,3室2厅1厨1卫,['低楼层/共32层'],西南,['平层/简装'],96.73,2015,住宅·水晶湖郡,集美,集美新城,1,两梯四户,2022/3/6,2017/3/6,平层,简装,1,32,2,4
1485,1485,楼层高，采光好，无遮挡，精装修三房,https://xm.lianjia.com/ershoufang/105111475667.html,480,35009,0,3室1厅1厨2卫,['高楼层/共24层'],东南,['平层/精装'],137.11,2009,加州海岸,海沧,海沧生活区,1,两梯两户,2022/9/11,2022/9/25,平层,精装,3,24,2,2
1486,1486,海上世界旁正规三房好楼层，总价低，光线好，南北朝向,https://xm.lianjia.com/ershoufang/105111158214.html,406,38660,0,3室2厅1厨1卫,['高楼层/共8层'],南,['其他'],105.02,2000,榕海花园,湖里,东渡,0,零梯零户,2022/8/4,2018/11/8,其他,,3,8,0,0
1487,1487,蓝月湾中楼层2+1户型，视野采光,https://xm.lianjia.com/ershoufang/105116126507.html,299,33138,0,3室1厅1厨1卫,['低楼层/共18层'],南,['平层/精装'],90.23,2008,未来海岸蓝月湾一期,海沧,未来海岸北师大,1,两梯四户,2024/2/25,2024/2/27,平层,精装,1,18,2,4
1488,1488,省税，精装高层3房，楼层好 采光佳,https://xm.lianjia.com/ershoufang/105115475264.html,228,25998,0,3室2厅1厨1卫,['中楼层/共26层'],东,['平层/精装'],87.7,2012,美地雅登祥吴六里,翔安,新店,1,两梯四户,2023/11/30,2020/12/28,平层,精装,2,26,2,4
1489,1489,此房为格局方正，正规一房一厅，东面采光足,https://xm.lianjia.com/ershoufang/105108077512.html,317,48434,3,2室1厅1厨1卫,['低楼层/共28层'],东,['毛坯'],65.45,2005,振华大厦,湖里,邮轮城,1,两梯二十四户,2021/7/23,2004/8/18,毛坯,,1,28,2,24
1490,1490,东渡商检公交车站旁边，交通方便，户型方正，采光好,https://xm.lianjia.com/ershoufang/105109195047.html,510,41917,10,3室2厅1厨2卫,['高楼层/共7层'],东,['平层/精装'],121.67,2004,东渡华城,湖里,东渡,0,零梯零户,2021/11/6,2005/7/25,平层,精装,3,7,0,0
1491,1491,小区是10年建成的封闭式花园小区、客厅带阳台。。。,https://xm.lianjia.com/ershoufang/105105771847.html,780,55324,29,3室2厅1厨2卫,['中楼层/共32层'],东南,['平层/精装'],140.99,2010,都市港湾,湖里,东渡,1,三梯五户,2020/11/13,2011/11/14,平层,精装,2,32,3,5
1492,1492,省税 凤凰花城精装修二房，高层视野好诚意出售,https://xm.lianjia.com/ershoufang/105109600311.html,195,21029,6,3室2厅1厨1卫,['高楼层/共27层'],西南,['平层/精装'],92.73,2017,凤凰花城,集美,锦园,1,两梯四户,2022/1/3,2018/5/10,平层,精装,3,27,2,4
1493,1493,新纪元精装修三房 高层拎包入住看房方便,https://xm.lianjia.com/ershoufang/105111534609.html,224,25403,0,3室2厅1厨1卫,['高楼层/共27层'],东南,['平层/精装'],88.18,2017,夏商新纪元,集美,锦园,1,两梯四户,2022/9/17,2018/8/18,平层,精装,3,27,2,4
1494,1494,一梯两户好户型 商圈配套成熟 交通便利,https://xm.lianjia.com/ershoufang/105110725168.html,598,41606,3,5室2厅1厨2卫,['高楼层/共7层'],南,['平层/简装'],143.73,2005,侨福城侨龙里,思明,瑞景,0,零梯零户,2022/6/11,2005/7/1,平层,简装,3,7,0,0
1495,1495,五缘湾 新景国际外滩 复式楼中楼 精装三房看海景,https://xm.lianjia.com/ershoufang/105111799955.html,1000,101205,0,4室2厅1厨2卫,['中楼层/共15层'],东,['跃层/精装'],98.81,2014,新景国际外滩,湖里,五缘湾,1,两梯四户,2022/10/18,2015/6/23,跃层,精装,2,15,2,4
1496,1496,此房满五年，客厅朝南带阳台，小区环境好，适合居住,https://xm.lianjia.com/ershoufang/105111854852.html,167,27927,0,2室1厅1厨1卫,['低楼层/共18层'],南,['平层/精装'],59.8,2014,首开领翔花郡,翔安,新店,1,两梯四户,2022/10/24,2015/7/30,平层,精装,1,18,2,4
1497,1497,急降40万！电梯高层双卫 全明海景房 进出岛外方便,https://xm.lianjia.com/ershoufang/105114123871.html,358,35219,0,2室2厅1厨2卫,['高楼层/共19层'],南,['简装'],101.65,1996,金龙大厦,湖里,东渡,1,两梯八户,2023/7/1,2017/7/21,简装,,3,19,2,8
1498,1498,闹中取静，三房可利用的格局，精装修,https://xm.lianjia.com/ershoufang/105114807476.html,798,65935,1,3室2厅1厨2卫,['中楼层/共7层'],南,['平层/精装'],121.03,1997,金榜小区,思明,禾祥东路,1,一梯两户,2023/9/14,2022/9/16,平层,精装,2,7,1,2
1499,1499,华铃花园客厅带落地窗阳台高层海景房,https://xm.lianjia.com/ershoufang/105114792805.html,150,24889,2,2室1厅1厨1卫,['高楼层/共33层'],南,['平层/精装'],60.27,2014,华铃花园,集美,杏东,1,两梯六户,2023/9/13,2020/3/6,平层,精装,3,33,2,6
1500,1500,此房满二，精装修，客厅朝南带阳台。采光佳，景观好,https://xm.lianjia.com/ershoufang/105113783378.html,315,38679,0,3室1厅1厨1卫,['低楼层/共26层'],南,['平层/精装'],81.44,2018,保利叁仟栋二期,同安,环东海域,1,两梯五户,2023/5/25,2020/3/12,平层,精装,1,26,2,5
1501,1501,05年小区 中间楼层 大三房，明厨明卫，采光好，户型正,https://xm.lianjia.com/ershoufang/105114451069.html,850,61891,0,3室2厅1厨3卫,['中楼层/共4层'],南,['平层/简装'],137.34,2005,古龙公寓,湖里,保税区,0,零梯零户,2023/8/7,2020/6/20,平层,简装,2,4,0,0
1502,1502,集美文教区，楼中楼，四房3卫，南北朝向，动静分离！,https://xm.lianjia.com/ershoufang/105110493811.html,588,34583,4,4室2厅1厨3卫,['高楼层/共7层'],南,['复式/精装'],170.03,2009,集美中心花园,集美,集美文教区,0,零梯零户,2022/5/11,2004/12/24,复式,精装,3,7,0,0
1503,1503,房子精装修。保养好，满五可省税费,https://xm.lianjia.com/ershoufang/105110505638.html,708,56433,6,3室2厅1厨2卫,['中楼层/共15层'],南,['平层/精装'],125.46,2003,卧龙晓城,思明,莲前,1,两梯四户,2022/5/12,2015/12/17,平层,精装,2,15,2,4
1504,1504,正规 两房满5年 居家装修拎包入住狐尾山旁,https://xm.lianjia.com/ershoufang/105113352190.html,266,45486,1,2室1厅1厨1卫,['中楼层/共6层'],南,['平层/精装'],58.48,1988,东兴小区,湖里,东渡,0,零梯零户,2023/4/13,2017/5/23,平层,精装,2,6,0,0
1505,1505,业主急售 自住装修 可拎包入住,https://xm.lianjia.com/ershoufang/105116488486.html,370,31883,1,3室1厅1厨2卫,['低楼层/共32层'],南,['平层/精装'],116.05,2015,住宅·水晶湖郡,集美,集美新城,1,两梯三户,2024/3/26,2021/1/18,平层,精装,1,32,2,3
1506,1506,此别墅产权满二，业主稳定出售，有钥匙，随时看房,https://xm.lianjia.com/ershoufang/105111148593.html,1300,45991,1,5室2厅1厨5卫,['低楼层/共3层'],南,['跃层/毛坯'],282.67,2015,住宅·水晶湖郡,集美,集美新城,0,零梯零户,2022/8/3,2018/7/19,跃层,毛坯,1,3,0,0
1507,1507,地铁口旁 信义里 南北通透 3房2厅 随时看房,https://xm.lianjia.com/ershoufang/105110572500.html,785,141646,0,3室2厅1厨2卫,['低楼层/共6层'],南,['平层/简装'],55.42,1990,信义里社区,思明,实验小学及周边,0,零梯零户,2022/5/22,2020/4/10,平层,简装,1,6,0,0
1508,1508,翔安隧道口   青年城  精装  使用面积大,https://xm.lianjia.com/ershoufang/105106726506.html,58,10221,44,2室1厅1厨2卫,['低楼层/共29层'],北,['复式/精装'],56.75,2019,龙郡青年城,翔安,翔安新城,0,零梯零户,2021/3/22,2020/10/14,复式,精装,1,29,0,0
1509,1509,名汇广场  单排   22年精装配中秧空调   1+1房   高层,https://xm.lianjia.com/ershoufang/105114143724.html,398,77372,0,2室1厅1厨1卫,['高楼层/共9层'],东,['平层/精装'],51.44,2008,名汇广场,思明,中山路,1,四梯五十六户,2023/7/3,2023/7/6,平层,精装,3,9,4,56
1510,1510,京口岩东南向，产权满2，土地出让金已交，省税！,https://xm.lianjia.com/ershoufang/105115741174.html,125,23506,0,1室1厅1厨1卫,['中楼层/共18层'],东,['平层/简装'],53.18,2009,京口岩小区,海沧,未来海岸北师大,1,两梯十一户,2023/12/31,2020/1/1,平层,简装,2,18,2,11
1511,1511,格局方正，小高层朝西户型，交通便利，地铁口，,https://xm.lianjia.com/ershoufang/105110275654.html,277,48794,5,2室1厅1厨1卫,['低楼层/共28层'],西,['平层/精装'],56.77,2005,振华大厦,湖里,邮轮城,1,两梯二十四户,2022/4/13,2005/3/10,平层,精装,1,28,2,24
1512,1512,店长推荐的好房子，房东诚意出售,https://xm.lianjia.com/ershoufang/105106246251.html,95,29540,27,1室1厅1厨1卫,['低楼层/共11层'],南,['平层/精装'],32.16,2014,美地雅登祥吴五里,翔安,新店,1,一梯四户,2021/1/13,2017/5/26,平层,精装,1,11,1,4
1513,1513,叠加别墅 室内精装修 拎包就可入,https://xm.lianjia.com/ershoufang/105113314617.html,1345,68334,2,5室2厅1厨3卫,['低楼层/共4层'],南,['精装'],196.83,2014,水晶湖郡A区,集美,集美新城,1,一梯两户,2023/4/10,2016/5/18,精装,,1,4,1,2
1514,1514,看房方便，诚意出售，低楼层，方便老人小孩居住,https://xm.lianjia.com/ershoufang/105109985788.html,370,39773,7,3室2厅1厨1卫,['低楼层/共7层'],南,['平层/简装'],93.03,2009,集美中心花园,集美,集美文教区,0,零梯零户,2022/3/7,2015/5/8,平层,简装,1,7,0,0
1515,1515,瑞景新村新出 复式楼中楼 大三房两卫,https://xm.lianjia.com/ershoufang/105115891822.html,668,44797,0,3室2厅1厨2卫,['高楼层/共7层'],南,['跃层/简装'],149.12,2000,瑞景新村寿鹤苑,思明,瑞景,0,零梯零户,2024/1/17,2003/8/4,跃层,简装,3,7,0,0
1516,1516,海景5房 客厅挑空6米 景观位置好,https://xm.lianjia.com/ershoufang/105110509059.html,1570,80849,2,5室2厅1厨2卫,['中楼层/共31层'],东南,['复式/毛坯'],194.19,2009,江山帝景,思明,会展中心,1,两梯三户,2022/5/13,2020/8/21,复式,毛坯,2,31,2,3
1517,1517,泰地海西中心 精装高层看海东边套 诚售,https://xm.lianjia.com/ershoufang/105115550861.html,103,18572,0,1室1厅1厨1卫,['中楼层/共31层'],东南,['平层/精装'],55.46,2015,泰地海西中心,海沧,海沧区政府,1,六梯二十四户,2023/12/8,2016/8/3,平层,精装,2,31,6,24
1522,1522,业主诚意出售，看房方便随时约。配套完善，,https://xm.lianjia.com/ershoufang/105115859952.html,300,34076,1,2室2厅1厨1卫,['低楼层/共26层'],南,['平层/精装'],88.04,2012,泉水湾二期,集美,集美其它,1,两梯六户,2024/1/13,2014/1/17,平层,精装,1,26,2,6
1523,1523,正规精装两房，南北通透，满五*，利用率高采光好,https://xm.lianjia.com/ershoufang/105107081223.html,285,42922,56,2室1厅1厨1卫,['中楼层/共8层'],南,['平层/精装'],66.4,1997,新丰家园,湖里,东渡,0,零梯零户,2021/4/21,2016/11/30,平层,精装,2,8,0,0
1524,1524,市政府 筼筜湖 地铁口  中间楼层朝南大阳台,https://xm.lianjia.com/ershoufang/105110793268.html,402,64641,5,2室1厅1厨1卫,['中楼层/共7层'],南,['平层/简装'],62.19,1994,石亭小区,思明,市政府,0,零梯零户,2022/6/20,2003/3/24,平层,简装,2,7,0,0
1525,1525,小区内有配套公立未来之星，9年北附,https://xm.lianjia.com/ershoufang/105114986261.html,183,35132,0,2室1厅1厨1卫,['低楼层/共11层'],南,['平层/精装'],52.09,2008,未来海岸蓝月湾二期,海沧,未来海岸北师大,0,零梯零户,2023/10/7,2020/10/15,平层,精装,1,11,0,0
1526,1526,五缘湾苏式林园小区  高层朝南楼中楼三房,https://xm.lianjia.com/ershoufang/105107664471.html,1150,83887,31,3室2厅1厨2卫,['中楼层/共27层'],南,['跃层/精装'],137.09,2016,建发央玺,湖里,五缘湾,1,两梯两户,2021/6/18,2018/4/23,跃层,精装,2,27,2,2
1527,1527,东晖广场 2室2厅 北,https://xm.lianjia.com/ershoufang/105115408964.html,450,76871,0,2室2厅1厨1卫,['高楼层/共12层'],北,['平层/精装'],58.54,2013,东晖广场,湖里,枋湖,1,两梯八户,2023/11/23,2016/5/10,平层,精装,3,12,2,8
1528,1528,此房坐落于厦门市湖里区美丽的狐尾山gy，,https://xm.lianjia.com/ershoufang/105114188979.html,428,47231,0,2室1厅1厨1卫,['中楼层/共22层'],西,['平层/简装'],90.62,2000,港吉大厦,湖里,东渡,1,两梯八户,2023/7/8,2010/3/19,平层,简装,2,22,2,8
1529,1529,2000年小区挑高做两层 使用空间大 总价低的三房,https://xm.lianjia.com/ershoufang/105113322265.html,268,47952,3,3室1厅1厨1卫,['低楼层/共8层'],西南,['复式/简装'],55.89,1998,榕海花园,湖里,东渡,0,零梯零户,2023/4/11,2017/9/14,复式,简装,1,8,0,0
1530,1530,莲花新城边套，全明格局，精装保养好，拎包入住,https://xm.lianjia.com/ershoufang/105111036069.html,365,40597,3,2室2厅1厨2卫,['高楼层/共33层'],西南,['平层/精装'],89.91,2017,莲花新城三期,集美,集美新城,1,两梯四户,2022/7/20,2017/9/6,平层,精装,3,33,2,4
1534,1534,此房座落于海上花园厦门市湖里区东渡海上世界旁,https://xm.lianjia.com/ershoufang/105112723624.html,287,42525,0,2室1厅1厨1卫,['高楼层/共6层'],南,['平层/简装'],67.49,-1,东渡路,湖里,东渡,0,零梯零户,2023/2/19,2013/1/15,平层,简装,3,6,0,0
1535,1535,户型方正 双阳台 楼层好 采光通透 诚意出售,https://xm.lianjia.com/ershoufang/105114385876.html,636,55266,0,4室2厅1厨2卫,['中楼层/共9层'],东,['平层/精装'],115.08,2000,福津大街（风屿路302-320）,思明,槟榔,0,零梯零户,2023/7/31,2013/8/8,平层,精装,2,9,0,0
1539,1539,莲花新城好房 产权满二年 毛坯,https://xm.lianjia.com/ershoufang/105110542792.html,427,34095,6,3室2厅1厨2卫,['低楼层/共33层'],东南,['平层/毛坯'],125.24,2015,莲花新城二期,集美,集美新城,1,两梯四户,2022/5/18,2020/3/10,平层,毛坯,1,33,2,4
1540,1540,户型方正，东南朝向.房东急卖小两房,https://xm.lianjia.com/ershoufang/105113844151.html,153,24426,2,2室1厅1厨1卫,['中楼层/共33层'],东南,['平层/精装'],62.64,2018,华铃花园,集美,杏东,0,零梯零户,2023/5/31,2020/7/1,平层,精装,2,33,0,0
1541,1541,建发开发2006年建成，全明3+1房精装修 看海仙岳山,https://xm.lianjia.com/ershoufang/105112507910.html,946,64067,0,3室2厅1厨2卫,['中楼层/共11层'],南,['精装'],147.66,2006,优山美地,湖里,东渡,1,一梯两户,2023/2/1,2010/4/13,精装,,2,11,1,2
1542,1542,思北正规一房一厅，西南朝向，高楼层采光好视野开阔,https://xm.lianjia.com/ershoufang/105112921643.html,338,76195,2,1室1厅1厨1卫,['中楼层/共31层'],西南,['平层/精装'],44.36,2004,源通中心,思明,思北,1,六梯十七户,2023/3/7,2005/7/29,平层,精装,2,31,6,17
1543,1543,杏林城芯带小区 兴阁里 精装3房，低楼层，采光好,https://xm.lianjia.com/ershoufang/105115233026.html,236,21201,0,3室2厅1厨2卫,['低楼层/共6层'],南,['平层/精装'],111.32,1997,兴阁里小区,集美,杏东,0,零梯零户,2023/11/3,2022/1/26,平层,精装,1,6,0,0
1544,1544,精装修。可以拎包入住，房东诚意出售，,https://xm.lianjia.com/ershoufang/105115608486.html,165,20100,0,2室1厅1厨1卫,['低楼层/共18层'],南,['平层/精装'],82.09,2012,鑫锦家园北区,集美,锦园,1,两梯四户,2023/12/14,2018/5/30,平层,精装,1,18,2,4
1545,1545,地铁口 明园大厦电梯高层格局采光好交通方便,https://xm.lianjia.com/ershoufang/105115793526.html,458,33667,0,4室1厅1厨2卫,['高楼层/共10层'],东南,['平层/简装'],136.04,1998,明园大厦,湖里,湖里大道,1,两梯八户,2024/1/6,2021/11/1,平层,简装,3,10,2,8
1554,1554,海上世界，2号地铁口旁，交通生活便利。。。。,https://xm.lianjia.com/ershoufang/105114540683.html,311,40879,2,3室1厅1厨1卫,['中楼层/共7层'],南,['平层/精装'],76.08,-1,金鼎巷,湖里,东渡,0,零梯零户,2023/8/17,2009/6/2,平层,精装,2,7,0,0
1555,1555,政府盘 首开上郡 国企  高楼层两房 有钥匙,https://xm.lianjia.com/ershoufang/105110624764.html,189,21685,0,2室2厅1厨1卫,['高楼层/共33层'],南,['平层/简装'],87.16,2017,首开领翔上郡二期,翔安,新店,1,两梯四户,2022/5/29,2021/1/6,平层,简装,3,33,2,4
1556,1556,精装修，南北通透，轻松改四房。,https://xm.lianjia.com/ershoufang/105114144339.html,330,26464,0,4室2厅1厨2卫,['中楼层/共18层'],南,['平层/精装'],124.7,2015,芸溪居住公园(四期),同安,同安其它,0,零梯零户,2023/7/3,2018/8/15,平层,精装,2,18,0,0
1557,1557,正规3房2厅2卫  南北通透 厅朝南带阳台,https://xm.lianjia.com/ershoufang/105107257862.html,388,34921,4,3室2厅1厨2卫,['低楼层/共18层'],南,['错层/精装'],111.11,2008,未来海岸蓝月湾一期,海沧,未来海岸北师大,1,两梯四户,2021/5/8,2017/4/7,错层,精装,1,18,2,4
1565,1565,此房座落于美丽的厦门市湖里区东渡路海上世界。,https://xm.lianjia.com/ershoufang/105112583097.html,996,64529,1,7室2厅1厨3卫,['低楼层/共30层'],东南,['复式/精装'],154.35,2006,源昌大厦,湖里,东渡,1,两梯五户,2023/2/8,2007/6/27,复式,精装,1,30,2,5
1566,1566,小区是10年建成的封闭式花园小区，客厅带阳台。,https://xm.lianjia.com/ershoufang/105110979823.html,602,59276,1,2室2厅1厨1卫,['中楼层/共25层'],西南,['平层/精装'],101.56,2010,都市港湾,湖里,东渡,1,两梯四户,2022/7/13,2012/3/12,平层,精装,2,25,2,4
1568,1568,空户 上瑞景  朝南 正看瑞景公园 电梯高层,https://xm.lianjia.com/ershoufang/105113124801.html,195,70961,0,1室1厅1厨1卫,['中楼层/共15层'],南,['平层/精装'],27.48,2008,瑞景苑,思明,瑞景,1,两梯二十五户,2023/3/24,2019/4/28,平层,精装,2,15,2,25
1570,1570,古兴里，电梯中间楼层东边套明厨自住装修安静舒适,https://xm.lianjia.com/ershoufang/105116471716.html,418,49287,0,2室1厅1厨1卫,['中楼层/共17层'],东南,['平层/简装'],84.81,2001,古兴里,思明,前埔,1,两梯六户,2024/3/25,2003/11/7,平层,简装,2,17,2,6
1571,1571,全明 小区中庭 厅带阳台朝南 光线视野好,https://xm.lianjia.com/ershoufang/105113574909.html,330,36675,0,3室1厅1厨1卫,['高楼层/共7层'],南,['平层/简装'],89.98,1997,金鸡亭小区西区,思明,金鸡亭,0,零梯零户,2023/5/5,2019/11/20,平层,简装,3,7,0,0
1578,1578,格局方正 位置好  交通便利  家电齐全,https://xm.lianjia.com/ershoufang/105103085967.html,66,21134,2,1室1厅0厨1卫,['中楼层/共11层'],西,['平层/精装'],31.23,2012,永建顶尚,湖里,枋湖,1,两梯二十八户,2019/9/25,2013/10/16,平层,精装,2,11,2,28
1579,1579,火车站，繁华商圈，封闭式小区，精装小三房，拎包入住,https://xm.lianjia.com/ershoufang/105112162082.html,439,64531,0,3室2厅1厨1卫,['低楼层/共17层'],西北,['平层/精装'],68.03,2001,源昌广场,思明,火车站,1,两梯六户,2022/11/30,2019/11/6,平层,精装,1,17,2,6
1580,1580,永建顶尚 高层大套复式  方正格局,https://xm.lianjia.com/ershoufang/105108462366.html,60,19468,7,1室1厅0厨1卫,['高楼层/共11层'],西,['平层/精装'],30.82,2012,永建顶尚,湖里,枋湖,1,两梯二十八户,2021/8/20,2016/10/28,平层,精装,3,11,2,28
1581,1581,看湖看白鹭洲 省个税05年电梯高层全明大3房 拎包入住,https://xm.lianjia.com/ershoufang/105115006770.html,768,56529,0,3室2厅1厨1卫,['高楼层/共33层'],东北,['平层/精装'],135.86,2005,普利花园大厦,思明,禾祥西路,1,两梯四户,2023/10/9,2024/2/22,平层,精装,3,33,2,4
1582,1582,西南朝向大3房，安静小区。简单装修 业主诚售,https://xm.lianjia.com/ershoufang/105112559311.html,799,59353,0,3室2厅1厨2卫,['低楼层/共18层'],西南,['平层/简装'],134.62,2001,源昌广场,思明,火车站,1,一梯四户,2023/2/6,2007/9/27,平层,简装,1,18,1,4
1583,1583,禹洲二期，精装一线看海，现代简约风，诚意出售。,https://xm.lianjia.com/ershoufang/105113979851.html,450,32581,0,3室2厅1厨2卫,['低楼层/共41层'],东南,['平层/精装'],138.12,2014,禹洲中央海岸二期,集美,杏林桥头,1,三梯六户,2023/6/14,2019/10/10,平层,精装,1,41,3,6
1584,1584,将军祠地铁口 阳台山路  南北2房 适中楼层 外墙贴瓷砖,https://xm.lianjia.com/ershoufang/105112896736.html,443,64409,0,2室1厅1厨1卫,['低楼层/共10层'],南,['平层/简装'],68.78,1996,阳台山路19-25号,思明,文园路,0,零梯零户,2023/3/5,1999/7/7,平层,简装,1,10,0,0
1585,1585,集美桥头 保利海上五月花六期 海景房 诚意出售,https://xm.lianjia.com/ershoufang/105114400062.html,315,34962,0,3室2厅1厨1卫,['高楼层/共39层'],东南,['平层/精装'],90.1,2016,海上五月花六期,集美,集美其它,1,两梯四户,2023/8/2,2017/8/1,平层,精装,3,39,2,4
1586,1586,禹洲大学城大三房，业主自住装修，诚意出售,https://xm.lianjia.com/ershoufang/105108535730.html,210,21230,19,3室2厅1厨2卫,['中楼层/共35层'],东北,['平层/精装'],98.92,2012,禹洲大学城,同安,集美其它,1,三梯八户,2021/8/26,2021/10/19,平层,精装,2,35,3,8
1587,1587,精装2房朝南，契税满二，位置安静，上学近，总价低,https://xm.lianjia.com/ershoufang/105112798417.html,450,56103,0,2室2厅1厨1卫,['低楼层/共27层'],南,['平层/精装'],80.21,2020,建发央著二期,集美,集美新城,1,两梯四户,2023/2/25,2021/3/17,平层,精装,1,27,2,4
1588,1588,万寿路，安静小区，精装4房2厅2卫，东西南北四面采光,https://xm.lianjia.com/ershoufang/105115199493.html,828,73574,0,4室2厅1厨2卫,['高楼层/共7层'],南,['平层/精装'],112.54,1998,文园公寓一期,思明,文园路,0,零梯零户,2023/10/31,2021/6/11,平层,精装,3,7,0,0
1589,1589,文园路，将军祠文灶双地铁口，精装2房，低总价诚售！,https://xm.lianjia.com/ershoufang/105115203483.html,350,76187,0,2室1厅1厨1卫,['高楼层/共7层'],南,['平层/精装'],45.94,1984,塔厝社,思明,文园路,0,零梯零户,2023/10/31,2020/2/27,平层,精装,3,7,0,0
1590,1590,集美桥头，三房两卫，边套户型，高楼层看海景,https://xm.lianjia.com/ershoufang/105111985839.html,350,30526,2,3室2厅1厨2卫,['高楼层/共30层'],南,['平层/简装'],114.66,2015,新景舜弘天籁,集美,集美其它,1,两梯四户,2022/11/8,2017/4/17,平层,简装,3,30,2,4
1593,1593,BRT旁 清新小户型 交通便利 诚意出售,https://xm.lianjia.com/ershoufang/105106426229.html,208,68063,83,1室0厅1厨1卫,['低楼层/共18层'],北,['平层/精装'],30.56,2003,阳光百合,思明,火车站,1,两梯八户,2021/2/20,2007/8/8,平层,精装,1,18,2,8
1594,1594,火车站 富山 莲坂地铁口，总价低，随时看，,https://xm.lianjia.com/ershoufang/105114863994.html,195.8,47979,1,1室1厅1厨1卫,['高楼层/共13层'],西北,['平层/简装'],40.81,2000,富山花园,思明,富山,1,三梯二十七户,2023/9/21,2012/6/14,平层,简装,3,13,3,27
1595,1595,莲坂地铁口 花园式小区 游泳池 带电梯,https://xm.lianjia.com/ershoufang/105113756270.html,260,70157,0,1室1厅1厨1卫,['高楼层/共12层'],东,['平层/简装'],37.06,2000,富山花园罗马假日,思明,富山,1,两梯十一户,2023/5/22,2023/7/7,平层,简装,3,12,2,11
1596,1596,精装修三房  南北通透，户型方正  采光好,https://xm.lianjia.com/ershoufang/105109213997.html,1050,63819,5,3室2厅1厨2卫,['高楼层/共32层'],南,['平层/精装'],164.53,2009,海豚湾,思明,会展中心,1,两梯两户,2021/11/9,2016/4/12,平层,精装,3,32,2,2
1597,1597,高层海景房 边套户型，西南北三面采光,https://xm.lianjia.com/ershoufang/105110917050.html,1250,58758,1,5室2厅1厨3卫,['高楼层/共32层'],南,['简装'],212.74,2008,海豚湾,思明,会展中心,1,两梯两户,2022/7/5,2010/6/22,简装,,3,32,2,2
1599,1599,自住装修，保养得比较好，随时可以过户，方正三房户型,https://xm.lianjia.com/ershoufang/105108675571.html,208,19092,2,3室2厅1厨2卫,['中楼层/共30层'],南,['错层/精装'],108.95,2012,禹洲大学城,同安,集美其它,1,两梯四户,2021/9/7,2011/8/10,错层,精装,2,30,2,4
1600,1600,高层 视野无遮挡 看海 毛坯随心装修,https://xm.lianjia.com/ershoufang/105111353308.html,1200,128055,0,3室2厅1厨2卫,['中楼层/共16层'],东南,['平层/毛坯'],93.71,2017,新景国际外滩,湖里,五缘湾,1,两梯四户,2022/8/27,2017/12/2,平层,毛坯,2,16,2,4
1601,1601,前埔南区店上东里 电梯大3房 无遮挡视野开阔 户型方正,https://xm.lianjia.com/ershoufang/105114466173.html,455,35401,10,3室2厅1厨2卫,['中楼层/共15层'],南,['平层/简装'],128.53,1999,前埔南小区一区,思明,前埔,1,两梯四户,2023/8/9,2005/10/26,平层,简装,2,15,2,4
1602,1602,此房一梯两户，小区中庭 高层 视野佳 闹中取静!,https://xm.lianjia.com/ershoufang/105112622907.html,739,59244,3,4室2厅1厨2卫,['高楼层/共15层'],东南,['错层/毛坯'],124.74,2007,禹洲香槟城,湖里,枋湖,1,一梯两户,2023/2/11,2023/2/12,错层,毛坯,3,15,1,2
1603,1603,禹洲四房，南北通透，高层视野开阔，北师大,https://xm.lianjia.com/ershoufang/105113397059.html,438,36400,0,4室1厅1厨2卫,['高楼层/共33层'],南,['错层/简装'],120.33,2008,禹洲华侨金海岸,海沧,海沧体育中心,1,三梯四户,2023/4/17,2010/10/15,错层,简装,3,33,3,4
1604,1604,南北通透格局，楼层好，视野宽阔，采光充足，交通便利,https://xm.lianjia.com/ershoufang/105113476763.html,246,24952,1,2室2厅1厨1卫,['中楼层/共7层'],南,['平层/简装'],98.59,2002,信发楼,海沧,海沧生活区,0,零梯零户,2023/4/25,2004/11/9,平层,简装,2,7,0,0
1605,1605,此房采光通风好，精装修可拎包入住,https://xm.lianjia.com/ershoufang/105106983860.html,126,24765,22,1室1厅1厨1卫,['低楼层/共34层'],北,['平层/精装'],50.88,2011,禹洲大学城,同安,集美其它,1,三梯六户,2021/4/13,2019/8/28,平层,精装,1,34,3,6
1606,1606,龙湖二期安静位置，采光好，视野宽阔,https://xm.lianjia.com/ershoufang/105112911360.html,386,35964,0,3室2厅1厨2卫,['中楼层/共30层'],南,['平层/精装'],107.33,2018,龙湖春江彼岸二期,海沧,马銮湾中心片区,1,两梯五户,2023/3/6,2020/8/26,平层,精装,2,30,2,5
1608,1608,五缘湾  亿力悦海 正规2房 看湾,https://xm.lianjia.com/ershoufang/105114885804.html,750,92995,0,2室2厅1厨1卫,['中楼层/共13层'],南,['平层/精装'],80.65,2011,亿力悦海,湖里,五缘湾,1,两梯四户,2023/9/23,2013/9/12,平层,精装,2,13,2,4
1609,1609,五缘湾 源昌宝墅湾 南北精装3房 拎包入住,https://xm.lianjia.com/ershoufang/105115465216.html,850,103824,0,3室1厅1厨1卫,['低楼层/共17层'],南,['平层/精装'],81.87,2013,源昌宝墅湾,湖里,五缘湾,1,一梯两户,2023/11/29,2021/6/8,平层,精装,1,17,1,2
1610,1610,五缘湾 国贸润园 精装 总价低 采光好,https://xm.lianjia.com/ershoufang/105112456229.html,592,117929,1,1室0厅1厨1卫,['中楼层/共21层'],南,['精装'],50.2,2014,国贸润园,湖里,五缘湾,1,两梯四户,2023/1/18,2020/12/15,精装,,2,21,2,4
1611,1611,房格局方正， 全明结构，采光好，通风佳， 近地铁口,https://xm.lianjia.com/ershoufang/105114424022.html,318,44998,0,2室2厅1厨1卫,['中楼层/共10层'],南,['平层/精装'],70.67,1997,禹洲新村,湖里,南山路,0,零梯零户,2023/8/4,2016/8/11,平层,精装,2,10,0,0
1613,1613,海豚湾，低层4房2厅，位置安静，看中庭，采光充足,https://xm.lianjia.com/ershoufang/105110774113.html,845,53519,6,4室2厅1厨2卫,['低楼层/共31层'],东,['平层/精装'],157.89,2008,海豚湾,思明,会展中心,1,两梯两户,2022/6/17,2010/7/12,平层,精装,1,31,2,2
1614,1614,金海湾  安静位置  小高层电梯房   公摊小  看中庭,https://xm.lianjia.com/ershoufang/105111857112.html,428,31891,1,3室2厅1厨2卫,['中楼层/共11层'],南,['平层/精装'],134.21,2010,金海湾,集美,杏林桥头,1,两梯两户,2022/10/24,2014/12/2,平层,精装,2,11,2,2
1615,1615,省优延奎旁 精装修正规两房 户型方正 直接拎包入住！,https://xm.lianjia.com/ershoufang/105108456312.html,235,30229,4,2室2厅1厨1卫,['高楼层/共6层'],南,['平层/精装'],77.74,-1,水务宿舍,海沧,海沧生活区,0,零梯零户,2021/8/20,2016/5/12,平层,精装,3,6,0,0
1616,1616,两套单身公寓已打通成一套两房一厅 一套55万报价,https://xm.lianjia.com/ershoufang/105113291995.html,55,14593,4,2室1厅1厨1卫,['高楼层/共7层'],东,['平层/精装'],37.69,1996,万佳公寓,集美,杏西,0,零梯零户,2023/4/8,2016/9/8,平层,精装,3,7,0,0
1617,1617,杏林桥头，边套大三房，采光好看海景,https://xm.lianjia.com/ershoufang/105114057633.html,425,36131,1,3室2厅1厨2卫,['高楼层/共26层'],东南,['平层/精装'],117.63,2014,中海寰宇天下,集美,杏林桥头,1,两梯三户,2023/6/23,2015/11/12,平层,精装,3,26,2,3
1618,1618,地铁口旁，满5*，小区居住舒适，配套成熟,https://xm.lianjia.com/ershoufang/105105536355.html,244,28189,30,3室2厅1厨1卫,['高楼层/共6层'],南,['平层/简装'],86.56,1998,海沧生活区一小区,海沧,海沧生活区,0,零梯零户,2020/10/15,1995/3/1,平层,简装,3,6,0,0
1619,1619,精装温馨大两房，户型方正、拎包入住，,https://xm.lianjia.com/ershoufang/105115774758.html,658,67578,1,2室2厅1厨1卫,['低楼层/共42层'],南,['平层/精装'],97.37,2018,源昌君悦山思明,思明,莲前,1,两梯三户,2024/1/4,2019/9/10,平层,精装,1,42,2,3
1620,1620,莲花首岸，双阳台，沿湖位置，采光充足,https://xm.lianjia.com/ershoufang/105111112035.html,460,39793,3,3室2厅1厨2卫,['低楼层/共33层'],南,['平层/毛坯'],115.6,2019,莲花首岸,集美,集美新城,1,两梯四户,2022/7/29,2019/7/5,平层,毛坯,1,33,2,4
1624,1624,禹洲海岸一期大三房 安静、看海、视野好,https://xm.lianjia.com/ershoufang/105112820951.html,428,32232,0,3室2厅1厨2卫,['高楼层/共41层'],南,['平层/精装'],132.79,2015,禹洲中央海岸一期,集美,杏林桥头,1,三梯六户,2023/2/27,2015/4/1,平层,精装,3,41,3,6
1631,1631,近地铁金榜公园BRT旁，中间楼层采光好南北2房2卫急售,https://xm.lianjia.com/ershoufang/105111674901.html,518,58209,1,2室2厅1厨1卫,['中楼层/共7层'],南,['平层/简装'],88.99,1997,华普,思明,文灶,0,零梯零户,2022/10/4,2017/3/1,平层,简装,2,7,0,0
1632,1632,软三、万达旁 禹洲璟阅城，89楼中楼三房两卫 高利用,https://xm.lianjia.com/ershoufang/105115897795.html,248,28395,0,3室2厅1厨2卫,['中楼层/共20层'],东南,['复式/简装'],87.34,2021,禹洲璟阅城,集美,灌口,0,零梯零户,2024/1/18,2022/8/15,复式,简装,2,20,0,0
1633,1633,金尚小区框架两房，边套，靠中庭，视野好,https://xm.lianjia.com/ershoufang/105111423967.html,363,49652,0,2室2厅1厨1卫,['高楼层/共7层'],南,['平层/简装'],73.11,1998,金尚小区,湖里,金尚,0,零梯零户,2022/9/4,2017/6/8,平层,简装,3,7,0,0
1634,1634,瑞景 客厅带阳台朝南三房 一梯两户 南北通透,https://xm.lianjia.com/ershoufang/105113919188.html,410,45415,0,3室2厅1厨1卫,['低楼层/共8层'],东,['平层/简装'],90.28,2000,侨福城侨文里,思明,瑞景,0,零梯零户,2023/6/8,2005/9/12,平层,简装,1,8,0,0
1635,1635,此房采光好，户型好，电梯正规四房，业主诚意出售,https://xm.lianjia.com/ershoufang/105110018457.html,450,28545,2,4室2厅1厨2卫,['低楼层/共30层'],东南,['平层/简装'],157.65,2010,金海湾,集美,杏林桥头,1,两梯四户,2022/3/10,2013/5/29,平层,简装,1,30,2,4
1636,1636,房子满5年  业主诚意出售  精装修采光好,https://xm.lianjia.com/ershoufang/105114889077.html,309,35078,0,2室2厅1厨1卫,['高楼层/共24层'],南,['平层/精装'],88.09,2012,泉水湾二期,集美,集美其它,1,两梯四户,2023/9/24,2013/5/15,平层,精装,3,24,2,4
1637,1637,地铁后埔站150米，南北朝向，业主诚意出售,https://xm.lianjia.com/ershoufang/105112936887.html,580,50687,1,3室1厅1厨2卫,['中楼层/共7层'],南,['平层/简装'],114.43,1998,丰泽苑小区,湖里,金尚,0,零梯零户,2023/3/8,2018/12/25,平层,简装,2,7,0,0
1638,1638,露台金秋花园南北朝向，业主诚意出售,https://xm.lianjia.com/ershoufang/105113652333.html,468,61177,0,2室2厅1厨1卫,['低楼层/共6层'],南,['平层/简装'],76.5,2000,金秋花园,湖里,金尚,0,零梯零户,2023/5/12,2018/5/9,平层,简装,1,6,0,0
1639,1639,金尚公园旁金秋花园，中楼层，南北朝向，业主诚意出售,https://xm.lianjia.com/ershoufang/105110247486.html,518,52852,2,3室1厅1厨2卫,['中楼层/共6层'],南,['平层/简装'],98.01,2002,金秋花园,湖里,金尚,0,零梯零户,2022/4/10,2008/12/16,平层,简装,2,6,0,0
1640,1640,电梯精装大四房，南北朝向，业主诚意出售,https://xm.lianjia.com/ershoufang/105113234027.html,628,46035,1,4室1厅1厨2卫,['中楼层/共7层'],南,['平层/精装'],136.42,1998,玉鹭苑,湖里,金尚,1,一梯四户,2023/4/2,2017/4/14,平层,精装,2,7,1,4
1641,1641,翔安隧道口 边套大三房 南北通透  直接拎包入住,https://xm.lianjia.com/ershoufang/105111684643.html,315,25581,0,3室2厅1厨2卫,['高楼层/共31层'],南,['平层/精装'],123.14,2015,阳光城翡丽湾二期,翔安,翔安新城,1,两梯四户,2022/10/5,2019/1/16,平层,精装,3,31,2,4
1642,1642,金秋花园，框架结构，南北厅带阳台，中间楼层,https://xm.lianjia.com/ershoufang/105113631313.html,443,55815,0,2室2厅1厨1卫,['中楼层/共6层'],南,['平层/精装'],79.37,2000,金秋花园,湖里,金尚,0,零梯零户,2023/5/10,2012/11/27,平层,精装,2,6,0,0
1643,1643,地铁后埔站、正规三房、南北朝向、看房方便,https://xm.lianjia.com/ershoufang/105107544717.html,596,46006,1,3室2厅1厨2卫,['高楼层/共7层'],南,['平层/简装'],129.55,1999,中福城,湖里,金尚,0,零梯零户,2021/6/6,2002/1/16,平层,简装,3,7,0,0
1644,1644,外表新，带菜地，业主空户诚意出售,https://xm.lianjia.com/ershoufang/105113199154.html,558,77468,0,2室1厅1厨1卫,['中楼层/共4层'],南,['平层/简装'],72.03,-1,阳台山路,思明,文园路,0,零梯零户,2023/3/30,2021/3/5,平层,简装,2,4,0,0
1645,1645,集美桥头 海上五月花六期  顶层复式 一线海景,https://xm.lianjia.com/ershoufang/105112252276.html,1180,70761,0,5室2厅1厨3卫,['高楼层/共39层'],南,['跃层/精装'],166.76,2016,海上五月花六期,集美,集美其它,1,两梯四户,2022/12/11,2019/3/18,跃层,精装,3,39,2,4
1646,1646,地铁口 电梯房 配套成熟 交通便利 总价低 户型方正,https://xm.lianjia.com/ershoufang/105114310063.html,105,23676,0,1室0厅1厨1卫,['中楼层/共12层'],北,['平层/简装'],44.35,2000,海沧娱乐城,海沧,海沧生活区,1,两梯四十户,2023/7/22,2017/9/7,平层,简装,2,12,2,40
1647,1647,金象嘉园 4房2厅3卫双阳 高层 看湖看山 免个税,https://xm.lianjia.com/ershoufang/105110028242.html,1039,79168,16,4室2厅1厨3卫,['高楼层/共29层'],南,['平层/精装'],131.24,2007,金象嘉园,思明,禾祥东路,1,两梯四户,2022/3/11,2007/7/11,平层,精装,3,29,2,4
1648,1648,槟榔片区，户型方正 使用面积大,https://xm.lianjia.com/ershoufang/105113292736.html,468,70376,0,4室2厅2厨2卫,['高楼层/共8层'],南,['平层/精装'],66.5,1994,湖光路工业设计院,思明,槟榔,0,零梯零户,2023/4/8,2019/3/8,平层,精装,3,8,0,0
1649,1649,正规三房，户型方正，楼层好，业主急售,https://xm.lianjia.com/ershoufang/105108285958.html,298,25182,5,3室2厅1厨2卫,['中楼层/共18层'],南,['平层/毛坯'],118.34,2014,集安广场,集美,集美其它,1,两梯五户,2021/8/7,2022/3/17,平层,毛坯,2,18,2,5
1658,1658,天虹汇腾大厦精装自住   交通便利,https://xm.lianjia.com/ershoufang/105113895845.html,668,50923,0,2室2厅1厨2卫,['高楼层/共25层'],西北,['平层/精装'],131.18,1997,汇腾大厦,思明,松柏,1,三梯六户,2023/6/5,2016/4/15,平层,精装,3,25,3,6
1659,1659,莲坂商圈 精装两房 交通便利 带大阳台,https://xm.lianjia.com/ershoufang/105115371092.html,436,60759,0,2室1厅1厨1卫,['高楼层/共18层'],东北,['平层/精装'],71.76,2004,万禾广场,思明,莲坂,1,两梯八户,2023/11/19,2009/3/13,平层,精装,3,18,2,8
1664,1664,电梯小高层前埔BRT封闭式小区 人车分流， 通风采光好,https://xm.lianjia.com/ershoufang/105112992085.html,450,58058,2,2室2厅1厨1卫,['中楼层/共11层'],南,['平层/简装'],77.51,2004,华林花园三期,思明,瑞景,1,一梯三户,2023/3/13,2005/12/30,平层,简装,2,11,1,3
1665,1665,2009年封闭小区南北通透居家三房带两个露台,https://xm.lianjia.com/ershoufang/105115262658.html,1580,129149,1,3室2厅1厨2卫,['低楼层/共19层'],南,['平层/精装'],122.34,2009,新华城,思明,实验小学及周边,1,两梯四户,2023/11/6,2011/10/9,平层,精装,1,19,2,4
1667,1667,北附好房，南北通透，自住装修，通透,https://xm.lianjia.com/ershoufang/105115769743.html,340,25432,0,3室2厅1厨3卫,['中楼层/共18层'],南,['平层/精装'],133.69,2008,未来橙堡,海沧,海沧体育中心,1,两梯四户,2024/1/4,2009/2/1,平层,精装,2,18,2,4
1668,1668,太湖新城 户型方正 南北 电梯四房,https://xm.lianjia.com/ershoufang/105112703302.html,950,62414,0,4室2厅1厨2卫,['中楼层/共9层'],西南,['平层/简装'],152.21,1995,太湖新城,思明,禾祥西路,1,一梯三户,2023/2/17,2009/12/31,平层,简装,2,9,1,3
1669,1669,禾祥西 美湖花园 好 楼层东西通 大2房 闹中取静,https://xm.lianjia.com/ershoufang/105113204162.html,442,53674,0,2室1厅1厨1卫,['低楼层/共8层'],西,['平层/简装'],82.35,1991,美湖花园,思明,禾祥西路,0,零梯零户,2023/3/31,2012/4/10,平层,简装,1,8,0,0
1671,1671,集美万达商圈70年低总价小户 纯首付22万进岛便利,https://xm.lianjia.com/ershoufang/105108849841.html,66,21548,3,1室0厅0厨1卫,['低楼层/共35层'],北,['平层/简装'],30.63,2011,禹洲大学城,同安,集美其它,1,三梯十户,2021/9/25,2019/1/22,平层,简装,1,35,3,10
1672,1672,古龙明珠上错户型，三房业主诚意出售！,https://xm.lianjia.com/ershoufang/105102650544.html,440,45483,17,4室2厅1厨3卫,['中楼层/共11层'],西南,['跃层/简装'],96.74,2006,古龙明珠,集美,集美文教区,1,一梯四户,2019/7/8,2009/2/24,跃层,简装,2,11,1,4
1674,1674,温莎大3房 南北通透，带大露台。光线好,https://xm.lianjia.com/ershoufang/105110823253.html,808,64398,11,3室2厅1厨2卫,['低楼层/共33层'],南,['平层/精装'],125.47,2015,温莎公馆,湖里,金尚,1,两梯三户,2022/6/24,2020/5/6,平层,精装,1,33,2,3
1675,1675,高层精品小两房，两房两卫，采光充足，视野辽阔,https://xm.lianjia.com/ershoufang/105109148471.html,178,33086,32,2室1厅1厨2卫,['高楼层/共18层'],南,['平层/简装'],53.8,2009,京口岩小区,海沧,未来海岸北师大,1,两梯八户,2021/10/30,2017/12/20,平层,简装,3,18,2,8
1676,1676,中山路电梯小户型实验幼儿园思北一 双  大同,https://xm.lianjia.com/ershoufang/105110887137.html,450,110349,0,1室1厅1厨1卫,['中楼层/共8层'],南,['平层/简装'],40.78,2005,虹霞大厦,思明,中山路,1,两梯三十七户,2022/7/1,2007/9/14,平层,简装,2,8,2,37
1677,1677,产权满两年，户型方正，采光好，业主诚意出售,https://xm.lianjia.com/ershoufang/105111441181.html,215,42257,0,1室1厅1厨1卫,['中楼层/共11层'],南,['平层/精装'],50.88,2008,未来海岸蓝月湾二期,海沧,未来海岸北师大,0,零梯零户,2022/9/6,2015/5/13,平层,精装,2,11,0,0
1678,1678,精装50万！高层看湖海双景视野无遮挡，带双阳台,https://xm.lianjia.com/ershoufang/105116359613.html,439,32887,1,3室2厅1厨2卫,['高楼层/共33层'],东,['平层/精装'],133.49,2012,天湖城,海沧,海沧区政府,1,两梯四户,2024/3/15,2013/1/11,平层,精装,3,33,2,4
1679,1679,2013年新小区，特房品质，4房，边套,https://xm.lianjia.com/ershoufang/105116390153.html,740,52227,0,4室2厅1厨2卫,['低楼层/共32层'],东,['平层/精装'],141.69,2013,特房山水尚座,湖里,万达广场,1,两梯两户,2024/3/17,2016/3/5,平层,精装,1,32,2,2
1680,1680,高林居住区三里 3室1厅 南,https://xm.lianjia.com/ershoufang/105116456778.html,309,43157,3,3室1厅1厨1卫,['中楼层/共32层'],南,['平层/简装'],71.6,2009,高林居住区三里,湖里,软件园,1,两梯六户,2024/3/23,2022/11/9,平层,简装,2,32,2,6
1681,1681,朝南边套四房，横厅高层视野海景采光好无遮挡,https://xm.lianjia.com/ershoufang/105113298088.html,380,30126,3,4室2厅1厨2卫,['高楼层/共42层'],南,['平层/精装'],126.14,2015,万科金域华府二期,集美,杏林桥头,1,三梯五户,2023/4/8,2020/9/28,平层,精装,3,42,3,5
1682,1682,南泉小筑 4室1厅 南,https://xm.lianjia.com/ershoufang/105116179667.html,1500,51077,0,4室1厅1厨3卫,['低楼层/共3层'],南,['复式/简装'],293.68,-1,南泉小筑,湖里,保税区,0,零梯零户,2024/2/29,2001/5/26,复式,简装,1,3,0,0
1683,1683,北附大两房朝南采光好带电梯环境优美,https://xm.lianjia.com/ershoufang/105112981439.html,220,23789,0,2室2厅1厨1卫,['低楼层/共18层'],南,['平层/简装'],92.48,2008,未来橙堡,海沧,海沧体育中心,1,两梯四户,2023/3/12,2009/9/16,平层,简装,1,18,2,4
1684,1684,地铁口，温莎公馆旁，全明格局，楼层佳，采光好,https://xm.lianjia.com/ershoufang/105113812847.html,390,43934,0,3室1厅1厨1卫,['中楼层/共7层'],南,['平层/简装'],88.77,1997,福龙公寓内院,湖里,金尚,0,零梯零户,2023/5/28,2008/9/9,平层,简装,2,7,0,0
1685,1685,松岳里2+1房2厅2卫安静，精装婚房， 停车位月租200元,https://xm.lianjia.com/ershoufang/105113197666.html,539,63360,1,3室2厅1厨2卫,['低楼层/共6层'],南,['平层/精装'],85.07,2000,松岳里二区,思明,仙岳社区,0,零梯零户,2023/3/30,2020/11/18,平层,精装,1,6,0,0
1686,1686,此房一梯二户，南北通透，新装修2年，可拧包入住。,https://xm.lianjia.com/ershoufang/105112924733.html,470,45136,1,3室2厅1厨2卫,['高楼层/共7层'],南,['复式/精装'],104.13,1997,金鸡亭小区西区,思明,金鸡亭,0,零梯零户,2023/3/7,2017/3/20,复式,精装,3,7,0,0
1687,1687,小三房  框架结构  01年封闭式小区,https://xm.lianjia.com/ershoufang/105113666267.html,460,53915,0,3室2厅1厨1卫,['中楼层/共7层'],东,['平层/精装'],85.32,2001,龙福花园,思明,仙岳社区,0,零梯零户,2023/5/13,2003/10/10,平层,精装,2,7,0,0
1688,1688,高楼层，东南向，大两房，采光好,https://xm.lianjia.com/ershoufang/105113529423.html,258,27944,0,2室2厅1厨1卫,['高楼层/共18层'],东,['平层/简装'],92.33,2008,未来橙堡,海沧,海沧体育中心,1,两梯四户,2023/4/30,2011/2/14,平层,简装,3,18,2,4
1689,1689,源通中心 1室1厅 北,https://xm.lianjia.com/ershoufang/105116629059.html,239,62747,0,1室1厅1厨1卫,['高楼层/共31层'],北,['平层/简装'],38.09,2004,源通中心,思明,思北,1,六梯十七户,2024/4/9,2019/4/19,平层,简装,3,31,6,17
1690,1690,洋房.坐北朝南.采光好.全实木.领包入住.,https://xm.lianjia.com/ershoufang/105114395719.html,520,55438,0,4室2厅1厨2卫,['中楼层/共9层'],东南,['跃层/精装'],93.8,2015,中交和美新城一期,集美,集美新城,1,两梯四户,2023/8/1,2014/6/13,跃层,精装,2,9,2,4
1691,1691,满二年，位置安静，交通便利，毛坯大四房,https://xm.lianjia.com/ershoufang/105113267726.html,603,42385,0,3室2厅1厨2卫,['中楼层/共33层'],东南,['平层/毛坯'],142.27,2019,莲花首岸,集美,集美新城,1,两梯四户,2023/4/6,2019/9/20,平层,毛坯,2,33,2,4
1692,1692,朝南两房，筼筜湖畔，白鹭洲公园旁,https://xm.lianjia.com/ershoufang/105111743643.html,620,59979,0,2室1厅1厨1卫,['中楼层/共21层'],南,['平层/简装'],103.37,2001,大正大厦,思明,白鹭洲,1,两梯八户,2022/10/12,2007/1/25,平层,简装,2,21,2,8
1693,1693,江头吕厝双地铁口，精装一房，04年电梯高层，省个 税,https://xm.lianjia.com/ershoufang/105112974614.html,178,61742,0,1室0厅1厨1卫,['低楼层/共29层'],北,['平层/精装'],28.83,2005,新景园,湖里,江头,1,两梯八户,2023/3/11,2009/9/30,平层,精装,1,29,2,8
1694,1694,滨北 水岸筼筜 高层看湖景 拎包入住 ！有钥匙！,https://xm.lianjia.com/ershoufang/105113063531.html,1140,69632,0,4室2厅1厨2卫,['高楼层/共31层'],西南,['错层/精装'],163.72,2004,水岸筼筜,思明,体育中心,1,三梯四户,2023/3/19,2008/4/16,错层,精装,3,31,3,4
1695,1695,江浦南里  精装三房 南北通透,https://xm.lianjia.com/ershoufang/105113167918.html,398,44861,0,3室1厅1厨2卫,['高楼层/共7层'],南,['平层/精装'],88.72,-1,江浦南里,湖里,江头,0,零梯零户,2023/3/28,2016/3/29,平层,精装,3,7,0,0
1696,1696,音乐家生活广场 2室2厅 南 北,https://xm.lianjia.com/ershoufang/105112502761.html,558,59782,0,2室2厅1厨1卫,['中楼层/共31层'],南,['平层/简装'],93.34,2006,音乐家生活广场,思明,松柏,1,三梯十四户,2023/2/1,2007/4/12,平层,简装,2,31,3,14
1697,1697,几年才出一套的刚需小户型，户型方正，采光好。,https://xm.lianjia.com/ershoufang/105110890448.html,265,54505,37,1室1厅1厨1卫,['中楼层/共7层'],南,['平层/简装'],48.62,-1,仙岳东村,思明,仙岳社区,0,零梯零户,2022/7/2,2015/10/13,平层,简装,2,7,0,0
1698,1698,源昌君悦山 精装修 拎包入住 前排 视野无遮挡,https://xm.lianjia.com/ershoufang/105112467540.html,697,72559,0,2室2厅1厨1卫,['中楼层/共26层'],东南,['平层/简装'],96.06,2015,源昌君悦山思明,思明,莲前,1,两梯三户,2023/1/28,2015/1/2,平层,简装,2,26,2,3
1699,1699,仙岳路地铁口   正规一房  采光好,https://xm.lianjia.com/ershoufang/105113021405.html,235,52095,0,1室1厅1厨1卫,['中楼层/共19层'],东,['平层/简装'],45.11,2006,永同昌假日国际公寓,湖里,江头,1,一梯四户,2023/3/15,2016/3/24,平层,简装,2,19,1,4
1700,1700,国贸汇景 电梯正规大两房出售 明厨明卫,https://xm.lianjia.com/ershoufang/105112875069.html,485,49490,1,2室2厅1厨1卫,['高楼层/共24层'],西,['平层/简装'],98,2003,国贸汇景,思明,前埔,1,两梯七户,2023/3/3,2015/3/4,平层,简装,3,24,2,7
1701,1701,SM旁地铁口鑫新景地大厦小面积单间出售,https://xm.lianjia.com/ershoufang/105115438889.html,66,17461,3,1室0厅0厨1卫,['中楼层/共10层'],南,['平层/简装'],37.8,2007,鑫新景地大厦,湖里,江头,1,三梯四十一户,2023/11/26,2013/2/16,平层,简装,2,10,3,41
1702,1702,IOI棕榈城 4室2厅 东南,https://xm.lianjia.com/ershoufang/105114976460.html,650,49901,0,4室2厅1厨2卫,['低楼层/共9层'],东南,['平层/毛坯'],130.26,2017,IOI棕榈城,集美,集美新城,1,两梯两户,2023/10/6,2022/4/18,平层,毛坯,1,9,2,2
1703,1703,精装大三房两卫采光好通透生活便利,https://xm.lianjia.com/ershoufang/105115103742.html,310,23188,1,3室2厅1厨2卫,['中楼层/共18层'],北,['平层/精装'],133.69,2008,未来橙堡,海沧,海沧体育中心,1,两梯四户,2023/10/20,2019/4/13,平层,精装,2,18,2,4
1704,1704,镇海大厦 3房 西南北 看海看鼓浪屿  采光好 视野好,https://xm.lianjia.com/ershoufang/105115211730.html,999,88158,1,3室2厅1厨2卫,['中楼层/共29层'],西南,['平层/精装'],113.32,2001,镇海大厦,思明,实验小学及周边,1,三梯九户,2023/11/1,2019/12/27,平层,精装,2,29,3,9
1705,1705,前面没有遮挡  低楼层 总价低，通透户型,https://xm.lianjia.com/ershoufang/105113795892.html,99,32248,0,1室0厅1厨1卫,['中楼层/共5层'],南,['平层/简装'],30.7,2006,未来橙堡,海沧,海沧体育中心,0,零梯零户,2023/5/26,2021/6/17,平层,简装,2,5,0,0
1706,1706,吕厝双地铁口，电梯全明格局大两房，业主诚意出售,https://xm.lianjia.com/ershoufang/105114312774.html,418,52493,2,2室2厅1厨1卫,['低楼层/共29层'],南,['平层/简装'],79.63,2005,新景园,湖里,江头,1,两梯八户,2023/7/22,2009/3/18,平层,简装,1,29,2,8
1707,1707,满五、省税、边套、高层视野好。,https://xm.lianjia.com/ershoufang/105113680730.html,239,19636,0,2室2厅1厨1卫,['中楼层/共27层'],南,['平层/精装'],121.72,2014,首开领翔国际,翔安,新店,1,两梯三户,2023/5/15,2018/5/31,平层,精装,2,27,2,3
1708,1708,中海品质小区，户型方正，五开间全朝南，高层视野,https://xm.lianjia.com/ershoufang/105113163099.html,538,51283,1,3室2厅1厨2卫,['高楼层/共33层'],东南,['平层/精装'],104.91,2021,中海杏林鹭湾,集美,集美新城,0,零梯零户,2023/3/27,2022/4/12,平层,精装,3,33,0,0
1709,1709,吕厝电梯 双地铁口  楼层无遮挡,https://xm.lianjia.com/ershoufang/105114694976.html,505,56960,0,3室1厅0厨1卫,['中楼层/共17层'],西南,['平层/精装'],88.66,2000,中环花园,湖里,江头,1,两梯十八户,2023/9/3,1998/11/4,平层,精装,2,17,2,18
1711,1711,湖景房，双面看湖，视野好，四阳台,https://xm.lianjia.com/ershoufang/105109064932.html,520,41084,10,3室1厅1厨2卫,['高楼层/共26层'],南,['平层/简装'],126.57,2014,水晶湖郡A区,集美,集美新城,1,两梯三户,2021/10/21,2017/8/12,平层,简装,3,26,2,3
1712,1712,此房南北通透，采光好，低总价，离校园近,https://xm.lianjia.com/ershoufang/105110718878.html,180,50042,0,1室0厅1厨1卫,['中楼层/共6层'],南,['平层/简装'],35.97,1984,德信庄园,湖里,南山路,0,零梯零户,2022/6/10,1990/6/4,平层,简装,2,6,0,0
1713,1713,房子满5，2017年自住装修，东南朝向,https://xm.lianjia.com/ershoufang/105110961397.html,286,37711,6,2室1厅1厨1卫,['高楼层/共7层'],东南,['平层/精装'],75.84,1997,金鸡亭小区西区,思明,金鸡亭,0,零梯零户,2022/7/10,2006/10/19,平层,精装,3,7,0,0
1714,1714,莲花新城三期 边套 集美新城 诚毅广场地铁口 价格可谈,https://xm.lianjia.com/ershoufang/105111696637.html,307,34639,3,3室2厅1厨1卫,['低楼层/共29层'],西南,['平层/精装'],88.63,2017,莲花新城三期,集美,集美新城,1,两梯四户,2022/10/7,2017/12/26,平层,精装,1,29,2,4
1715,1715,海景花园小区 高层视野开阔 安静宜居 稳定出售,https://xm.lianjia.com/ershoufang/105112797946.html,410,31925,1,3室2厅1厨2卫,['中楼层/共41层'],南,['平层/毛坯'],128.43,2016,联发杏林湾一号一期,集美,杏林桥头,1,两梯四户,2023/2/25,2014/7/11,平层,毛坯,2,41,2,4
1718,1718,看中庭带装修很好诚意出售  享受行,https://xm.lianjia.com/ershoufang/105113625685.html,530,37999,0,3室2厅1厨2卫,['低楼层/共33层'],东南,['平层/精装'],139.48,2015,海投天源,海沧,海沧体育中心,1,两梯两户,2023/5/10,2017/1/22,平层,精装,1,33,2,2
1719,1719,嘉禾路乌石浦地铁口电梯房3房  多个露台在隔壁套。,https://xm.lianjia.com/ershoufang/105115992138.html,620,38931,0,3室2厅1厨2卫,['中楼层/共30层'],东北,['平层/精装'],159.26,1999,永同昌大厦,湖里,江头,1,三梯八户,2024/1/31,2004/9/7,平层,精装,2,30,3,8
1720,1720,新景天湖广场 3室2厅 东 西,https://xm.lianjia.com/ershoufang/105116113688.html,399,84948,0,3室2厅1厨2卫,['低楼层/共12层'],东,['复式/简装'],46.97,2007,新景天湖广场,湖里,江头,1,一梯八户,2024/2/23,2008/3/19,复式,简装,1,12,1,8
1721,1721,地铁口.SM.电梯.高层国泰大厦东南向.阳光充足,https://xm.lianjia.com/ershoufang/105115548456.html,800,34489,0,4室2厅1厨2卫,['高楼层/共31层'],东南,['平层/简装'],231.96,1997,国泰大厦,湖里,江头,1,三梯六户,2023/12/7,2019/6/27,平层,简装,3,31,3,6
1722,1722,好楼层 平层边套大4房 40平米大客厅及7米大阳台,https://xm.lianjia.com/ershoufang/105115486866.html,429,33884,1,4室2厅1厨2卫,['低楼层/共34层'],南,['平层/毛坯'],126.61,2016,龙湖春江郦城一期,集美,杏北,1,两梯五户,2023/12/1,2019/9/3,平层,毛坯,1,34,2,5
1727,1727,产权满二 恒大帝景 精装修边套通透三房 配套成熟,https://xm.lianjia.com/ershoufang/105109293282.html,329,27193,18,3室2厅1厨2卫,['低楼层/共30层'],东南,['平层/精装'],120.99,2019,恒大帝景,集美,集美新城,1,两梯四户,2021/11/21,2021/11/10,平层,精装,1,30,2,4
1731,1731,联发杏林湾一号三期 3室2厅 南 东 北,https://xm.lianjia.com/ershoufang/105115957241.html,378,31279,0,3室2厅1厨2卫,['低楼层/共47层'],南,['平层/精装'],120.85,2015,联发杏林湾一号三期,集美,杏林桥头,1,三梯六户,2024/1/26,2016/9/6,平层,精装,1,47,3,6
1732,1732,业主置换，产权满五，看房子方便。,https://xm.lianjia.com/ershoufang/105113884295.html,220,21360,0,2室1厅1厨1卫,['中楼层/共11层'],西,['平层/精装'],103,2006,杏花苑,集美,杏南,1,两梯四户,2023/6/4,2007/2/2,平层,精装,2,11,2,4
1733,1733,江浦北里 3室1厅 南 北,https://xm.lianjia.com/ershoufang/105115242034.html,358,40379,1,3室1厅1厨2卫,['高楼层/共7层'],南,['平层/简装'],88.66,1999,江浦北里,湖里,江头,0,零梯零户,2023/11/4,2018/11/23,平层,简装,3,7,0,0
1734,1734,前排带露台三房、全明户型南北通透双大阳台,https://xm.lianjia.com/ershoufang/105114392242.html,956,69976,0,3室2厅1厨2卫,['低楼层/共38层'],南,['平层/简装'],136.62,2015,源昌君悦山思明,思明,莲前,1,两梯三户,2023/8/1,2021/12/27,平层,简装,1,38,2,3
1735,1735,产权满二 洋房设计一梯两户前后无遮挡比邻天虹双十,https://xm.lianjia.com/ershoufang/105115192039.html,420,47641,1,4室2厅1厨1卫,['低楼层/共11层'],东南,['平层/精装'],88.16,2011,绿苑新城二组团,海沧,滨海社区,1,一梯两户,2023/10/30,2019/8/16,平层,精装,1,11,1,2
1736,1736,五缘湾公园小区复式大三房  阳台有改动,https://xm.lianjia.com/ershoufang/105107810835.html,1133,79027,40,3室2厅1厨2卫,['中楼层/共26层'],南,['跃层/精装'],143.37,2016,建发央玺,湖里,五缘湾,1,两梯两户,2021/7/2,2019/1/4,跃层,精装,2,26,2,2
1737,1737,禹洲品质，电梯三房，安静，全明，大阳台,https://xm.lianjia.com/ershoufang/105109788078.html,521,46547,11,3室1厅1厨2卫,['中楼层/共17层'],东北,['平层/简装'],111.93,2005,禹洲棕榈城二期,湖里,东渡,1,两梯六户,2022/2/14,2016/11/14,平层,简装,2,17,2,6
1738,1738,融信海上城 精装修3 朝南向 大坪山下,https://xm.lianjia.com/ershoufang/105111630471.html,118,19203,1,3室2厅1厨2卫,['低楼层/共24层'],南,['跃层/精装'],61.45,2016,融信海上城,海沧,滨海社区,1,六梯二十二户,2022/9/27,2019/8/26,跃层,精装,1,24,6,22
1739,1739,杏林湾一号，业主诚意卖，采光很好，省税费,https://xm.lianjia.com/ershoufang/105111537843.html,477,33907,0,3室2厅1厨2卫,['低楼层/共33层'],东南,['平层/精装'],140.68,2016,联发杏林湾一号二期,集美,杏林桥头,1,三梯五户,2022/9/17,2015/4/14,平层,精装,1,33,3,5
1740,1740,满五、全明户型、阳光充足、南北通透、拎包入住。,https://xm.lianjia.com/ershoufang/105110848848.html,486,62212,3,2室2厅1厨1卫,['高楼层/共6层'],南,['平层/精装'],78.12,-1,曾厝垵西里,思明,曾厝垵,0,零梯零户,2022/6/27,2016/4/18,平层,精装,3,6,0,0
1741,1741,首排无遮挡 花园小区环境 视野好，楼层位置,https://xm.lianjia.com/ershoufang/105110933288.html,733,76474,2,2室1厅1厨1卫,['中楼层/共32层'],南,['平层/精装'],95.85,2015,源昌君悦山思明,思明,莲前,1,两梯三户,2022/7/7,2019/4/8,平层,精装,2,32,2,3
1742,1742,万达成熟商圈，交通便利，小区位置繁华,https://xm.lianjia.com/ershoufang/105110512399.html,170,26563,5,3室2厅1厨2卫,['高楼层/共33层'],南,['复式/精装'],64,2016,万科中心云玺,湖里,万达广场,1,六梯二十六户,2022/5/13,2019/5/21,复式,精装,3,33,6,26
1743,1743,此房满五唯采光通风好楼层好小区生活配套设施齐全。,https://xm.lianjia.com/ershoufang/105111948451.html,558,56564,1,3室2厅1厨1卫,['中楼层/共5层'],南,['平层/精装'],98.65,-1,曾厝垵西里,思明,曾厝垵,0,零梯零户,2022/11/4,2012/11/15,平层,精装,2,5,0,0
1744,1744,一号线地铁乌石浦站 带电梯三房有入户花园,https://xm.lianjia.com/ershoufang/105107236334.html,548,52306,15,3室1厅1厨1卫,['中楼层/共19层'],南,['平层/简装'],104.77,2005,永同昌假日国际公寓,湖里,江头,1,一梯五户,2021/5/6,2021/5/9,平层,简装,2,19,1,5
1745,1745,台湾街，吕厝地铁口，厅带阳台 看房方便,https://xm.lianjia.com/ershoufang/105107928313.html,495,46064,14,3室1厅1厨1卫,['低楼层/共22层'],东,['平层/简装'],107.46,2003,科瑞大厦,湖里,江头,1,两梯七户,2021/7/11,2019/10/17,平层,简装,1,22,2,7
1746,1746,自住装修  格局好 出行方便 户型方正,https://xm.lianjia.com/ershoufang/105111733817.html,229,29195,1,2室1厅1厨1卫,['高楼层/共7层'],东,['平层/精装'],78.44,2003,银都花园,海沧,海沧生活区,0,零梯零户,2022/10/11,2006/12/30,平层,精装,3,7,0,0
1747,1747,都市港湾，高层，看景观，双阳台，低公摊，南北向,https://xm.lianjia.com/ershoufang/105112980995.html,930,55141,0,4室2厅1厨2卫,['高楼层/共32层'],南,['错层/精装'],168.66,2010,都市港湾,湖里,东渡,1,三梯五户,2023/3/12,2011/9/7,错层,精装,3,32,3,5
1748,1748,，位于吕岭路和江头东路交界处有报业大厦站,https://xm.lianjia.com/ershoufang/105112221865.html,320,48648,3,3室1厅1厨1卫,['高楼层/共7层'],东南,['平层/精装'],65.78,1990,吕岭路,湖里,金尚,0,零梯零户,2022/12/7,2020/12/15,平层,精装,3,7,0,0
1749,1749,房子方正  装修保养干净  有商量加装电梯,https://xm.lianjia.com/ershoufang/105110771546.html,415,44643,0,2室2厅1厨1卫,['中楼层/共7层'],南,['平层/精装'],92.96,1999,芙蓉苑二期,湖里,湖里大道,0,零梯零户,2022/6/17,2006/6/9,平层,精装,2,7,0,0
1750,1750,江头台湾街，南北通透大平层，价优急售。,https://xm.lianjia.com/ershoufang/105115167990.html,720,45255,0,4室2厅1厨2卫,['高楼层/共16层'],东南,['平层/简装'],159.1,2002,桃源大厦,湖里,江头,1,一梯三户,2023/10/27,2020/1/16,平层,简装,3,16,1,3
1751,1751,六中前门  小城故事  一梯两户全明三房,https://xm.lianjia.com/ershoufang/105112979960.html,650,54199,0,3室2厅1厨2卫,['中楼层/共7层'],南,['精装'],119.93,2003,小城故事禹洲新城一期,湖里,东渡,0,零梯零户,2023/3/12,2003/6/23,精装,,2,7,0,0
1752,1752,业主自住精装修，交通便利配套齐全,https://xm.lianjia.com/ershoufang/105113367867.html,229,23790,0,2室1厅1厨2卫,['高楼层/共7层'],东南,['平层/精装'],96.26,2000,大金门花园,海沧,海沧生活区,0,零梯零户,2023/4/15,2013/1/15,平层,精装,3,7,0,0
1753,1753,万科金域蓝湾，边套，南北通透，双主卧，户型方正,https://xm.lianjia.com/ershoufang/105113325715.html,1210,64362,1,4室2厅1厨3卫,['低楼层/共28层'],南,['平层/精装'],188,2008,万科金域蓝湾一期,思明,瑞景,1,两梯两户,2023/4/11,2011/1/12,平层,精装,1,28,2,2
1754,1754,万科金域蓝湾一期 自住装修 保养好 南北通透,https://xm.lianjia.com/ershoufang/105113028780.html,1200,74038,0,4室2厅1厨2卫,['低楼层/共28层'],南,['平层/精装'],162.08,2008,万科金域蓝湾一期,思明,瑞景,1,两梯两户,2023/3/16,2019/3/23,平层,精装,1,28,2,2
1755,1755,万科金域蓝湾 高层精装修四房 南北通透,https://xm.lianjia.com/ershoufang/105113923325.html,1350,70127,1,4室2厅1厨3卫,['高楼层/共28层'],南,['平层/精装'],192.51,2008,万科金域蓝湾一期,思明,瑞景,1,两梯两户,2023/6/8,2016/6/11,平层,精装,3,28,2,2
1756,1756,高层看海看中庭安静不靠路精装两房,https://xm.lianjia.com/ershoufang/105113556979.html,938,96493,0,2室2厅1厨1卫,['高楼层/共29层'],南,['精装'],97.21,2012,联发滨海名居,思明,会展中心,1,两梯四户,2023/5/4,2016/7/2,精装,,3,29,2,4
1757,1757,地铁口正规大三房 户型好楼层高,https://xm.lianjia.com/ershoufang/105107681496.html,1000,75393,1,3室2厅1厨2卫,['中楼层/共28层'],南,['平层/精装'],132.64,2008,万科金域蓝湾一期,思明,瑞景,1,两梯三户,2021/6/20,2016/9/2,平层,精装,2,28,2,3
1758,1758,高林居住区一里 3室1厅 南 北,https://xm.lianjia.com/ershoufang/105114746031.html,310,44369,2,3室1厅1厨1卫,['低楼层/共18层'],南,['平层/简装'],69.87,2009,高林居住区一里,湖里,万达广场,1,一梯四户,2023/9/8,2017/8/9,平层,简装,1,18,1,4
1759,1759,东方新城二期 2室1厅 南,https://xm.lianjia.com/ershoufang/105116344932.html,120,19268,1,2室1厅1厨1卫,['低楼层/共18层'],南,['平层/精装'],62.28,2017,东方新城二期,翔安,新店,0,零梯零户,2024/3/13,2021/5/7,平层,精装,1,18,0,0
1760,1760,东方新城大两房 南北朝向 满五,https://xm.lianjia.com/ershoufang/105115329534.html,140,18843,0,2室2厅1厨1卫,['高楼层/共6层'],南,['平层/精装'],74.3,2010,东方新城三区,翔安,新店,0,零梯零户,2023/11/14,2018/7/2,平层,精装,3,6,0,0
1761,1761,6号楼唯二在售边套，带25平露台，价格可谈,https://xm.lianjia.com/ershoufang/105112706389.html,478,37883,1,5室2厅1厨2卫,['低楼层/共34层'],东南,['复式/毛坯'],126.18,2017,龙湖春江郦城一期,集美,杏北,1,两梯六户,2023/2/18,2018/2/11,复式,毛坯,1,34,2,6
1762,1762,房子满两年 看房方便 朝南户型方正 价格可谈,https://xm.lianjia.com/ershoufang/105113382919.html,95.6,31867,0,1室1厅1厨1卫,['高楼层/共6层'],南,['平层/简装'],30,2005,未来橙堡,海沧,海沧体育中心,0,零梯零户,2023/4/16,2020/4/23,平层,简装,3,6,0,0
1763,1763,江头公园旁 环境优美 交通便利 电梯四房 厅带大阳台,https://xm.lianjia.com/ershoufang/105115130321.html,678,50837,0,4室2厅1厨2卫,['低楼层/共23层'],东,['平层/精装'],133.37,2005,东方威尼斯,湖里,江头,1,两梯六户,2023/10/23,2013/10/28,平层,精装,1,23,2,6
1764,1764,中山公寓边上精装两房，拎包入住，房东诚意出售,https://xm.lianjia.com/ershoufang/105116147962.html,450,90163,0,2室1厅1厨1卫,['高楼层/共6层'],南,['平层/精装'],49.91,1977,深田路,思明,实验小学及周边,0,零梯零户,2024/2/26,2021/2/19,平层,精装,3,6,0,0
1765,1765,源昌鑫海湾 双阳台 中庭位置看海 业主诚意卖,https://xm.lianjia.com/ershoufang/105112127642.html,1266,101305,0,4室2厅1厨3卫,['中楼层/共17层'],南,['复式/精装'],124.97,2010,源昌鑫海湾,湖里,五缘湾,1,两梯三户,2022/11/25,2012/3/31,复式,精装,2,17,2,3
1766,1766,高层西南朝向，看山看海，户型方正格局佳,https://xm.lianjia.com/ershoufang/105114008911.html,1390,98352,0,3室2厅1厨2卫,['高楼层/共33层'],西南,['平层/精装'],141.33,1996,天鹭大厦,思明,实验小学及周边,1,三梯八户,2023/6/17,2020/4/6,平层,精装,3,33,3,8
1767,1767,江头电梯正规两房带小区近商场近地铁口,https://xm.lianjia.com/ershoufang/105115502207.html,296,54273,0,2室1厅1厨1卫,['中楼层/共16层'],北,['平层/精装'],54.54,2002,桃源大厦,湖里,江头,1,一梯三户,2023/12/3,2021/2/22,平层,精装,2,16,1,3
1768,1768,大润发 五一广场 悦享旁  正规1房1厅1厨1卫1阳台。,https://xm.lianjia.com/ershoufang/105111676849.html,249.9,53685,1,1室1厅1厨1卫,['中楼层/共7层'],南,['平层/简装'],46.55,1996,仙岳东村,思明,仙岳社区,0,零梯零户,2022/10/4,2020/11/19,平层,简装,2,7,0,0
1769,1769,小区门口就是公园，07年电梯，复式楼中楼，实用面积多,https://xm.lianjia.com/ershoufang/105111136301.html,415,87295,6,2室2厅1厨2卫,['高楼层/共12层'],东,['复式/精装'],47.54,2007,新景天湖广场,湖里,江头,1,一梯八户,2022/8/2,2017/4/28,复式,精装,3,12,1,8
1770,1770,2006年小区 一梯两户 电梯高层楼中楼,https://xm.lianjia.com/ershoufang/105114579405.html,1250,57719,1,4室1厅1厨3卫,['高楼层/共6层'],南,['复式/简装'],216.57,2005,艺术中心综合楼,思明,仙岳社区,1,两梯两户,2023/8/21,2022/1/28,复式,简装,3,6,2,2
1779,1779,南北通透、釆光好、居住环境佳、交通便利、,https://xm.lianjia.com/ershoufang/105111636015.html,380,40944,0,3室2厅1厨1卫,['中楼层/共8层'],南,['平层/精装'],92.81,-1,气象局宿舍,湖里,东渡,0,零梯零户,2022/9/28,2022/9/28,平层,精装,2,8,0,0
1780,1780,地铁口，文园路建成年份Z新的楼盘，小区人车分流,https://xm.lianjia.com/ershoufang/105112897332.html,865,109842,0,3室1厅1厨1卫,['中楼层/共17层'],东,['平层/精装'],78.75,2010,文园新村,思明,文园路,1,两梯三户,2023/3/5,2021/3/24,平层,精装,2,17,2,3
1782,1782,全明通透，户型佳，电梯房2005年，有装修 5-4年级,https://xm.lianjia.com/ershoufang/105116031789.html,671,49796,0,3室2厅1厨2卫,['中楼层/共17层'],南,['平层/精装'],134.75,2004,山木清华,思明,莲前,1,两梯四户,2024/2/17,2005/7/11,平层,精装,2,17,2,4
1783,1783,近地铁口，精装修，可拎包入住，中楼层，视野开阔,https://xm.lianjia.com/ershoufang/105113297611.html,460,36848,4,3室2厅1厨2卫,['中楼层/共30层'],东南,['平层/精装'],124.84,2005,天心岛,海沧,滨海社区,1,两梯四户,2023/4/8,2011/9/13,平层,精装,2,30,2,4
1785,1785,金海湾安静楼栋 中间楼层两室两卫,https://xm.lianjia.com/ershoufang/105113730802.html,285,29843,0,2室1厅1厨2卫,['中楼层/共24层'],南,['平层/精装'],95.5,2010,金海湾,集美,杏林桥头,1,两梯五户,2023/5/19,2012/3/26,平层,精装,2,24,2,5
1794,1794,保利品质，自住型精装修，保养好，三开间朝南。,https://xm.lianjia.com/ershoufang/105106287792.html,235,29266,21,2室1厅1厨1卫,['低楼层/共33层'],南,['平层/精装'],80.3,2013,海上五月花一期,集美,集美其它,1,两梯四户,2021/1/18,2019/3/13,平层,精装,1,33,2,4
1802,1802,金尚2号线地铁口，电梯高层三房，两梯两户。,https://xm.lianjia.com/ershoufang/105110452280.html,730,54296,1,3室1厅1厨2卫,['中楼层/共23层'],南,['平层/精装'],134.45,2014,金尚首府,湖里,金尚,1,两梯两户,2022/5/5,2016/3/15,平层,精装,2,23,2,2
1809,1809,华林品质 拎包入住 电梯房  业主诚意出售 满五年,https://xm.lianjia.com/ershoufang/105112008416.html,295,52670,4,1室1厅1厨1卫,['低楼层/共11层'],东,['平层/精装'],56.01,2005,华林金盛花园,湖里,金尚,1,一梯三户,2022/11/11,2015/5/21,平层,精装,1,11,1,3
1811,1811,卧龙BRT旁正规一房一厅诚意出售全明户型,https://xm.lianjia.com/ershoufang/105114600589.html,289,50410,0,1室1厅1厨1卫,['中楼层/共8层'],南,['平层/精装'],57.33,2001,云亭花园,思明,金鸡亭,0,零梯零户,2023/8/23,2009/7/3,平层,精装,2,8,0,0
1812,1812,翔安隧道口复式挑高楼，精装，交通便利进岛快！,https://xm.lianjia.com/ershoufang/105114087116.html,43,11054,12,2室1厅1厨1卫,['中楼层/共18层'],南,['跃层/精装'],38.9,2018,菁英公馆,翔安,翔安新城,1,四梯四十二户,2023/6/27,2020/7/15,跃层,精装,2,18,4,42
1814,1814,低总价精装修高使用西南北三面采光正规四房,https://xm.lianjia.com/ershoufang/105115128078.html,998,72267,2,4室2厅1厨2卫,['中楼层/共31层'],南,['平层/精装'],138.1,2009,万科金域蓝湾二期,思明,瑞景,1,两梯四户,2023/10/22,2020/5/26,平层,精装,2,31,2,4
1817,1817,满五  金尚小区 2房 框架结构 全明户型,https://xm.lianjia.com/ershoufang/105109830441.html,375,53290,9,2室2厅1厨1卫,['中楼层/共7层'],南,['平层/简装'],70.37,1998,金尚小区,湖里,金尚,0,零梯零户,2022/2/18,2001/1/4,平层,简装,2,7,0,0
1818,1818,SM旁，06年电梯高层，全明精装三房，视野无遮挡。,https://xm.lianjia.com/ershoufang/105114995203.html,450,50201,1,3室2厅1厨2卫,['高楼层/共19层'],西北,['平层/精装'],89.64,2005,永同昌假日国际公寓,湖里,江头,1,一梯四户,2023/10/8,2015/7/10,平层,精装,3,19,1,4
1819,1819,槟榔 海晟棕蓝海 稀有在售户型 带独立露台 精装 7房,https://xm.lianjia.com/ershoufang/105112576505.html,2200,83246,1,6室2厅1厨3卫,['高楼层/共28层'],西南,['复式/精装'],264.28,2005,海晟棕蓝海,思明,槟榔,1,两梯四户,2023/2/7,2020/10/12,复式,精装,3,28,2,4
1820,1820,江头！江浦南里！二号线地铁口！南北通透！精装三房！,https://xm.lianjia.com/ershoufang/105109763031.html,325,54705,25,3室2厅1厨1卫,['中楼层/共7层'],南,['平层/精装'],59.41,1994,江浦南里,湖里,江头,0,零梯零户,2022/2/11,2019/10/23,平层,精装,2,7,0,0
1821,1821,露台金秋电梯高层三房，三面采光，业主诚意出售,https://xm.lianjia.com/ershoufang/105110174109.html,598,65477,6,3室2厅1厨2卫,['高楼层/共18层'],南,['平层/精装'],91.33,2002,金秋花园,湖里,金尚,1,一梯五户,2022/3/31,2005/10/31,平层,精装,3,18,1,5
1822,1822,惠鸿花园正规大三房，业主诚意出售,https://xm.lianjia.com/ershoufang/105110243960.html,500,39075,0,3室2厅1厨2卫,['中楼层/共7层'],南,['平层/简装'],127.96,-1,惠鸿花园,湖里,金尚,0,零梯零户,2022/4/9,2002/8/16,平层,简装,2,7,0,0
1823,1823,松柏楼中楼 港龙新城 框架高层 南北 视野开阔,https://xm.lianjia.com/ershoufang/105115615928.html,870,46962,1,4室2厅1厨2卫,['高楼层/共9层'],南,['平层/简装'],185.26,2000,港龙新城,思明,体育中心,1,一梯两户,2023/12/15,2003/5/19,平层,简装,3,9,1,2
1824,1824,房东稳定出售，看房方便，朝南户型，采光好,https://xm.lianjia.com/ershoufang/105112613353.html,350,64244,0,1室1厅1厨1卫,['低楼层/共30层'],南,['平层/简装'],54.48,2015,中关委大厦,思明,松柏,1,三梯十二户,2023/2/10,2017/8/8,平层,简装,1,30,3,12
1825,1825,产权满五只用契税，楼上露台独立使用,https://xm.lianjia.com/ershoufang/105109641010.html,442,81671,7,2室2厅1厨1卫,['中楼层/共7层'],东,['平层/简装'],54.12,1995,长青北里小区,思明,松柏,0,零梯零户,2022/1/9,2022/1/16,平层,简装,2,7,0,0
1826,1826,房产站大永固 三房 东南向  采光好 配套齐全,https://xm.lianjia.com/ershoufang/105111635947.html,280,20628,0,3室2厅1厨2卫,['中楼层/共8层'],东,['平层/简装'],135.74,1994,大永固花园,海沧,海沧生活区,0,零梯零户,2022/9/28,2003/12/30,平层,简装,2,8,0,0
1827,1827,新景国际外滩B户型 精装4房 保养好 使用面积160平,https://xm.lianjia.com/ershoufang/105115236162.html,1080,102966,0,4室2厅1厨3卫,['低楼层/共16层'],东,['跃层/精装'],104.89,2014,新景国际外滩,湖里,五缘湾,1,两梯四户,2023/11/3,2015/7/7,跃层,精装,1,16,2,4
1828,1828,集美杏林桥头高层海景大四房高档装修保养好诚意出售,https://xm.lianjia.com/ershoufang/105115245266.html,499,38985,1,4室2厅1厨2卫,['高楼层/共39层'],南,['平层/精装'],128,2013,中海寰宇天下,集美,杏林桥头,1,两梯三户,2023/11/4,2017/9/30,平层,精装,3,39,2,3
1829,1829,杏林桥头海景房看中庭看海，景观好，保养好，住家装修,https://xm.lianjia.com/ershoufang/105112614528.html,275,30573,0,2室2厅1厨1卫,['低楼层/共40层'],南,['平层/简装'],89.95,2016,禹洲中央海岸二期,集美,杏林桥头,1,两梯四户,2023/2/10,2021/7/5,平层,简装,1,40,2,4
1830,1830,马銮公寓处于马銮湾新城边上，交通便利，进岛便利,https://xm.lianjia.com/ershoufang/105110766301.html,66,21270,4,2室1厅1厨1卫,['低楼层/共5层'],南,['平层/简装'],31.03,1995,马銮公寓,集美,杏南,0,零梯零户,2022/6/17,2022/7/27,平层,简装,1,5,0,0
1831,1831,火车站地铁口 电梯高层 低总价 交通便利视野好,https://xm.lianjia.com/ershoufang/105112750750.html,180,52833,2,1室1厅1厨1卫,['高楼层/共28层'],南,['平层/精装'],34.07,1999,银河大厦,思明,火车站,1,三梯三十四户,2023/2/21,2021/5/20,平层,精装,3,28,3,34
1832,1832,新景天湖广场  电梯楼中楼   南北通透！,https://xm.lianjia.com/ershoufang/105107727072.html,799,79345,2,6室0厅0厨6卫,['低楼层/共11层'],南,['毛坯'],100.7,2007,新景天湖广场2期,湖里,江头,1,一梯两户,2021/6/24,2011/5/3,毛坯,,1,11,1,2
1833,1833,隧道口 阳光城精装3房 领不入住,https://xm.lianjia.com/ershoufang/105112659422.html,260,27115,0,3室1厅1厨1卫,['高楼层/共31层'],南,['平层/精装'],95.89,2014,阳光城翡丽湾一期,翔安,翔安新城,1,两梯六户,2023/2/14,2015/9/11,平层,精装,3,31,2,6
1834,1834,世茂御海墅 无遮挡 南北通透 三房两卫 改善,https://xm.lianjia.com/ershoufang/105110122780.html,248,25361,16,3室1厅1厨2卫,['低楼层/共31层'],南,['平层/精装'],97.79,2018,世茂御海墅,翔安,翔安新城,1,两梯五户,2022/3/25,2019/7/18,平层,精装,1,31,2,5
1835,1835,隧道口  翔安新城 阳光城 精装3房  拎包入住,https://xm.lianjia.com/ershoufang/105113957520.html,285,31216,0,3室2厅1厨1卫,['中楼层/共31层'],东,['平层/精装'],91.3,2015,阳光城翡丽湾二期,翔安,翔安新城,1,两梯六户,2023/6/11,2016/4/15,平层,精装,2,31,2,6
1836,1836,金辉园正规单身公寓带阳台，朝南看小区，很安静。,https://xm.lianjia.com/ershoufang/105109246378.html,320,67497,2,1室1厅1厨1卫,['高楼层/共14层'],南,['平层/精装'],47.41,2005,金辉园,思明,富山,1,一梯八户,2021/11/14,2014/9/1,平层,精装,3,14,1,8
1837,1837,前埔北区华林东盛花园 电梯高层一梯两户 厅带阳台,https://xm.lianjia.com/ershoufang/105115260632.html,610,48598,5,3室2厅1厨2卫,['中楼层/共15层'],南,['平层/精装'],125.52,2004,华林东盛花园一期,思明,前埔,1,一梯两户,2023/11/6,2016/3/3,平层,精装,2,15,1,2
1838,1838,世茂二期 中楼层 复式三房 精装交付 拎包入住,https://xm.lianjia.com/ershoufang/105112301985.html,480,45258,2,3室1厅1厨2卫,['中楼层/共33层'],南,['跃层/精装'],106.06,2019,世茂璀璨天城二期,集美,集美新城,1,两梯八户,2022/12/18,2020/8/31,跃层,精装,2,33,2,8
1839,1839,绿苑三期 高层通透三房 精装修可直接入住  坐看海,https://xm.lianjia.com/ershoufang/105115257427.html,535,43778,2,3室2厅2厨2卫,['中楼层/共30层'],南,['平层/精装'],122.21,2014,绿苑新城三组团,海沧,滨海社区,1,两梯四户,2023/11/6,2019/8/5,平层,精装,2,30,2,4
1840,1840,全明户型，楼层好，采光好，看中庭,https://xm.lianjia.com/ershoufang/105112748453.html,698,49858,2,3室2厅1厨2卫,['高楼层/共23层'],南,['平层/精装'],140,2014,金尚首府,湖里,金尚,1,两梯两户,2023/2/21,2019/2/4,平层,精装,3,23,2,2
1841,1841,嘉庚体育馆南北通风满二了税费低，高楼层视野采光好,https://xm.lianjia.com/ershoufang/105112077776.html,378,28296,0,3室2厅1厨2卫,['中楼层/共34层'],东南,['平层/简装'],133.59,2017,国贸商城同悦,集美,集美其它,1,两梯三户,2022/11/19,2018/1/10,平层,简装,2,34,2,3
1842,1842,南湖明珠 三房 南北 通风 采光佳 看湖景,https://xm.lianjia.com/ershoufang/105110350727.html,1220,64732,7,3室2厅1厨3卫,['低楼层/共33层'],北,['跃层/精装'],188.47,2004,南湖明珠,思明,滨东,1,两梯六户,2022/4/21,2019/6/20,跃层,精装,1,33,2,6
1843,1843,地铁2号线 狐尾山 白鹭洲 石亭小区 3房出售,https://xm.lianjia.com/ershoufang/105115836003.html,538,57553,0,3室2厅1厨1卫,['低楼层/共6层'],南,['平层/简装'],93.48,1994,石亭小区,思明,市政府,0,零梯零户,2024/1/11,2006/9/28,平层,简装,1,6,0,0
1844,1844,集美世茂，ioi世茂广场就在家门口。交通便利，急售,https://xm.lianjia.com/ershoufang/105110546694.html,390,37920,0,3室2厅1厨2卫,['低楼层/共34层'],南,['复式/精装'],102.85,-1,世茂璀璨天城二期,集美,集美新城,1,两梯八户,2022/5/18,2020/8/31,复式,精装,1,34,2,8
1845,1845,房子是电梯复式高层，厅带阳台朝南，南北通透，,https://xm.lianjia.com/ershoufang/105109720279.html,1310,94232,32,5室3厅1厨3卫,['高楼层/共25层'],南,['复式/精装'],139.02,2008,瑞景公园,思明,瑞景,1,两梯两户,2022/1/28,2016/6/13,复式,精装,3,25,2,2
1846,1846,室内安静，视野很远，通风采光很好，装修保养好,https://xm.lianjia.com/ershoufang/105110078392.html,210,22834,10,3室2厅1厨1卫,['低楼层/共42层'],东南,['平层/精装'],91.97,2017,万科广场幸福里,集美,厦门北站商业区,1,三梯六户,2022/3/19,2017/6/20,平层,精装,1,42,3,6
1847,1847,金岭花园二号地铁 江头站 电梯房， 交通购物方便,https://xm.lianjia.com/ershoufang/105113065526.html,196,50257,2,2室1厅1厨1卫,['高楼层/共17层'],北,['平层/精装'],39,2000,金岭花园,湖里,金尚,1,两梯八户,2023/3/19,2020/11/20,平层,精装,3,17,2,8
1848,1848,莲坂地铁口，花园小区，1房1厅，朝南。,https://xm.lianjia.com/ershoufang/105111685496.html,308,67074,1,1室1厅1厨1卫,['中楼层/共14层'],南,['平层/精装'],45.92,2005,金辉园,思明,富山,1,一梯八户,2022/10/5,2011/9/22,平层,精装,2,14,1,8
1849,1849,龙华里房子三房 看中庭 诚意出售,https://xm.lianjia.com/ershoufang/105110045389.html,463,54001,5,3室2厅1厨1卫,['高楼层/共6层'],南,['平层/简装'],85.74,1996,龙华里,思明,莲花,0,零梯零户,2022/3/13,2008/5/14,平层,简装,3,6,0,0
1850,1850,莲坂富山地铁口，精品1房，小户型梯户少,https://xm.lianjia.com/ershoufang/105109424417.html,300,65891,15,1室1厅1厨1卫,['中楼层/共18层'],西,['平层/简装'],45.53,2004,美迪斯小区,思明,富山,1,一梯七户,2021/12/7,2019/7/18,平层,简装,2,18,1,7
1851,1851,中间楼层通透户型  看海 3梯6户高速电梯,https://xm.lianjia.com/ershoufang/105116473953.html,408,33231,0,3室2厅1厨2卫,['中楼层/共49层'],南,['平层/毛坯'],122.78,2015,联发杏林湾一号三期,集美,杏林桥头,1,三梯六户,2024/3/25,2016/5/27,平层,毛坯,2,49,3,6
1852,1852,枋湖全明结构高楼层三房，南北，小区里面安静！,https://xm.lianjia.com/ershoufang/105112675816.html,608,70896,0,3室2厅1厨1卫,['高楼层/共14层'],南,['平层/简装'],85.76,2010,新港龙世家幸福密码,湖里,枋湖,1,一梯三户,2023/2/16,2020/12/28,平层,简装,3,14,1,3
1853,1853,特房品质正规三房两卫，万达商圈，配套齐全,https://xm.lianjia.com/ershoufang/105113821911.html,530,48389,3,3室2厅1厨2卫,['低楼层/共18层'],南,['平层/简装'],109.53,2012,特房山水新座,湖里,万达广场,1,两梯三户,2023/5/29,2014/3/4,平层,简装,1,18,2,3
1854,1854,毛坯房，可自由设计装修，附加一个大露台阳台,https://xm.lianjia.com/ershoufang/105114992294.html,230,25599,0,2室2厅1厨1卫,['中楼层/共6层'],南,['平层/简装'],89.85,2009,彩虹湾,同安,环东海域,1,一梯两户,2023/10/8,2021/4/20,平层,简装,2,6,1,2
1855,1855,此房满五，南北通透格局，楼层好,https://xm.lianjia.com/ershoufang/105112963200.html,389,57511,0,2室2厅1厨1卫,['中楼层/共7层'],南,['平层/精装'],67.64,1990,制革宿舍,思明,富山,0,零梯零户,2023/3/10,1998/12/22,平层,精装,2,7,0,0
1856,1856,集美桥头堡，古龙御景大平层，交通便利，出岛即达,https://xm.lianjia.com/ershoufang/105115269091.html,450,31266,0,3室2厅1厨2卫,['低楼层/共23层'],南,['平层/精装'],143.93,2012,古龙御景二期,集美,集美其它,1,两梯两户,2023/11/7,2013/10/14,平层,精装,1,23,2,2
1857,1857,厅带阳台朝南，主卧带朝南，看小区中庭；使用面积大..,https://xm.lianjia.com/ershoufang/105113036971.html,498,71194,2,3室2厅1厨1卫,['低楼层/共18层'],南,['平层/精装'],69.95,2014,禾丰新景,思明,莲花,1,两梯四户,2023/3/16,2020/11/20,平层,精装,1,18,2,4
1858,1858,全新未入住，南北通透，双阳台户型，高层，房东诚售,https://xm.lianjia.com/ershoufang/105112683822.html,500,39756,0,3室2厅1厨2卫,['高楼层/共32层'],南,['平层/精装'],125.77,2019,国贸天悦,集美,杏北,1,两梯三户,2023/2/16,2020/7/7,平层,精装,3,32,2,3
1859,1859,集美新城  地铁口 华润品质  户型方正  朝南，采光好,https://xm.lianjia.com/ershoufang/105113379005.html,250,34436,1,3室1厅1厨1卫,['低楼层/共30层'],南,['平层/精装'],72.6,2017,橡树湾四期,集美,杏北,1,两梯五户,2023/4/16,2018/5/3,平层,精装,1,30,2,5
1860,1860,联发杏林湾一号精装自住大三房，临海一线居住舒适,https://xm.lianjia.com/ershoufang/105107999221.html,544.9,33740,24,3室2厅1厨2卫,['低楼层/共26层'],南,['平层/精装'],161.5,2015,联发杏林湾一号三期,集美,杏林桥头,1,两梯两户,2021/7/17,2016/6/30,平层,精装,1,26,2,2
1861,1861,五缘湾 中铁元湾 中庭位置 楼层位置均适合购房需求,https://xm.lianjia.com/ershoufang/105111655156.html,2480,105546,1,4室2厅1厨3卫,['中楼层/共17层'],南,['平层/毛坯'],234.97,2015,中铁元湾,湖里,五缘湾,1,三梯两户,2022/9/30,2019/3/26,平层,毛坯,2,17,3,2
1862,1862,产权满二，精装三房两卫，采光好，高楼层。视野佳。,https://xm.lianjia.com/ershoufang/105109294450.html,300,36219,54,3室2厅1厨2卫,['高楼层/共30层'],西南,['平层/精装'],82.83,2017,橡树湾四期,集美,杏北,1,两梯五户,2021/11/21,2018/1/5,平层,精装,3,30,2,5
1863,1863,杏林桥头，满五*，通透大三房，高层看海,https://xm.lianjia.com/ershoufang/105106460308.html,350,28507,40,3室2厅1厨2卫,['中楼层/共49层'],东南,['平层/简装'],122.78,2015,联发杏林湾一号三期,集美,杏林桥头,1,三梯六户,2021/2/24,2016/6/27,平层,简装,2,49,3,6
1864,1864,隧道口 法式园林 高层  大三房,https://xm.lianjia.com/ershoufang/105114842373.html,309,24557,0,3室1厅1厨2卫,['高楼层/共31层'],南,['平层/精装'],125.83,2015,阳光城翡丽湾二期,翔安,翔安新城,1,两梯四户,2023/9/18,2017/5/31,平层,精装,3,31,2,4
1865,1865,火车站大3房，公摊小 得房高 闹中取静,https://xm.lianjia.com/ershoufang/105112367232.html,628,44692,0,3室2厅1厨2卫,['高楼层/共7层'],东,['平层/简装'],140.52,1998,红杏花园,思明,火车站,0,零梯零户,2023/1/1,2019/1/15,平层,简装,3,7,0,0
1866,1866,汇景片区新复式 国贸品质社区，视野好无遮挡，,https://xm.lianjia.com/ershoufang/105112714556.html,160,23846,3,2室2厅1厨2卫,['中楼层/共40层'],南,['跃层/精装'],67.1,2019,东城合院,翔安,新店,1,四梯十户,2023/2/18,2020/4/23,跃层,精装,2,40,4,10
1867,1867,封闭小区两房带电梯高层采光好 视野好无遮挡,https://xm.lianjia.com/ershoufang/105108193043.html,560,56807,15,2室1厅1厨1卫,['高楼层/共29层'],东南,['平层/简装'],98.58,2009,森海丽景,思明,火车站,1,三梯四户,2021/8/1,2010/10/22,平层,简装,3,29,3,4
1868,1868,新出洪文BRT旁电梯2房，高层采光好,https://xm.lianjia.com/ershoufang/105111765592.html,590,68701,0,2室1厅1厨1卫,['高楼层/共18层'],南,['简装'],85.88,2010,洪山柄南区,思明,瑞景,1,一梯四户,2022/10/14,2011/12/28,简装,,3,18,1,4
1869,1869,环东海域精装，诚意出售，户型好，阳光充足。,https://xm.lianjia.com/ershoufang/105114950112.html,152,25864,0,2室1厅1厨1卫,['低楼层/共11层'],南,['平层/其他'],58.77,2008,彩虹湾,同安,环东海域,1,一梯两户,2023/10/3,2014/3/3,平层,其他,1,11,1,2
1870,1870,集美桥头，产权满二，高楼层南北通透三房,https://xm.lianjia.com/ershoufang/105108616702.html,336,35096,15,3室2厅1厨1卫,['高楼层/共30层'],南,['平层/毛坯'],95.74,2017,中央公园城,集美,集美其它,1,两梯四户,2021/9/2,2019/4/12,平层,毛坯,3,30,2,4
1871,1871,此房朝南，楼层好，采光好，无遮挡视野好,https://xm.lianjia.com/ershoufang/105111270711.html,125,39112,0,1室0厅0厨1卫,['高楼层/共7层'],南,['平层/简装'],31.96,2004,欣家园,湖里,殿前,0,零梯零户,2022/8/18,2015/12/23,平层,简装,3,7,0,0
1872,1872,文教区小两房，离1小近，好楼层，自住装修,https://xm.lianjia.com/ershoufang/105111229772.html,225,36628,1,2室1厅1厨1卫,['低楼层/共6层'],南,['平层/精装'],61.43,-1,嘉庚路,集美,集美文教区,0,零梯零户,2022/8/13,2022/11/25,平层,精装,1,6,0,0
1873,1873,跃三层楼中楼，使用面积大，大露台，朝南视野好,https://xm.lianjia.com/ershoufang/105113082815.html,1800,65939,0,6室2厅1厨3卫,['高楼层/共22层'],南,['复式/精装'],272.98,2002,聚祥广场,思明,禾祥西路,1,两梯六户,2023/3/20,2003/10/26,复式,精装,3,22,2,6
1874,1874,近地铁，上松柏，低楼层，一梯两户，南北通透,https://xm.lianjia.com/ershoufang/105113372732.html,407,54941,2,2室1厅1厨1卫,['中楼层/共7层'],南,['平层/简装'],74.08,1990,莲坂西小区,思明,莲坂,0,零梯零户,2023/4/15,2004/3/17,平层,简装,2,7,0,0
1875,1875,恒大帝景精装大三房 交通便利 配套齐全,https://xm.lianjia.com/ershoufang/105109820054.html,396,32540,5,3室2厅1厨2卫,['低楼层/共30层'],东南,['平层/精装'],121.7,2019,恒大帝景,集美,集美新城,1,两梯四户,2022/2/17,2021/11/16,平层,精装,1,30,2,4
1876,1876,正规一房一厅，框架结构，总价低，户型方正,https://xm.lianjia.com/ershoufang/105113221808.html,282,85300,0,1室1厅1厨1卫,['高楼层/共7层'],西,['平层/精装'],33.06,2000,富山花园紫荆苑,思明,莲坂,0,零梯零户,2023/4/1,2019/8/20,平层,精装,3,7,0,0
1877,1877,单身公寓  精装修拎包入住   楼层高视野好,https://xm.lianjia.com/ershoufang/105112620693.html,89,27778,0,1室1厅1厨1卫,['中楼层/共11层'],南,['平层/精装'],32.04,2013,美地雅登祥吴五里,翔安,新店,1,一梯四户,2023/2/11,2015/6/29,平层,精装,2,11,1,4
1878,1878,此房户型方正，交通便利，厅带阳台,https://xm.lianjia.com/ershoufang/105114410290.html,265,43443,0,2室1厅1厨1卫,['中楼层/共7层'],北,['平层/精装'],61,2000,金庄花园,湖里,保税区,0,零梯零户,2023/8/3,2020/6/1,平层,精装,2,7,0,0
1879,1879,近集美桥头嘉庚体育馆，楼层好户型好，总楼层视野宽阔,https://xm.lianjia.com/ershoufang/105114419801.html,178,16974,2,3室2厅1厨2卫,['低楼层/共35层'],南,['平层/精装'],104.87,2012,禹洲大学城,同安,集美其它,1,三梯八户,2023/8/3,2013/1/27,平层,精装,1,35,3,8
1880,1880,特殊的房源，面积使用3房，户型方正,https://xm.lianjia.com/ershoufang/105113766186.html,225,35760,1,3室1厅1厨1卫,['高楼层/共17层'],东北,['复式/精装'],62.92,2016,滨水二里,集美,集美新城,1,两梯四户,2023/5/23,2021/8/19,复式,精装,3,17,2,4
1881,1881,单价低！产权清晰，光线足， 业主诚意出售。用两套,https://xm.lianjia.com/ershoufang/105113885456.html,560,71961,0,2室2厅1厨1卫,['高楼层/共7层'],南,['平层/简装'],77.82,-1,长青北里小区,思明,松柏,0,零梯零户,2023/6/4,2008/9/12,平层,简装,3,7,0,0
1882,1882,东坑安居房 2室2厅 南,https://xm.lianjia.com/ershoufang/105116436393.html,285,29881,0,2室2厅1厨1卫,['低楼层/共32层'],南,['平层/毛坯'],95.38,2021,东坑安居房,海沧,滨海社区,1,两梯四户,2024/3/21,2023/9/22,平层,毛坯,1,32,2,4
1883,1883,家家海景 3室2厅 南 北,https://xm.lianjia.com/ershoufang/105114146681.html,720,50070,0,3室2厅1厨2卫,['高楼层/共11层'],南,['平层/精装'],143.8,2005,家家海景,思明,前埔,1,一梯两户,2023/7/3,2013/3/29,平层,精装,3,11,1,2
1884,1884,思北2005年 复式楼中楼 电梯小高层，业主诚意出售,https://xm.lianjia.com/ershoufang/105115856514.html,450,122550,0,2室1厅1厨1卫,['高楼层/共8层'],南,['跃层/简装'],36.72,2005,虹霞大厦,思明,中山路,1,两梯三十七户,2024/1/13,2021/4/23,跃层,简装,3,8,2,37
1885,1885,xue校旁 视野采光好 正规3房,https://xm.lianjia.com/ershoufang/105112957542.html,225,25017,0,3室1厅1厨1卫,['中楼层/共16层'],南,['平层/精装'],89.94,2014,中骏四季阳光,集美,厦门北站商业区,1,两梯四户,2023/3/10,2019/7/10,平层,精装,2,16,2,4
1886,1886,水晶公寓 高层海景 满5年 离校近,https://xm.lianjia.com/ershoufang/105108896590.html,2400,89134,12,5室2厅1厨2卫,['低楼层/共30层'],南,['错层/精装'],269.26,2009,海峡国际社区一期,思明,会展中心,1,两梯两户,2021/9/30,2016/5/19,错层,精装,1,30,2,2
1887,1887,思北，电梯高层，朝南单身公寓，视野开阔，,https://xm.lianjia.com/ershoufang/105113049714.html,328,73924,3,1室1厅1厨1卫,['高楼层/共31层'],南,['平层/简装'],44.37,2004,源通中心,思明,思北,1,六梯十七户,2023/3/17,2013/3/19,平层,简装,3,31,6,17
1888,1888,生活便利，BRT总站就在家门口，省优四幼！,https://xm.lianjia.com/ershoufang/105111316068.html,380,46615,3,3室1厅1厨1卫,['高楼层/共7层'],东,['平层/简装'],81.52,1999,前埔南区文兴东一里,思明,前埔,0,零梯零户,2022/8/23,2002/12/6,平层,简装,3,7,0,0
1889,1889,集美桥头，泉水湾高层精装两房，夜景漂亮，看老城区,https://xm.lianjia.com/ershoufang/105107274581.html,307,35090,41,2室2厅1厨2卫,['高楼层/共28层'],南,['平层/精装'],87.49,2010,泉水湾一期,集美,集美其它,1,两梯六户,2021/5/9,2018/5/17,平层,精装,3,28,2,6
1890,1890,总价低，诚意出售，繁华地段电梯两房,https://xm.lianjia.com/ershoufang/105113764208.html,458,59014,2,2室1厅1厨1卫,['中楼层/共19层'],东,['平层/精装'],77.61,1998,祥云公寓,思明,禾祥西路,1,两梯十户,2023/5/23,2017/2/24,平层,精装,2,19,2,10
1891,1891,三房自住装修，楼层好，视野好，小区中庭位置,https://xm.lianjia.com/ershoufang/105110056493.html,199,20472,4,3室2厅1厨2卫,['低楼层/共35层'],北,['平层/精装'],97.21,2012,禹洲大学城,同安,集美其它,1,三梯六户,2022/3/15,2015/8/18,平层,精装,1,35,3,6
1892,1892,天鹅美苑，电梯房，一梯2户..,https://xm.lianjia.com/ershoufang/105101940400.html,498,35320,15,4室2厅1厨2卫,['低楼层/共11层'],南,['平层/简装'],141,2009,天鹅美苑,集美,集美文教区,1,一梯两户,2019/1/14,2014/6/4,平层,简装,1,11,1,2
1893,1893,保利叁仟栋二期 高层海景大四房,https://xm.lianjia.com/ershoufang/105109939184.html,419,37311,3,4室2厅1厨2卫,['中楼层/共26层'],南,['平层/精装'],112.3,2018,保利叁仟栋二期,同安,环东海域,1,两梯四户,2022/3/2,2020/7/3,平层,精装,2,26,2,4
1894,1894,环东海域大三房 精装修 拎包入住 诚意出售,https://xm.lianjia.com/ershoufang/105111323140.html,335,25961,0,3室2厅1厨2卫,['低楼层/共32层'],南,['平层/精装'],129.04,2017,金帝中洲滨海城,同安,环东海域,1,两梯三户,2022/8/24,2018/6/27,平层,精装,1,32,2,3
1895,1895,此房满五，视野宽阔，采光充足，改好的两房,https://xm.lianjia.com/ershoufang/105116626340.html,173,29900,0,2室1厅1厨1卫,['高楼层/共6层'],东南,['平层/简装'],57.86,2004,金龙商城二期,海沧,海沧生活区,0,零梯零户,2024/4/9,2016/4/20,平层,简装,3,6,0,0
1896,1896,集美桥头。产权已经满2年。业主换房诚意出售。,https://xm.lianjia.com/ershoufang/105103289081.html,246,20742,4,4室2厅1厨2卫,['低楼层/共35层'],西南,['平层/精装'],118.6,2012,禹洲大学城,同安,集美其它,1,三梯六户,2019/10/31,2014/10/24,平层,精装,1,35,3,6
1897,1897,业主自住大三房出售  朝南  带三个阳台,https://xm.lianjia.com/ershoufang/105110978509.html,199,21449,0,3室1厅1厨1卫,['中楼层/共24层'],东南,['平层/精装'],92.78,2012,禹洲大学城,同安,集美其它,1,两梯六户,2022/7/12,2013/10/28,平层,精装,2,24,2,6
1898,1898,莲花国际地铁大2房 业主稳定出售,https://xm.lianjia.com/ershoufang/105114682206.html,230,25250,3,2室2厅1厨1卫,['高楼层/共16层'],东南,['平层/精装'],91.09,2015,住宅莲花国际,集美,集美新城,1,两梯三户,2023/9/1,2016/6/6,平层,精装,3,16,2,3
1899,1899,抽教科院  总价低 少有低楼层湖滨E居精装单身公寓,https://xm.lianjia.com/ershoufang/105116141338.html,230,61367,0,1室1厅1厨1卫,['低楼层/共6层'],南,['错层/简装'],37.48,1986,湖滨E居,思明,禾祥西路,0,零梯零户,2024/2/26,2022/2/14,错层,简装,1,6,0,0
1900,1900,IOI世茂商圈 配套好 精装三房 稳定出售,https://xm.lianjia.com/ershoufang/105116074449.html,378,39375,1,3室2厅1厨1卫,['低楼层/共34层'],东南,['平层/精装'],96,2017,IOI棕榈城,集美,集美新城,1,两梯三户,2024/2/20,2021/11/29,平层,精装,1,34,2,3
1901,1901,业主自住装修，基本没住，诚意出售,https://xm.lianjia.com/ershoufang/105115822818.html,270,28964,0,3室1厅1厨2卫,['中楼层/共32层'],南,['平层/精装'],93.22,2020,国贸远洋天和,翔安,翔安新城,1,两梯四户,2024/1/9,2021/6/29,平层,精装,2,32,2,4
1902,1902,带70平花园，交通便利，低总价，自住装修,https://xm.lianjia.com/ershoufang/105115853628.html,388,44696,0,3室2厅1厨1卫,['低楼层/共7层'],南,['平层/精装'],86.81,2001,大唐世家六期,湖里,大唐世家,0,零梯零户,2024/1/13,2010/7/22,平层,精装,1,7,0,0
1903,1903,中山路 片云居 有天有地 独栋私宅,https://xm.lianjia.com/ershoufang/105115354506.html,1380,90244,2,5室2厅1厨3卫,['低楼层/共1层'],东,['跃层/精装'],152.92,1985,南田巷,思明,中山路,0,零梯零户,2023/11/17,2021/8/3,跃层,精装,1,1,0,0
1904,1904,楼层好，视野宽阔，精装两房，全小区Z低价,https://xm.lianjia.com/ershoufang/105115801590.html,188,26506,1,2室1厅1厨1卫,['中楼层/共15层'],东南,['平层/简装'],70.93,2013,丰融尚城,集美,集美其它,1,两梯六户,2024/1/7,2021/1/15,平层,简装,2,15,2,6
1905,1905,08年小区，火车站TOD，电梯中高层，朝南视野无遮挡,https://xm.lianjia.com/ershoufang/105115052476.html,500,63212,1,2室1厅1厨1卫,['中楼层/共30层'],南,['平层/简装'],79.1,2008,百源双玺,思明,火车站,1,三梯九户,2023/10/14,2009/11/24,平层,简装,2,30,3,9
1906,1906,户型方正，采光好，格局规整，视野开阔，适合居住。,https://xm.lianjia.com/ershoufang/105113067078.html,168,19150,0,3室1厅1厨2卫,['高楼层/共35层'],北,['平层/精装'],87.73,2012,禹洲大学城,同安,集美其它,1,三梯十户,2023/3/19,2012/12/12,平层,精装,3,35,3,10
1907,1907,国贸同悦，管理严格，交通便利，配套齐全,https://xm.lianjia.com/ershoufang/105104973800.html,370,29303,145,3室2厅1厨2卫,['中楼层/共18层'],南,['平层/精装'],126.27,2017,国贸商城同悦,集美,集美其它,1,两梯三户,2020/8/1,2018/7/1,平层,精装,2,18,2,3
1908,1908,自住精装领包入住，厅朝南带阳台，看房方便,https://xm.lianjia.com/ershoufang/105112196488.html,173,23541,0,2室2厅1厨1卫,['低楼层/共18层'],南,['平层/精装'],73.49,2009,美地雅登祥吴二里,翔安,新店,1,两梯四户,2022/12/4,2016/1/8,平层,精装,1,18,2,4
1909,1909,绿苑新城三组团 正规2房户型 产权满5年 高层视野好,https://xm.lianjia.com/ershoufang/105113782591.html,387,38763,0,2室2厅1厨1卫,['高楼层/共30层'],南,['平层/精装'],99.84,2013,绿苑新城三组团,海沧,滨海社区,1,两梯四户,2023/5/25,2015/8/18,平层,精装,3,30,2,4
1910,1910,瑞成大厦 3室2厅 南,https://xm.lianjia.com/ershoufang/105116506029.html,720,66256,0,3室2厅1厨2卫,['低楼层/共33层'],南,['平层/简装'],108.67,2006,瑞成大厦,思明,斗西路,1,三梯八户,2024/3/28,2022/2/22,平层,简装,1,33,3,8
1911,1911,外国语翔城，闽南城市广场旁，精装3房,https://xm.lianjia.com/ershoufang/105116462922.html,238,31055,0,3室2厅1厨1卫,['低楼层/共25层'],南,['平层/精装'],76.64,2021,中南青樾,翔安,翔安新城,1,两梯四户,2024/3/24,2022/10/11,平层,精装,1,25,2,4
1912,1912,产权满五年 省税费 户型方正 业主诚意出售,https://xm.lianjia.com/ershoufang/105108091504.html,738,39514,12,3室2厅1厨3卫,['低楼层/共4层'],南,['复式/精装'],186.77,2010,未来海岸鹭景湾,海沧,未来海岸北师大,0,零梯零户,2021/7/24,2010/4/29,复式,精装,1,4,0,0
1913,1913,高楼层，采光、视野好，小区里生活气息浓厚,https://xm.lianjia.com/ershoufang/105109545977.html,225,23818,4,2室2厅1厨2卫,['高楼层/共30层'],南,['平层/简装'],94.47,2014,首开领翔国际,翔安,新店,1,两梯四户,2021/12/25,2015/6/12,平层,简装,3,30,2,4
1914,1914,精致小三房，精装修可拎包入住。,https://xm.lianjia.com/ershoufang/105115524558.html,268,43282,0,3室1厅1厨1卫,['低楼层/共6层'],南,['平层/精装'],61.92,-1,兴隆路75-77号,湖里,湖里大道,0,零梯零户,2023/12/5,2021/8/23,平层,精装,1,6,0,0
1915,1915,此房大三房，满5年，，南临筼筜湖，西接体育馆,https://xm.lianjia.com/ershoufang/105111150365.html,746,55145,1,3室2厅1厨2卫,['低楼层/共33层'],西北,['平层/简装'],135.28,2003,育秀中心,思明,体育中心,1,三梯五户,2022/8/3,2006/5/11,平层,简装,1,33,3,5
1916,1916,环东海域 两房户型方正，宽敞明亮， 住家精装,https://xm.lianjia.com/ershoufang/105112512370.html,280,32547,0,2室2厅1厨1卫,['中楼层/共23层'],南,['平层/精装'],86.03,2016,溢翔首府,同安,环东海域,1,两梯七户,2023/2/1,2016/11/28,平层,精装,2,23,2,7
1917,1917,翔安南 世茂御海墅精装三房 满二看海,https://xm.lianjia.com/ershoufang/105112569943.html,188,21730,1,3室1厅1厨1卫,['高楼层/共31层'],南,['简装'],86.52,2018,世茂御海墅,翔安,翔安新城,1,两梯五户,2023/2/7,2020/6/24,简装,,3,31,2,5
1918,1918,金帝中洲滨海城，毛坯，复式楼中楼。稳定出售,https://xm.lianjia.com/ershoufang/105110723309.html,280,31990,1,3室2厅1厨2卫,['低楼层/共14层'],南,['复式/毛坯'],87.53,2019,金帝中洲滨海城二期,同安,环东海域,1,两梯十户,2022/6/11,2022/2/12,复式,毛坯,1,14,2,10
1919,1919,此房已经满五年，四开间朝南，能看海，业主诚意出售,https://xm.lianjia.com/ershoufang/105111390672.html,280,37920,0,2室2厅1厨1卫,['高楼层/共35层'],南,['平层/精装'],73.84,2014,海上五月花三期,集美,集美其它,1,两梯六户,2022/9/1,2015/3/30,平层,精装,3,35,2,6
1920,1920,集美桥头BRT旁大三房通透户型位置安静,https://xm.lianjia.com/ershoufang/105114291280.html,360,29854,0,3室2厅1厨2卫,['低楼层/共7层'],南,['平层/简装'],120.59,2004,大唐世家一期(集美),集美,集美文教区,0,零梯零户,2023/7/20,2021/10/28,平层,简装,1,7,0,0
1921,1921,建发品质 精装交付 空户空XUE位上车小户型,https://xm.lianjia.com/ershoufang/105115317858.html,449,55867,0,2室2厅1厨1卫,['高楼层/共27层'],南,['平层/精装'],80.37,2020,建发央著二期,集美,集美新城,1,两梯四户,2023/11/12,2022/2/11,平层,精装,3,27,2,4
1922,1922,店长推荐 美地雅登两房客厅带阳台 格局方正,https://xm.lianjia.com/ershoufang/105114607212.html,185,20824,0,2室2厅1厨1卫,['高楼层/共18层'],南,['平层/精装'],88.84,2009,美地雅登祥吴二里,翔安,新店,1,两梯三户,2023/8/24,2015/8/18,平层,精装,3,18,2,3
1923,1923,金庄花园 1室1厅 南,https://xm.lianjia.com/ershoufang/105115696790.html,193,39959,0,1室1厅1厨1卫,['中楼层/共7层'],南,['平层/简装'],48.3,2000,金庄花园,湖里,保税区,0,零梯零户,2023/12/26,2014/5/3,平层,简装,2,7,0,0
1924,1924,翔安隧道口奥特莱斯旁、业主急售价格好谈,https://xm.lianjia.com/ershoufang/105115752360.html,229,20280,6,4室2厅1厨2卫,['低楼层/共18层'],南,['平层/精装'],112.92,2018,世茂御海墅,翔安,翔安新城,1,两梯四户,2024/1/2,2021/8/19,平层,精装,1,18,2,4
1925,1925,诚意出售，朝南采光好，阳台带小露台看中庭，安静不吵,https://xm.lianjia.com/ershoufang/105114049412.html,266,28977,2,4室2厅1厨2卫,['低楼层/共33层'],南,['复式/精装'],91.8,-1,保利叁仟栋壹海里地块一,同安,环东海域,1,两梯八户,2023/6/22,2021/11/18,复式,精装,1,33,2,8
1926,1926,电梯四房二厅二卫南北通透全明，花园小区低总价,https://xm.lianjia.com/ershoufang/105109496713.html,738,60059,9,4室2厅1厨2卫,['中楼层/共8层'],东,['平层/简装'],122.88,1992,华鸿花园,思明,禾祥西路,1,一梯两户,2021/12/17,2001/8/30,平层,简装,2,8,1,2
1937,1937,看房约，使用面积大，业主诚意卖，看房时候陪,https://xm.lianjia.com/ershoufang/105114971478.html,230,18703,0,4室2厅1厨2卫,['低楼层/共34层'],南,['错层/毛坯'],122.98,2012,禹洲大学城,同安,集美其它,1,三梯六户,2023/10/6,2013/11/11,错层,毛坯,1,34,3,6
1951,1951,火车站莲坂富山，03年3房，低总价,https://xm.lianjia.com/ershoufang/105115362914.html,488,55461,1,3室2厅1厨1卫,['中楼层/共8层'],东南,['平层/精装'],87.99,2003,福津大街（双涵路117-127）,思明,富山,0,零梯零户,2023/11/18,2008/4/9,平层,精装,2,8,0,0
1953,1953,汇景片区新复式 国贸品质社区视野好无遮挡，自住精装,https://xm.lianjia.com/ershoufang/105111480493.html,188,27815,0,2室2厅1厨2卫,['低楼层/共40层'],南,['跃层/精装'],67.59,-1,东城合院,翔安,新店,1,四梯十户,2022/9/11,2020/3/16,跃层,精装,1,40,4,10
1954,1954,新景天湖靠湖边的户型，入户花园厅朝南,https://xm.lianjia.com/ershoufang/105115105452.html,1050,72052,1,5室2厅1厨3卫,['高楼层/共15层'],南,['平层/毛坯'],145.73,2007,新景天湖广场,湖里,江头,1,一梯两户,2023/10/20,2016/6/16,平层,毛坯,3,15,1,2
1955,1955,汇景新城，精装2房，满2年，省税，带 露台,https://xm.lianjia.com/ershoufang/105109822880.html,180,27718,12,2室1厅1厨1卫,['低楼层/共16层'],南,['平层/精装'],64.94,2011,汇景新城中心,翔安,新店,1,两梯六户,2022/2/18,2015/6/20,平层,精装,1,16,2,6
1960,1960,江头公园  SM旁3房2厅楼中楼,https://xm.lianjia.com/ershoufang/105115155617.html,615,66870,0,3室2厅1厨2卫,['中楼层/共14层'],南,['复式/精装'],91.97,2003,新景雅苑,湖里,江头,1,一梯两户,2023/10/25,2007/9/20,复式,精装,2,14,1,2
1961,1961,牡丹酒店旁正规大三房电梯房交通方便客厅带阳台朝南呀,https://xm.lianjia.com/ershoufang/105115508384.html,698,54303,0,3室2厅2厨2卫,['中楼层/共31层'],南,['平层/简装'],128.54,2010,墩仔家园,思明,金鸡亭,1,两梯六户,2023/12/3,2017/11/3,平层,简装,2,31,2,6
1962,1962,明发半岛祥湾B区 2室1厅 南,https://xm.lianjia.com/ershoufang/105114384921.html,205,23602,0,2室1厅1厨1卫,['中楼层/共26层'],南,['平层/精装'],86.86,2014,明发半岛祥湾B区,翔安,翔安新城,1,两梯四户,2023/7/31,2019/7/12,平层,精装,2,26,2,4
1963,1963,大洲国际龙郡 挑空 使用两层 250平 人车分流,https://xm.lianjia.com/ershoufang/105114531615.html,1160,89972,1,6室2厅2厨3卫,['中楼层/共19层'],东南,['复式/毛坯'],128.93,2014,大洲国际龙郡,思明,前埔,1,两梯四户,2023/8/16,2021/8/10,复式,毛坯,2,19,2,4
1964,1964,厦大老城区 人文烟火气 楼层位置佳 南北朝向正规两房,https://xm.lianjia.com/ershoufang/105115214102.html,432,58736,0,2室2厅1厨1卫,['中楼层/共7层'],南,['平层/精装'],73.55,1993,厦港新村,思明,厦大,0,零梯零户,2023/11/1,2005/9/13,平层,精装,2,7,0,0
1965,1965,挑高楼中楼 一梯两户 南北 全明户型 使用面积大,https://xm.lianjia.com/ershoufang/105112821013.html,1070,60569,0,4室2厅1厨4卫,['中楼层/共9层'],南,['跃层/毛坯'],176.66,2010,香山海景苑,思明,前埔,1,一梯两户,2023/2/27,2021/4/7,跃层,毛坯,2,9,1,2
1966,1966,边套大平层视野好，前后无遮挡可看内海,https://xm.lianjia.com/ershoufang/105113117972.html,323,28044,4,3室2厅1厨2卫,['中楼层/共32层'],东南,['平层/精装'],115.18,2018,龙湖春江彼岸二期,海沧,马銮湾中心片区,1,三梯六户,2023/3/23,2020/8/5,平层,精装,2,32,3,6
1968,1968,联丰商城电梯精装大2房全明户型  南北向,https://xm.lianjia.com/ershoufang/105115323436.html,493,50046,0,2室2厅1厨1卫,['高楼层/共6层'],东南,['平层/精装'],98.51,1999,联丰商城,思明,瑞景,1,一梯四户,2023/11/13,2017/5/23,平层,精装,3,6,1,4
1969,1969,世茂璀璨天城 高层复式四房 得房率高 精装可拎包入住,https://xm.lianjia.com/ershoufang/105112255814.html,730,59739,0,4室2厅1厨3卫,['高楼层/共33层'],南,['跃层/精装'],122.2,2018,世茂璀璨天城一期,集美,集美新城,1,两梯八户,2022/12/11,2019/11/18,跃层,精装,3,33,2,8
1970,1970,联发滨海，电梯3房精装 高层 视野好,https://xm.lianjia.com/ershoufang/105115696928.html,1020,77762,0,3室2厅1厨2卫,['高楼层/共29层'],南,['平层/精装'],131.17,2012,联发滨海名居,思明,会展中心,1,两梯四户,2023/12/26,2013/9/17,平层,精装,3,29,2,4
1971,1971,水晶湖郡 IOI 世茂 商圈 高层 毛坯  边套,https://xm.lianjia.com/ershoufang/105114443402.html,485,36696,0,3室2厅1厨2卫,['高楼层/共31层'],西南,['平层/毛坯'],132.17,2015,住宅·水晶湖郡,集美,集美新城,1,两梯三户,2023/8/6,2017/9/11,平层,毛坯,3,31,2,3
1972,1972,小三房，进出岛交通便利，近会展体育新城,https://xm.lianjia.com/ershoufang/105113880765.html,225,26338,0,3室2厅1厨1卫,['低楼层/共33层'],南,['平层/简装'],85.43,2014,阳光城翡丽湾一期,翔安,翔安新城,1,两梯六户,2023/6/4,2016/4/22,平层,简装,1,33,2,6
1974,1974,源盛花园 2室2厅 南 北,https://xm.lianjia.com/ershoufang/105114864307.html,550,51446,0,2室2厅1厨1卫,['中楼层/共8层'],南,['平层/简装'],106.91,1996,源盛花园,思明,松柏,0,零梯零户,2023/9/21,2020/9/1,平层,简装,2,8,0,0
1975,1975,集安广场 人车分流 小区环境好 出行方便,https://xm.lianjia.com/ershoufang/105106330280.html,165,27237,1,1室1厅1厨1卫,['高楼层/共18层'],东南,['平层/毛坯'],60.58,2014,集安广场,集美,集美其它,1,两梯五户,2021/1/25,2021/8/16,平层,毛坯,3,18,2,5
1976,1976,小区内架空层上，采光好，双阳台，户型方正,https://xm.lianjia.com/ershoufang/105108243031.html,488,42376,1,3室2厅1厨2卫,['低楼层/共12层'],南,['平层/简装'],115.16,2005,祥店新村,湖里,祥店,1,两梯三户,2021/8/4,2007/12/6,平层,简装,1,12,2,3
1977,1977,海上世界旁，海景精装三房，业主诚意出售,https://xm.lianjia.com/ershoufang/105110116385.html,896,78302,15,2室2厅1厨2卫,['高楼层/共30层'],西,['跃层/精装'],114.43,2011,国际邮轮城二期,湖里,邮轮城,1,两梯四户,2022/3/24,2015/11/30,跃层,精装,3,30,2,4
1978,1978,翔安隧道口 精装大三房 看中庭不吵+,https://xm.lianjia.com/ershoufang/105110147628.html,326,25660,1,3室2厅1厨2卫,['中楼层/共39层'],南,['平层/精装'],127.05,2015,阳光城翡丽湾二期,翔安,翔安新城,1,两梯两户,2022/3/28,2016/7/23,平层,精装,2,39,2,2
1979,1979,此房满2年， 实际使用面积大  采光好,https://xm.lianjia.com/ershoufang/105113439538.html,780,38626,0,5室1厅1厨3卫,['中楼层/共4层'],南,['跃层/简装'],201.94,2012,招商海德公园一期,集美,集美其它,0,零梯零户,2023/4/21,2019/4/30,跃层,简装,2,4,0,0
1980,1980,满二，客厅阳台朝南，大二房中层，视野开阔,https://xm.lianjia.com/ershoufang/105108078528.html,353,26033,3,3室2厅1厨2卫,['中楼层/共31层'],南,['平层/毛坯'],135.6,2017,金帝中洲滨海城,同安,环东海域,1,两梯四户,2021/7/23,2018/9/18,平层,毛坯,2,31,2,4
1981,1981,火车站 复式楼中楼 电梯2房 采光好,https://xm.lianjia.com/ershoufang/105112141795.html,396,78791,1,2室2厅1厨2卫,['低楼层/共16层'],南,['跃层/简装'],50.26,2005,官邸大厦,思明,富山,1,六梯五十三户,2022/11/27,2021/1/2,跃层,简装,1,16,6,53
1982,1982,俩房 俩房  俩房 俩房  大大大大 俩房来了,https://xm.lianjia.com/ershoufang/105112174291.html,308,34253,0,2室1厅1厨2卫,['中楼层/共31层'],东南,['平层/精装'],89.92,2015,莲花新城二期,集美,集美新城,1,两梯四户,2022/12/1,2020/7/14,平层,精装,2,31,2,4
1983,1983,保利叁仟栋一期  精装3房2厅,https://xm.lianjia.com/ershoufang/105108682401.html,325,34527,7,3室2厅1厨1卫,['高楼层/共46层'],南,['平层/精装'],94.13,2017,保利叁仟栋一期,同安,环东海域,1,两梯四户,2021/9/8,2019/11/11,平层,精装,3,46,2,4
1984,1984,二次精装、拎包入住、产权清晰满二、看海效果好、诚意,https://xm.lianjia.com/ershoufang/105116435988.html,172,25220,2,2室2厅1厨2卫,['低楼层/共26层'],东南,['平层/精装'],68.2,2018,保利叁仟栋二期,同安,环东海域,1,两梯五户,2024/3/21,2019/12/9,平层,精装,1,26,2,5
1985,1985,首开 三房  户型好  便宜出售,https://xm.lianjia.com/ershoufang/105111714877.html,213,18698,2,3室2厅1厨2卫,['低楼层/共34层'],南,['平层/毛坯'],113.92,2018,首开领翔上郡三期,翔安,新店,1,两梯四户,2022/10/9,2020/4/23,平层,毛坯,1,34,2,4
1986,1986,中间楼层，南北朝向，采光通风好，小区配套齐全,https://xm.lianjia.com/ershoufang/105112713862.html,360,32351,0,3室2厅1厨2卫,['中楼层/共7层'],南,['平层/简装'],111.28,2009,集美中心花园,集美,集美文教区,0,零梯零户,2023/2/18,2010/7/27,平层,简装,2,7,0,0
1987,1987,前埔BRT旁电梯高层3房，业主诚意出售,https://xm.lianjia.com/ershoufang/105116632016.html,436,44572,0,3室1厅1厨1卫,['中楼层/共19层'],东,['平层/精装'],97.82,2003,国贸汇景,思明,前埔,1,两梯七户,2024/4/9,2004/5/25,平层,精装,2,19,2,7
1988,1988,校门口，正规单身公寓，带煤气管道，带大阳台,https://xm.lianjia.com/ershoufang/105115353422.html,210,70994,0,1室1厅1厨1卫,['低楼层/共7层'],东,['平层/简装'],29.58,1998,富山花园紫荆苑,思明,莲坂,0,零梯零户,2023/11/17,2021/8/16,平层,简装,1,7,0,0
1989,1989,前埔北区一里精装楼中楼诚意出售,https://xm.lianjia.com/ershoufang/105115715778.html,419,56907,1,3室2厅1厨1卫,['高楼层/共6层'],南,['平层/精装'],73.63,2001,前埔北区一里,思明,前埔,0,零梯零户,2023/12/28,2021/5/27,平层,精装,3,6,0,0
1990,1990,一梯两户，南北 通透，标准大两房,https://xm.lianjia.com/ershoufang/105115271410.html,318,35683,0,2室1厅1厨1卫,['低楼层/共7层'],南,['平层/简装'],89.12,1999,长乐邨一期,湖里,殿前,0,零梯零户,2023/11/7,2009/5/12,平层,简装,1,7,0,0
1991,1991,松柏  地铁口  4房楼中楼  户型方正,https://xm.lianjia.com/ershoufang/105114299980.html,770,46322,0,3室3厅1厨2卫,['高楼层/共7层'],东,['复式/精装'],166.23,-1,邦妮大厦,思明,松柏,0,零梯零户,2023/7/21,2003/4/2,复式,精装,3,7,0,0
1993,1993,集美新城恒大帝景边套精装三室 业主诚意出售,https://xm.lianjia.com/ershoufang/105115249634.html,396,32730,0,3室2厅1厨2卫,['中楼层/共30层'],南,['平层/精装'],120.99,2019,恒大帝景,集美,集美新城,1,两梯四户,2023/11/5,2021/9/10,平层,精装,2,30,2,4
1994,1994,定安小区高层电梯房诚售，户型方正，西南朝向。,https://xm.lianjia.com/ershoufang/105112820067.html,715,90541,2,2室1厅1厨1卫,['高楼层/共13层'],西南,['平层/精装'],78.97,1999,定安小区,思明,思明南路,1,一梯五户,2023/2/27,2010/11/29,平层,精装,3,13,1,5
1995,1995,中式风格 楼栋安静 视野无遮挡 直看园博苑 夜景特美,https://xm.lianjia.com/ershoufang/105113720465.html,680,58880,0,3室2厅1厨2卫,['高楼层/共33层'],东南,['平层/精装'],115.49,2020,建发央著二期,集美,集美新城,1,两梯四户,2023/5/18,2021/11/18,平层,精装,3,33,2,4
1996,1996,产权证满二，高层看海，采光好，视野好,https://xm.lianjia.com/ershoufang/105107072810.html,368,29587,5,4室2厅1厨2卫,['高楼层/共33层'],南,['复式/毛坯'],124.38,2014,阳光城翡丽湾一期,翔安,翔安新城,1,两梯四户,2021/4/20,2016/2/3,复式,毛坯,3,33,2,4
1997,1997,电梯露台，南北，地铁后埔站200米，出租自住皆宜,https://xm.lianjia.com/ershoufang/105114151222.html,498,42423,0,3室2厅1厨2卫,['低楼层/共7层'],南,['平层/简装'],117.39,2000,天宇花园北区,湖里,金尚,0,零梯零户,2023/7/4,2013/10/17,平层,简装,1,7,0,0
1998,1998,西雅图精装四房两卫，高层自住装修，拎包入住,https://xm.lianjia.com/ershoufang/105114778858.html,446,32175,0,4室2厅1厨2卫,['中楼层/共45层'],东南,['平层/精装'],138.62,2017,西雅图,海沧,海沧外国语片区,1,三梯四户,2023/9/12,2020/11/5,平层,精装,2,45,3,4
1999,1999,台湾街 航空大厦 电梯高层大三房近地铁，出行方便,https://xm.lianjia.com/ershoufang/105114958836.html,550,37716,0,3室2厅1厨3卫,['低楼层/共26层'],东南,['平层/精装'],145.83,1997,航空大厦,湖里,江头,1,四梯十二户,2023/10/4,2020/5/26,平层,精装,1,26,4,12
2000,2000,新景七星  府 邸  南北通透 标准三房  高层 楼中楼,https://xm.lianjia.com/ershoufang/105108910959.html,668,52356,1,3室2厅1厨2卫,['高楼层/共28层'],南,['跃层/简装'],127.59,2017,新景七星府邸,湖里,金尚,1,两梯四户,2021/10/2,2020/9/9,跃层,简装,3,28,2,4
2001,2001,小区门口就是公园，07年电梯，复式楼中楼，客厅挑空。,https://xm.lianjia.com/ershoufang/105110739689.html,790,79879,1,3室2厅1厨2卫,['中楼层/共12层'],南,['复式/精装'],98.9,2007,新景天湖广场,湖里,江头,1,一梯两户,2022/6/13,2008/5/8,复式,精装,2,12,1,2
2002,2002,岛内17年次新房 带独立露台 真正南 北通透 全明户型,https://xm.lianjia.com/ershoufang/105107349470.html,686,48584,13,2室1厅1厨2卫,['低楼层/共28层'],北,['平层/精装'],141.2,2015,新景七星府邸,湖里,金尚,1,两梯四户,2021/5/18,2018/9/12,平层,精装,1,28,2,4
2003,2003,万象城边上 双地铁口南北通透空户采光户型好,https://xm.lianjia.com/ershoufang/105115311299.html,350,53963,1,2室1厅1厨1卫,['高楼层/共7层'],南,['平层/简装'],64.86,-1,湖滨东路,思明,火车站,0,零梯零户,2023/11/12,2016/3/31,平层,简装,3,7,0,0
2004,2004,五缘湾 正规三房 格局方正 带窗户 通风好 总价低,https://xm.lianjia.com/ershoufang/105104684668.html,690,71025,5,3室2厅1厨2卫,['低楼层/共17层'],南,['平层/精装'],97.15,2010,源昌鑫海湾,湖里,五缘湾,1,一梯两户,2020/6/26,2012/7/30,平层,精装,1,17,1,2
2005,2005,南北通透格局，低楼层，视野宽阔，采光充足,https://xm.lianjia.com/ershoufang/105108278443.html,1060,80115,0,5室2厅1厨3卫,['低楼层/共17层'],南,['平层/简装'],132.31,2010,源昌鑫海湾,湖里,五缘湾,1,一梯两户,2021/8/6,2017/4/20,平层,简装,1,17,1,2
2006,2006,SM商圈乌石浦地铁口南北通透正规大两房,https://xm.lianjia.com/ershoufang/105113656446.html,280,36497,0,3室1厅1厨1卫,['高楼层/共7层'],南,['平层/简装'],76.72,2000,梅阳花园,湖里,SM,0,零梯零户,2023/5/12,2023/1/15,平层,简装,3,7,0,0
2007,2007,产权满2年两房，朝南采光好，视野开阔,https://xm.lianjia.com/ershoufang/105113686255.html,668,137506,0,2室2厅1厨1卫,['低楼层/共16层'],东,['平层/简装'],48.58,2010,源昌鑫海湾,湖里,五缘湾,1,两梯三户,2023/5/15,2013/3/7,平层,简装,1,16,2,3
2008,2008,全明格局户型方正格局方正业主诚意出售采光通风好,https://xm.lianjia.com/ershoufang/105112807579.html,549,44693,0,3室2厅1厨2卫,['中楼层/共9层'],西,['平层/精装'],122.84,1999,永升彩虹花园,湖里,金尚,0,零梯零户,2023/2/26,2016/4/25,平层,精装,2,9,0,0
2009,2009,翔安区政府旁，正规3房，户型方正，高楼层，视野好。,https://xm.lianjia.com/ershoufang/105111987243.html,199,19741,1,3室1厅1厨1卫,['高楼层/共33层'],南,['平层/毛坯'],100.81,2017,首开领翔上郡二期,翔安,新店,1,两梯四户,2022/11/9,2018/11/19,平层,毛坯,3,33,2,4
2010,2010,汇景边上，经典三房，南北 对流，高层视野好,https://xm.lianjia.com/ershoufang/105103648895.html,218,21630,21,3室2厅1厨1卫,['低楼层/共33层'],东南,['平层/毛坯'],100.79,2017,首开领翔上郡二期,翔安,新店,1,两梯四户,2020/1/3,2018/11/23,平层,毛坯,1,33,2,4
2011,2011,实验旁 正规精装三房  南北通透 有电梯 930万,https://xm.lianjia.com/ershoufang/105110295260.html,930,91106,2,3室1厅1厨1卫,['中楼层/共14层'],南,['平层/简装'],102.08,2001,广播电台综合楼,思明,实验小学及周边,1,两梯五户,2022/4/15,2019/7/10,平层,简装,2,14,2,5
2012,2012,汇景单身公寓 高层视野好 无遮挡,https://xm.lianjia.com/ershoufang/105114186096.html,110,23636,0,1室0厅0厨1卫,['高楼层/共18层'],南,['平层/简装'],46.54,2010,汇景新城中心,翔安,新店,1,两梯十七户,2023/7/7,2017/1/13,平层,简装,3,18,2,17
2013,2013,新景国际外滩空间大视野好海景楼中楼,https://xm.lianjia.com/ershoufang/105108470858.html,1280,117951,13,4室2厅1厨2卫,['低楼层/共16层'],南,['跃层/简装'],108.52,2014,新景国际外滩,湖里,五缘湾,1,两梯四户,2021/8/21,2015/12/28,跃层,简装,1,16,2,4
2014,2014,国贸润园 边套看海大平层 装修好 保养新,https://xm.lianjia.com/ershoufang/105106491225.html,1350,79948,79,4室2厅1厨2卫,['高楼层/共21层'],东,['平层/精装'],168.86,2014,国贸润园,湖里,五缘湾,1,两梯两户,2021/2/27,2019/6/27,平层,精装,3,21,2,2
2015,2015,五缘湾 特房五缘尊府 带露台三房 南北通透 使用面积大,https://xm.lianjia.com/ershoufang/105104236097.html,1213,96370,26,3室2厅1厨2卫,['中楼层/共26层'],东,['平层/精装'],125.87,2012,特房五缘尊府,湖里,五缘湾,1,两梯三户,2020/5/1,2015/4/9,平层,精装,2,26,2,3
2020,2020,五月花紧凑三房 独特魅力 无浪费空间,https://xm.lianjia.com/ershoufang/105107298518.html,330,35389,18,3室2厅1厨2卫,['低楼层/共35层'],南,['平层/毛坯'],93.25,2014,海上五月花三期,集美,集美其它,1,两梯六户,2021/5/12,2015/12/22,平层,毛坯,1,35,2,6
2021,2021,精装修三房，楼层好，视野开阔，诚意出售。,https://xm.lianjia.com/ershoufang/105109394940.html,345,34024,18,3室1厅1厨1卫,['中楼层/共31层'],南,['平层/精装'],101.4,2015,禹洲中央海岸一期,集美,杏林桥头,1,三梯六户,2021/12/4,2015/1/9,平层,精装,2,31,3,6
2022,2022,新景国际外滩，B户型，高层，位置好,https://xm.lianjia.com/ershoufang/105113060757.html,1249,135747,0,4室2厅1厨2卫,['高楼层/共16层'],东南,['平层/简装'],92.01,2017,新景国际外滩,湖里,五缘湾,1,两梯四户,2023/3/18,2018/3/17,平层,简装,3,16,2,4
2027,2027,海德公园洋房复式楼中楼，利用率高,https://xm.lianjia.com/ershoufang/105105616000.html,700,50248,18,5室2厅1厨3卫,['高楼层/共6层'],东北,['简装'],139.31,2015,招商海德公馆二期,集美,集美其它,1,一梯两户,2020/10/25,2016/9/23,简装,,3,6,1,2
2028,2028,看中庭B户型，朝南双阳台，毛坯,https://xm.lianjia.com/ershoufang/105113062870.html,950,101550,2,1室1厅1厨1卫,['中楼层/共16层'],南,['复式/毛坯'],93.55,2014,新景国际外滩,湖里,五缘湾,1,两梯四户,2023/3/19,2010/1/1,复式,毛坯,2,16,2,4
2031,2031,台湾街福洋花园精装修两房，小区闹中取静！,https://xm.lianjia.com/ershoufang/105115067195.html,299,50885,0,2室1厅1厨1卫,['中楼层/共6层'],东,['平层/简装'],58.76,-1,福洋花园,湖里,江头,0,零梯零户,2023/10/16,2012/6/6,平层,简装,2,6,0,0
2034,2034,降60万！安家在美丽的湖边！225平大house仅售1339万！,https://xm.lianjia.com/ershoufang/105110012716.html,1099,48806,16,5室2厅1厨3卫,['低楼层/共31层'],南,['平层/精装'],225.18,2012,融景湾,湖里,湖边水库,1,三梯两户,2022/3/10,2016/5/3,平层,精装,1,31,3,2
2035,2035,恒亿尚品湾一线海景两房毛坯看马拉松无遮挡,https://xm.lianjia.com/ershoufang/105110473092.html,260,28641,6,2室1厅1厨1卫,['高楼层/共27层'],东南,['平层/毛坯'],90.78,2017,恒亿尚品湾（1/2/5/6期）,同安,环东海域,1,两梯三户,2022/5/8,2019/9/2,平层,毛坯,3,27,2,3
2036,2036,地铁2号线旁精明房型稳定出售。,https://xm.lianjia.com/ershoufang/105104545791.html,258,45447,31,2室1厅1厨1卫,['低楼层/共28层'],西,['平层/简装'],56.77,2005,振华大厦,湖里,邮轮城,1,两梯二十四户,2020/6/8,2004/12/24,平层,简装,1,28,2,24
2037,2037,莲花禾丰新景次新花园小区，明厨明卫，户型方正,https://xm.lianjia.com/ershoufang/105114202175.html,516,74149,2,2室2厅1厨1卫,['中楼层/共18层'],南,['平层/简装'],69.59,2017,禾丰新景,思明,莲花,1,两梯四户,2023/7/9,2018/3/19,平层,简装,2,18,2,4
2038,2038,云海山庄，看海别墅。东南北无遮挡！毛坯随意发挥。,https://xm.lianjia.com/ershoufang/105106364081.html,1550,69188,75,5室2厅1厨3卫,['共5层'],东南,['复式/毛坯'],224.03,-1,云海山庄,思明,黄厝,0,零梯零户,2021/1/31,1997/10/28,复式,毛坯,-1,5,0,0
2039,2039,出岛首站家门口的BRT！一线海景房！,https://xm.lianjia.com/ershoufang/105107427345.html,175,37692,8,1室0厅1厨1卫,['高楼层/共20层'],南,['平层/简装'],46.43,2010,古龙御景一期北区,集美,集美其它,1,两梯四户,2021/5/25,2014/4/4,平层,简装,3,20,2,4
2040,2040,嘉庚体育馆南北通风格局方正，自己住装修，真材实料,https://xm.lianjia.com/ershoufang/105113553039.html,410,29812,0,3室2厅1厨2卫,['高楼层/共34层'],南,['平层/精装'],137.53,2017,国贸商城同悦,集美,集美其它,1,两梯三户,2023/5/3,2018/1/11,平层,精装,3,34,2,3
2041,2041,翔安两房，户型方正，房东急售价格好谈,https://xm.lianjia.com/ershoufang/105113992146.html,102,14079,1,2室2厅1厨1卫,['中楼层/共18层'],南,['平层/精装'],72.45,2016,中澳城,翔安,翔安其他,1,两梯四户,2023/6/15,2018/11/29,平层,精装,2,18,2,4
2042,2042,满五年省税 朝南大两房高楼层，双阳台，精装拎包入住,https://xm.lianjia.com/ershoufang/105112725385.html,300,34033,2,2室2厅1厨1卫,['高楼层/共24层'],南,['平层/精装'],88.15,2012,泉水湾二期,集美,集美其它,1,两梯四户,2023/2/19,2013/5/14,平层,精装,3,24,2,4
2043,2043,瑞景电梯朝南两房 生活，交通，方便,https://xm.lianjia.com/ershoufang/105113228139.html,390,48763,5,2室1厅1厨1卫,['中楼层/共12层'],南,['平层/简装'],79.98,2001,联丰商城二期,思明,瑞景,1,两梯八户,2023/4/2,2006/8/29,平层,简装,2,12,2,8
2044,2044,地铁口 振华大厦 紧凑楼中楼 带4阳台 产权在手s,https://xm.lianjia.com/ershoufang/105105464875.html,752,47674,20,6室0厅1厨3卫,['中楼层/共28层'],西北,['跃层/简装'],157.74,2005,振华大厦,湖里,邮轮城,1,三梯八户,2020/10/5,2002/11/19,跃层,简装,2,28,3,8
2045,2045,火车站人车分流花园小区 电梯高层朝南日照充足 空气好,https://xm.lianjia.com/ershoufang/105114771446.html,503,57322,0,2室2厅1厨1卫,['中楼层/共11层'],东,['平层/精装'],87.75,2005,自然家园,思明,火车站,1,一梯四户,2023/9/11,2015/11/3,平层,精装,2,11,1,4
2046,2046,急售，业主诚意卖，房东急售，随时签约,https://xm.lianjia.com/ershoufang/105116662472.html,100,13803,2,2室1厅1厨1卫,['中楼层/共18层'],南,['平层/精装'],72.45,2018,中澳城,翔安,翔安其他,1,两梯四户,2024/4/12,2019/8/19,平层,精装,2,18,2,4
2047,2047,装修好，南北通透，楼层好，光线好,https://xm.lianjia.com/ershoufang/105116026902.html,340,48614,0,2室1厅1厨1卫,['中楼层/共7层'],南,['平层/精装'],69.94,1998,金尚小区,湖里,金尚,0,零梯零户,2024/2/16,2018/9/10,平层,精装,2,7,0,0
2048,2048,低首付，小复式户型。采光好，业主诚意出售,https://xm.lianjia.com/ershoufang/105111744685.html,66,12622,1,1室1厅1厨1卫,['低楼层/共22层'],东南,['平层/毛坯'],52.29,2018,海西9号,翔安,翔安新城,1,两梯三十二户,2022/10/12,2021/4/14,平层,毛坯,1,22,2,32
2049,2049,文灶封闭小区。不沿街环境优美，绿化好。,https://xm.lianjia.com/ershoufang/105108944535.html,1126,70375,3,3室2厅1厨2卫,['低楼层/共8层'],南,['平层/简装'],160,2000,鹭腾花园,思明,火车站,1,一梯两户,2021/10/7,2004/3/2,平层,简装,1,8,1,2
2050,2050,新出 滨北16年次新房 高楼层看海 精装4房拎包入住,https://xm.lianjia.com/ershoufang/105111476651.html,1500,83533,1,4室2厅1厨2卫,['高楼层/共39层'],西北,['平层/精装'],179.57,2016,信和银湖天峰,思明,市政府,1,七梯二十三户,2022/9/11,2017/9/22,平层,精装,3,39,7,23
2051,2051,思明区 岳阳小区 两房 南北通透 采光好 小区中间位置,https://xm.lianjia.com/ershoufang/105110310778.html,349,55966,40,2室1厅1厨1卫,['高楼层/共7层'],南,['平层/简装'],62.36,1994,岳阳西里,思明,岳阳社区,0,零梯零户,2022/4/17,2006/11/28,平层,简装,3,7,0,0
2052,2052,地铁口两房 好楼层 一梯两户 南北通透 全明户型,https://xm.lianjia.com/ershoufang/105116478855.html,255,49067,1,2室1厅1厨1卫,['低楼层/共7层'],南,['平层/简装'],51.97,1995,岳阳西里,思明,岳阳社区,0,零梯零户,2024/3/25,2021/6/16,平层,简装,1,7,0,0
2053,2053,厅带阳台，全明格局，三面采光，采光通透性好,https://xm.lianjia.com/ershoufang/105109677450.html,580,57284,4,3室2厅1厨1卫,['中楼层/共8层'],南,['平层/简装'],101.25,1999,瑞景新村宾鸿苑,思明,瑞景,0,零梯零户,2022/1/15,2009/11/2,平层,简装,2,8,0,0
2054,2054,集美新城上叠别墅，南北通透，实际使用三层,https://xm.lianjia.com/ershoufang/105109675367.html,760,50146,1,4室2厅1厨2卫,['高楼层/共6层'],南,['跃层/精装'],151.56,2019,国贸天悦,集美,杏北,1,一梯两户,2022/1/15,2020/6/19,跃层,精装,3,6,1,2
2055,2055,环东海域 金帝复式楼 朝南带阳台  温馨舒适,https://xm.lianjia.com/ershoufang/105113159838.html,260,30339,0,3室2厅1厨2卫,['高楼层/共10层'],南,['跃层/毛坯'],85.7,-1,金帝中洲滨海城二期,同安,环东海域,1,两梯十户,2023/3/27,2019/8/21,跃层,毛坯,3,10,2,10
2056,2056,新景七星 府 邸 高层 东南北 客厅带阳台朝南 全明结构,https://xm.lianjia.com/ershoufang/105114366305.html,730,53328,0,3室2厅1厨2卫,['中楼层/共28层'],南,['平层/简装'],136.89,2017,新景七星府邸,湖里,金尚,1,两梯四户,2023/7/29,2020/8/25,平层,简装,2,28,2,4
2057,2057,莲板外文图书 地铁 一旁 楼层好居住安静 有钥匙,https://xm.lianjia.com/ershoufang/105113288754.html,705,61066,0,3室2厅1厨2卫,['高楼层/共18层'],西北,['平层/简装'],115.45,2004,美迪斯小区,思明,富山,1,一梯四户,2023/4/8,2019/6/19,平层,简装,3,18,1,4
2058,2058,莲坂地 铁口，电梯，视野采光好，空户 交通便利,https://xm.lianjia.com/ershoufang/105116415906.html,226,65890,0,1室1厅1厨1卫,['低楼层/共23层'],南,['平层/精装'],34.3,2004,裕发广场,思明,富山,1,三梯二十二户,2024/3/20,2020/2/1,平层,精装,1,23,3,22
2059,2059,假日花园\u3000地铁ＢＲＴ旁\u3000边全套\u3000两房\u3000采光好\u3000空户,https://xm.lianjia.com/ershoufang/105114689434.html,298,61254,1,2室1厅1厨1卫,['中楼层/共16层'],东南,['平层/精装'],48.65,2002,假日花园,思明,火车站,1,两梯十户,2023/9/2,2020/12/21,平层,精装,2,16,2,10
2060,2060,台北新村使用200平楼中楼，可种花种菜带露台,https://xm.lianjia.com/ershoufang/105116668424.html,386,62329,0,3室2厅1厨2卫,['高楼层/共9层'],南,['平层/精装'],61.93,1996,台北新村,湖里,南山路,0,零梯零户,2024/4/13,2002/8/1,平层,精装,3,9,0,0
2061,2061,产权满2年， 产权清晰没按揭，朝南户型，看海看桥,https://xm.lianjia.com/ershoufang/105111820242.html,365,25996,2,3室1厅1厨2卫,['中楼层/共11层'],南,['平层/精装'],140.41,2015,丰融尚城,集美,集美其它,1,两梯六户,2022/10/20,2014/6/11,平层,精装,2,11,2,6
2062,2062,此房格局方正，双阳台，厅带阳台朝南，日照充足,https://xm.lianjia.com/ershoufang/105112033718.html,368,42961,0,2室2厅1厨1卫,['中楼层/共9层'],南,['平层/简装'],85.66,2001,云亭花园,思明,金鸡亭,0,零梯零户,2022/11/14,2003/12/4,平层,简装,2,9,0,0
2063,2063,近集美桥头嘉庚体育馆，楼层好户型好，总楼层视野宽阔,https://xm.lianjia.com/ershoufang/105114438015.html,225,22265,0,3室2厅1厨2卫,['低楼层/共35层'],南,['错层/精装'],101.06,2012,禹洲大学城,同安,集美其它,1,三梯六户,2023/8/5,2015/4/13,错层,精装,1,35,3,6
2064,2064,五月花五期精装3房，无遮挡看房方便；游泳池看海,https://xm.lianjia.com/ershoufang/105111125655.html,329,35607,0,3室1厅1厨1卫,['中楼层/共33层'],东南,['平层/精装'],92.4,2015,海上五月花五期,同安,集美其它,1,两梯四户,2022/7/31,2016/8/30,平层,精装,2,33,2,4
2065,2065,火车站旁 朝南  3房 高层 带空中花园 万象城边上,https://xm.lianjia.com/ershoufang/105112107524.html,782,66120,2,3室1厅1厨1卫,['高楼层/共32层'],西南,['平层/精装'],118.27,1997,凯旋广场,思明,火车站,1,三梯八户,2022/11/23,2019/3/18,平层,精装,3,32,3,8
2066,2066,世茂湖滨首府D区 4室1厅 东南 南,https://xm.lianjia.com/ershoufang/105116227724.html,1380,72011,0,4室1厅1厨2卫,['中楼层/共41层'],东南,['平层/精装'],191.64,2013,世茂湖滨首府D区,湖里,湖边水库,1,三梯三户,2024/3/4,2014/9/3,平层,精装,2,41,3,3
2067,2067,2005年 邮轮城地铁口  鹭槟大厦首付100万 买电梯两房s,https://xm.lianjia.com/ershoufang/105114343554.html,388,55295,0,2室1厅1厨1卫,['中楼层/共31层'],东,['平层/简装'],70.17,2005,鹭槟大厦,湖里,邮轮城,1,三梯二十三户,2023/7/26,2017/2/14,平层,简装,2,31,3,23
2068,2068,特房樾琴湾 精装3房 温馨舒适,https://xm.lianjia.com/ershoufang/105115497107.html,180,23089,1,3室1厅1厨1卫,['低楼层/共31层'],南,['平层/精装'],77.96,2020,特房樾琴湾,同安,环东海域,0,零梯零户,2023/12/2,2021/5/28,平层,精装,1,31,0,0
2069,2069,集美新城 龙湖品质 近地铁 中层采光好 使用面积大诚售,https://xm.lianjia.com/ershoufang/105112767927.html,403,41106,0,4室2厅1厨2卫,['低楼层/共34层'],南,['复式/毛坯'],98.04,2017,龙湖春江郦城二期,集美,杏北,1,两梯六户,2023/2/23,2018/10/31,复式,毛坯,1,34,2,6
2070,2070,地铁口，二次精装80万，奢居大4房，新社区，西雅图,https://xm.lianjia.com/ershoufang/105116048463.html,568,26859,0,4室1厅1厨3卫,['中楼层/共44层'],南,['平层/精装'],211.48,2017,西雅图,海沧,海沧外国语片区,1,三梯三户,2024/2/18,2019/2/18,平层,精装,2,44,3,3
2071,2071,华铃花园中庭楼栋，两梯四户。精装拎包入住诚意出售,https://xm.lianjia.com/ershoufang/105115203199.html,160,26513,1,2室1厅1厨1卫,['高楼层/共18层'],南,['平层/精装'],60.35,2014,华铃花园,集美,杏东,1,两梯四户,2023/10/31,2021/1/19,平层,精装,3,18,2,4
2072,2072,近湖心岛 全屋精装  高配 2.5房 宜居,https://xm.lianjia.com/ershoufang/105111710952.html,670,65887,4,2室2厅1厨1卫,['低楼层/共40层'],南,['平层/精装'],101.69,2016,世茂湖滨首府D区,湖里,湖边水库,1,两梯三户,2022/10/8,2016/9/2,平层,精装,1,40,2,3
2073,2073,产权证满两年  客厅带阳台朝南。安静3房,https://xm.lianjia.com/ershoufang/105109747638.html,200,23305,3,3室1厅1厨1卫,['低楼层/共31层'],南,['平层/毛坯'],85.82,2015,阳光城翡丽湾二期,翔安,翔安新城,1,两梯四户,2022/2/9,2019/3/15,平层,毛坯,1,31,2,4
2074,2074,高层全南户型 自住精装修 产权满二 采光好 拎包入住,https://xm.lianjia.com/ershoufang/105110316013.html,370,40424,11,3室1厅1厨1卫,['高楼层/共33层'],南,['平层/精装'],91.53,2015,住宅·水晶湖郡,集美,集美新城,1,两梯十一户,2022/4/18,2020/5/1,平层,精装,3,33,2,11
2075,2075,湖边水库三梯三户三面采光，精装南北通透4房,https://xm.lianjia.com/ershoufang/105111982720.html,1300,72259,0,4室2厅1厨2卫,['低楼层/共41层'],南,['平层/精装'],179.91,2013,世茂湖滨首府D区,湖里,湖边水库,1,三梯三户,2022/11/8,2014/9/9,平层,精装,1,41,3,3
2076,2076,地铁、闽篮、科技旁，保利和光城悦，一房一厅,https://xm.lianjia.com/ershoufang/105113174490.html,208,43109,0,1室1厅1厨1卫,['低楼层/共33层'],南,['平层/精装'],48.25,2021,保利和光城悦,翔安,翔安新城,1,三梯六户,2023/3/28,2022/9/19,平层,精装,1,33,3,6
2077,2077,2号线地铁口，交通生活便利，延奎,https://xm.lianjia.com/ershoufang/105111067991.html,320,27283,2,3室2厅1厨2卫,['低楼层/共9层'],南,['平层/精装'],117.29,2000,鑫茂花园,海沧,海沧生活区,0,零梯零户,2022/7/24,2016/4/25,平层,精装,1,9,0,0
2078,2078,湖边高层2房，朝南采光好，户型方正。,https://xm.lianjia.com/ershoufang/105114868047.html,360,59475,0,2室1厅1厨1卫,['高楼层/共34层'],南,['平层/简装'],60.53,2011,湖边花园B区东区,湖里,湖边水库,1,两梯六户,2023/9/21,2021/10/25,平层,简装,3,34,2,6
2079,2079,滨北共和大厦 居家装修 低楼层  诚意出售,https://xm.lianjia.com/ershoufang/105114100651.html,298,62383,1,3室1厅1厨1卫,['低楼层/共9层'],北,['平层/简装'],47.77,2000,共和大厦,思明,七星路,0,零梯零户,2023/6/28,2017/6/7,平层,简装,1,9,0,0
2080,2080,临万象城 文灶地铁口 大两房 居家品质装 花园社区,https://xm.lianjia.com/ershoufang/105116401179.html,558,65020,0,2室2厅1厨1卫,['中楼层/共7层'],东,['平层/精装'],85.82,2000,益城广场,思明,火车站,1,一梯三户,2024/3/18,2016/4/21,平层,精装,2,7,1,3
2081,2081,维多利亚 经典4房 视野开阔 看中庭,https://xm.lianjia.com/ershoufang/105113547310.html,536,46472,1,4室2厅1厨2卫,['中楼层/共29层'],东南,['平层/精装'],115.34,2010,海晟维多利亚,海沧,滨海社区,1,两梯四户,2023/5/2,2016/5/3,平层,精装,2,29,2,4
2082,2082,地铁口丰泽苑全明三房诚意出售 格局好 通风采光佳,https://xm.lianjia.com/ershoufang/105116024395.html,488,42524,0,3室1厅1厨2卫,['低楼层/共7层'],南,['平层/简装'],114.76,2000,丰泽苑小区,湖里,金尚,0,零梯零户,2024/2/15,2019/11/12,平层,简装,1,7,0,0
2083,2083,万禾春天 电梯高层 精装四房 拎包入住,https://xm.lianjia.com/ershoufang/105115228239.html,750,50104,0,4室2厅1厨2卫,['中楼层/共25层'],西南,['平层/精装'],149.69,2006,万禾春天,思明,岳阳社区,1,三梯八户,2023/11/2,2021/9/10,平层,精装,2,25,3,8
2096,2096,金尚小区 3室1厅 南 北,https://xm.lianjia.com/ershoufang/105116143958.html,408,46924,0,3室1厅1厨1卫,['低楼层/共7层'],南,['平层/精装'],86.95,1999,金尚小区,湖里,金尚,0,零梯零户,2024/2/26,2016/9/5,平层,精装,1,7,0,0
2097,2097,业主诚意出售，南北格局好楼层好，视野宽阔.采光充足,https://xm.lianjia.com/ershoufang/105112753637.html,719,72899,0,2室2厅1厨2卫,['中楼层/共6层'],南,['平层/简装'],98.63,2001,雅观园,思明,文园路,0,零梯零户,2023/2/21,2004/3/8,平层,简装,2,6,0,0
2098,2098,电梯2房，松柏，地铁口，松柏公园，中高层，空户,https://xm.lianjia.com/ershoufang/105113004969.html,370,52084,0,2室2厅1厨1卫,['中楼层/共33层'],东南,['平层/简装'],71.04,2001,湖北大厦,思明,松柏,1,三梯十七户,2023/3/14,2018/12/20,平层,简装,2,33,3,17
2099,2099,滨北 万象里旁 岳阳小区 精装2房 南北通透 换房诚售,https://xm.lianjia.com/ershoufang/105113758227.html,269,50075,0,2室1厅1厨1卫,['高楼层/共7层'],南,['平层/精装'],53.72,1997,岳阳西里,思明,岳阳社区,0,零梯零户,2023/5/22,2018/5/17,平层,精装,3,7,0,0
2100,2100,江头 地铁 福龙公寓 好楼层南北,https://xm.lianjia.com/ershoufang/105113301412.html,335,38466,0,3室1厅1厨1卫,['中楼层/共7层'],南,['平层/精装'],87.09,1997,福龙公寓内院,湖里,金尚,0,零梯零户,2023/4/9,2021/6/21,平层,精装,2,7,0,0
2101,2101,悦华旁 南泉小筑 双拼别墅 6房 边套三面采光,https://xm.lianjia.com/ershoufang/105112251065.html,1780,60611,1,6室2厅1厨4卫,['低楼层/共3层'],南,['复式/精装'],293.68,1999,南泉小筑,湖里,保税区,0,零梯零户,2022/12/11,2002/2/25,复式,精装,1,3,0,0
2102,2102,电梯高层看筼筜湖，户型方正，明厨明卫，房东诚意出售,https://xm.lianjia.com/ershoufang/105113700166.html,860,61689,1,4室2厅1厨2卫,['中楼层/共33层'],西北,['平层/简装'],139.41,2005,瑞成大厦,思明,斗西路,1,三梯八户,2023/5/17,2006/5/28,平层,简装,2,33,3,8
2103,2103,集美桥头大3房 自住装修 满五 南北通透 业主急售,https://xm.lianjia.com/ershoufang/105113923453.html,318,30681,1,3室2厅1厨1卫,['低楼层/共30层'],南,['平层/精装'],103.65,2015,新景舜弘天籁,集美,集美其它,1,两梯四户,2023/6/8,2016/6/20,平层,精装,1,30,2,4
2104,2104,南北6房 全屋大理石白玉兰 拎包入住 看房方便,https://xm.lianjia.com/ershoufang/105116239147.html,1680,95776,0,6室2厅1厨4卫,['低楼层/共28层'],南,['跃层/精装'],175.41,2011,新景中心二期,思明,莲坂,1,两梯两户,2024/3/5,2016/7/6,跃层,精装,1,28,2,2
2105,2105,满5年，3房，大阳台使用面积大,https://xm.lianjia.com/ershoufang/105112935375.html,188,20028,0,3室1厅1厨1卫,['中楼层/共8层'],西,['平层/精装'],93.87,1994,大永固花园,海沧,海沧生活区,0,零梯零户,2023/3/8,2010/3/2,平层,精装,2,8,0,0
2106,2106,禾祥西泛华大厦电梯两房两厅拎包入住诚意出售,https://xm.lianjia.com/ershoufang/105115486570.html,408,74196,0,2室2厅1厨1卫,['中楼层/共18层'],南,['平层/精装'],54.99,2003,泛华大厦,思明,禾祥西路,1,两梯六户,2023/12/1,2014/2/26,平层,精装,2,18,2,6
2107,2107,世茂品质 位置安静 高层看海 人车分流 高档社区,https://xm.lianjia.com/ershoufang/105106285362.html,2865,82144,4,5室2厅1厨5卫,['低楼层/共40层'],南,['平层/精装'],348.78,2012,世茂湖滨首府C区,湖里,湖边水库,1,三梯两户,2021/1/18,2022/4/20,平层,精装,1,40,3,2
2108,2108,含车位 楼层视野好 朝南通透 正规3房,https://xm.lianjia.com/ershoufang/105106876288.html,195,21022,3,3室1厅1厨1卫,['高楼层/共42层'],东南,['平层/精装'],92.76,2017,万科广场幸福里,集美,厦门北站商业区,1,三梯六户,2021/4/3,2017/8/18,平层,精装,3,42,3,6
2109,2109,精装两房 可拎包入住 南北户型   交通便利配套齐全,https://xm.lianjia.com/ershoufang/105111595735.html,265,50218,1,2室1厅1厨1卫,['低楼层/共6层'],南,['平层/精装'],52.77,1999,太微花园,湖里,金尚,0,零梯零户,2022/9/23,2017/7/18,平层,精装,1,6,0,0
2110,2110,江头地铁二号线泰和花园 南北 好楼层,https://xm.lianjia.com/ershoufang/105115630837.html,325,42197,0,2室2厅1厨1卫,['中楼层/共7层'],南,['平层/简装'],77.02,1997,泰和花园,湖里,金尚,0,零梯零户,2023/12/17,2000/3/8,平层,简装,2,7,0,0
2111,2111,楼栋位置在校区属于看海很好的位置，高楼层景观视野好,https://xm.lianjia.com/ershoufang/105112869921.html,350,32726,0,3室1厅1厨1卫,['低楼层/共32层'],南,['平层/毛坯'],106.95,2015,国贸金沙湾,同安,环东海域,1,两梯四户,2023/3/3,2016/8/30,平层,毛坯,1,32,2,4
2112,2112,金帝中洲滨海城南北通透朝南带阳台大3房,https://xm.lianjia.com/ershoufang/105114710594.html,296,22266,0,3室2厅1厨2卫,['中楼层/共31层'],南,['平层/毛坯'],132.94,2017,金帝中洲滨海城,同安,环东海域,1,两梯三户,2023/9/4,2018/7/10,平层,毛坯,2,31,2,3
2113,2113,金帝中州滨海城小三房，客厅带阳台朝南，刚需福音,https://xm.lianjia.com/ershoufang/105110124758.html,195,20178,3,2室1厅1厨1卫,['中楼层/共31层'],南,['平层/毛坯'],96.64,2017,金帝中洲滨海城,同安,环东海域,1,两梯四户,2022/3/25,2018/7/9,平层,毛坯,2,31,2,4
2114,2114,总监力荐，恒亿拎包入住精装修好房，一线瞰海无遮挡！,https://xm.lianjia.com/ershoufang/105111622165.html,280,30612,0,2室1厅1厨1卫,['高楼层/共30层'],南,['平层/精装'],91.47,2017,恒亿尚品湾（1/2/5/6期）,同安,环东海域,1,两梯三户,2022/9/26,2019/4/3,平层,精装,3,30,2,3
2115,2115,环东海域特房银溪墅府精装大三房 环境优美,https://xm.lianjia.com/ershoufang/105110614187.html,320,29882,2,3室2厅1厨2卫,['中楼层/共31层'],南,['平层/精装'],107.09,2018,特房银溪墅府温尼花园,翔安,环东海域,1,两梯四户,2022/5/27,2019/12/30,平层,精装,2,31,2,4
2116,2116,特房朗玥公馆 2室2厅 南,https://xm.lianjia.com/ershoufang/105116481693.html,148,18713,1,2室2厅1厨1卫,['低楼层/共32层'],南,['平层/毛坯'],79.09,2022,特房朗玥公馆,翔安,环东海域,0,零梯零户,2024/3/26,2023/4/26,平层,毛坯,1,32,0,0
2117,2117,楼栋位置在校区属于看海很好的位置，高楼层景观视野好,https://xm.lianjia.com/ershoufang/105114845256.html,310,34703,0,2室2厅1厨1卫,['高楼层/共30层'],东南,['平层/精装'],89.33,2015,国贸金沙湾,同安,环东海域,1,两梯四户,2023/9/19,2016/9/26,平层,精装,3,30,2,4
2118,2118,满五，电梯房，户型方正，采光好,https://xm.lianjia.com/ershoufang/105115751113.html,310,28983,0,3室2厅1厨1卫,['低楼层/共32层'],南,['平层/简装'],106.96,2015,国贸金沙湾,同安,环东海域,1,两梯四户,2024/1/2,2016/9/12,平层,简装,1,32,2,4
2119,2119,集美新城，地铁口旁，业主自住精装2房，交通生活便利,https://xm.lianjia.com/ershoufang/105115497751.html,325,37314,0,2室2厅1厨1卫,['中楼层/共18层'],东南,['平层/精装'],87.1,2015,住宅莲花国际,集美,集美新城,1,两梯四户,2023/12/2,2021/5/17,平层,精装,2,18,2,4
2120,2120,央企保利叁仟栋洋房 环东海域彩色跑道旁 刷卡入户,https://xm.lianjia.com/ershoufang/105112428503.html,435,41920,1,3室2厅1厨2卫,['低楼层/共11层'],东南,['平层/精装'],103.77,2017,保利叁仟栋一期,同安,环东海域,1,一梯两户,2023/1/10,2019/11/15,平层,精装,1,11,1,2
2121,2121,集美新城边套大三房，靠湖边，杏林湾旁，配套齐又安静,https://xm.lianjia.com/ershoufang/105113632264.html,653,46058,0,3室2厅1厨2卫,['中楼层/共33层'],南,['平层/毛坯'],141.78,2019,莲花首岸,集美,集美新城,1,两梯四户,2023/5/10,2019/9/18,平层,毛坯,2,33,2,4
2122,2122,南北东三面采光方正标准三房，名厨明卫，双阳台,https://xm.lianjia.com/ershoufang/105110635640.html,520,65114,10,3室1厅1厨1卫,['低楼层/共7层'],东南,['平层/简装'],79.86,1998,屿后南里,思明,松柏,0,零梯零户,2022/5/30,2015/7/9,平层,简装,1,7,0,0
2123,2123,东区 国贸蓝海 精装自住 诚意出售 中楼层 视野宽阔,https://xm.lianjia.com/ershoufang/105110141664.html,1080,67119,11,3室2厅1厨2卫,['中楼层/共21层'],南,['平层/精装'],160.91,2008,国贸蓝海,湖里,五缘湾,1,两梯两户,2022/3/27,2017/4/13,平层,精装,2,21,2,2
2124,2124,联发杏林湾一号一期 3室2厅 南,https://xm.lianjia.com/ershoufang/105115032544.html,428,32504,0,3室2厅1厨2卫,['高楼层/共41层'],南,['平层/简装'],131.68,2016,联发杏林湾一号一期,集美,杏林桥头,1,两梯四户,2023/10/12,2014/7/7,平层,简装,3,41,2,4
2125,2125,天湖 前排四房湖海双景凤凰城业主诚售 看房方便免双税,https://xm.lianjia.com/ershoufang/105113098060.html,545,35638,1,4室2厅1厨2卫,['高楼层/共33层'],东南,['平层/精装'],152.93,2012,天湖城,海沧,海沧区政府,1,两梯四户,2023/3/22,2014/6/25,平层,精装,3,33,2,4
2126,2126,万达旁，全明格局，高楼层，采光充足，业主诚意出售,https://xm.lianjia.com/ershoufang/105111656615.html,730,64901,2,3室2厅1厨2卫,['高楼层/共18层'],南,['平层/精装'],112.48,2012,特房山水新座,湖里,万达广场,1,两梯三户,2022/9/30,2014/11/21,平层,精装,3,18,2,3
2127,2127,五缘湾国贸品质，正规3房，业主诚意出售,https://xm.lianjia.com/ershoufang/105107922553.html,1130,70213,37,3室2厅1厨2卫,['中楼层/共24层'],南,['平层/精装'],160.94,2008,国贸蓝海,湖里,五缘湾,1,两梯两户,2021/7/11,2013/9/10,平层,精装,2,24,2,2
2128,2128,此房户型好，带入户，配套齐全，业主诚意出售,https://xm.lianjia.com/ershoufang/105114923100.html,338,56054,1,2室1厅1厨1卫,['中楼层/共31层'],东南,['平层/精装'],60.3,2010,湖边花园A区,湖里,万达广场,1,两梯六户,2023/9/28,2016/10/18,平层,精装,2,31,2,6
2129,2129,2016年万达片区高品质小区 经典南北户型,https://xm.lianjia.com/ershoufang/105112687886.html,680,50823,1,3室1厅1厨2卫,['低楼层/共29层'],南,['平层/精装'],133.8,2014,特房山水杰座,湖里,万达广场,1,两梯三户,2023/2/16,2017/4/6,平层,精装,1,29,2,3
2130,2130,世茂  湖景 南北通透 精装大4房 可拎包入住,https://xm.lianjia.com/ershoufang/105113717757.html,1596,78521,1,4室2厅1厨2卫,['低楼层/共28层'],南,['平层/精装'],203.26,2010,世茂湖滨首府A区,湖里,湖边水库,1,两梯三户,2023/5/18,2016/4/27,平层,精装,1,28,2,3
2131,2131,自主装修，采光充足，10年内的小区·,https://xm.lianjia.com/ershoufang/105105080901.html,666,64076,65,2室1厅1厨1卫,['低楼层/共32层'],南,['平层/精装'],103.94,2013,世茂湖滨首府D区,湖里,湖边水库,1,两梯四户,2020/8/14,2014/9/16,平层,精装,1,32,2,4
2133,2133,集美新城 龙湖春江郦城复式 使用面积大，采光通风好,https://xm.lianjia.com/ershoufang/105113061078.html,443,34913,1,4室2厅1厨2卫,['中楼层/共33层'],东南,['简装'],126.89,2016,龙湖春江郦城一期,集美,杏北,1,两梯六户,2023/3/18,2017/6/2,简装,,2,33,2,6
2139,2139,泛华大厦，正规两房，房东诚意出售,https://xm.lianjia.com/ershoufang/105111714009.html,660,74333,3,2室2厅1厨1卫,['高楼层/共28层'],西北,['平层/精装'],88.79,2004,泛华大厦,思明,禾祥西路,1,三梯八户,2022/10/9,2007/7/11,平层,精装,3,28,3,8
2143,2143,嘉庚入口处 精装大三房  业主诚意 低公摊,https://xm.lianjia.com/ershoufang/105113847752.html,195,17691,2,3室2厅1厨2卫,['高楼层/共33层'],南,['平层/精装'],110.23,2012,禹洲大学城,同安,集美其它,1,三梯六户,2023/5/31,2017/5/31,平层,精装,3,33,3,6
2144,2144,吕岭路 彩虹花园  正规一居室 总价低  交通便利,https://xm.lianjia.com/ershoufang/105113742039.html,195,37414,0,1室2厅1厨1卫,['高楼层/共7层'],南,['平层/简装'],52.12,1999,永升彩虹花园,湖里,金尚,0,零梯零户,2023/5/21,2005/1/14,平层,简装,3,7,0,0
2146,2146,满五*，123平四房出售，随时可看房,https://xm.lianjia.com/ershoufang/105107862157.html,250,20327,4,4室2厅0厨2卫,['高楼层/共34层'],南,['错层/毛坯'],122.99,2012,禹洲大学城,同安,集美其它,1,三梯六户,2021/7/6,2012/4/13,错层,毛坯,3,34,3,6
2147,2147,业主诚意出售  可装修成自己心仪的风格 可用160平,https://xm.lianjia.com/ershoufang/105110797006.html,340,29635,2,3室2厅1厨2卫,['低楼层/共26层'],南,['复式/简装'],114.73,2017,宝龙一城,湖里,湖边水库,1,七梯十四户,2022/6/21,2021/6/30,复式,简装,1,26,7,14
2148,2148,隧道口会展旁透大三房 业主诚意出,https://xm.lianjia.com/ershoufang/105112676743.html,322,26209,0,3室2厅1厨2卫,['低楼层/共31层'],南,['平层/简装'],122.86,2014,阳光城翡丽湾一期,翔安,翔安新城,1,两梯四户,2023/2/16,2018/5/22,平层,简装,1,31,2,4
2149,2149,世茂楼中楼，精装修，有花园，朝南，使用面积大,https://xm.lianjia.com/ershoufang/105113321767.html,738,94398,0,4室1厅1厨3卫,['低楼层/共26层'],南,['复式/精装'],78.18,2015,世茂湖滨首府B区,湖里,湖边水库,1,两梯六户,2023/4/11,2020/5/12,复式,精装,1,26,2,6
2150,2150,户型方正南北朝向 两梯两户纯板楼 宽视野精装房。,https://xm.lianjia.com/ershoufang/105114659484.html,470,33933,4,3室2厅2厨2卫,['低楼层/共31层'],南,['平层/精装'],138.51,2015,1号公馆,海沧,海沧生活区,1,两梯两户,2023/8/30,2015/8/31,平层,精装,1,31,2,2
2151,2151,金元宝户型 精装大四房 业主诚意出售,https://xm.lianjia.com/ershoufang/105114308980.html,850,69224,1,4室2厅1厨3卫,['中楼层/共14层'],南,['错层/精装'],122.79,2013,禹洲城上城,湖里,枋湖,1,一梯两户,2023/7/22,2019/1/21,错层,精装,2,14,1,2
2152,2152,满五* ， 做北朝南，全明户型,https://xm.lianjia.com/ershoufang/105103816995.html,255,20900,13,4室2厅1厨2卫,['低楼层/共34层'],南,['错层/毛坯'],122.01,2011,禹洲大学城,同安,集美其它,1,三梯六户,2020/3/10,2017/2/26,错层,毛坯,1,34,3,6
2153,2153,蓝水郡高层 精典一房 北附体育校区,https://xm.lianjia.com/ershoufang/105115870843.html,116,34068,0,1室0厅1厨1卫,['中楼层/共18层'],西,['平层/精装'],34.05,2009,未来海岸蓝水郡,海沧,海沧体育中心,1,两梯九户,2024/1/15,2020/11/1,平层,精装,2,18,2,9
2155,2155,世茂湖滨沿湖前排看湖景，正规三房,https://xm.lianjia.com/ershoufang/105114150606.html,1000,64767,0,3室2厅1厨2卫,['高楼层/共41层'],南,['平层/毛坯'],154.4,2012,世茂湖滨首府C区,湖里,湖边水库,1,三梯四户,2023/7/4,2023/7/6,平层,毛坯,3,41,3,4
2156,2156,泰和花园   南北朝向  地铁  交通 便利,https://xm.lianjia.com/ershoufang/105111480382.html,450,37778,1,3室2厅1厨2卫,['中楼层/共8层'],南,['平层/精装'],119.12,1999,泰和花园,湖里,金尚,0,零梯零户,2022/9/11,2002/6/8,平层,精装,2,8,0,0
2157,2157,俯视整个小区，视野无遮挡，两梯四户 诚意出售看房约,https://xm.lianjia.com/ershoufang/105111887235.html,580,64046,0,2室2厅1厨1卫,['高楼层/共22层'],南,['平层/简装'],90.56,2012,中央美地,湖里,枋湖,1,两梯三户,2022/10/28,2012/11/19,平层,简装,3,22,2,3
2158,2158,湖明南北通透两房，业主诚意出售，看房方便,https://xm.lianjia.com/ershoufang/105113104408.html,299,46814,0,2室1厅1厨1卫,['高楼层/共7层'],南,['平层/简装'],63.87,1989,蔬菜宿舍,思明,富山,0,零梯零户,2023/3/22,2019/3/20,平层,简装,3,7,0,0
2159,2159,海沧临港新城区近岛望远海海景房花园式小区,https://xm.lianjia.com/ershoufang/105114155316.html,170,22890,1,2室1厅1厨1卫,['中楼层/共33层'],南,['平层/毛坯'],74.27,2019,海投自贸城,海沧,角嵩路,0,零梯零户,2023/7/4,2020/7/10,平层,毛坯,2,33,0,0
2160,2160,集美新城核芯，沿湖品质小区，高层看湖精装三房！,https://xm.lianjia.com/ershoufang/105111549891.html,518,44958,0,3室2厅1厨2卫,['中楼层/共33层'],东南,['平层/精装'],115.22,2019,莲花首岸,集美,集美新城,1,两梯四户,2022/9/19,2019/9/11,平层,精装,2,33,2,4
2163,2163,此房位于松柏繁华地段，闹中取静，邻松柏公园。,https://xm.lianjia.com/ershoufang/105110610998.html,475,61007,0,2室2厅1厨1卫,['低楼层/共7层'],东南,['平层/精装'],77.86,1995,长青北里小区,思明,松柏,0,零梯零户,2022/5/27,2009/11/25,平层,精装,1,7,0,0
2173,2173,电化宿舍 1998年小区 3开间朝南 满五 唯 一 位置安静,https://xm.lianjia.com/ershoufang/105111788938.html,490,66968,2,2室1厅1厨1卫,['低楼层/共8层'],南,['平层/简装'],73.17,1998,电化宿舍,思明,文灶,0,零梯零户,2022/10/17,2016/4/5,平层,简装,1,8,0,0
2174,2174,江头地铁口二号线金彩花苑2005年人车分流,https://xm.lianjia.com/ershoufang/105114145988.html,260,49695,0,2室1厅1厨1卫,['中楼层/共6层'],南,['平层/精装'],52.32,2005,金彩花苑,湖里,金尚,0,零梯零户,2023/7/3,2021/2/7,平层,精装,2,6,0,0
2178,2178,雅居公寓，小户型，装修好，可拎包入住,https://xm.lianjia.com/ershoufang/105115855493.html,218,63780,0,1室1厅1厨1卫,['中楼层/共6层'],南,['平层/简装'],34.18,1987,雅居公寓,思明,禾祥西路,0,零梯零户,2024/1/13,2020/7/6,平层,简装,2,6,0,0
2181,2181,融创云潮府业主自住精装未入住诚意出售,https://xm.lianjia.com/ershoufang/105114275000.html,245,32711,0,3室2厅1厨1卫,['中楼层/共15层'],南,['平层/精装'],74.9,2021,融创云潮府,海沧,马銮湾中心片区,0,零梯零户,2023/7/18,2023/8/18,平层,精装,2,15,0,0
2182,2182,海沧马銮湾1.7万方综合体旁海投第一湾87.10平,https://xm.lianjia.com/ershoufang/105112345233.html,296,33984,0,2室2厅1厨1卫,['高楼层/共36层'],南,['平层/毛坯'],87.1,2018,海投第一湾,海沧,马銮湾东,1,两梯四户,2022/12/28,2020/4/28,平层,毛坯,3,36,2,4
2185,2185,马銮湾乐活岛高层精装近地铁诚意出售,https://xm.lianjia.com/ershoufang/105114005932.html,265,32416,0,3室2厅1厨1卫,['高楼层/共31层'],南,['平层/精装'],81.75,2020,海投第一湾二期湖海庄园,海沧,马銮湾中心片区,1,两梯五户,2023/6/16,2021/8/16,平层,精装,3,31,2,5
2189,2189,集美新城，地铁口3房，看湖景采光好，配套齐全,https://xm.lianjia.com/ershoufang/105113422903.html,353,39482,2,3室2厅1厨1卫,['中楼层/共31层'],南,['平层/简装'],89.41,2015,莲花新城二期,集美,集美新城,1,两梯四户,2023/4/20,2015/4/1,平层,简装,2,31,2,4
2195,2195,火车站 浦南新村 正规大两房好改3房 朝东采光好,https://xm.lianjia.com/ershoufang/105115643664.html,272,36027,2,2室2厅1厨1卫,['中楼层/共8层'],东,['平层/精装'],75.5,1998,浦南新村,思明,火车站,0,零梯零户,2023/12/19,2009/10/19,平层,精装,2,8,0,0
2196,2196,框架，三面采光，有两个大阳台，南北朝向，方正,https://xm.lianjia.com/ershoufang/105109428955.html,499,41958,11,3室2厅1厨2卫,['低楼层/共6层'],北,['平层/简装'],118.93,1999,太微花园,湖里,金尚,1,一梯两户,2021/12/7,2001/2/15,平层,简装,1,6,1,2
2205,2205,温莎公馆15年次新房 精装大三房 可拎包入住 全明格局,https://xm.lianjia.com/ershoufang/105114855526.html,670,55922,0,3室2厅1厨2卫,['中楼层/共33层'],南,['平层/精装'],119.81,2015,温莎公馆,湖里,金尚,1,两梯三户,2023/9/20,2016/8/11,平层,精装,2,33,2,3
2207,2207,阳光城高层两房，采光通风，高层看海，自住装，诚售！,https://xm.lianjia.com/ershoufang/105115014675.html,195,26175,0,2室2厅1厨1卫,['高楼层/共33层'],西南,['平层/精装'],74.5,2015,阳光城翡丽湾二期,翔安,翔安新城,1,两梯六户,2023/10/10,2016/9/7,平层,精装,3,33,2,6
2208,2208,世茂D区德式园林  南北通透  户型佳  视野开阔,https://xm.lianjia.com/ershoufang/105109557956.html,1258,75195,0,4室2厅1厨2卫,['高楼层/共33层'],南,['平层/毛坯'],167.3,2014,世茂湖滨首府D区,湖里,湖边水库,1,两梯三户,2021/12/27,2016/9/2,平层,毛坯,3,33,2,3
2209,2209,欣家园单身公寓装修清爽，可拎包入住。,https://xm.lianjia.com/ershoufang/105108925045.html,118,42249,0,1室1厅1厨1卫,['中楼层/共7层'],北,['平层/精装'],27.93,2004,欣家园,湖里,殿前,0,零梯零户,2021/10/5,2011/6/13,平层,精装,2,7,0,0
2210,2210,省优延奎，近地铁，南北，双阳台，生活配套齐全,https://xm.lianjia.com/ershoufang/105110276256.html,250,29523,4,3室1厅1厨1卫,['低楼层/共6层'],南,['平层/简装'],84.68,2004,长欣花园,海沧,海沧生活区,0,零梯零户,2022/4/13,2005/4/15,平层,简装,1,6,0,0
2211,2211,这套房子动静分离，房间，厨房多很大。,https://xm.lianjia.com/ershoufang/105112183345.html,550,66059,2,2室1厅1厨1卫,['低楼层/共16层'],南,['平层/精装'],83.26,2010,鑫龙大厦,思明,七星路,1,两梯七户,2022/12/2,2013/8/12,平层,精装,1,16,2,7
2212,2212,祥店新村 7室2厅 南 北,https://xm.lianjia.com/ershoufang/105114628162.html,680,37707,0,7室2厅1厨5卫,['高楼层/共7层'],南,['平层/精装'],180.34,2005,祥店新村,湖里,祥店,0,零梯零户,2023/8/26,2020/7/15,平层,精装,3,7,0,0
2213,2213,此房产权清晰，位置安静，小区自带泳池，看海三房朝南,https://xm.lianjia.com/ershoufang/105114058662.html,298,32252,1,3室1厅1厨1卫,['低楼层/共33层'],东南,['平层/精装'],92.4,2015,海上五月花五期,同安,集美其它,1,两梯四户,2023/6/23,2018/8/17,平层,精装,1,33,2,4
2214,2214,翔安隧道口  一站进岛   南北通透  高层看全海景,https://xm.lianjia.com/ershoufang/105114953704.html,276,31258,1,3室1厅1厨1卫,['高楼层/共33层'],东南,['平层/精装'],88.3,2014,阳光城翡丽湾一期,翔安,翔安新城,1,两梯六户,2023/10/3,2016/9/27,平层,精装,3,33,2,6
2215,2215,乌石浦地铁口 封闭式小区 无贷款 产权在手,https://xm.lianjia.com/ershoufang/105113623950.html,219,58354,0,1室0厅1厨1卫,['高楼层/共23层'],西,['平层/精装'],37.53,2004,龙门天下,湖里,江头,1,两梯二十户,2023/5/10,2007/10/26,平层,精装,3,23,2,20
2217,2217,玉泉花园 3室1厅 东 南 北,https://xm.lianjia.com/ershoufang/105116670690.html,580,37894,0,3室1厅1厨2卫,['高楼层/共9层'],东,['平层/简装'],153.06,1995,玉泉花园,湖里,保税区,1,一梯三户,2024/4/13,2017/6/29,平层,简装,3,9,1,3
2220,2220,新景龙郡  精装大3房 东边套,https://xm.lianjia.com/ershoufang/105114886845.html,750,61511,0,3室2厅1厨2卫,['高楼层/共24层'],南,['平层/精装'],121.93,2016,新景龙郡,湖里,枋湖,1,两梯四户,2023/9/23,2020/9/24,平层,精装,3,24,2,4
2221,2221,前埔  瑞景  电梯三房，南北向，居住舒服，安静不吵闹,https://xm.lianjia.com/ershoufang/105112085876.html,635,52772,3,3室2厅1厨2卫,['低楼层/共11层'],南,['平层/精装'],120.33,2002,华林绿景花园,思明,瑞景,1,一梯两户,2022/11/20,2019/4/3,平层,精装,1,11,1,2
2222,2222,彩虹花园三房两厅两卫明厨明卫户型方正,https://xm.lianjia.com/ershoufang/105114129593.html,463,29800,1,3室1厅1厨2卫,['中楼层/共8层'],北,['平层/简装'],155.37,1999,永升彩虹花园,湖里,金尚,0,零梯零户,2023/7/1,2021/2/1,平层,简装,2,8,0,0
2223,2223,吕厝双地铁口，大四房格局好，配套全二胎好选择,https://xm.lianjia.com/ershoufang/105110900322.html,698,39065,0,3室2厅1厨2卫,['中楼层/共16层'],东南,['平层/简装'],178.68,2004,豪峰大厦,湖里,江头,1,两梯八户,2022/7/3,2020/9/8,平层,简装,2,16,2,8
2224,2224,文灶地铁口钨业宿舍96年小区西南北三面采光 好改造,https://xm.lianjia.com/ershoufang/105114765302.html,308,52089,0,1室1厅1厨1卫,['中楼层/共8层'],南,['平层/简装'],59.13,-1,钨业宿舍,思明,文灶,0,零梯零户,2023/9/10,1999/9/9,平层,简装,2,8,0,0
2225,2225,南北通双阳台，免个税大2房急卖，价格可谈，户型方正,https://xm.lianjia.com/ershoufang/105114909139.html,190,23104,0,2室1厅1厨1卫,['高楼层/共6层'],东南,['平层/精装'],82.24,2002,金龙商城一期,海沧,海沧生活区,0,零梯零户,2023/9/26,2003/9/15,平层,精装,3,6,0,0
2226,2226,正规楼中楼，南北通，采光很好，价格可谈,https://xm.lianjia.com/ershoufang/105110250690.html,335,16990,12,4室3厅1厨2卫,['高楼层/共7层'],南,['跃层/简装'],197.18,1998,信发楼,海沧,海沧生活区,0,零梯零户,2022/4/10,2005/11/4,跃层,简装,3,7,0,0
2227,2227,集美桥头嘉庚旁 花园小区禹洲正规三房两卫 大客厅,https://xm.lianjia.com/ershoufang/105114402220.html,266,22773,1,3室2厅1厨2卫,['高楼层/共35层'],南,['平层/精装'],116.81,2012,禹洲大学城,同安,集美其它,1,三梯六户,2023/8/2,2019/7/15,平层,精装,3,35,3,6
2228,2228,世茂璀璨天城二期 3室1厅 东南,https://xm.lianjia.com/ershoufang/105111307304.html,449,42335,1,3室1厅1厨2卫,['低楼层/共33层'],东南,['精装'],106.06,2019,世茂璀璨天城二期,集美,集美新城,1,两梯八户,2022/8/22,2020/8/29,精装,,1,33,2,8
2229,2229,公摊小，中间楼层，主卧朝南带阳台，江头公园,https://xm.lianjia.com/ershoufang/105115842021.html,368,49899,0,2室1厅1厨1卫,['中楼层/共7层'],南,['平层/精装'],73.75,1994,华成花园,湖里,江头,0,零梯零户,2024/1/11,2017/12/1,平层,精装,2,7,0,0
2230,2230,万达商圈精装三房，拎包入住，随时可看可交易,https://xm.lianjia.com/ershoufang/105114887334.html,388,53837,0,3室1厅1厨1卫,['低楼层/共31层'],南,['平层/精装'],72.07,2009,湖边花园A区,湖里,万达广场,1,两梯六户,2023/9/23,2015/2/10,平层,精装,1,31,2,6
2231,2231,瑞景苑 2室1厅 北,https://xm.lianjia.com/ershoufang/105115703145.html,235,74297,0,2室1厅1厨1卫,['中楼层/共15层'],北,['平层/简装'],31.63,2008,瑞景苑,思明,瑞景,1,两梯二十五户,2023/12/26,2018/7/26,平层,简装,2,15,2,25
2232,2232,海沧双地铁口海景三房 南北通透楼层好【对望双子塔】,https://xm.lianjia.com/ershoufang/105114560112.html,315,25995,6,3室2厅1厨2卫,['中楼层/共18层'],南,['平层/精装'],121.18,2007,广场湖畔花园,海沧,海沧外国语片区,1,一梯两户,2023/8/19,2016/8/17,平层,精装,2,18,1,2
2233,2233,天源满5年就一套，看小区中庭绿化水秀,https://xm.lianjia.com/ershoufang/105115940905.html,350,37018,0,2室2厅1厨1卫,['低楼层/共29层'],南,['平层/精装'],94.55,2016,海投天源,海沧,海沧体育中心,1,两梯三户,2024/1/24,2017/6/12,平层,精装,1,29,2,3
2234,2234,枋湖凯悦新城  精装小两房   满五省个税,https://xm.lianjia.com/ershoufang/105112209776.html,298,60991,0,2室1厅1厨1卫,['中楼层/共13层'],北,['平层/精装'],48.86,2013,凯悦新城,湖里,枋湖,1,两梯八户,2022/12/6,2022/12/9,平层,精装,2,13,2,8
2235,2235,北附电梯一房一厅 业主精心设计拎包住 高层视野 有锁,https://xm.lianjia.com/ershoufang/105114228528.html,128,36582,0,1室1厅1厨1卫,['高楼层/共18层'],北,['平层/精装'],34.99,2005,未来橙堡,海沧,海沧体育中心,1,两梯六户,2023/7/12,2020/4/23,平层,精装,3,18,2,6
2236,2236,此房满五年，楼中楼，位置安静，使用面积大,https://xm.lianjia.com/ershoufang/105111763264.html,1450,58126,1,5室2厅1厨2卫,['高楼层/共12层'],南,['复式/精装'],249.46,2011,东晖广场,湖里,枋湖,1,一梯两户,2022/10/14,2016/2/22,复式,精装,3,12,1,2
2237,2237,禾丰新景，莲花，电梯高层，厅带阳台朝南，采光好,https://xm.lianjia.com/ershoufang/105114410757.html,550,78449,0,2室1厅1厨1卫,['高楼层/共18层'],南,['平层/精装'],70.11,2017,禾丰新景,思明,莲花,1,两梯四户,2023/8/3,2017/10/23,平层,精装,3,18,2,4
2238,2238,产权满五  户型方正  朝南看海  视野开阔,https://xm.lianjia.com/ershoufang/105111756692.html,451,39796,0,3室2厅1厨1卫,['高楼层/共33层'],南,['平层/精装'],113.33,2009,国贸商城集悦,集美,集美其它,1,两梯三户,2022/10/13,2017/5/27,平层,精装,3,33,2,3
2239,2239,维多利亚，园林社区 带泳池 双拾教育,https://xm.lianjia.com/ershoufang/105114879603.html,380,42354,0,2室1厅1厨1卫,['低楼层/共30层'],南,['平层/简装'],89.72,2011,海晟维多利亚,海沧,滨海社区,1,两梯四户,2023/9/22,2023/8/16,平层,简装,1,30,2,4
2240,2240,室内另有大阁楼间独立使用，电梯房，视野宽阔,https://xm.lianjia.com/ershoufang/105114235153.html,408,45771,0,2室2厅1厨1卫,['高楼层/共7层'],南,['平层/简装'],89.14,1999,芙蓉苑二期,湖里,湖里大道,0,零梯零户,2023/7/13,2000/9/26,平层,简装,3,7,0,0
2241,2241,产权清晰，南北朝向，业主诚意出售。,https://xm.lianjia.com/ershoufang/105112986112.html,490,40287,0,3室2厅1厨2卫,['低楼层/共11层'],南,['平层/简装'],121.63,2004,翔鹭花城三期,湖里,殿前,1,一梯两户,2023/3/12,2020/10/24,平层,简装,1,11,1,2
2242,2242,嘉禾路靠SM鑫景地朝东小户型 地铁口 出行便利,https://xm.lianjia.com/ershoufang/105114968525.html,87,24879,3,1室1厅1厨1卫,['中楼层/共10层'],东,['平层/精装'],34.97,2007,鑫新景地大厦,湖里,江头,1,三梯四十三户,2023/10/5,2021/4/19,平层,精装,2,10,3,43
2243,2243,曾营大三房  高楼层   视线好,https://xm.lianjia.com/ershoufang/105112369130.html,285,20644,0,3室2厅1厨2卫,['高楼层/共11层'],南,['平层/简装'],138.06,-1,兴阁里小区,集美,杏东,1,一梯两户,2023/1/2,2012/1/19,平层,简装,3,11,1,2
2244,2244,集美新城，华润品质，满五没有抵押，高层视野开阔,https://xm.lianjia.com/ershoufang/105111553922.html,319,36189,1,3室2厅1厨1卫,['高楼层/共34层'],南,['平层/精装'],88.15,2015,橡树湾三期,集美,杏北,1,两梯两户,2022/9/19,2017/10/1,平层,精装,3,34,2,2
2245,2245,融信二次装修两个卫生 领包省心,https://xm.lianjia.com/ershoufang/105115161678.html,90,23113,1,2室1厅1厨2卫,['高楼层/共26层'],西,['跃层/精装'],38.94,2016,融信海上城,海沧,滨海社区,1,六梯三十六户,2023/10/26,2021/10/26,跃层,精装,3,26,6,36
2246,2246,可以随便买，文灶地铁和BRT旁,https://xm.lianjia.com/ershoufang/105110595221.html,113,28637,2,1室0厅0厨1卫,['高楼层/共14层'],东,['平层/简装'],39.46,1999,银龙广场二期,思明,火车站,1,一梯十七户,2022/5/25,2005/11/24,平层,简装,3,14,1,17
2247,2247,高层海景四房西边套四房三卫低公摊,https://xm.lianjia.com/ershoufang/105112189500.html,350,26814,0,4室2厅1厨2卫,['中楼层/共25层'],南,['平层/毛坯'],130.53,2018,恒亿尚品湾3/4期,同安,环东海域,1,两梯三户,2022/12/3,2021/5/6,平层,毛坯,2,25,2,3
2248,2248,西雅图，朝南大两房，诚意出售 看房方便,https://xm.lianjia.com/ershoufang/105113473673.html,275,27347,1,2室2厅1厨1卫,['低楼层/共30层'],南,['平层/精装'],100.56,2017,西雅图,海沧,海沧外国语片区,1,三梯四户,2023/4/24,2018/11/30,平层,精装,1,30,3,4
2249,2249,产权满五 边套通透户型 三面采光 一线海景,https://xm.lianjia.com/ershoufang/105111627216.html,320,35461,2,2室2厅1厨2卫,['低楼层/共20层'],东南,['平层/简装'],90.24,2010,古龙御景一期北区,集美,集美其它,1,两梯三户,2022/9/27,2016/8/28,平层,简装,1,20,2,3
2250,2250,桥头 禹洲大学城 格局方正 中间楼层 看房随时方便房子,https://xm.lianjia.com/ershoufang/105115550805.html,228,18481,0,4室2厅1厨2卫,['中楼层/共34层'],南,['错层/简装'],123.37,2012,禹洲大学城,同安,集美其它,1,三梯六户,2023/12/8,2013/1/10,错层,简装,2,34,3,6
2251,2251,翔安隧道口，近地铁交通便利，中楼层看一线海景,https://xm.lianjia.com/ershoufang/105115253710.html,260,27123,0,2室1厅1厨1卫,['中楼层/共31层'],东南,['平层/精装'],95.86,2015,阳光城翡丽湾二期,翔安,翔安新城,1,两梯六户,2023/11/5,2021/8/27,平层,精装,2,31,2,6
2252,2252,美地雅登祥吴二里 2室2厅 南 北 西,https://xm.lianjia.com/ershoufang/105115755934.html,189,22119,0,2室2厅1厨1卫,['中楼层/共18层'],南,['平层/精装'],85.45,2009,美地雅登祥吴二里,翔安,新店,1,两梯三户,2024/1/2,2020/4/13,平层,精装,2,18,2,3
2253,2253,华林金盛花园电梯温馨两房业主诚意出售看房子方便,https://xm.lianjia.com/ershoufang/105109558701.html,308,54991,3,2室1厅1厨1卫,['低楼层/共11层'],东,['平层/简装'],56.01,2005,华林金盛花园,湖里,金尚,1,一梯三户,2021/12/27,2004/10/27,平层,简装,1,11,1,3
2254,2254,联发品质 封闭式管理小区  视野佳  泳池,https://xm.lianjia.com/ershoufang/105110895361.html,808,56288,3,3室1厅1厨2卫,['中楼层/共17层'],南,['平层/精装'],143.55,2005,联发新天地,湖里,祥店,1,两梯四户,2022/7/2,2020/6/24,平层,精装,2,17,2,4
2255,2255,地铁口交通方便，电梯房，满五*一免个税,https://xm.lianjia.com/ershoufang/105111314335.html,245,28740,1,3室2厅1厨1卫,['低楼层/共32层'],西,['平层/简装'],85.25,2013,海银大厦,海沧,海沧生活区,1,三梯十一户,2022/8/23,2017/7/17,平层,简装,1,32,3,11
2256,2256,地铁口朝南精装公寓，无贷款，楼下图书城，学习近,https://xm.lianjia.com/ershoufang/105115308244.html,260,58493,0,1室1厅1厨1卫,['中楼层/共31层'],南,['平层/精装'],44.45,2005,国际文化大厦,思明,莲坂,1,两梯十八户,2023/11/11,2012/12/19,平层,精装,2,31,2,18
2257,2257,地铁口精装公寓，即买即住，高层视野宽广。,https://xm.lianjia.com/ershoufang/105114741378.html,303,59634,0,2室1厅1厨1卫,['高楼层/共31层'],北,['平层/精装'],50.81,2007,国际文化大厦,思明,莲坂,1,两梯十八户,2023/9/7,2019/5/28,平层,精装,3,31,2,18
2258,2258,莲坂地铁口 精品公寓 精装空户无贷,https://xm.lianjia.com/ershoufang/105114053520.html,316,58802,1,1室1厅1厨1卫,['中楼层/共31层'],南,['平层/精装'],53.74,2005,国际文化大厦,思明,莲坂,1,两梯十八户,2023/6/23,2009/7/8,平层,精装,2,31,2,18
2259,2259,地铁口，诚意卖！高层视野开阔，精装，,https://xm.lianjia.com/ershoufang/105114261435.html,317,31396,1,2室2厅1厨1卫,['高楼层/共45层'],东南,['平层/精装'],100.97,2017,西雅图,海沧,海沧外国语片区,1,三梯四户,2023/7/16,2018/9/4,平层,精装,3,45,3,4
2260,2260,高层电梯大两房，视野采光好，无遮挡，地段好,https://xm.lianjia.com/ershoufang/105114392451.html,490,53511,0,2室1厅1厨1卫,['高楼层/共21层'],东南,['平层/简装'],91.57,2005,富兴大厦,思明,火车站,0,零梯零户,2023/8/1,2004/11/5,平层,简装,3,21,0,0
2261,2261,马銮湾 地铁口 龙湖春江彼岸 精装3房近教育小区环境好,https://xm.lianjia.com/ershoufang/105113398907.html,280,31617,0,3室2厅1厨1卫,['中楼层/共31层'],南,['平层/精装'],88.56,2018,首开龙湖春江彼岸三期,海沧,马銮湾中心片区,1,三梯六户,2023/4/17,2021/3/25,平层,精装,2,31,3,6
2262,2262,旭日海湾三期电梯一房，带大阳台。,https://xm.lianjia.com/ershoufang/105115058499.html,135,53743,0,1室1厅1厨1卫,['高楼层/共10层'],西南,['平层/简装'],25.12,2003,旭日海湾三期,海沧,滨海社区,1,一梯七户,2023/10/15,2020/12/22,平层,简装,3,10,1,7
2263,2263,美地雅登一里 2室2厅 南 北,https://xm.lianjia.com/ershoufang/105115057279.html,151,20253,0,2室2厅1厨1卫,['高楼层/共18层'],南,['平层/精装'],74.56,2009,美地雅登一里,翔安,新店,1,两梯四户,2023/10/14,2018/11/9,平层,精装,3,18,2,4
2264,2264,莲花新城大户型，朝东面湖，两梯两户，总高18楼,https://xm.lianjia.com/ershoufang/105109198148.html,670,35956,19,4室2厅1厨2卫,['低楼层/共18层'],东,['平层/毛坯'],186.34,2015,莲花新城二期,集美,集美新城,1,两梯两户,2021/11/7,2013/10/3,平层,毛坯,1,18,2,2
2265,2265,环东海域精装四房，业主诚心出售，看房方便有锁匙,https://xm.lianjia.com/ershoufang/105113316957.html,230,23902,0,4室2厅1厨2卫,['中楼层/共18层'],南,['错层/精装'],96.23,2012,禹洲大学城,同安,集美其它,1,两梯四户,2023/4/10,2023/4/19,错层,精装,2,18,2,4
2266,2266,一梯两户，南北通透，户型方正，采光佳，价格低,https://xm.lianjia.com/ershoufang/105115729510.html,388,49239,0,2室2厅1厨1卫,['高楼层/共6层'],南,['平层/简装'],78.8,2000,前埔北区一里,思明,前埔,0,零梯零户,2023/12/29,2018/5/16,平层,简装,3,6,0,0
2267,2267,电梯房，小区环境好，采光好，明厨明卫,https://xm.lianjia.com/ershoufang/105103580299.html,385,31630,15,3室2厅2厨2卫,['低楼层/共30层'],西南,['平层/简装'],121.72,2014,禹洲中央海岸二期,集美,杏林桥头,1,三梯六户,2019/12/20,2016/3/2,平层,简装,1,30,3,6
2268,2268,集美沿湖低公摊多阳台通透奢阔大四房,https://xm.lianjia.com/ershoufang/105114836956.html,700,48928,0,4室2厅1厨2卫,['中楼层/共8层'],南,['平层/毛坯'],143.07,2017,IOI棕榈城,集美,集美新城,1,两梯两户,2023/9/18,2019/3/12,平层,毛坯,2,8,2,2
2269,2269,福津大街正规大两房，产权清晰，随时可签,https://xm.lianjia.com/ershoufang/105113684336.html,336,41828,2,2室1厅1厨1卫,['高楼层/共9层'],北,['平层/简装'],80.33,2002,福津大街（凤屿路450-468号）,思明,槟榔,0,零梯零户,2023/5/15,2004/5/8,平层,简装,3,9,0,0
2270,2270,银龙广场二期  电梯高层  南北大三房,https://xm.lianjia.com/ershoufang/105115347710.html,780,55461,0,3室2厅1厨2卫,['中楼层/共19层'],南,['平层/简装'],140.64,2001,银龙广场二期,思明,火车站,1,一梯两户,2023/11/16,1997/7/1,平层,简装,2,19,1,2
2271,2271,集美新城  龙湖春江郦城   精装大三房  采光好,https://xm.lianjia.com/ershoufang/105111605084.html,380,39131,0,3室2厅1厨2卫,['低楼层/共33层'],东南,['跃层/精装'],97.11,-1,龙湖春江郦城二期,集美,杏北,1,两梯六户,2022/9/24,2018/9/25,跃层,精装,1,33,2,6
2272,2272,莲岳里小区东区 3室2厅 南 北,https://xm.lianjia.com/ershoufang/105114236494.html,526,59814,0,3室2厅1厨1卫,['高楼层/共7层'],南,['平层/简装'],87.94,1995,莲岳里小区东区,思明,松柏,0,零梯零户,2023/7/13,2004/10/14,平层,简装,3,7,0,0
2273,2273,生活区电梯两房精装修拎包入住 地铁口,https://xm.lianjia.com/ershoufang/105115592527.html,270,32170,1,2室2厅1厨1卫,['高楼层/共32层'],南,['平层/精装'],83.93,2013,海银大厦,海沧,海沧生活区,1,三梯十户,2023/12/12,2013/10/12,平层,精装,3,32,3,10
2274,2274,此房满五年，户型通透，采光好，配套设施齐全,https://xm.lianjia.com/ershoufang/105115173338.html,380,28414,0,3室2厅1厨2卫,['高楼层/共7层'],南,['跃层/精装'],133.74,-1,鑫荣苑,海沧,海沧生活区,0,零梯零户,2023/10/27,2004/6/29,跃层,精装,3,7,0,0
2275,2275,松柏  全明中层  大3房  南北双阳台  自住装修,https://xm.lianjia.com/ershoufang/105115158518.html,505,50279,6,3室1厅1厨1卫,['中楼层/共7层'],南,['平层/简装'],100.44,1998,阳光花园,思明,松柏,0,零梯零户,2023/10/26,2010/6/13,平层,简装,2,7,0,0
2276,2276,瑞景公园旁，云顶 大四房，业主 诚意 出售！,https://xm.lianjia.com/ershoufang/105110192330.html,1690,53706,3,4室3厅2厨4卫,['中楼层/共26层'],东南,['平层/精装'],314.68,2011,云顶至尊,思明,瑞景,1,两梯两户,2022/4/2,2011/6/10,平层,精装,2,26,2,2
2277,2277,瑞景新村 精致  跃层 楼中楼  业主诚意出售！,https://xm.lianjia.com/ershoufang/105114019370.html,720,58580,1,3室2厅1厨2卫,['中楼层/共7层'],南,['跃层/精装'],122.91,1998,瑞景新村鸣凤苑,思明,瑞景,0,零梯零户,2023/6/18,2022/2/21,跃层,精装,2,7,0,0
2278,2278,瑞景新村南北通透好房，业主诚意出售。,https://xm.lianjia.com/ershoufang/105110777136.html,615,63116,2,3室2厅1厨2卫,['中楼层/共6层'],东南,['简装'],97.44,1998,瑞景新村蟠龙苑,思明,瑞景,0,零梯零户,2022/6/18,2005/1/12,简装,,2,6,0,0
2279,2279,福满园 3室2厅 南,https://xm.lianjia.com/ershoufang/105115053972.html,508,53017,0,3室2厅1厨1卫,['高楼层/共6层'],南,['平层/精装'],95.82,2006,福满园,湖里,祥店,0,零梯零户,2023/10/14,2017/5/12,平层,精装,3,6,0,0
2280,2280,万象城  禾祥东 封闭小区 精装通透四房,https://xm.lianjia.com/ershoufang/105112819768.html,860,53523,0,4室3厅1厨3卫,['中楼层/共6层'],东,['跃层/简装'],160.68,2000,龙祥花园,思明,火车站,0,零梯零户,2023/2/27,2003/3/14,跃层,简装,2,6,0,0
2281,2281,精装2房 领包入住 ...................,https://xm.lianjia.com/ershoufang/105109931104.html,205,26283,6,2室1厅1厨1卫,['低楼层/共9层'],南,['平层/精装'],78,2014,万科城一期,海沧,马銮湾东,1,一梯四户,2022/3/1,2016/7/7,平层,精装,1,9,1,4
2282,2282,文灶  02年花园小区  南北通透 三房两卫,https://xm.lianjia.com/ershoufang/105111797593.html,720,66147,2,3室2厅1厨2卫,['低楼层/共6层'],南,['平层/简装'],108.85,2000,文图花园,思明,文园路,0,零梯零户,2022/10/18,2022/10/5,平层,简装,1,6,0,0
2283,2283,此房满2年 南北通透 采光充足 视野开阔 沿海前排,https://xm.lianjia.com/ershoufang/105111907641.html,1680,104745,0,4室2厅1厨3卫,['中楼层/共17层'],南,['复式/精装'],160.39,2010,源昌鑫海湾,湖里,五缘湾,1,一梯两户,2022/10/30,2019/10/16,复式,精装,2,17,1,2
2284,2284,客厅带阳台朝南，精装修两房，房间格局方正，光线好。,https://xm.lianjia.com/ershoufang/105112594838.html,190,23202,0,2室2厅1厨1卫,['高楼层/共30层'],南,['平层/简装'],81.89,2014,首开领翔国际,翔安,新店,1,两梯四户,2023/2/9,2017/2/10,平层,简装,3,30,2,4
2285,2285,瑞景墩仔家园 高层朝南大两房 全明格局,https://xm.lianjia.com/ershoufang/105112750473.html,502,55372,0,3室2厅1厨1卫,['高楼层/共31层'],南,['平层/精装'],90.66,2010,墩仔家园,思明,金鸡亭,1,两梯六户,2023/2/21,2014/8/19,平层,精装,3,31,2,6
2286,2286,标准2方 通透户型 近地铁 交通方便,https://xm.lianjia.com/ershoufang/105116639131.html,239,29279,0,2室1厅1厨1卫,['低楼层/共56层'],东南,['平层/毛坯'],81.63,2018,厦门院子泰禾首玺B区,海沧,马銮湾中心片区,1,三梯四户,2024/4/10,2024/4/10,平层,毛坯,1,56,3,4
2287,2287,3+1房 东南北三面采光 装修200万元 看景观,https://xm.lianjia.com/ershoufang/105112198254.html,1788,96383,4,3室2厅1厨2卫,['高楼层/共34层'],南,['平层/精装'],185.51,2012,国贸天琴湾一期,湖里,五缘湾,1,两梯两户,2022/12/4,2019/4/1,平层,精装,3,34,2,2
2288,2288,莲坂高层电梯房 正规小三房 视野佳 采光充足 交通便利,https://xm.lianjia.com/ershoufang/105110431540.html,520,49066,2,3室2厅1厨2卫,['中楼层/共34层'],南,['平层/精装'],105.98,-1,莲富大厦,思明,火车站,1,三梯八户,2022/5/2,2013/12/13,平层,精装,2,34,3,8
2289,2289,海沧未来海岸蓝月湾二期，北附社区旁,https://xm.lianjia.com/ershoufang/105110211384.html,386,30147,2,3室2厅1厨2卫,['高楼层/共31层'],东,['平层/简装'],128.04,2008,未来海岸蓝月湾二期,海沧,未来海岸北师大,1,两梯四户,2022/4/6,2022/4/8,平层,简装,3,31,2,4
2290,2290,精品小一房！高层采光好！无遮挡，小区中庭位置。,https://xm.lianjia.com/ershoufang/105107311986.html,520,103586,31,1室1厅1厨1卫,['中楼层/共21层'],南,['平层/精装'],50.2,2014,国贸润园,湖里,五缘湾,1,两梯四户,2021/5/13,2021/5/15,平层,精装,2,21,2,4
2291,2291,鼓浪屿带小花园别墅，独门独栋，目前经营民宿,https://xm.lianjia.com/ershoufang/105107907285.html,1240,84979,26,9室1厅1厨9卫,['低楼层/共2层'],东,['平层/精装'],145.92,1949,鼓浪屿别墅,思明,鼓浪屿,0,零梯零户,2021/7/9,2017/7/14,平层,精装,1,2,0,0
2292,2292,马青路地铁口 建行公交车站 电梯大单间  采光好,https://xm.lianjia.com/ershoufang/105113957535.html,95,23251,0,1室0厅1厨1卫,['高楼层/共12层'],北,['平层/简装'],40.86,2000,海沧娱乐城,海沧,海沧生活区,1,两梯三十六户,2023/6/11,2015/5/25,平层,简装,3,12,2,36
2293,2293,此房满五年，自住精装一房稳定出售,https://xm.lianjia.com/ershoufang/105113318981.html,320,69793,0,1室1厅1厨1卫,['低楼层/共17层'],北,['平层/精装'],45.85,2007,米兰春天,思明,七星路,1,两梯十户,2023/4/10,2017/3/10,平层,精装,1,17,2,10
2294,2294,源昌鑫海湾 大5房3卫格局 毛坯可挑空可倒板,https://xm.lianjia.com/ershoufang/105108789042.html,1560,97306,3,5室2厅1厨3卫,['低楼层/共17层'],南,['跃层/简装'],160.32,2010,源昌鑫海湾,湖里,五缘湾,1,一梯两户,2021/9/18,2014/7/7,跃层,简装,1,17,1,2
2295,2295,新景华府二期  南  北   3面采光,https://xm.lianjia.com/ershoufang/105108376671.html,745,54571,3,3室1厅1厨2卫,['低楼层/共28层'],南,['平层/简装'],136.52,2017,新景七星府邸,湖里,金尚,1,两梯四户,2021/8/13,2018/8/12,平层,简装,1,28,2,4
2296,2296,莲花电梯高层两房！东南向！精装修！小区中庭位置！,https://xm.lianjia.com/ershoufang/105112970166.html,379,64743,1,2室1厅1厨1卫,['高楼层/共10层'],东南,['平层/精装'],58.54,2000,天伦花园,思明,莲花,1,一梯十户,2023/3/11,2021/5/4,平层,精装,3,10,1,10
2297,2297,九竹巷  安静社区 地铁口 两房,https://xm.lianjia.com/ershoufang/105113475613.html,410,59968,0,2室1厅1厨1卫,['高楼层/共7层'],西南,['平层/精装'],68.37,1986,九竹巷,思明,实验小学及周边,0,零梯零户,2023/4/24,2021/5/19,平层,精装,3,7,0,0
2298,2298,特房品质大俩房，户型方正，二次装修,https://xm.lianjia.com/ershoufang/105109861072.html,230,26860,0,2室2厅1厨1卫,['低楼层/共23层'],南,['平层/精装'],85.63,2018,特房银溪墅府图尔花园,翔安,环东海域,1,两梯四户,2022/2/22,2019/3/18,平层,精装,1,23,2,4
2299,2299,鸟语花香看日出月升！ 生活从此与众不同！满五,https://xm.lianjia.com/ershoufang/105108426050.html,1458,92425,8,3室2厅1厨2卫,['低楼层/共35层'],南,['平层/精装'],157.75,2013,国贸天琴湾二期,湖里,五缘湾,1,两梯两户,2021/8/17,2016/12/12,平层,精装,1,35,2,2
2300,2300,阳光城精装三房，高层看海，自住精装，家具家电齐全,https://xm.lianjia.com/ershoufang/105105059975.html,262,30258,36,3室2厅1厨1卫,['中楼层/共33层'],东南,['平层/精装'],86.59,2015,阳光城翡丽湾二期,翔安,翔安新城,1,两梯六户,2020/8/11,2016/7/29,平层,精装,2,33,2,6
2301,2301,思明南路、铁路公园小套一房一厅居住,https://xm.lianjia.com/ershoufang/105108997959.html,260,73426,19,1室1厅1厨1卫,['高楼层/共7层'],南,['平层/简装'],35.41,1983,思明南路,思明,厦大,0,零梯零户,2021/10/13,2019/3/8,平层,简装,3,7,0,0
2302,2302,枋湖满五省1.5%个税 南北通透双阳台,https://xm.lianjia.com/ershoufang/105108666677.html,660,52949,17,3室2厅1厨2卫,['中楼层/共14层'],南,['平层/精装'],124.65,2010,新港龙世家幸福密码,湖里,枋湖,1,一梯两户,2021/9/6,2011/4/20,平层,精装,2,14,1,2
2303,2303,业主自住壕装，标准三房，看房方便，拎包入住，配套全,https://xm.lianjia.com/ershoufang/105113110149.html,299,31192,0,3室2厅1厨1卫,['低楼层/共59层'],南,['平层/精装'],95.86,2018,厦门院子泰禾首玺B区,海沧,马銮湾中心片区,1,两梯四户,2023/3/23,2020/7/22,平层,精装,1,59,2,4
2304,2304,电梯高层 正规2房 视野开阔 莲花,https://xm.lianjia.com/ershoufang/105113012256.html,510,63758,0,2室1厅1厨1卫,['高楼层/共14层'],南,['平层/精装'],79.99,2008,龙山二期安置房,思明,莲花,1,一梯三户,2023/3/14,2020/12/10,平层,精装,3,14,1,3
2305,2305,国贸天悦边套 108平 3房 地铁口  470万,https://xm.lianjia.com/ershoufang/105113252009.html,438,40451,0,3室1厅1厨1卫,['高楼层/共32层'],南,['平层/精装'],108.28,2020,国贸天悦,集美,杏北,1,两梯三户,2023/4/4,2022/8/11,平层,精装,3,32,2,3
2306,2306,集美新城 园博一号 湖海景房 地铁口园博苑 温泉入户,https://xm.lianjia.com/ershoufang/105113135550.html,453,38219,2,2室1厅1厨1卫,['低楼层/共32层'],南,['平层/简装'],118.53,2014,园博1号一期,集美,杏锦路,1,两梯三户,2023/3/25,2016/1/7,平层,简装,1,32,2,3
2307,2307,使用面积大，五缘湾旁 坐拥3大商场，家住五缘公园旁边,https://xm.lianjia.com/ershoufang/105110626492.html,200,31521,2,2室1厅1厨2卫,['高楼层/共20层'],西,['复式/精装'],63.45,2015,建发中央湾区soho,湖里,五缘湾,1,四梯三十一户,2022/5/29,2017/4/1,复式,精装,3,20,4,31
2308,2308,火车站 东浦路  2房三面采光全明户型楼层好，,https://xm.lianjia.com/ershoufang/105111691557.html,400,52618,1,2室2厅1厨1卫,['中楼层/共6层'],东,['平层/简装'],76.02,2005,广景花园,思明,火车站,0,零梯零户,2022/10/6,2007/4/10,平层,简装,2,6,0,0
2309,2309,永升新城一期，2000年小区 ，大三房，三面采光,https://xm.lianjia.com/ershoufang/105111772763.html,467,36982,3,3室2厅1厨2卫,['中楼层/共6层'],南,['平层/简装'],126.28,1999,永升新城,湖里,湖里大道,0,零梯零户,2022/10/15,2002/12/12,平层,简装,2,6,0,0
2310,2310,阳台山路19-25号 2室1厅 南,https://xm.lianjia.com/ershoufang/105116137715.html,405,58586,0,2室1厅1厨1卫,['中楼层/共10层'],南,['平层/简装'],69.13,1996,阳台山路19-25号,思明,文园路,0,零梯零户,2024/2/26,2016/5/20,平层,简装,2,10,0,0
2311,2311,万科城一期 精装3房 户型方正高层采光好 随时看房,https://xm.lianjia.com/ershoufang/105112071488.html,238,26516,2,3室2厅1厨1卫,['中楼层/共42层'],西南,['平层/精装'],89.76,2015,万科城一期,海沧,马銮湾东,1,三梯六户,2022/11/18,2017/9/18,平层,精装,2,42,3,6
2312,2312,火车站，金榜公园旁，双阳台西南，全明户型，诚意出售,https://xm.lianjia.com/ershoufang/105113425352.html,375,48963,0,3室2厅1厨1卫,['高楼层/共7层'],南,['平层/简装'],76.59,1997,站西路,思明,火车站,0,零梯零户,2023/4/20,2023/9/12,平层,简装,3,7,0,0
2313,2313,建发品质 厦门一中旁 精装修 拎包入住,https://xm.lianjia.com/ershoufang/105116686730.html,248,28017,0,3室2厅1厨2卫,['高楼层/共31层'],南,['平层/精装'],88.52,-1,建发文澜和著,海沧,马銮湾中心片区,0,零梯零户,2024/4/14,2023/10/8,平层,精装,3,31,0,0
2314,2314,天伦花园、正规大二房南北、客厅带阳台朝南,https://xm.lianjia.com/ershoufang/105106721074.html,490,54780,23,2室2厅1厨1卫,['低楼层/共7层'],南,['平层/简装'],89.45,2000,天伦花园,思明,莲花,0,零梯零户,2021/3/21,2003/4/14,平层,简装,1,7,0,0
2315,2315,小户型 低总价 电梯房  采光好,https://xm.lianjia.com/ershoufang/105113357858.html,105,32793,0,1室1厅0厨1卫,['中楼层/共32层'],东,['平层/精装'],32.02,2013,海银大厦,海沧,海沧生活区,1,三梯十户,2023/4/14,2020/1/1,平层,精装,2,32,3,10
2316,2316,小区中庭 楼层好 一梯两户 南北通透 全明,https://xm.lianjia.com/ershoufang/105113086186.html,488,51137,1,3室2厅1厨1卫,['中楼层/共6层'],南,['平层/精装'],95.43,1998,龙盛里,思明,莲花,0,零梯零户,2023/3/21,2006/11/17,平层,精装,2,6,0,0
2317,2317,楼梯低层 安静不沿街 中山路商圈,https://xm.lianjia.com/ershoufang/105114935161.html,306,47679,0,2室1厅1厨1卫,['中楼层/共6层'],东,['平层/简装'],64.18,1994,镇邦路,思明,中山路,0,零梯零户,2023/9/30,2006/5/16,平层,简装,2,6,0,0
2318,2318,集美交通枢纽要地 精装小三房诚心出售 价格有空间,https://xm.lianjia.com/ershoufang/105113453572.html,195,20568,1,3室2厅1厨1卫,['高楼层/共49层'],东南,['平层/精装'],94.81,2020,万科广场幸福里,集美,厦门北站商业区,1,三梯五户,2023/4/22,2019/12/23,平层,精装,3,49,3,5
2319,2319,莲花地铁口电梯大三房莲花 南北通透,https://xm.lianjia.com/ershoufang/105107867552.html,746,54681,3,3室2厅2厨2卫,['中楼层/共9层'],南,['平层/简装'],136.43,1999,鑫利花园,思明,莲花,1,一梯两户,2021/7/6,1999/12/7,平层,简装,2,9,1,2
2320,2320,带电梯，视野开阔楼层好，西南北三面采光办公装大四房,https://xm.lianjia.com/ershoufang/105102916306.html,865,55588,5,4室2厅1厨1卫,['高楼层/共26层'],东南,['平层/简装'],155.61,2006,仙岳嘉园,思明,SM,1,三梯十七户,2019/8/25,2007/8/17,平层,简装,3,26,3,17
2321,2321,21年新装80万，看湖看海电梯高层，南北通透可拎包入住,https://xm.lianjia.com/ershoufang/105115683164.html,468,34146,2,3室2厅1厨2卫,['中楼层/共16层'],南,['平层/精装'],137.06,2003,银河花园,海沧,海沧生活区,1,一梯两户,2023/12/24,2007/7/25,平层,精装,2,16,1,2
2322,2322,莲花05年封闭小区，人车分流近公园 南北朝向格局方正,https://xm.lianjia.com/ershoufang/105111112883.html,598,46527,0,3室1厅1厨2卫,['中楼层/共6层'],东南,['平层/精装'],128.53,2006,鸿禧花园,思明,莲花,0,零梯零户,2022/7/30,2016/3/31,平层,精装,2,6,0,0
2323,2323,院子B区3房2厅2卫 近地铁口 中高楼层 朝南 阳光充足,https://xm.lianjia.com/ershoufang/105109600938.html,319.99,29395,20,3室2厅1厨2卫,['中楼层/共50层'],东南,['平层/毛坯'],108.86,2018,厦门院子泰禾首玺B区,海沧,马銮湾中心片区,1,两梯三户,2022/1/3,2016/5/10,平层,毛坯,2,50,2,3
2324,2324,天伦花园 2室1厅 西南,https://xm.lianjia.com/ershoufang/105115334224.html,315,63869,0,2室1厅1厨1卫,['低楼层/共10层'],西南,['平层/精装'],49.32,2000,天伦花园,思明,莲花,1,一梯十户,2023/11/14,2021/1/12,平层,精装,1,10,1,10
2325,2325,满五*，高层三面采光，全明格局,https://xm.lianjia.com/ershoufang/105107494861.html,450,46768,29,2室1厅1厨1卫,['高楼层/共29层'],东南,['平层/精装'],96.22,2006,第二城快乐天地,湖里,祥店,1,两梯六户,2021/6/1,2010/11/5,平层,精装,3,29,2,6
2326,2326,业主诚意出售 温馨两房 采光视野好 。,https://xm.lianjia.com/ershoufang/105115114843.html,238,33569,0,2室1厅1厨1卫,['高楼层/共6层'],南,['平层/简装'],70.9,2002,永乐阁,湖里,殿前,0,零梯零户,2023/10/21,2017/10/26,平层,简装,3,6,0,0
2327,2327,高楼层双阳台精装修3房、东南北全明户型、拎包入住,https://xm.lianjia.com/ershoufang/105115124804.html,1028,64871,0,3室2厅1厨2卫,['中楼层/共38层'],南,['平层/精装'],158.47,2015,源昌君悦山思明,思明,莲前,1,两梯三户,2023/10/22,2017/1/12,平层,精装,2,38,2,3
2328,2328,高层视野开阔，业主诚意出售，价格好谈，，，，，，,https://xm.lianjia.com/ershoufang/105115327908.html,330,26456,0,4室1厅1厨2卫,['中楼层/共42层'],东南,['平层/简装'],124.74,2015,万科城一期,海沧,马銮湾东,1,三梯六户,2023/11/14,2016/2/17,平层,简装,2,42,3,6
2329,2329,中铁元湾 3室2厅 南 北,https://xm.lianjia.com/ershoufang/105115243728.html,1390,87001,2,3室2厅1厨2卫,['低楼层/共13层'],南,['平层/精装'],159.77,2017,中铁元湾,湖里,五缘湾,1,三梯两户,2023/11/4,2017/6/20,平层,精装,1,13,3,2
2330,2330,正规朝南，采光通风效果好，视野无遮挡，交通生活便利,https://xm.lianjia.com/ershoufang/105115191985.html,265,27499,0,3室2厅1厨1卫,['中楼层/共59层'],西南,['平层/精装'],96.37,2018,厦门院子泰禾首玺B区,海沧,马銮湾中心片区,1,两梯四户,2023/10/30,2020/6/30,平层,精装,2,59,2,4
2331,2331,天心岛 正规三房 通透户型 有入户花园,https://xm.lianjia.com/ershoufang/105109975134.html,465,38857,3,3室2厅1厨2卫,['高楼层/共18层'],南,['平层/简装'],119.67,2010,天心岛,海沧,滨海社区,1,两梯两户,2022/3/6,2021/6/7,平层,简装,3,18,2,2
2332,2332,海沧水岸名筑 新上 高层东南北三面光 精装拎包住,https://xm.lianjia.com/ershoufang/105116323020.html,316,27320,0,3室2厅1厨2卫,['高楼层/共18层'],南,['平层/精装'],115.67,2010,水岸名筑,海沧,海沧体育中心,1,两梯三户,2024/3/12,2019/8/17,平层,精装,3,18,2,3
2333,2333,建发中央美地，中庭位置诚意出售,https://xm.lianjia.com/ershoufang/105110238340.html,598,68001,4,2室2厅1厨2卫,['低楼层/共23层'],南,['平层/精装'],87.94,2011,中央美地,湖里,枋湖,1,两梯四户,2022/4/9,2018/10/17,平层,精装,1,23,2,4
2334,2334,成熟地段，一梯两户，配套齐全，出行方便，低总价,https://xm.lianjia.com/ershoufang/105116438542.html,158,17621,2,3室1厅1厨1卫,['高楼层/共6层'],东南,['平层/精装'],89.67,-1,宁宝社区,集美,杏东,0,零梯零户,2024/3/22,2010/4/7,平层,精装,3,6,0,0
2335,2335,北附低总价入门级单间1套房【助你安家厦门不再漂泊】,https://xm.lianjia.com/ershoufang/105115714183.html,84,24533,0,1室0厅1厨1卫,['低楼层/共6层'],西,['平层/简装'],34.24,2006,未来橙堡,海沧,海沧体育中心,0,零梯零户,2023/12/28,2020/11/12,平层,简装,1,6,0,0
2336,2336,泉水湾三期 2室1厅 南,https://xm.lianjia.com/ershoufang/105115909162.html,300,34349,0,2室1厅1厨1卫,['低楼层/共25层'],南,['平层/简装'],87.34,2013,泉水湾三期,集美,集美其它,1,两梯四户,2024/1/19,2017/3/7,平层,简装,1,25,2,4
2337,2337,毛坯小三房 中高层 视野无遮挡,https://xm.lianjia.com/ershoufang/105113511816.html,225,22832,1,3室2厅1厨2卫,['高楼层/共18层'],西南,['平层/毛坯'],98.55,2017,新城际广场二期,集美,厦门北站商业区,1,两梯四户,2023/4/28,2021/6/8,平层,毛坯,3,18,2,4
2338,2338,保利开发，品质保障，产权满二，诚意出售,https://xm.lianjia.com/ershoufang/105108651487.html,220,27401,28,2室2厅1厨1卫,['中楼层/共32层'],东南,['平层/精装'],80.29,2013,海上五月花一期,集美,集美其它,1,两梯四户,2021/9/5,2017/3/31,平层,精装,2,32,2,4
2339,2339,国贸品质精装三房两卫高楼层视野开阔,https://xm.lianjia.com/ershoufang/105113162962.html,420,43042,0,3室2厅1厨2卫,['高楼层/共34层'],南,['平层/精装'],97.58,2020,国贸天峯,集美,杏北,1,两梯四户,2023/3/27,2021/10/21,平层,精装,3,34,2,4
2340,2340,此房满五，正规的小两房，采光好，阳台山比较好的位置,https://xm.lianjia.com/ershoufang/105111977062.html,250,55274,5,2室1厅1厨1卫,['高楼层/共7层'],南,['平层/简装'],45.23,1992,阳台山路,思明,文园路,0,零梯零户,2022/11/7,2007/5/23,平层,简装,3,7,0,0
2341,2341,08年花园小区，南北看中庭，全明格局，自住，拎包入住,https://xm.lianjia.com/ershoufang/105111924486.html,1100,74943,1,4室2厅1厨2卫,['低楼层/共14层'],南,['平层/简装'],146.78,2007,新莲花新龙山花园,思明,莲花,1,一梯两户,2022/11/1,2009/4/17,平层,简装,1,14,1,2
2342,2342,天伦花园格局方正，封闭小区，满五一,https://xm.lianjia.com/ershoufang/105112488585.html,285,54286,2,1室1厅1厨1卫,['高楼层/共10层'],南,['平层/简装'],52.5,2000,天伦花园,思明,莲花,1,一梯十户,2023/1/30,2020/5/7,平层,简装,3,10,1,10
2343,2343,祥发广场  带电梯 南北向 户型方正 采光好,https://xm.lianjia.com/ershoufang/105109742328.html,308,21394,1,3室2厅1厨2卫,['低楼层/共18层'],南,['平层/精装'],143.97,1997,兴阁里小区,集美,杏东,1,两梯四户,2022/2/9,2008/11/26,平层,精装,1,18,2,4
2344,2344,万象城旁   电梯高层   3房全朝南 精装,https://xm.lianjia.com/ershoufang/105113146362.html,662,58030,1,3室2厅1厨2卫,['高楼层/共23层'],南,['平层/精装'],114.08,1999,金祥大厦,思明,火车站,1,六梯三十户,2023/3/26,2019/9/11,平层,精装,3,23,6,30
2345,2345,图尔花园 三面采光3房2厅2卫稳定在售,https://xm.lianjia.com/ershoufang/105112456179.html,345,28268,0,3室2厅1厨2卫,['中楼层/共32层'],南,['平层/精装'],122.05,2018,特房银溪墅府图尔花园,翔安,环东海域,1,两梯四户,2023/1/18,2019/3/22,平层,精装,2,32,2,4
2346,2346,莲花五村龙盛花园  封闭式管理小区,https://xm.lianjia.com/ershoufang/105110416528.html,550,54548,7,3室1厅1厨2卫,['高楼层/共7层'],东,['平层/精装'],100.83,2001,龙盛花园,思明,莲花,0,零梯零户,2022/4/29,2019/5/30,平层,精装,3,7,0,0
2347,2347,金尚小区 正规两房  全明格局 业主诚意出售 看房方便,https://xm.lianjia.com/ershoufang/105113680648.html,349,48278,2,2室2厅1厨1卫,['中楼层/共7层'],南,['平层/简装'],72.29,1998,金尚小区,湖里,金尚,0,零梯零户,2023/5/15,2016/3/9,平层,简装,2,7,0,0
2348,2348,采光好双阳台。精装自住的。交通便利,https://xm.lianjia.com/ershoufang/105109041514.html,237,26597,4,3室1厅1厨1卫,['中楼层/共6层'],南,['平层/精装'],89.11,2009,彩虹湾,同安,环东海域,1,一梯两户,2021/10/19,2016/6/13,平层,精装,2,6,1,2
2349,2349,鹭景湾联排别墅 客厅挑高 独门独户 享受墅质生活,https://xm.lianjia.com/ershoufang/105105380700.html,960,51792,79,4室2厅1厨3卫,['联排/共1层'],南,['复式/精装'],185.36,2003,未来海岸鹭景湾,海沧,未来海岸北师大,0,零梯零户,2020/9/22,2007/3/30,复式,精装,4,1,0,0
2350,2350,厦门华玺，此房户型方正 ，明厨明卫，动静分离,https://xm.lianjia.com/ershoufang/105102498227.html,360,28533,1,4室2厅1厨2卫,['中楼层/共34层'],南,['平层/精装'],126.17,2018,华玺,海沧,马銮湾东,1,三梯六户,2019/6/8,2019/4/28,平层,精装,2,34,3,6
2351,2351,厦门地铁口150米精装大两房保养好拎包入住,https://xm.lianjia.com/ershoufang/105109228426.html,180,20769,2,2室2厅1厨1卫,['低楼层/共29层'],西南,['平层/精装'],86.67,2017,新城际广场二期,集美,厦门北站商业区,1,两梯四户,2021/11/11,2020/1/3,平层,精装,1,29,2,4
2352,2352,新纪元采光充足靠小区安静楼栋.,https://xm.lianjia.com/ershoufang/105116213021.html,210,23601,0,3室2厅1厨2卫,['中楼层/共18层'],南,['平层/精装'],88.98,2016,夏商新纪元,集美,锦园,1,两梯四户,2024/3/2,2016/8/1,平层,精装,2,18,2,4
2353,2353,2021年建发次新房 中式园林式社区  南北通透 中庭位置,https://xm.lianjia.com/ershoufang/105113829555.html,1500,80399,0,5室2厅1厨2卫,['低楼层/共22层'],南,['平层/精装'],186.57,2020,建发玺樾,湖里,祥店,1,两梯两户,2023/5/30,2022/3/11,平层,精装,1,22,2,2
2354,2354,封闭小区，年限新，边套全明，户型方正，客厅带阳台朝,https://xm.lianjia.com/ershoufang/105113537912.html,468,49243,1,3室2厅1厨1卫,['高楼层/共7层'],南,['平层/简装'],95.04,-1,金鼎社区,湖里,东渡,0,零梯零户,2023/5/1,2010/8/2,平层,简装,3,7,0,0
2355,2355,吕厝双地铁口，高层东南朝向1房1厅急售,https://xm.lianjia.com/ershoufang/105113312280.html,310,62162,0,1室1厅1厨1卫,['高楼层/共5层'],东南,['平层/精装'],49.87,2004,东方巴黎广场,湖里,江头,0,零梯零户,2023/4/10,2015/5/29,平层,精装,3,5,0,0
2356,2356,带二次精装修 中层看中庭 朝南带阳台 产权满五,https://xm.lianjia.com/ershoufang/105115009470.html,150,18088,2,2室2厅1厨1卫,['中楼层/共33层'],南,['平层/精装'],82.93,2015,中海锦城国际,集美,锦园,1,两梯四户,2023/10/10,2019/1/21,平层,精装,2,33,2,4
2357,2357,地铁口朝南正规两房业主诚意出售,https://xm.lianjia.com/ershoufang/105115186990.html,125,18519,0,2室2厅1厨1卫,['低楼层/共18层'],东南,['平层/精装'],67.5,2016,后溪花园,集美,厦门北站商业区,0,零梯零户,2023/10/29,2019/6/18,平层,精装,1,18,0,0
2358,2358,经典户型 3房 精装修 朝南  拎包入住,https://xm.lianjia.com/ershoufang/105112920310.html,418,34359,0,3室2厅1厨2卫,['低楼层/共49层'],南,['平层/精装'],121.66,2015,联发杏林湾一号三期,集美,杏林桥头,1,三梯六户,2023/3/7,2016/6/15,平层,精装,1,49,3,6
2359,2359,莲花地铁口 框架全明 业主诚出售,https://xm.lianjia.com/ershoufang/105115610096.html,230,49431,0,1室1厅1厨1卫,['高楼层/共7层'],南,['平层/简装'],46.53,2001,建群花园,思明,莲花,0,零梯零户,2023/12/14,2019/3/25,平层,简装,3,7,0,0
2360,2360,东坪安置房小区 3室2厅 南 北,https://xm.lianjia.com/ershoufang/105115432379.html,495,44676,1,3室2厅1厨1卫,['低楼层/共34层'],南,['平层/毛坯'],110.8,2018,东坪安置房小区,思明,火车站,1,两梯七户,2023/11/25,2021/2/24,平层,毛坯,1,34,2,7
2361,2361,厦门院子B区 南北通透  精装70W 高楼层无遮挡拎包入住,https://xm.lianjia.com/ershoufang/105115711070.html,305,28370,0,3室2厅1厨2卫,['高楼层/共50层'],南,['平层/精装'],107.51,2018,厦门院子泰禾首玺B区,海沧,马銮湾中心片区,1,两梯四户,2023/12/27,2019/7/9,平层,精装,3,50,2,4
2362,2362,21年厦门建发玺樾次新房现房户型4房一梯一户,https://xm.lianjia.com/ershoufang/105114208149.html,917,69607,1,4室2厅1厨2卫,['低楼层/共18层'],南,['平层/精装'],131.74,2020,建发玺樾,湖里,祥店,0,零梯零户,2023/7/10,2020/3/12,平层,精装,1,18,0,0
2363,2363,中楼层 前面视野无遮挡 可以看海景 可玲包入住,https://xm.lianjia.com/ershoufang/105115516264.html,498,43233,0,4室2厅1厨2卫,['中楼层/共24层'],南,['平层/精装'],115.19,2010,海晟维多利亚,海沧,滨海社区,1,两梯四户,2023/12/4,2012/10/17,平层,精装,2,24,2,4
2364,2364,禹洲一期，中间楼层，方正户型采光通透,https://xm.lianjia.com/ershoufang/105113168000.html,288,31638,1,3室2厅1厨2卫,['中楼层/共37层'],西南,['平层/精装'],91.03,2015,禹洲中央海岸一期,集美,杏林桥头,1,三梯六户,2023/3/28,2018/12/10,平层,精装,2,37,3,6
2365,2365,房屋通透明亮，格局方正 精装修，复式5房出售,https://xm.lianjia.com/ershoufang/105108259853.html,450,20361,6,5室2厅1厨3卫,['高楼层/共6层'],东南,['复式/精装'],221.02,2002,昌顺公寓,集美,杏东,0,零梯零户,2021/8/5,2016/4/5,复式,精装,3,6,0,0
2366,2366,一梯两户， 明厨明卫， 采光好交通便利,https://xm.lianjia.com/ershoufang/105109332140.html,550,56631,12,3室2厅1厨1卫,['高楼层/共8层'],南,['平层/精装'],97.12,2001,建群花园,思明,莲花,0,零梯零户,2021/11/26,2001/6/26,平层,精装,3,8,0,0
2367,2367,文灶地铁口旁正规两室一厅出售499万,https://xm.lianjia.com/ershoufang/105108990845.html,456,67817,3,2室1厅1厨1卫,['高楼层/共8层'],南,['平层/简装'],67.24,-1,建达花园,思明,文灶,0,零梯零户,2021/10/12,2010/11/23,平层,简装,3,8,0,0
2368,2368,SEC泰地海西写字楼.高层看海,https://xm.lianjia.com/ershoufang/105102024445.html,90,17425,15,1室1厅1厨1卫,['高楼层/共31层'],东,['平层/精装'],51.65,2015,泰地海西中心,海沧,海沧区政府,1,六梯二十四户,2019/2/22,2014/1/28,平层,精装,3,31,6,24
2369,2369,二次装修 中高楼层视野开阔  双阳台,https://xm.lianjia.com/ershoufang/105113545894.html,227,20510,0,3室1厅1厨2卫,['中楼层/共49层'],南,['平层/精装'],110.68,2017,万科广场幸福里,集美,厦门北站商业区,1,三梯五户,2023/5/2,2021/7/9,平层,精装,2,49,3,5
2373,2373,213.8万蓝月湾二期两房拎包入住、看海、采光好，,https://xm.lianjia.com/ershoufang/105110838254.html,203,38667,2,2室1厅1厨1卫,['高楼层/共11层'],南,['平层/精装'],52.5,2008,未来海岸蓝月湾二期,海沧,未来海岸北师大,1,一梯三户,2022/6/26,2020/12/17,平层,精装,3,11,1,3
2374,2374,两梯两户  双主卧 南北通透 三面采光,https://xm.lianjia.com/ershoufang/105111439551.html,1380,73218,0,4室1厅1厨2卫,['低楼层/共28层'],南,['平层/精装'],188.48,2008,万科金域蓝湾一期,思明,瑞景,1,两梯两户,2022/9/6,2011/10/11,平层,精装,1,28,2,2
2377,2377,高层看海看湾 精装自住复式楼 6米挑高,https://xm.lianjia.com/ershoufang/105110680227.html,1080,63549,12,5室2厅1厨3卫,['高楼层/共20层'],南,['复式/精装'],169.95,2012,新景缘,湖里,五缘湾,1,两梯两户,2022/6/6,2015/6/17,复式,精装,3,20,2,2
2379,2379,国贸东城合院精装 中楼层 视野好,https://xm.lianjia.com/ershoufang/105110894419.html,205,23238,10,3室1厅1厨2卫,['低楼层/共40层'],南,['跃层/精装'],88.22,2019,东城合院,翔安,新店,1,四梯十户,2022/7/2,2020/5/22,跃层,精装,1,40,4,10
2381,2381,集美新城国贸天悦 叠墅下叠 边套大花园 使用面积多,https://xm.lianjia.com/ershoufang/105110491937.html,990,65382,0,4室3厅1厨2卫,['低楼层/共6层'],南,['复式/精装'],151.42,2019,国贸天悦,集美,杏北,1,一梯两户,2022/5/10,2020/7/7,复式,精装,1,6,1,2
2385,2385,厦门院子高层毛坯三房，三面采光、不临街。无噪音,https://xm.lianjia.com/ershoufang/105102508803.html,295,30605,30,3室2厅1厨1卫,['中楼层/共59层'],东南,['平层/毛坯'],96.39,2018,厦门院子泰禾首玺B区,海沧,马銮湾中心片区,1,两梯四户,2019/6/11,2019/4/25,平层,毛坯,2,59,2,4
2386,2386,新金花园南北通透格局方正框架，双阳台，正地铁口,https://xm.lianjia.com/ershoufang/105112012046.html,568,47106,0,3室2厅1厨2卫,['中楼层/共8层'],南,['平层/精装'],120.58,1997,新金花园,思明,莲花,0,零梯零户,2022/11/11,2019/9/9,平层,精装,2,8,0,0
2387,2387,禹洲大学城 高楼层 大三房两卫 自住装修 视野好,https://xm.lianjia.com/ershoufang/105113819947.html,210,20538,0,3室2厅1厨2卫,['中楼层/共35层'],北,['错层/精装'],102.25,2012,禹洲大学城,同安,集美其它,1,两梯四户,2023/5/29,2018/6/26,错层,精装,2,35,2,4
2388,2388,房子朝向好，正规两房，户型方正，采光视野好,https://xm.lianjia.com/ershoufang/105114186001.html,452,53945,0,2室1厅0厨1卫,['中楼层/共20层'],东,['平层/简装'],83.79,2002,长升大厦,思明,松柏,1,四梯二十一户,2023/7/7,2013/8/7,平层,简装,2,20,4,21
2389,2389,文灶地铁口 英才商厦 03年电梯 精装3房 低总价,https://xm.lianjia.com/ershoufang/105112732208.html,550,75716,0,3室2厅1厨1卫,['低楼层/共20层'],南,['平层/简装'],72.64,2004,英才商厦,思明,火车站,1,三梯二十户,2023/2/20,2019/3/25,平层,简装,1,20,3,20
2390,2390,莲花南北通透大三房！楼梯2楼，采光充足，居家适宜,https://xm.lianjia.com/ershoufang/105113059231.html,538,45772,0,3室2厅1厨2卫,['低楼层/共7层'],南,['平层/精装'],117.54,2000,天伦花园,思明,莲花,0,零梯零户,2023/3/18,2006/9/29,平层,精装,1,7,0,0
2391,2391,育青路三房 三面采光 格局好 交通便利,https://xm.lianjia.com/ershoufang/105111465095.html,495,69096,2,3室1厅1厨1卫,['中楼层/共6层'],南,['平层/简装'],71.64,1986,育青路,思明,文园路,0,零梯零户,2022/9/9,2022/9/22,平层,简装,2,6,0,0
2392,2392,总价不高，电梯房，松柏，嘉滨。,https://xm.lianjia.com/ershoufang/105109743430.html,233,54187,10,1室1厅0厨1卫,['中楼层/共20层'],南,['平层/精装'],43,2002,长升大厦,思明,松柏,1,四梯二十一户,2022/2/9,2009/10/19,平层,精装,2,20,4,21
2393,2393,马銮湾精装3房2卫，楼层好，采光佳，户型方正，配套全,https://xm.lianjia.com/ershoufang/105111332830.html,300,27062,0,3室2厅1厨2卫,['高楼层/共42层'],西南,['平层/精装'],110.86,2015,万科城一期,海沧,马銮湾东,1,三梯六户,2022/8/25,2015/12/29,平层,精装,3,42,3,6
2394,2394,万科城四期精装四房，南北通透看马銮湾一线海景,https://xm.lianjia.com/ershoufang/105111047224.html,368,32527,3,4室2厅1厨2卫,['高楼层/共42层'],南,['平层/精装'],113.14,2018,万科城四期,海沧,马銮湾东,1,两梯四户,2022/7/21,2018/10/18,平层,精装,3,42,2,4
2395,2395,松柏片区，电梯高层，楼中楼，朝向西南，视野好,https://xm.lianjia.com/ershoufang/105111399148.html,488,101414,0,3室1厅1厨1卫,['高楼层/共30层'],东,['跃层/简装'],48.12,2006,摩登时代,思明,松柏,1,四梯二十户,2022/9/1,2019/10/22,跃层,简装,3,30,4,20
2396,2396,海峡国际天璟 封闭式小区 开发商精装,https://xm.lianjia.com/ershoufang/105111928641.html,815,60255,3,3室1厅1厨2卫,['中楼层/共59层'],东南,['平层/精装'],135.26,2018,海峡国际天璟,思明,火车站,1,一梯三户,2022/11/2,2018/12/29,平层,精装,2,59,1,3
2397,2397,联发大四房视野开阔看海景 光线好  东南朝向 全明结构,https://xm.lianjia.com/ershoufang/105110583776.html,465,38134,2,4室1厅1厨2卫,['中楼层/共30层'],东南,['平层/精装'],121.94,2016,联发杏林湾一号二期,集美,杏林桥头,1,两梯四户,2022/5/23,2015/3/5,平层,精装,2,30,2,4
2398,2398,入户岛内好选择单身公寓 楼层好 朝南 采光好,https://xm.lianjia.com/ershoufang/105112856928.html,97,37995,1,1室0厅1厨1卫,['中楼层/共7层'],南,['平层/简装'],25.53,2004,欣家园,湖里,殿前,0,零梯零户,2023/3/2,2020/3/5,平层,简装,2,7,0,0
2399,2399,罗宾森广场\u3000三房两厅两卫\u3000高层\u3000居家装修\u3000大阳台,https://xm.lianjia.com/ershoufang/105111720901.html,710,66655,0,3室2厅1厨2卫,['中楼层/共31层'],西北,['平层/简装'],106.52,2012,罗宾森广场一期,思明,火车站,1,三梯八户,2022/10/9,2020/1/1,平层,简装,2,31,3,8
2405,2405,万达商圈高层精装4房 边套入户 南北通透 特房 世茂,https://xm.lianjia.com/ershoufang/105116487255.html,760,53639,0,4室2厅1厨2卫,['中楼层/共32层'],南,['平层/精装'],141.69,2013,特房山水尚座,湖里,万达广场,1,两梯两户,2024/3/26,2015/7/2,平层,精装,2,32,2,2
2406,2406,一梯两户，南北通透，户型方正，采光好，视野佳,https://xm.lianjia.com/ershoufang/105115147313.html,385,44086,0,3室2厅1厨1卫,['高楼层/共8层'],南,['平层/简装'],87.33,1997,永升新城,湖里,湖里大道,0,零梯零户,2023/10/25,2003/1/8,平层,简装,3,8,0,0
2407,2407,环东海域，业主诚意出售，南北向，小高层 2T4户,https://xm.lianjia.com/ershoufang/105112560303.html,210,22087,0,3室2厅1厨1卫,['高楼层/共18层'],东南,['错层/精装'],95.08,2012,禹洲大学城,同安,集美其它,1,两梯四户,2023/2/6,2012/10/23,错层,精装,3,18,2,4
2408,2408,莲花2000年小区，电梯中层，边套全明，精致装修,https://xm.lianjia.com/ershoufang/105112845218.html,325,65897,0,2室2厅1厨1卫,['低楼层/共10层'],西北,['平层/精装'],49.32,2000,天伦花园,思明,莲花,1,一梯十户,2023/3/1,2020/6/24,平层,精装,1,10,1,10
2409,2409,全明格局，高层全明结构，正规三房 业主诚意出售,https://xm.lianjia.com/ershoufang/105113063399.html,265,21182,1,3室1厅1厨2卫,['高楼层/共32层'],南,['平层/毛坯'],125.11,2014,首开领翔国际,翔安,新店,1,两梯三户,2023/3/19,2016/6/16,平层,毛坯,3,32,2,3
2410,2410,万科城四期全明三房   三面采光,https://xm.lianjia.com/ershoufang/105112046876.html,285,30712,0,3室1厅1厨1卫,['低楼层/共46层'],南,['平层/精装'],92.8,2018,万科城四期,海沧,马銮湾东,1,两梯三户,2022/11/15,2022/11/15,平层,精装,1,46,2,3
2411,2411,满二精装大两房，户型方正，采光好，业主诚意出售,https://xm.lianjia.com/ershoufang/105111342558.html,218,25772,0,2室2厅1厨1卫,['中楼层/共32层'],南,['平层/精装'],84.59,2018,特房银溪墅府图尔花园,翔安,环东海域,1,两梯四户,2022/8/26,2018/8/29,平层,精装,2,32,2,4
2412,2412,莲花 禹洲花园 南北 好户型 框架,https://xm.lianjia.com/ershoufang/105111928067.html,542,55369,0,3室2厅1厨2卫,['中楼层/共8层'],南,['平层/精装'],97.89,2001,禹洲花园二期,思明,莲花,0,零梯零户,2022/11/2,2012/8/6,平层,精装,2,8,0,0
2413,2413,社区自带1500平生鲜市；有闽篮城市广场，,https://xm.lianjia.com/ershoufang/105114517632.html,625,46297,0,4室2厅1厨2卫,['中楼层/共11层'],南,['平层/精装'],135,-1,国贸学原一期,翔安,翔安新城,0,零梯零户,2023/8/14,2023/1/17,平层,精装,2,11,0,0
2414,2414,聚泰电梯高层楼中楼朝上走精装南北通透地段繁华天然气,https://xm.lianjia.com/ershoufang/105115470748.html,798,35950,0,4室2厅1厨3卫,['中楼层/共18层'],南,['跃层/精装'],221.98,1996,聚泰商业城,思明,火车站,1,三梯二十户,2023/11/29,2016/5/13,跃层,精装,2,18,3,20
2415,2415,. 南北通透，采光通风好  空间布局合理，功能区域完善,https://xm.lianjia.com/ershoufang/105115854891.html,380,32396,0,4室2厅1厨2卫,['中楼层/共33层'],南,['平层/精装'],117.3,2020,马銮湾1号,海沧,马銮湾东,1,两梯四户,2024/1/13,2022/11/10,平层,精装,2,33,2,4
2416,2416,文灶地铁口 九龙城电梯高层 精装2房 使用面积大,https://xm.lianjia.com/ershoufang/105114610020.html,395,99773,0,2室1厅1厨1卫,['高楼层/共22层'],西北,['平层/精装'],39.59,2006,九龙城,思明,火车站,1,四梯十八户,2023/8/24,2009/5/11,平层,精装,3,22,4,18
2420,2420,央企大品牌，中间套三房诚意出售,https://xm.lianjia.com/ershoufang/105116026229.html,153,17371,1,3室2厅1厨1卫,['中楼层/共34层'],南,['平层/精装'],88.08,2016,中海万锦熙岸,同安,环东海域,1,两梯四户,2024/2/16,2018/6/8,平层,精装,2,34,2,4
2422,2422,侨福城二期06年花园小区满五正规三房一梯两户,https://xm.lianjia.com/ershoufang/105115547604.html,518,53331,0,3室2厅1厨1卫,['高楼层/共6层'],南,['平层/精装'],97.13,2007,侨福城侨龙里,思明,瑞景,0,零梯零户,2023/12/7,2023/9/9,平层,精装,3,6,0,0
2423,2423,软三旁天地别墅 奢华装修上下四层半高使用 带两个车位,https://xm.lianjia.com/ershoufang/105115487065.html,960,51761,0,5室3厅1厨5卫,['低楼层/共3层'],南,['跃层/精装'],185.47,2015,联发欣悦湾,集美,灌口,0,零梯零户,2023/12/1,2019/10/17,跃层,精装,1,3,0,0
2424,2424,松柏SM文化宫客厅挑空楼中楼使用300平有露台,https://xm.lianjia.com/ershoufang/105114340110.html,980,55377,0,4室2厅1厨2卫,['高楼层/共7层'],南,['复式/精装'],176.97,1998,松岳里一区,思明,仙岳社区,0,零梯零户,2023/7/25,2015/2/26,复式,精装,3,7,0,0
2425,2425,松柏长升大厦精装1房1厅，总价优惠,https://xm.lianjia.com/ershoufang/105114800545.html,216,55786,0,1室1厅1厨1卫,['中楼层/共20层'],北,['平层/精装'],38.72,2002,长升大厦,思明,松柏,1,四梯二十一户,2023/9/14,2009/5/13,平层,精装,2,20,4,21
2426,2426,区政府 首开上郡 正规两房 自住精装修 拎包入住,https://xm.lianjia.com/ershoufang/105113081986.html,234,26842,0,2室1厅1厨1卫,['中楼层/共33层'],南,['平层/精装'],87.18,2018,首开领翔上郡二期,翔安,新店,1,两梯四户,2023/3/20,2020/1/5,平层,精装,2,33,2,4
2430,2430,米兰春天 单身公寓 滨北总部旁筼筜畔随时看,https://xm.lianjia.com/ershoufang/105113612289.html,280,58104,0,1室1厅1厨1卫,['低楼层/共26层'],南,['平层/精装'],48.19,2008,米兰春天,思明,七星路,1,两梯十户,2023/5/9,2010/2/2,平层,精装,1,26,2,10
2431,2431,同安古庄，三房，有小区，业主诚意出售，,https://xm.lianjia.com/ershoufang/105115538952.html,99,10502,0,3室1厅1厨1卫,['高楼层/共7层'],南,['平层/精装'],94.27,-1,古庄教育楼,同安,同安其它,0,零梯零户,2023/12/7,2012/1/15,平层,精装,3,7,0,0
2432,2432,边套，南通通透格局，带入户空间，功能性强。,https://xm.lianjia.com/ershoufang/105115572000.html,270,30627,0,3室2厅1厨2卫,['低楼层/共15层'],东南,['平层/精装'],88.16,2021,融创云潮府,海沧,马銮湾中心片区,0,零梯零户,2023/12/10,2023/2/28,平层,精装,1,15,0,0
2433,2433,安仁里小区 采光充足 无遮挡 精装三房,https://xm.lianjia.com/ershoufang/105116537277.html,189,15057,1,3室2厅1厨2卫,['高楼层/共18层'],东南,['平层/精装'],125.53,2009,安仁里小区,集美,灌口,1,两梯四户,2024/3/31,2021/2/25,平层,精装,3,18,2,4
2434,2434,龙山二期电梯高层三房两卫出售（全明户型）,https://xm.lianjia.com/ershoufang/105116132861.html,599,53231,0,3室2厅1厨1卫,['高楼层/共13层'],南,['平层/精装'],112.53,2009,龙山二期安置房,思明,莲花,1,两梯三户,2024/2/25,2015/12/7,平层,精装,3,13,2,3
2438,2438,特房银溪墅府图尔花园 3室1厅 南,https://xm.lianjia.com/ershoufang/105114653371.html,330,27050,0,3室1厅1厨2卫,['中楼层/共32层'],南,['平层/精装'],122,2018,特房银溪墅府图尔花园,翔安,环东海域,1,两梯四户,2023/8/29,2021/7/30,平层,精装,2,32,2,4
2439,2439,延奎旁正规两房 南北通透 采光充足 交通便利 产权满五,https://xm.lianjia.com/ershoufang/105114021745.html,200,26056,0,2室2厅1厨1卫,['低楼层/共7层'],南,['平层/精装'],76.76,2004,富佳苑,海沧,海沧生活区,0,零梯零户,2023/6/18,2012/12/20,平层,精装,1,7,0,0
2440,2440,古龙明珠上下错户型 高楼层 自住精装 业主诚意出售,https://xm.lianjia.com/ershoufang/105114700869.html,435,43040,0,3室2厅1厨2卫,['中楼层/共11层'],南,['复式/精装'],101.07,2006,古龙明珠,集美,集美文教区,1,一梯四户,2023/9/3,2013/3/8,复式,精装,2,11,1,4
2441,2441,五缘湾新景国际外滩精装朝南B户型业主诚售,https://xm.lianjia.com/ershoufang/105113717933.html,1100,112234,0,4室2厅1厨3卫,['低楼层/共16层'],南,['跃层/精装'],98.01,2017,新景国际外滩,湖里,五缘湾,1,两梯四户,2023/5/18,2020/9/10,跃层,精装,1,16,2,4
2442,2442,万科城一期   精装修大四房  楼层佳  采光充足,https://xm.lianjia.com/ershoufang/105116413701.html,280,22449,0,4室1厅1厨2卫,['高楼层/共42层'],西南,['平层/精装'],124.73,2015,万科城一期,海沧,马銮湾东,1,三梯六户,2024/3/20,2016/11/28,平层,精装,3,42,3,6
2444,2444,源通中心 1室1厅 东,https://xm.lianjia.com/ershoufang/105116528332.html,249,65561,0,1室1厅1厨1卫,['高楼层/共31层'],东,['平层/简装'],37.98,2004,源通中心,思明,思北,1,六梯十七户,2024/3/30,2020/4/30,平层,简装,3,31,6,17
2446,2446,品质小区 离地铁口近 看海 大三房户型,https://xm.lianjia.com/ershoufang/105111544582.html,550,39244,1,3室2厅1厨2卫,['低楼层/共18层'],东南,['平层/精装'],140.15,2014,彼岸,海沧,滨海社区,1,两梯三户,2022/9/18,2021/12/2,平层,精装,1,18,2,3
2448,2448,视野好 3房户型方正 交通便利,https://xm.lianjia.com/ershoufang/105112489120.html,210,19010,0,3室2厅1厨2卫,['高楼层/共52层'],西南,['平层/精装'],110.47,2017,万科广场幸福里,集美,厦门北站商业区,1,三梯五户,2023/1/30,2018/4/7,平层,精装,3,52,3,5
2449,2449,泰禾厦门院子，B区，满二，中楼层，毛坯，两房,https://xm.lianjia.com/ershoufang/105112966747.html,254,31162,0,2室2厅1厨1卫,['中楼层/共56层'],南,['平层/毛坯'],81.51,2018,厦门院子泰禾首玺B区,海沧,马銮湾中心片区,1,三梯四户,2023/3/10,2021/6/19,平层,毛坯,2,56,3,4
2450,2450,业主诚意出售精装修此房通透性好 采光好,https://xm.lianjia.com/ershoufang/105112739209.html,238,23696,0,3室2厅1厨2卫,['中楼层/共18层'],南,['平层/精装'],100.44,2014,中骏四季阳光,集美,厦门北站商业区,1,两梯四户,2023/2/20,2014/3/4,平层,精装,2,18,2,4
2451,2451,思明区卧龙晓城旁，330万买3房，人车分流，诚意出售,https://xm.lianjia.com/ershoufang/105112556111.html,315,40062,4,3室1厅1厨1卫,['高楼层/共7层'],东,['平层/精装'],78.63,2002,绿杨村,思明,莲前,0,零梯零户,2023/2/6,2011/12/9,平层,精装,3,7,0,0
2452,2452,台湾街 顶层复式 电梯房 朝南 诚意出售,https://xm.lianjia.com/ershoufang/105113091401.html,1000,39587,0,4室3厅1厨3卫,['高楼层/共16层'],南,['跃层/简装'],252.61,2003,桃源大厦,湖里,江头,1,一梯三户,2023/3/21,2020/2/14,跃层,简装,3,16,1,3
2454,2454,龙华里楼层适中，南北通透小区中庭诚意出售,https://xm.lianjia.com/ershoufang/105112197660.html,355,53368,0,2室1厅1厨1卫,['低楼层/共6层'],南,['平层/简装'],66.52,1994,龙华里,思明,莲花,0,零梯零户,2022/12/4,2016/6/14,平层,简装,1,6,0,0
2455,2455,此房满两年，朝南好楼层，诚意出售，低总价,https://xm.lianjia.com/ershoufang/105110543212.html,118,46221,20,1室0厅0厨1卫,['中楼层/共7层'],南,['平层/简装'],25.53,2004,欣家园,湖里,殿前,0,零梯零户,2022/5/18,2020/1/1,平层,简装,2,7,0,0
2456,2456,莲前龙山桥BRT  精装三房  封闭小区 交通便捷,https://xm.lianjia.com/ershoufang/105111768066.html,470,42790,1,3室2厅1厨1卫,['高楼层/共7层'],南,['平层/精装'],109.84,1998,益友花园,思明,火车站,0,零梯零户,2022/10/14,2016/1/7,平层,精装,3,7,0,0
2461,2461,万科城四期精装四房 ，通风好采光佳，户型方正,https://xm.lianjia.com/ershoufang/105109319409.html,332,29410,4,4室1厅1厨2卫,['低楼层/共42层'],南,['平层/简装'],112.89,2018,万科城四期,海沧,马銮湾东,1,两梯四户,2021/11/24,2020/8/25,平层,简装,1,42,2,4
2462,2462,园博一号温泉入户 大平层 地铁交通方便 小区品质好,https://xm.lianjia.com/ershoufang/105111992848.html,1058,49461,1,4室2厅1厨3卫,['高楼层/共32层'],东南,['平层/毛坯'],213.91,2017,园博1号二期,集美,杏锦路,1,两梯两户,2022/11/9,2019/7/25,平层,毛坯,3,32,2,2
2463,2463,太微三期，精装修，拎包入住，南北朝向，业主诚意出售,https://xm.lianjia.com/ershoufang/105114008989.html,380,41622,1,2室1厅1厨1卫,['低楼层/共5层'],南,['平层/精装'],91.3,2000,太微花园,湖里,金尚,0,零梯零户,2023/6/17,2019/4/23,平层,精装,1,5,0,0
2464,2464,中央美地，小区中庭，不靠路，朝南户型,https://xm.lianjia.com/ershoufang/105109526057.html,573,67667,18,2室1厅1厨1卫,['高楼层/共23层'],南,['平层/简装'],84.68,2012,中央美地,湖里,枋湖,1,两梯四户,2021/12/21,2012/12/12,平层,简装,3,23,2,4
2465,2465,都市港湾 源昌大厦 精装修 电梯高层 拎包入住,https://xm.lianjia.com/ershoufang/105108696527.html,816,61033,6,4室4厅1厨4卫,['低楼层/共30层'],东南,['精装'],133.7,2006,源昌大厦,湖里,东渡,1,两梯五户,2021/9/9,2014/9/3,精装,,1,30,2,5
2466,2466,源昌鑫海湾，挑高6米，住家装修，4房,https://xm.lianjia.com/ershoufang/105113632451.html,1000,111832,0,4室2厅1厨3卫,['中楼层/共16层'],南,['跃层/精装'],89.42,2010,源昌鑫海湾,湖里,五缘湾,1,两梯三户,2023/5/10,2013/4/25,跃层,精装,2,16,2,3
2470,2470,家门口是卧龙BRT 精装 拎包入住 南北好户型 双阳台,https://xm.lianjia.com/ershoufang/105110812055.html,429,44772,5,2室2厅1厨2卫,['低楼层/共8层'],南,['平层/精装'],95.82,2000,卧龙晓城,思明,莲前,0,零梯零户,2022/6/22,2015/5/5,平层,精装,1,8,0,0
2471,2471,天有地别墅，7.2m大面宽，前后花园,https://xm.lianjia.com/ershoufang/105112231456.html,735,36234,1,5室2厅2厨3卫,['低楼层/共3层'],南,['复式/毛坯'],202.85,2016,首开领翔上郡一期,翔安,新店,0,零梯零户,2022/12/8,2019/1/29,复式,毛坯,1,3,0,0
2482,2482,泰禾厦门院子，两房，B区，满二，有钥匙，诚意售房,https://xm.lianjia.com/ershoufang/105112108955.html,248,30572,0,2室2厅1厨1卫,['低楼层/共56层'],南,['平层/毛坯'],81.12,2018,厦门院子泰禾首玺B区,海沧,马銮湾中心片区,1,三梯四户,2022/11/23,2019/12/4,平层,毛坯,1,56,3,4
2483,2483,视野宽阔，采光充足，配套设施齐全，交通便利,https://xm.lianjia.com/ershoufang/105116313828.html,550,43458,0,4室1厅1厨3卫,['低楼层/共34层'],西南,['跃层/精装'],126.56,2016,龙湖春江郦城一期,集美,杏北,1,两梯六户,2024/3/11,2017/12/31,跃层,精装,1,34,2,6
2484,2484,文灶地铁口精装两房出售，公摊小，拎包入住，诚意出售,https://xm.lianjia.com/ershoufang/105111526097.html,358,52524,0,2室1厅1厨1卫,['高楼层/共8层'],西,['平层/精装'],68.16,1994,文屏巷,思明,文灶,0,零梯零户,2022/9/16,2019/9/17,平层,精装,3,8,0,0
2488,2488,恒亿精装四房，满二年，装修很好 业主自住装修 。,https://xm.lianjia.com/ershoufang/105110476521.html,403,29910,1,4室2厅1厨2卫,['中楼层/共31层'],东南,['平层/精装'],134.74,2018,恒亿尚品湾3/4期,同安,环东海域,1,两梯三户,2022/5/8,2019/5/16,平层,精装,2,31,2,3
2489,2489,万寿路带小区南北两房好楼层诚意出售,https://xm.lianjia.com/ershoufang/105107151916.html,499,62019,11,2室2厅1厨1卫,['低楼层/共7层'],南,['平层/简装'],80.46,1999,万寿阁,思明,文园路,0,零梯零户,2021/4/27,2012/10/30,平层,简装,1,7,0,0
2490,2490,高楼层朝南两房，视野好，采光充足，,https://xm.lianjia.com/ershoufang/105109506258.html,200,24077,3,2室2厅1厨1卫,['中楼层/共35层'],南,['平层/简装'],83.07,2012,禹洲大学城,同安,集美其它,1,两梯四户,2021/12/18,2013/11/7,平层,简装,2,35,2,4
2491,2491,文园路 将军祠 电梯三房 南北朝向,https://xm.lianjia.com/ershoufang/105109598626.html,880,61794,5,3室2厅1厨2卫,['中楼层/共9层'],东南,['平层/简装'],142.41,2004,弘龙商业城,思明,文园路,1,一梯四户,2022/1/3,2015/4/30,平层,简装,2,9,1,4
2492,2492,建群花园三面采光2000莲花状元小区 好楼层 精装,https://xm.lianjia.com/ershoufang/105111907672.html,630,56721,0,3室2厅1厨2卫,['中楼层/共7层'],南,['平层/精装'],111.07,2001,建群花园,思明,莲花,0,零梯零户,2022/10/30,2013/4/9,平层,精装,2,7,0,0
2499,2499,建发书香府邸三房 业主诚意出售,https://xm.lianjia.com/ershoufang/105114752937.html,340,38562,1,3室2厅1厨2卫,['中楼层/共33层'],南,['平层/精装'],88.17,2022,建发书香府邸二期,翔安,翔安新城,1,两梯四户,2023/9/9,2023/6/28,平层,精装,2,33,2,4
2503,2503,万科精装大三房，户型通透，三面采光，业主诚意卖,https://xm.lianjia.com/ershoufang/105113212512.html,330,28537,0,3室2厅1厨2卫,['中楼层/共42层'],西南,['平层/精装'],115.64,2018,万科城四期,海沧,马銮湾东,1,三梯六户,2023/3/31,2018/5/30,平层,精装,2,42,3,6
2504,2504,此房南北通透，采光好，户型方正，地铁方便儿童公园,https://xm.lianjia.com/ershoufang/105116314979.html,190,28346,0,2室1厅1厨1卫,['中楼层/共6层'],南,['平层/简装'],67.03,2002,都市恬园,海沧,海沧生活区,0,零梯零户,2024/3/11,2021/6/7,平层,简装,2,6,0,0
2505,2505,楼梯房朝南 采光好 满2省税 精装修 没占用可度书,https://xm.lianjia.com/ershoufang/105116437490.html,88,23330,0,1室1厅1厨1卫,['中楼层/共7层'],南,['平层/简装'],37.72,2006,未来橙堡,海沧,海沧体育中心,0,零梯零户,2024/3/21,2021/6/12,平层,简装,2,7,0,0
2506,2506,国贸品质，地段很好 生活 地铁 交通便利 。,https://xm.lianjia.com/ershoufang/105116402552.html,729,48462,0,3室1厅1厨2卫,['高楼层/共6层'],东南,['复式/简装'],150.43,2019,国贸天悦,集美,杏北,1,一梯两户,2024/3/19,2020/8/15,复式,简装,3,6,1,2
2507,2507,首开领翔国际正规两房 新店泰禾商圈 实小 双十边上,https://xm.lianjia.com/ershoufang/105103015276.html,180,20317,13,2室1厅1厨1卫,['中楼层/共24层'],南,['平层/毛坯'],88.6,2014,首开领翔国际,翔安,新店,1,两梯三户,2019/9/12,2016/5/6,平层,毛坯,2,24,2,3
2508,2508,华玺海景四房，带装修，满两年，空户,https://xm.lianjia.com/ershoufang/105113299293.html,339,26750,0,4室2厅1厨2卫,['低楼层/共34层'],南,['平层/精装'],126.73,2018,华玺,海沧,马銮湾东,1,三梯六户,2023/4/9,2019/4/11,平层,精装,1,34,3,6
2509,2509,南北朝向，采光通风好，可看海景，土地出让金未交,https://xm.lianjia.com/ershoufang/105113197357.html,318,24086,1,4室2厅1厨2卫,['中楼层/共33层'],南,['平层/简装'],132.03,2014,水云湾,海沧,未来海岸北师大,1,两梯四户,2023/3/30,2021/4/13,平层,简装,2,33,2,4
2510,2510,莲花五村 客厅带阳台 居家装修 2房 业主诚意出售,https://xm.lianjia.com/ershoufang/105112964890.html,399,50449,146,2室1厅1厨1卫,['高楼层/共7层'],东,['平层/精装'],79.09,1998,龙盛里,思明,莲花,0,零梯零户,2023/3/10,2019/11/6,平层,精装,3,7,0,0
2511,2511,房产站低楼层适合居家，南北双阳台，通风好,https://xm.lianjia.com/ershoufang/105112906631.html,233,26075,1,2室2厅1厨1卫,['低楼层/共8层'],南,['平层/简装'],89.36,2001,鑫茂花园,海沧,海沧生活区,0,零梯零户,2023/3/6,2001/11/1,平层,简装,1,8,0,0
2512,2512,大海就在你家楼下  设计合理  方正采光好  满五年省税,https://xm.lianjia.com/ershoufang/105115568869.html,378,32132,0,3室2厅1厨2卫,['低楼层/共41层'],东,['平层/简装'],117.64,2013,联发杏林湾一号一期,集美,杏林桥头,1,两梯四户,2023/12/10,2023/12/10,平层,简装,1,41,2,4
2513,2513,户型方正楼中楼 南北通透 格局好,https://xm.lianjia.com/ershoufang/105115223515.html,359,25368,0,4室1厅1厨3卫,['低楼层/共43层'],南,['跃层/毛坯'],141.52,2019,融侨观邸,海沧,马銮湾东,1,两梯五户,2023/11/2,2019/10/26,跃层,毛坯,1,43,2,5
2514,2514,金尚小区，中间楼层，看房方便，业主诚意出售,https://xm.lianjia.com/ershoufang/105113738606.html,370,54525,0,2室2厅1厨1卫,['低楼层/共7层'],南,['简装'],67.86,1998,金尚小区,湖里,金尚,0,零梯零户,2023/5/20,2000/12/27,简装,,1,7,0,0
2515,2515,海沧万科四期三房两卫看中庭，视野开阔,https://xm.lianjia.com/ershoufang/105113677730.html,262.5,26982,0,3室1厅1厨2卫,['低楼层/共46层'],南,['平层/简装'],97.29,2018,万科城四期,海沧,马銮湾东,1,两梯四户,2023/5/15,2020/10/13,平层,简装,1,46,2,4
2516,2516,太微花园 大三房  楼层适中 看房方便,https://xm.lianjia.com/ershoufang/105113830035.html,480,40067,0,3室2厅1厨2卫,['低楼层/共6层'],南,['平层/简装'],119.8,2000,太微花园,湖里,金尚,0,零梯零户,2023/5/30,2021/7/19,平层,简装,1,6,0,0
2517,2517,房子朝向好，户型方正，视野采光好,https://xm.lianjia.com/ershoufang/105114185950.html,210,53627,0,1室0厅0厨1卫,['中楼层/共20层'],东,['平层/简装'],39.16,2002,长升大厦,思明,松柏,1,四梯二十一户,2023/7/7,2013/8/7,平层,简装,2,20,4,21
2518,2518,芸溪三期 精装3房 可拎包入住 空间使用率大,https://xm.lianjia.com/ershoufang/105114272880.html,238,25191,0,3室2厅1厨1卫,['低楼层/共17层'],南,['平层/精装'],94.48,2011,芸溪居住公园(三期),同安,同安其它,0,零梯零户,2023/7/18,2017/1/1,平层,精装,1,17,0,0
2519,2519,万科城四期 洋房 朝南大两房 二次装修 保养好,https://xm.lianjia.com/ershoufang/105113868490.html,238,29128,0,2室1厅1厨1卫,['中楼层/共9层'],东南,['平层/精装'],81.71,2018,万科城四期,海沧,马銮湾东,1,一梯四户,2023/6/2,2018/11/16,平层,精装,2,9,1,4
2526,2526,电梯正规大三房  厅带阳台朝南  双阳台,https://xm.lianjia.com/ershoufang/105115297270.html,556,41505,0,3室2厅1厨2卫,['低楼层/共18层'],东,['平层/简装'],133.96,2009,嘉盛豪园G组团,思明,瑞景,1,两梯三户,2023/11/10,2023/10/25,平层,简装,1,18,2,3
2527,2527,邮轮城 高层朝南精装 海景三房 自住不二选 视野开阔,https://xm.lianjia.com/ershoufang/105114844353.html,920,69013,0,3室2厅1厨2卫,['高楼层/共30层'],西南,['平层/精装'],133.31,2011,国际邮轮城二期,湖里,邮轮城,1,两梯两户,2023/9/19,2015/11/6,平层,精装,3,30,2,2
2528,2528,莲坂商圈 交通便利 精装三房 带储藏间 使用面积大,https://xm.lianjia.com/ershoufang/105114879636.html,270,47104,1,3室1厅1厨1卫,['低楼层/共7层'],南,['平层/精装'],57.32,1996,坂尾路,思明,火车站,0,零梯零户,2023/9/22,2021/3/29,平层,精装,1,7,0,0
2529,2529,公园旁 3小在楼下 地铁口 电梯高层  视野好,https://xm.lianjia.com/ershoufang/105115332443.html,696,40028,0,4室2厅1厨2卫,['高楼层/共31层'],西北,['平层/精装'],173.88,1997,国泰大厦,湖里,江头,1,三梯六户,2023/11/14,2017/1/24,平层,精装,3,31,3,6
2530,2530,南部新城 隧道口 好楼层 东南全明采光正规三房,https://xm.lianjia.com/ershoufang/105114863051.html,229,26684,0,3室2厅1厨1卫,['低楼层/共31层'],东南,['平层/毛坯'],85.82,2015,阳光城翡丽湾二期,翔安,翔安新城,1,两梯四户,2023/9/21,2018/6/26,平层,毛坯,1,31,2,4
2533,2533,华孚花园 5室2厅 南 北,https://xm.lianjia.com/ershoufang/105116151792.html,750,42789,0,5室2厅1厨3卫,['高楼层/共7层'],南,['跃层/精装'],175.28,1998,华孚花园,思明,莲花,0,零梯零户,2024/2/27,2021/7/7,跃层,精装,3,7,0,0
2534,2534,瑞景商圈电梯优质2房户型好。。。。。。,https://xm.lianjia.com/ershoufang/105104771070.html,595,67369,5,2室2厅1厨1卫,['中楼层/共18层'],南,['精装'],88.32,2010,洪山柄南区,思明,瑞景,1,一梯四户,2020/7/6,2011/12/18,精装,,2,18,1,4
2535,2535,未来海岸蓝月湾正规三房视野开阔精装修阳光充足采光好,https://xm.lianjia.com/ershoufang/105106353237.html,330,28948,27,3室2厅1厨2卫,['低楼层/共29层'],南,['平层/精装'],114,2007,未来海岸蓝月湾一期,海沧,未来海岸北师大,1,两梯四户,2021/1/29,2009/9/24,平层,精装,1,29,2,4
2536,2536,侨鑫花园此房满五，楼层好，采光好，视野宽阔,https://xm.lianjia.com/ershoufang/105116297857.html,370,55883,1,2室1厅1厨1卫,['高楼层/共9层'],北,['平层/精装'],66.21,2000,侨鑫公寓,思明,莲花,1,一梯三户,2024/3/9,2009/3/27,平层,精装,3,9,1,3
2537,2537,龙湖品质   近地铁   复式楼中楼   边套通透户型,https://xm.lianjia.com/ershoufang/105106258675.html,478,40314,15,3室2厅1厨2卫,['低楼层/共34层'],南,['跃层/毛坯'],118.57,2017,龙湖春江郦城二期,集美,杏北,1,两梯六户,2021/1/14,2018/8/30,跃层,毛坯,1,34,2,6
2538,2538,楼层好，采光充足海景房，小区绿化优。,https://xm.lianjia.com/ershoufang/105106995718.html,280,30392,37,3室2厅1厨0卫,['高楼层/共40层'],东南,['平层/简装'],92.13,2014,禹洲中央海岸二期,集美,杏林桥头,1,三梯六户,2021/4/14,2015/11/6,平层,简装,3,40,3,6
2539,2539,集美新城地铁口   精装大边套  4+1房  使用面积大,https://xm.lianjia.com/ershoufang/105113919469.html,410,46052,0,4室2厅1厨2卫,['高楼层/共31层'],东南,['平层/精装'],89.03,2017,橡树湾四期,集美,杏北,1,两梯五户,2023/6/8,2019/6/1,平层,精装,3,31,2,5
2540,2540,杏锦路免双税好房   上诚毅 精装三房  近地铁商场,https://xm.lianjia.com/ershoufang/105115274735.html,348,38975,0,3室2厅1厨1卫,['低楼层/共34层'],西南,['平层/精装'],89.29,2016,龙湖春江郦城一期,集美,杏北,1,两梯五户,2023/11/8,2017/11/16,平层,精装,1,34,2,5
2541,2541,地铁口2006年花园小区 大两房双阳台  封闭式管理小区,https://xm.lianjia.com/ershoufang/105114648362.html,175,19170,0,2室1厅1厨1卫,['高楼层/共6层'],南,['平层/简装'],91.29,2004,聚鑫广场,集美,杏西,0,零梯零户,2023/8/29,2008/6/19,平层,简装,3,6,0,0
2542,2542,集美桥头，精装东边套大三房，泉水湾仅这栋两梯三户,https://xm.lianjia.com/ershoufang/105113800144.html,480,34548,1,3室2厅1厨2卫,['低楼层/共27层'],东南,['平层/精装'],138.94,2010,泉水湾一期,集美,集美其它,1,两梯三户,2023/5/26,2020/12/2,平层,精装,1,27,2,3
2543,2543,远离城市的喧嚣，独门独户，拥有私密生活的居家房源,https://xm.lianjia.com/ershoufang/105113999308.html,480,69455,3,3室2厅1厨1卫,['低楼层/共6层'],南,['错层/简装'],69.11,1989,阳台佳苑,思明,文园路,0,零梯零户,2023/6/16,2010/1/19,错层,简装,1,6,0,0
2547,2547,仙岳山脚下厦工花园带独立露台业主诚意出售,https://xm.lianjia.com/ershoufang/105114184855.html,368,55397,0,2室1厅1厨1卫,['高楼层/共7层'],南,['平层/简装'],66.43,1994,侨岳厦工花园,思明,仙岳社区,0,零梯零户,2023/7/7,2020/3/10,平层,简装,3,7,0,0
2548,2548,近地铁厦门院子B区三梯四户高层边套四房业主急售,https://xm.lianjia.com/ershoufang/105113583302.html,330,26843,0,4室2厅1厨2卫,['高楼层/共59层'],南,['平层/毛坯'],122.94,2018,厦门院子泰禾首玺B区,海沧,马銮湾中心片区,1,两梯四户,2023/5/6,2023/4/1,平层,毛坯,3,59,2,4
2549,2549,朝南北、视野开阔、使用面积大，方正大2 房,https://xm.lianjia.com/ershoufang/105114003981.html,298,34320,0,2室2厅1厨2卫,['中楼层/共36层'],东南,['平层/精装'],86.83,2018,海投第一湾,海沧,马銮湾东,1,两梯四户,2023/6/16,2019/12/9,平层,精装,2,36,2,4
2551,2551,万寿北路南北全明两房房东诚意出售价格好谈,https://xm.lianjia.com/ershoufang/105113429536.html,448,79279,0,3室1厅1厨1卫,['低楼层/共7层'],南,['平层/精装'],56.51,1988,万寿北路,思明,文园路,0,零梯零户,2023/4/20,2021/1/1,平层,精装,1,7,0,0
2556,2556,地铁口 04年精装三房 好停车,https://xm.lianjia.com/ershoufang/105116515231.html,299,43115,0,2室1厅1厨1卫,['中楼层/共7层'],南,['平层/精装'],69.35,-1,金南园小区,湖里,金尚,0,零梯零户,2024/3/29,2010/12/16,平层,精装,2,7,0,0
2559,2559,集美桥头堡 高层一线海景 改善通透四房 业主稳定在卖,https://xm.lianjia.com/ershoufang/105109624137.html,430,34897,0,4室2厅1厨2卫,['高楼层/共39层'],南,['平层/毛坯'],123.22,2016,海上五月花六期,集美,集美其它,1,两梯四户,2022/1/6,2017/7/21,平层,毛坯,3,39,2,4
2560,2560,集美桥头，海德公园一期，花园式小区，高层通透三房,https://xm.lianjia.com/ershoufang/105112812682.html,310,25269,3,3室2厅1厨2卫,['高楼层/共43层'],南,['平层/精装'],122.68,2014,招商海德公园一期,集美,集美其它,1,三梯四户,2023/2/26,2017/5/24,平层,精装,3,43,3,4
2561,2561,花园小区，拎包入住，全明结构，精装小三房,https://xm.lianjia.com/ershoufang/105113814302.html,155,16504,0,3室2厅1厨1卫,['低楼层/共18层'],南,['平层/精装'],93.92,2014,首开领翔花郡,翔安,新店,1,两梯四户,2023/5/28,2019/9/6,平层,精装,1,18,2,4
2562,2562,环东海域中海万锦熙岸精装三房 朝南产权满五 交通便利,https://xm.lianjia.com/ershoufang/105114525587.html,160,18425,4,3室2厅1厨1卫,['低楼层/共28层'],南,['平层/精装'],86.84,2016,中海万锦熙岸,同安,环东海域,1,两梯四户,2023/8/15,2018/7/20,平层,精装,1,28,2,4
2563,2563,地铁口 正规两房 采光好 两房朝南 两个大阳台,https://xm.lianjia.com/ershoufang/105111694236.html,237,30008,2,2室2厅1厨1卫,['低楼层/共7层'],南,['平层/精装'],78.98,2002,银都花园,海沧,海沧生活区,0,零梯零户,2022/10/7,2019/6/1,平层,精装,1,7,0,0
2564,2564,东方新城二期 低总价精装两房  看房方便,https://xm.lianjia.com/ershoufang/105113242716.html,126,20051,1,2室1厅1厨1卫,['低楼层/共18层'],东,['平层/精装'],62.84,2017,东方新城二期,翔安,新店,0,零梯零户,2023/4/3,2020/7/16,平层,精装,1,18,0,0
2565,2565,思明区 三房 精装修 可拎包入住,https://xm.lianjia.com/ershoufang/105115146902.html,366,55262,0,3室1厅1厨1卫,['高楼层/共7层'],南,['平层/精装'],66.23,1993,岳阳西里,思明,岳阳社区,0,零梯零户,2023/10/24,2017/6/28,平层,精装,3,7,0,0
2566,2566,权证满5 精装2房  视野阳光充足  空户厅带阳台朝南,https://xm.lianjia.com/ershoufang/105113665455.html,648,70929,0,2室2厅1厨1卫,['低楼层/共24层'],西南,['平层/精装'],91.36,2011,福达里,思明,七星路,1,两梯四户,2023/5/13,2012/7/10,平层,精装,1,24,2,4
2567,2567,店长力荐，汇景新城中心，精装两房，拎包入住,https://xm.lianjia.com/ershoufang/105112188809.html,120,24550,1,2室1厅1厨1卫,['低楼层/共16层'],北,['平层/精装'],48.88,2010,汇景新城中心,翔安,新店,1,两梯六户,2022/12/3,2020/6/10,平层,精装,1,16,2,6
2568,2568,海沧天湖城地铁口 精装四房 满五 湖海双景外国语,https://xm.lianjia.com/ershoufang/105112547486.html,538,35435,2,4室2厅1厨2卫,['中楼层/共33层'],东南,['平层/精装'],151.83,2012,天湖城,海沧,海沧区政府,1,两梯四户,2023/2/4,2017/2/10,平层,精装,2,33,2,4
2570,2570,莲坂电梯高层  高装 视野好 全明 拎包入住,https://xm.lianjia.com/ershoufang/105112737286.html,586,64960,1,2室1厅1厨1卫,['高楼层/共18层'],西北,['平层/精装'],90.21,2006,莲坂新村,思明,莲坂,1,两梯四户,2023/2/20,2018/8/16,平层,精装,3,18,2,4
2573,2573,地铁口，电梯高楼层，全名格局，南北通透，,https://xm.lianjia.com/ershoufang/105115403776.html,489,64958,0,2室2厅1厨1卫,['中楼层/共7层'],南,['平层/其他'],75.28,1993,育秀里小区,思明,体育中心,1,一梯两户,2023/11/22,2007/4/29,平层,其他,2,7,1,2
2574,2574,莲坂圈段  楼中楼 电梯高层   视野开阔 户型方正,https://xm.lianjia.com/ershoufang/105116015102.html,650,29288,2,5室2厅1厨3卫,['高楼层/共18层'],东,['跃层/简装'],221.94,1996,聚泰商业城,思明,火车站,1,三梯二十户,2024/2/7,2021/3/17,跃层,简装,3,18,3,20
2575,2575,橡树湾业主自住，温馨户型，通风朝南，精装三房,https://xm.lianjia.com/ershoufang/105115291989.html,259,31444,0,3室2厅1厨1卫,['低楼层/共31层'],南,['平层/精装'],82.37,2016,橡树湾四期,集美,杏北,1,两梯五户,2023/11/9,2018/1/12,平层,精装,1,31,2,5
2576,2576,东南向大三房二卫，大厨房，高层视野好，户型方正,https://xm.lianjia.com/ershoufang/105115811093.html,253,22824,2,3室1厅1厨2卫,['高楼层/共42层'],南,['平层/精装'],110.85,2015,万科城一期,海沧,马銮湾东,1,三梯六户,2024/1/8,2016/1/23,平层,精装,3,42,3,6
2577,2577,此房产权清晰，业主诚心卖房，交通方便，视野开阔,https://xm.lianjia.com/ershoufang/105111294333.html,410,56126,1,2室2厅1厨1卫,['高楼层/共7层'],南,['平层/精装'],73.05,1998,龙盛里,思明,莲花,0,零梯零户,2022/8/21,2013/6/5,平层,精装,3,7,0,0
2578,2578,通透户型，视野宽阔，采光充足，交通便利,https://xm.lianjia.com/ershoufang/105106803179.html,1596,45680,13,5室2厅1厨3卫,['高楼层/共31层'],东南,['复式/毛坯'],349.39,2011,海景奥斯卡,海沧,滨海社区,1,两梯两户,2021/3/28,2018/8/2,复式,毛坯,3,31,2,2
2579,2579,万科城中楼层二次精装四房，通风好采光佳，户型方正,https://xm.lianjia.com/ershoufang/105105806080.html,345,27064,19,4室2厅1厨2卫,['中楼层/共35层'],南,['平层/精装'],127.48,2015,万科城一期,海沧,马銮湾东,1,三梯六户,2020/11/17,2015/9/10,平层,精装,2,35,3,6
2580,2580,永升彩虹花园二期  南北 中间楼层 交通便利 江头,https://xm.lianjia.com/ershoufang/105110047647.html,550,44582,3,3室2厅1厨2卫,['中楼层/共9层'],西南,['平层/简装'],123.37,1999,永升彩虹花园,湖里,金尚,0,零梯零户,2022/3/14,2022/4/12,平层,简装,2,9,0,0
2581,2581,带电梯，框架结构，改好了三房，看大中庭花园，户型好,https://xm.lianjia.com/ershoufang/105116586595.html,326,45781,0,3室1厅1厨1卫,['高楼层/共8层'],南,['平层/精装'],71.21,1998,金尚小区,湖里,金尚,1,一梯两户,2024/4/5,2020/12/18,平层,精装,3,8,1,2
2582,2582,世茂璀璨天城一期 3室1厅 东 南 北,https://xm.lianjia.com/ershoufang/105115093278.html,680,47443,0,3室1厅1厨3卫,['低楼层/共33层'],东,['跃层/精装'],143.33,2018,世茂璀璨天城一期,集美,集美新城,1,两梯八户,2023/10/18,2020/5/1,跃层,精装,1,33,2,8
2583,2583,本房满两年采光充足视野宽阔拎包入住楼层好,https://xm.lianjia.com/ershoufang/105113614497.html,398,44218,0,2室1厅1厨2卫,['中楼层/共18层'],南,['平层/精装'],90.01,2011,绿苑新城一组团,海沧,滨海社区,1,两梯四户,2023/5/9,2020/9/27,平层,精装,2,18,2,4
2584,2584,此房 是居家装修，楼层好，户型方正,https://xm.lianjia.com/ershoufang/105113830366.html,201,27403,0,2室1厅1厨1卫,['低楼层/共6层'],南,['平层/精装'],73.35,2003,长欣花园,海沧,海沧生活区,0,零梯零户,2023/5/30,2021/4/19,平层,精装,1,6,0,0
2585,2585,金象二期高层 通透 可看湖景 安静 配套齐全 生活便利,https://xm.lianjia.com/ershoufang/105115021061.html,1038,79086,1,3室2厅1厨2卫,['高楼层/共29层'],北,['平层/精装'],131.25,2007,金象嘉园,思明,禾祥东路,1,两梯四户,2023/10/11,2015/6/23,平层,精装,3,29,2,4
2586,2586,维多利亚精装修4房，高层景观房！,https://xm.lianjia.com/ershoufang/105110140321.html,783,45903,12,4室2厅1厨2卫,['中楼层/共32层'],南,['平层/精装'],170.58,2011,海晟维多利亚,海沧,滨海社区,1,三梯四户,2022/3/27,2018/5/30,平层,精装,2,32,3,4
2587,2587,集美新城 精装修小三房 业主诚意出售,https://xm.lianjia.com/ershoufang/105114186707.html,270,29700,4,3室2厅1厨1卫,['中楼层/共19层'],南,['平层/精装'],90.91,2020,恒大帝景,集美,集美新城,1,两梯四户,2023/7/8,2021/10/19,平层,精装,2,19,2,4
2588,2588,采光充足，南北通透，产权满二税费少，高层看海,https://xm.lianjia.com/ershoufang/105108865901.html,397,28364,80,3室2厅1厨2卫,['中楼层/共29层'],南,['平层/毛坯'],139.97,2017,国贸商城同悦,集美,集美其它,1,两梯四户,2021/9/27,2018/11/13,平层,毛坯,2,29,2,4
2589,2589,滨北 共和大厦 精装大三房 精装修 拎包入住 中间楼层,https://xm.lianjia.com/ershoufang/105115226092.html,598,46523,1,3室1厅1厨2卫,['中楼层/共9层'],西北,['平层/精装'],128.54,2000,共和大厦,思明,七星路,0,零梯零户,2023/11/2,2023/2/10,平层,精装,2,9,0,0
2590,2590,中海品质精装大三房，双BRT快线，地铁双线，一级企业资,https://xm.lianjia.com/ershoufang/105110948985.html,190,21710,0,3室1厅1厨1卫,['高楼层/共24层'],东南,['平层/精装'],87.52,2016,中海万锦熙岸,同安,环东海域,1,两梯六户,2022/7/9,2021/2/23,平层,精装,3,24,2,6
2591,2591,此房满五年 南北通透  视野宽阔  采光充足,https://xm.lianjia.com/ershoufang/105111100959.html,410,68254,0,2室1厅1厨1卫,['高楼层/共8层'],南,['平层/简装'],60.07,1990,莲岳里小区西区,思明,松柏,0,零梯零户,2022/7/28,2008/5/26,平层,简装,3,8,0,0
2592,2592,金秋豪园 白鹭洲 筼筜湖 高层看湖 满五年,https://xm.lianjia.com/ershoufang/105113987207.html,1655,89315,0,4室2厅1厨2卫,['高楼层/共30层'],西南,['平层/精装'],185.3,2000,金秋豪园,思明,白鹭洲,1,两梯四户,2023/6/14,2004/5/11,平层,精装,3,30,2,4
2593,2593,龙湖春江郦城 高品质小区 龙湖物业 适合自住,https://xm.lianjia.com/ershoufang/105113664114.html,366,37908,0,4室2厅1厨2卫,['低楼层/共33层'],南,['跃层/简装'],96.55,2016,龙湖春江郦城一期,集美,杏北,1,两梯六户,2023/5/13,2018/2/3,跃层,简装,1,33,2,6
2594,2594,集美新城 龙湖品质 近地铁 高层采光好 实用面积大。,https://xm.lianjia.com/ershoufang/105111601596.html,415,42736,0,4室2厅1厨2卫,['中楼层/共33层'],南,['复式/毛坯'],97.11,2017,龙湖春江郦城二期,集美,杏北,1,两梯六户,2022/9/24,2018/12/31,复式,毛坯,2,33,2,6
2595,2595,水晶湖郡方正标准景观大四房诚意出售,https://xm.lianjia.com/ershoufang/105112771769.html,650,45849,1,4室2厅1厨2卫,['中楼层/共30层'],南,['平层/精装'],141.77,2014,住宅·水晶湖郡,集美,集美新城,1,两梯三户,2023/2/23,2016/8/19,平层,精装,2,30,2,3
2596,2596,复式四房.采光好，环境优美.视野好,https://xm.lianjia.com/ershoufang/105115890498.html,286,30605,0,3室2厅1厨3卫,['高楼层/共33层'],南,['复式/毛坯'],93.45,-1,首开龙湖璟宸府,翔安,新店,1,四梯十二户,2024/1/17,2022/6/26,复式,毛坯,3,33,4,12
2597,2597,封闭式小区，管理安全，靠湖一排，南北通透，看房方便,https://xm.lianjia.com/ershoufang/105111524964.html,388,71285,0,1室1厅1厨1卫,['中楼层/共6层'],南,['平层/简装'],54.43,1986,槟榔西里(单号),思明,槟榔,0,零梯零户,2022/9/16,2023/7/11,平层,简装,2,6,0,0
2598,2598,1楼 门口有300平可以自己用，这种房子比较 少,https://xm.lianjia.com/ershoufang/105113168215.html,345,38372,0,3室2厅1厨1卫,['低楼层/共16层'],东南,['平层/精装'],89.91,2014,中骏四季阳光,集美,厦门北站商业区,1,两梯四户,2023/3/28,2017/3/15,平层,精装,1,16,2,4
2599,2599,房子位于东渡商检车站旁边交通方便,https://xm.lianjia.com/ershoufang/105114623637.html,725,42923,0,5室2厅1厨2卫,['中楼层/共32层'],东,['平层/简装'],168.91,2010,都市港湾,湖里,东渡,1,三梯五户,2023/8/26,2013/1/25,平层,简装,2,32,3,5
2600,2600,客厅带阳台朝南 采光很好，小2房低总价 低首付,https://xm.lianjia.com/ershoufang/105114885102.html,140,23311,1,2室2厅1厨1卫,['中楼层/共18层'],南,['平层/精装'],60.06,2014,首开领翔花郡,翔安,新店,1,两梯四户,2023/9/23,2015/12/29,平层,精装,2,18,2,4
2601,2601,地铁口，精装修两房 电梯 满五 高楼层 可直接拎包入住,https://xm.lianjia.com/ershoufang/105106516025.html,255,49266,178,2室1厅1厨1卫,['高楼层/共17层'],西,['平层/简装'],51.76,2000,中环花园,湖里,江头,1,两梯十八户,2021/3/2,2013/5/10,平层,简装,3,17,2,18
2602,2602,此房满五年，精装大两房，可拎包入住，中间楼层，宜居,https://xm.lianjia.com/ershoufang/105111631664.html,165,27820,0,2室1厅1厨1卫,['低楼层/共16层'],北,['平层/精装'],59.31,2010,汇景新城中心,翔安,新店,1,两梯六户,2022/9/27,2016/3/31,平层,精装,1,16,2,6
2603,2603,马銮湾三地铁交汇处毛坯中叠北入户花园,https://xm.lianjia.com/ershoufang/105115224831.html,450,37721,1,4室2厅1厨3卫,['中楼层/共6层'],南,['复式/毛坯'],119.3,2017,首开龙湖春江彼岸一期,海沧,马銮湾中心片区,0,零梯零户,2023/11/2,2019/7/11,复式,毛坯,2,6,0,0
2604,2604,高层精装三房，业主自住，视野开阔，采光好,https://xm.lianjia.com/ershoufang/105116127117.html,245,19376,1,3室2厅1厨2卫,['高楼层/共16层'],南,['平层/精装'],126.45,2013,中骏蓝湾尚都,翔安,马巷,1,两梯四户,2024/2/25,2013/11/26,平层,精装,3,16,2,4
2605,2605,杏林桥头越式3层独立使用天台朝南看海诚意出售房方便,https://xm.lianjia.com/ershoufang/105113720412.html,1039,80781,0,6室3厅1厨4卫,['高楼层/共42层'],南,['跃层/精装'],128.62,2014,万科金域华府二期,集美,杏林桥头,1,三梯三户,2023/5/18,2021/3/3,跃层,精装,3,42,3,3
2606,2606,森林海  精装三房  房东诚意出售,https://xm.lianjia.com/ershoufang/105112002255.html,240,27286,0,3室2厅1厨1卫,['低楼层/共34层'],南,['平层/精装'],87.96,2019,欣盛丰森林海,同安,环东海域,1,两梯四户,2022/11/10,2020/11/16,平层,精装,1,34,2,4
2607,2607,绿苑新城   高层看海  四房  空户,https://xm.lianjia.com/ershoufang/105104299272.html,631,53398,43,4室2厅1厨2卫,['中楼层/共32层'],东南,['平层/简装'],118.17,2014,绿苑新城三组团,海沧,滨海社区,1,两梯四户,2020/5/8,2017/10/5,平层,简装,2,32,2,4
2608,2608,总价低.单价低南北通透标准大三房,https://xm.lianjia.com/ershoufang/105111478146.html,310,23188,2,3室2厅1厨2卫,['中楼层/共18层'],南,['平层/精装'],133.69,2008,未来橙堡,海沧,海沧体育中心,1,两梯四户,2022/9/11,2020/11/23,平层,精装,2,18,2,4
2609,2609,吕岭花园 拎包入住大两房 框架结构 格局方正 交通便利,https://xm.lianjia.com/ershoufang/105114058800.html,329,37978,0,2室2厅1厨1卫,['中楼层/共8层'],东,['平层/精装'],86.63,1996,吕岭花园,湖里,金尚,0,零梯零户,2023/6/23,2005/10/26,平层,精装,2,8,0,0
2610,2610,台湾街南北通透，交通便利，银行，江头公园一却都有。,https://xm.lianjia.com/ershoufang/105109913349.html,318,46302,17,2室1厅1厨1卫,['中楼层/共8层'],南,['平层/简装'],68.68,1993,江头工商局宿舍,湖里,江头,0,零梯零户,2022/2/28,2015/4/23,平层,简装,2,8,0,0
2611,2611,火车站新盘海峡国际天璟开发商精装三房,https://xm.lianjia.com/ershoufang/105110726129.html,760,61123,5,3室2厅1厨1卫,['中楼层/共47层'],东,['平层/精装'],124.34,2018,海峡国际天璟,思明,火车站,1,三梯三户,2022/6/11,2019/1/31,平层,精装,2,47,3,3
2612,2612,槟榔正规三房 三开间朝南 格局好 户型方正,https://xm.lianjia.com/ershoufang/105111336248.html,598,54364,3,3室1厅1厨2卫,['中楼层/共9层'],南,['平层/简装'],110,1998,福津大街（凤屿路450-468号）,思明,槟榔,0,零梯零户,2022/8/25,1996/6/25,平层,简装,2,9,0,0
2613,2613,杏林华铃花园看中庭户型精装两房，朝南全明户型。,https://xm.lianjia.com/ershoufang/105112068799.html,174,29005,8,2室1厅1厨1卫,['低楼层/共18层'],南,['平层/精装'],59.99,2014,华铃花园,集美,杏东,1,两梯四户,2022/11/18,2020/2/20,平层,精装,1,18,2,4
2614,2614,福洋花园 温馨三房中间楼层 税收少诚意出售看房子方便,https://xm.lianjia.com/ershoufang/105116161028.html,420,39616,0,3室1厅1厨2卫,['中楼层/共6层'],南,['平层/精装'],106.02,2003,福洋花园,湖里,江头,0,零梯零户,2024/2/27,2019/9/29,平层,精装,2,6,0,0
2615,2615,思北 高层 朝南小户型 31平 落地全海景,https://xm.lianjia.com/ershoufang/105112381842.html,285,90534,0,1室1厅1厨1卫,['高楼层/共31层'],南,['平层/简装'],31.48,2004,源通中心,思明,思北,1,六梯十七户,2023/1/4,2009/7/7,平层,简装,3,31,6,17
2616,2616,健康楼层，采光通风俱佳。装修直接拎包入住,https://xm.lianjia.com/ershoufang/105113290594.html,518,62712,1,3室3厅1厨2卫,['低楼层/共7层'],南,['平层/精装'],82.6,2005,东坪山庄,思明,火车站,0,零梯零户,2023/4/8,2020/1/27,平层,精装,1,7,0,0
2617,2617,金榜公园 万象城 电梯小户型 封闭式小区 出行便利,https://xm.lianjia.com/ershoufang/105114129668.html,230,61236,0,1室1厅1厨1卫,['高楼层/共13层'],北,['平层/精装'],37.56,2003,紫荆园,思明,火车站,1,两梯二十二户,2023/7/1,2019/11/8,平层,精装,3,13,2,22
2618,2618,儿童公园旁 三层楼中楼 八房四卫 带露台 距地铁口近,https://xm.lianjia.com/ershoufang/105114953105.html,350,24408,1,3室1厅1厨2卫,['高楼层/共7层'],南,['跃层/精装'],143.4,2004,湖景华庭,海沧,海沧生活区,0,零梯零户,2023/10/3,2021/3/10,跃层,精装,3,7,0,0
2619,2619,蓝水郡方正户型 采光好 配套齐全,https://xm.lianjia.com/ershoufang/105114928258.html,165,31039,0,1室1厅1厨1卫,['低楼层/共18层'],北,['平层/简装'],53.16,2008,未来海岸蓝水郡,海沧,海沧体育中心,1,两梯九户,2023/9/28,2013/6/25,平层,简装,1,18,2,9
2620,2620,温泉入户 直面看湖景 大平层4房 格局方正 业主诚售,https://xm.lianjia.com/ershoufang/105107749357.html,880,42029,7,4室2厅1厨3卫,['中楼层/共32层'],西南,['平层/毛坯'],209.38,2017,园博1号二期,集美,杏锦路,1,两梯两户,2021/6/26,2019/1/19,平层,毛坯,2,32,2,2
2621,2621,21年次新小区，地铁2号线，高楼层，精装修4房,https://xm.lianjia.com/ershoufang/105115813743.html,1060,70241,0,4室2厅1厨2卫,['中楼层/共19层'],南,['平层/精装'],150.91,2021,中骏天宸,湖里,枋湖,1,两梯三户,2024/1/8,2022/7/29,平层,精装,2,19,2,3
2622,2622,此房源诚意出售，东南朝向.无按揭，在蓝月湾S区,https://xm.lianjia.com/ershoufang/105107835864.html,259,22684,12,3室2厅1厨2卫,['低楼层/共29层'],东南,['平层/简装'],114.18,2007,未来海岸蓝月湾一期,海沧,未来海岸北师大,1,两梯四户,2021/7/4,2009/7/8,平层,简装,1,29,2,4
2623,2623,电梯 地铁社区  精装修 可以拎包入住  业主诚意出售,https://xm.lianjia.com/ershoufang/105114912569.html,288,28225,0,2室1厅1厨1卫,['低楼层/共45层'],南,['平层/精装'],102.04,2017,西雅图,海沧,海沧外国语片区,1,三梯四户,2023/9/26,2018/10/10,平层,精装,1,45,3,4
2624,2624,厦禾路复式楼中楼官邸大厦改上下两套朝南 电梯,https://xm.lianjia.com/ershoufang/105115016293.html,350,77042,0,2室2厅1厨2卫,['中楼层/共16层'],南,['跃层/简装'],45.43,2005,官邸大厦,思明,富山,1,六梯五十三户,2023/10/10,2018/10/19,跃层,简装,2,16,6,53
2625,2625,满五免个税，业主自住，电梯两梯八户小户型,https://xm.lianjia.com/ershoufang/105115058432.html,119,34176,0,1室0厅1厨1卫,['低楼层/共18层'],东,['平层/简装'],34.82,2008,未来海岸蓝水郡,海沧,海沧体育中心,1,两梯九户,2023/10/15,2011/1/28,平层,简装,1,18,2,9
2626,2626,2013年新小区，特房品质，居住环境优，满五年,https://xm.lianjia.com/ershoufang/105112726720.html,650,49262,3,4室2厅1厨2卫,['低楼层/共32层'],南,['平层/精装'],131.95,2013,特房山水尚座,湖里,万达广场,1,两梯两户,2023/2/19,2016/2/23,平层,精装,1,32,2,2
2627,2627,官邸挑高复式楼中楼，朝南精装两房 阳光光线充足,https://xm.lianjia.com/ershoufang/105116226782.html,395,89005,0,3室2厅2厨2卫,['低楼层/共16层'],东南,['跃层/简装'],44.38,2005,官邸大厦,思明,富山,1,六梯五十三户,2024/3/3,2021/11/29,跃层,简装,1,16,6,53
2628,2628,特房山水杰座电梯高层4房，南北通透,https://xm.lianjia.com/ershoufang/105111013036.html,1150,50978,1,4室2厅1厨3卫,['中楼层/共41层'],南,['平层/毛坯'],225.59,2015,特房山水杰座,湖里,万达广场,1,三梯两户,2022/7/17,2016/7/21,平层,毛坯,2,41,3,2
2629,2629,西雅图 地铁 看海景 高层 精装修 诚意卖,https://xm.lianjia.com/ershoufang/105116291599.html,280,27732,0,2室1厅1厨1卫,['高楼层/共45层'],南,['平层/精装'],100.97,2017,西雅图,海沧,海沧外国语片区,1,三梯四户,2024/3/9,2018/9/1,平层,精装,3,45,3,4
2630,2630,蓝湾半岛舒适大三房，可以看部分海景、交通方便,https://xm.lianjia.com/ershoufang/105113653753.html,628,45102,1,3室2厅1厨2卫,['中楼层/共18层'],南,['平层/精装'],139.24,2008,中骏蓝湾半岛,海沧,滨海社区,1,两梯三户,2023/5/12,2013/3/23,平层,精装,2,18,2,3
2631,2631,产权70年普通住宅，总价低，楼间距宽，治安好，..,https://xm.lianjia.com/ershoufang/105114617920.html,160,28777,0,2室1厅1厨1卫,['高楼层/共8层'],南,['平层/简装'],55.6,2001,沧翔路花园,海沧,海沧生活区,0,零梯零户,2023/8/25,2019/5/16,平层,简装,3,8,0,0
2632,2632,吕厝双地铁口，空户 南北通透 精装修，厅带阳台,https://xm.lianjia.com/ershoufang/105114948574.html,337,45938,0,2室2厅1厨1卫,['中楼层/共8层'],南,['平层/精装'],73.36,1996,江宁里,湖里,江头,0,零梯零户,2023/10/2,2017/2/24,平层,精装,2,8,0,0
2633,2633,水晶森林，使用面积大全明格局，视野好南北通,https://xm.lianjia.com/ershoufang/105111556124.html,1010,62671,0,4室2厅1厨2卫,['中楼层/共12层'],东南,['平层/精装'],161.16,2008,水晶森林一期,湖里,枋湖,1,两梯三户,2022/9/19,2015/3/4,平层,精装,2,12,2,3
2634,2634,莲坂富山电梯高层复式楼中楼边套两房出售,https://xm.lianjia.com/ershoufang/105114842965.html,490,92418,0,2室1厅1厨2卫,['中楼层/共17层'],西南,['复式/精装'],53.02,2008,城立方,思明,富山,1,两梯十九户,2023/9/19,2014/8/5,复式,精装,2,17,2,19
2635,2635,小崔推荐必属好房挑高户型全景高尔夫,https://xm.lianjia.com/ershoufang/105114995809.html,268,26485,2,3室3厅1厨1卫,['高楼层/共9层'],南,['平层/简装'],101.19,-1,东方高尔夫国际公寓,海沧,马銮湾东,1,两梯六户,2023/10/8,2015/2/26,平层,简装,3,9,2,6
2636,2636,天源精装大二房 看小区中庭 南向阳光好,https://xm.lianjia.com/ershoufang/105115861410.html,375,38601,0,2室2厅1厨1卫,['低楼层/共30层'],南,['平层/精装'],97.15,2016,海投天源,海沧,海沧体育中心,1,两梯四户,2024/1/14,2017/1/5,平层,精装,1,30,2,4
2637,2637,建发 绿家园 万象城地铁1号线 电梯中楼层 4房 南北,https://xm.lianjia.com/ershoufang/105116105485.html,998,69693,2,4室2厅1厨2卫,['中楼层/共17层'],东南,['平层/精装'],143.2,2004,绿家园,思明,富山,1,一梯两户,2024/2/23,2015/9/23,平层,精装,2,17,1,2
2638,2638,火车站莲坂，封闭式花园小区，裕康花园，南北3房急售,https://xm.lianjia.com/ershoufang/105115874212.html,438,45333,3,3室1厅1厨2卫,['低楼层/共7层'],南,['简装'],96.62,1995,裕康花园,思明,富山,0,零梯零户,2024/1/15,2017/5/16,简装,,1,7,0,0
2639,2639,精装正规三房总价低 生活便利 户型通透,https://xm.lianjia.com/ershoufang/105113209328.html,580,43943,1,4室2厅1厨2卫,['高楼层/共33层'],南,['平层/精装'],131.99,2022,中交国贸鹭原,集美,杏北,1,两梯四户,2023/3/31,2023/2/22,平层,精装,3,33,2,4
2640,2640,滨北2号地铁口 2017次新房 酒店式社区 经典房型,https://xm.lianjia.com/ershoufang/105116150803.html,610,77177,0,1室1厅1厨1卫,['低楼层/共39层'],东南,['平层/精装'],79.04,2016,信和银湖天峰,思明,市政府,1,七梯二十三户,2024/2/27,2017/10/31,平层,精装,1,39,7,23
2641,2641,江头公园旁南北边套户型东南北三面采光,https://xm.lianjia.com/ershoufang/105116631168.html,435,48152,0,3室2厅1厨1卫,['高楼层/共7层'],南,['平层/简装'],90.34,1994,华成花园,湖里,江头,0,零梯零户,2024/4/9,2009/3/30,平层,简装,3,7,0,0
2642,2642,天湖新上 精装修大三房 连廊大阳台 朝南 采光好无遮挡,https://xm.lianjia.com/ershoufang/105116518288.html,366,27208,0,3室1厅1厨2卫,['低楼层/共30层'],南,['平层/精装'],134.52,2012,天湖城,海沧,海沧区政府,1,两梯四户,2024/3/29,2021/12/24,平层,精装,1,30,2,4
2643,2643,罗宾森旁 凯旋广场  电梯三房  拎包入住,https://xm.lianjia.com/ershoufang/105113926913.html,575,59524,0,3室2厅1厨1卫,['中楼层/共25层'],东,['平层/精装'],96.6,1999,凯旋广场,思明,火车站,1,两梯八户,2023/6/8,2018/6/13,平层,精装,2,25,2,8
2644,2644,高层海景房 南北双阳台，精装，视野无遮挡,https://xm.lianjia.com/ershoufang/105113181704.html,920,62573,2,3室2厅1厨2卫,['高楼层/共31层'],南,['平层/精装'],147.03,2000,江山帝景,思明,会展中心,1,十梯十一户,2023/3/29,2008/3/27,平层,精装,3,31,10,11
2645,2645,源昌宝墅湾 高层精装大4房  自住装修,https://xm.lianjia.com/ershoufang/105114265499.html,1290,89921,0,4室2厅1厨3卫,['中楼层/共17层'],南,['复式/精装'],143.46,2013,源昌宝墅湾,湖里,五缘湾,1,一梯两户,2023/7/17,2017/6/27,复式,精装,2,17,1,2
2646,2646,龙湖春江郦城高楼层复式满二业主稳定出售,https://xm.lianjia.com/ershoufang/105104841011.html,390,40054,42,4室2厅1厨2卫,['高楼层/共33层'],东南,['跃层/毛坯'],97.37,2017,龙湖春江郦城一期,集美,杏北,1,两梯六户,2020/7/15,2018/3/16,跃层,毛坯,3,33,2,6
2647,2647,此房海城花园  省优大同  花园小区,https://xm.lianjia.com/ershoufang/105104143687.html,560,70627,20,2室1厅1厨1卫,['高楼层/共7层'],西,['平层/简装'],79.29,1998,海城花园,思明,思北,0,零梯零户,2020/4/20,,平层,简装,3,7,0,0
2648,2648,明厨明卫，客厅朝南，南北通透，拎包入住3房。,https://xm.lianjia.com/ershoufang/105113251251.html,252,29096,0,3室2厅1厨1卫,['低楼层/共7层'],东南,['平层/简装'],86.61,2000,海福广场小区,海沧,海沧生活区,0,零梯零户,2023/4/4,2009/10/23,平层,简装,1,7,0,0
2649,2649,思北小门口 带沿街店面 使用4层,https://xm.lianjia.com/ershoufang/105109663539.html,550,89577,9,3室1厅1厨3卫,['低楼层/共3层'],东,['复式/简装'],61.4,-1,思明东路,思明,中山路,0,零梯零户,2022/1/13,2007/2/15,复式,简装,1,3,0,0
2650,2650,万达广场低总价，B区中楼层朝南户型通风采光好,https://xm.lianjia.com/ershoufang/105111056946.html,65,14804,2,1室1厅1厨1卫,['中楼层/共31层'],南,['平层/精装'],43.91,2012,万达广场,湖里,万达广场,1,四梯十七户,2022/7/22,2017/3/28,平层,精装,2,31,4,17
2651,2651,大三房，南北，全明，不沿街，百万精装。,https://xm.lianjia.com/ershoufang/105112256725.html,680,59960,0,3室1厅1厨2卫,['高楼层/共14层'],南,['平层/精装'],113.41,2008,碧湖嘉园,湖里,枋湖,1,两梯五户,2022/12/11,2021/1/8,平层,精装,3,14,2,5
2652,2652,海景房 边套户型，诚意售低总价，精装修 使用面积大,https://xm.lianjia.com/ershoufang/105114125275.html,368,31472,0,4室2厅1厨3卫,['中楼层/共33层'],南,['复式/精装'],116.93,-1,保利叁仟栋壹海里地块一,同安,环东海域,1,两梯八户,2023/7/1,2021/8/17,复式,精装,2,33,2,8
2653,2653,银福小区 4室3厅 东南 南,https://xm.lianjia.com/ershoufang/105113552129.html,328,11988,0,4室3厅1厨3卫,['中楼层/共8层'],东南,['跃层/毛坯'],273.62,-1,银福小区,同安,同安其它,0,零梯零户,2023/5/3,2021/4/6,跃层,毛坯,2,8,0,0
2654,2654,建发品质，绿家园经典2+1房，有露台,https://xm.lianjia.com/ershoufang/105115226828.html,630,63675,1,3室1厅1厨1卫,['高楼层/共7层'],东,['平层/精装'],98.94,2004,绿家园,思明,富山,0,零梯零户,2023/11/2,2005/2/2,平层,精装,3,7,0,0
2655,2655,海沧区政府，电梯楼中楼，高使用率,https://xm.lianjia.com/ershoufang/105114555117.html,728,34177,0,4室2厅1厨2卫,['高楼层/共18层'],东南,['复式/毛坯'],213.01,2007,广场湖畔花园,海沧,海沧外国语片区,1,一梯四户,2023/8/18,2020/5/19,复式,毛坯,3,18,1,4
2668,2668,老房子可以翻建.实际面积大.上下两层,https://xm.lianjia.com/ershoufang/105110341323.html,798,92127,2,8室4厅4厨8卫,['低楼层/共1层'],东南,['平层/简装'],86.62,1996,大埕巷,思明,中山路,0,零梯零户,2022/4/20,2009/10/22,平层,简装,1,1,0,0
2669,2669,正规3房，总价低，适合三代人居住，交通便利。,https://xm.lianjia.com/ershoufang/105110024543.html,498,40813,2,3室2厅1厨2卫,['高楼层/共33层'],东,['平层/其他'],122.02,1999,国联大厦,湖里,江头,1,三梯八户,2022/3/11,2007/7/4,平层,其他,3,33,3,8
2670,2670,美地好房看过来  业主急卖看房方便,https://xm.lianjia.com/ershoufang/105112711182.html,175,23484,0,2室2厅1厨1卫,['中楼层/共26层'],南,['平层/精装'],74.52,2013,美地雅登祥吴六里,翔安,新店,1,两梯四户,2023/2/18,2019/4/16,平层,精装,2,26,2,4
2671,2671,湖里枋湖联发欣悦园大2房  南北通透 全明格局,https://xm.lianjia.com/ershoufang/105110552006.html,480,53885,2,2室2厅1厨1卫,['低楼层/共12层'],南,['平层/精装'],89.08,2012,联发欣悦园,湖里,枋湖,1,一梯四户,2022/5/19,2014/6/6,平层,精装,1,12,1,4
2672,2672,米兰春天 精装两室 全新欧式风格 看房基本随时,https://xm.lianjia.com/ershoufang/105113675314.html,430,62139,0,2室1厅1厨1卫,['低楼层/共28层'],东,['平层/精装'],69.2,2009,米兰春天,思明,七星路,1,三梯八户,2023/5/14,2023/5/15,平层,精装,1,28,3,8
2673,2673,五缘湾 新景国际外滩，高层视野开阔，采光好,https://xm.lianjia.com/ershoufang/105112957407.html,1380,126490,0,5室2厅1厨3卫,['中楼层/共16层'],南,['平层/简装'],109.1,2014,新景国际外滩,湖里,五缘湾,1,两梯四户,2023/3/10,2018/1/31,平层,简装,2,16,2,4
2674,2674,满五，东南向两房，中间楼层，采光通风好，看房方便,https://xm.lianjia.com/ershoufang/105114633751.html,270,33052,0,2室2厅1厨2卫,['中楼层/共18层'],东,['平层/简装'],81.69,2005,未来海岸蓝水郡,海沧,海沧体育中心,1,两梯四户,2023/8/27,2010/6/11,平层,简装,2,18,2,4
2675,2675,户型方正，高层视线良好，诚心出售，全明格局,https://xm.lianjia.com/ershoufang/105109030239.html,596,44772,2,3室2厅1厨2卫,['中楼层/共26层'],南,['平层/简装'],133.12,2014,绿苑新城三组团,海沧,滨海社区,1,两梯三户,2021/10/17,2020/12/24,平层,简装,2,26,2,3
2676,2676,产权满五免个税 楼层好 通透双阳台，采光通风好,https://xm.lianjia.com/ershoufang/105115311313.html,210,23404,1,2室2厅1厨1卫,['高楼层/共6层'],南,['平层/简装'],89.73,2004,金龙商城二期,海沧,海沧生活区,0,零梯零户,2023/11/12,2016/9/7,平层,简装,3,6,0,0
2677,2677,斗西路 光明大厦 精装4房 朝南 格局好,https://xm.lianjia.com/ershoufang/105116166959.html,1050,65214,0,4室2厅1厨3卫,['中楼层/共36层'],东南,['平层/精装'],161.01,2002,光明大厦,思明,斗西路,1,三梯七户,2024/2/28,2022/3/3,平层,精装,2,36,3,7
2678,2678,满五，高层朝南大阳台 精装拎包入住，明厨明卫,https://xm.lianjia.com/ershoufang/105115848544.html,1700,71169,1,6室2厅1厨4卫,['高楼层/共31层'],东,['复式/精装'],238.87,2007,南湖中祥大厦,思明,槟榔,1,两梯三户,2024/1/12,2009/3/13,复式,精装,3,31,2,3
2679,2679,鹭槟大厦 1室0厅 西 西南,https://xm.lianjia.com/ershoufang/105114821720.html,188,47740,1,1室0厅1厨1卫,['中楼层/共31层'],西,['平层/简装'],39.38,2004,鹭槟大厦,湖里,邮轮城,1,三梯二十三户,2023/9/16,2021/2/1,平层,简装,2,31,3,23
2680,2680,南北通透全明两房，低总价格，拎包入住 停车方便,https://xm.lianjia.com/ershoufang/105116123817.html,272,42801,1,2室1厅1厨1卫,['高楼层/共7层'],南,['平层/精装'],63.55,2000,和通新村,湖里,东渡,0,零梯零户,2024/2/24,2020/5/22,平层,精装,3,7,0,0
2681,2681,低总价三房  全明结构 花园小区,https://xm.lianjia.com/ershoufang/105112788587.html,500,63005,1,3室2厅1厨1卫,['中楼层/共5层'],东,['平层/简装'],79.36,2003,自然家园,思明,火车站,0,零梯零户,2023/2/24,2003/6/28,平层,简装,2,5,0,0
2682,2682,花园小区 电梯中层两套合成一套三房二厅二卫免个税,https://xm.lianjia.com/ershoufang/105111672828.html,660,67067,1,3室2厅1厨2卫,['中楼层/共12层'],南,['平层/简装'],98.41,2002,假日花园,思明,火车站,1,一梯三户,2022/10/3,2006/4/17,平层,简装,2,12,1,3
2683,2683,加州海岸 正规大三房 高层看湖海双璟 板式结构,https://xm.lianjia.com/ershoufang/105107269648.html,496,37639,8,3室2厅2厨2卫,['高楼层/共18层'],东南,['平层/毛坯'],131.78,2007,加州海岸,海沧,海沧生活区,1,两梯两户,2021/5/9,2022/7/11,平层,毛坯,3,18,2,2
2684,2684,火车站华星大厦电梯高层正规三房朝南全明户型阳光很好,https://xm.lianjia.com/ershoufang/105111817883.html,449,50168,0,3室2厅1厨1卫,['高楼层/共28层'],东北,['平层/精装'],89.5,1993,华星大厦,思明,火车站,1,五梯十三户,2022/10/20,2015/7/6,平层,精装,3,28,5,13
2685,2685,有钥匙看房随时可以朝南3房2厅,https://xm.lianjia.com/ershoufang/105109036337.html,310,31159,18,3室2厅1厨1卫,['低楼层/共12层'],南,['平层/精装'],99.49,2007,未来海岸蓝月湾二期,海沧,未来海岸北师大,1,一梯四户,2021/10/18,2013/5/31,平层,精装,1,12,1,4
2686,2686,湖边花园东区 高层两房 全明格局 视野开阔,https://xm.lianjia.com/ershoufang/105115910414.html,339,56491,0,2室1厅1厨1卫,['中楼层/共34层'],南,['平层/简装'],60.01,2011,湖边花园B区东区,湖里,湖边水库,1,两梯六户,2024/1/19,2018/5/1,平层,简装,2,34,2,6
2687,2687,中山路附 近 独栋私宅 精装四房 带大露台,https://xm.lianjia.com/ershoufang/105115456199.html,498,121820,5,4室2厅1厨2卫,['低楼层/共2层'],南,['跃层/精装'],40.88,-1,盐溪街,思明,实验小学及周边,0,零梯零户,2023/11/28,2021/1/1,跃层,精装,1,2,0,0
2688,2688,双地铁口  松柏 总价低 门口就是公园,https://xm.lianjia.com/ershoufang/105112915150.html,328,71027,0,1室0厅1厨1卫,['中楼层/共17层'],北,['平层/简装'],46.18,2010,宝华花园,思明,松柏,1,两梯八户,2023/3/6,2020/3/3,平层,简装,2,17,2,8
2689,2689,集美新城，莲花国际，边套通透户型,https://xm.lianjia.com/ershoufang/105114589292.html,358,30591,7,3室2厅1厨2卫,['中楼层/共16层'],东南,['平层/毛坯'],117.03,2019,莲花国际B区,集美,集美新城,1,两梯三户,2023/8/22,2023/5/22,平层,毛坯,2,16,2,3
2690,2690,龙湖春江郦城二期  边套视野采光好 地铁1号线杏锦站,https://xm.lianjia.com/ershoufang/105113135491.html,490,41685,0,4室2厅1厨3卫,['低楼层/共33层'],东南,['跃层/毛坯'],117.55,-1,龙湖春江郦城二期,集美,杏北,1,两梯六户,2023/3/25,2021/12/31,跃层,毛坯,1,33,2,6
2691,2691,厦禾路电梯挑高楼中楼 使用面积大 朝南全明采光空户,https://xm.lianjia.com/ershoufang/105113561251.html,342,73835,0,1室2厅1厨2卫,['低楼层/共16层'],南,['跃层/精装'],46.32,2005,官邸大厦,思明,富山,1,六梯五十三户,2023/5/4,2007/4/10,跃层,精装,1,16,6,53
2692,2692,火车站花园小区 电梯中层小户型 均价樶低 光线好空户,https://xm.lianjia.com/ershoufang/105114742792.html,232,66994,0,1室0厅1厨1卫,['中楼层/共13层'],西北,['平层/精装'],34.63,2000,紫荆园,思明,火车站,1,两梯二十二户,2023/9/8,2017/6/1,平层,精装,2,13,2,22
2693,2693,教育家门口，挑高6米，离岛内近，中间楼层,https://xm.lianjia.com/ershoufang/105116066213.html,285,22477,0,3室1厅1厨2卫,['中楼层/共37层'],东南,['跃层/毛坯'],126.8,2019,融侨观邸,海沧,马銮湾东,1,两梯五户,2024/2/20,2019/9/29,跃层,毛坯,2,37,2,5
2694,2694,裕发广场电梯朝南带大阳台位置好阳光充足空户拎包入住,https://xm.lianjia.com/ershoufang/105114161709.html,229,63931,0,1室1厅1厨1卫,['中楼层/共23层'],南,['平层/精装'],35.82,2004,裕发广场,思明,富山,1,三梯二十二户,2023/7/5,2003/6/9,平层,精装,2,23,3,22
2695,2695,万寿北路，南北朝向，正规2房，业主诚售,https://xm.lianjia.com/ershoufang/105114687012.html,338,59813,0,2室2厅1厨1卫,['中楼层/共7层'],南,['平层/精装'],56.51,1991,万寿北路,思明,文园路,0,零梯零户,2023/9/2,2015/7/29,平层,精装,2,7,0,0
2696,2696,高层视野看海景，使用面积近两层，动静分离,https://xm.lianjia.com/ershoufang/105109060008.html,330,38413,5,2室2厅2厨2卫,['高楼层/共27层'],东南,['平层/精装'],85.91,2010,泉水湾一期,集美,集美其它,1,两梯四户,2021/10/21,2010/9/16,平层,精装,3,27,2,4
2697,2697,火车站华星大厦电梯中高层三房采光好户型方正拎包入住,https://xm.lianjia.com/ershoufang/105115336855.html,340,47381,0,3室2厅1厨1卫,['中楼层/共28层'],东北,['平层/精装'],71.76,1993,华星大厦,思明,火车站,1,五梯十三户,2023/11/15,2014/11/17,平层,精装,2,28,5,13
2698,2698,建发品质 时尚国际08年 电梯高层 多一阳台 精装两房,https://xm.lianjia.com/ershoufang/105116182862.html,320,60733,0,2室1厅1厨1卫,['中楼层/共25层'],南,['平层/精装'],52.69,2008,时尚国际,思明,火车站,1,三梯十户,2024/2/29,2020/2/25,平层,精装,2,25,3,10
2699,2699,厦禾路花园小区朝南挑高楼中楼自住精装使用面积大空户,https://xm.lianjia.com/ershoufang/105115591973.html,750,82563,0,3室2厅1厨2卫,['中楼层/共11层'],南,['复式/精装'],90.84,2007,源昌商业中心,思明,富山,1,一梯七户,2023/12/12,2014/5/28,复式,精装,2,11,1,7
2700,2700,房源诚意出售，看房便利，视野好,https://xm.lianjia.com/ershoufang/105113662137.html,468,39837,0,4室2厅1厨2卫,['高楼层/共24层'],南,['平层/简装'],117.48,2010,泉水湾二期,集美,集美其它,1,两梯四户,2023/5/13,2014/3/20,平层,简装,3,24,2,4
2706,2706,五缘湾海景房 南北通透 拎包入住 高层 户型方正,https://xm.lianjia.com/ershoufang/105113438624.html,1800,93009,0,5室2厅1厨2卫,['中楼层/共16层'],南,['平层/精装'],193.53,2007,联发五缘湾1号,湖里,五缘湾,1,两梯两户,2023/4/21,2011/5/9,平层,精装,2,16,2,2
2707,2707,三源泓 好楼层  业主诚意价出售,https://xm.lianjia.com/ershoufang/105112819304.html,235,26287,0,2室1厅1厨1卫,['中楼层/共8层'],南,['平层/简装'],89.4,2005,三源弘,海沧,未来海岸北师大,0,零梯零户,2023/2/27,2015/1/8,平层,简装,2,8,0,0
2711,2711,都市华庭 1室1厅 东,https://xm.lianjia.com/ershoufang/105112586069.html,230,56623,0,1室1厅1厨1卫,['低楼层/共16层'],东,['平层/简装'],40.62,2002,都市华庭,湖里,江头,1,一梯八户,2023/2/8,2021/4/27,平层,简装,1,16,1,8
2717,2717,亿力悦海 两房 厅带阳台  格局方正  采光好,https://xm.lianjia.com/ershoufang/105116199292.html,530,81968,1,2室2厅1厨1卫,['低楼层/共13层'],西,['平层/简装'],64.66,2011,亿力悦海,湖里,五缘湾,1,两梯四户,2024/3/1,2016/6/27,平层,简装,1,13,2,4
2718,2718,品质小区，南北通 二次精装  可拎包入住。,https://xm.lianjia.com/ershoufang/105115594818.html,799,62859,11,3室2厅1厨2卫,['低楼层/共14层'],南,['平层/精装'],127.11,2014,国贸润园,湖里,五缘湾,1,两梯三户,2023/12/13,2017/2/2,平层,精装,1,14,2,3
2719,2719,地铁口 温馨两房 南北朝向 诚意出售 低首付,https://xm.lianjia.com/ershoufang/105116241019.html,199,34950,0,2室1厅1厨1卫,['高楼层/共7层'],南,['平层/简装'],56.94,1994,江浦南里,湖里,江头,0,零梯零户,2024/3/5,2021/12/6,平层,简装,3,7,0,0
2720,2720,豪+装5房，用270㎡，全盘高性+价+比房。,https://xm.lianjia.com/ershoufang/105115461518.html,998,74473,4,5室2厅1厨2卫,['低楼层/共17层'],南,['复式/精装'],134.01,2010,源昌鑫海湾,湖里,五缘湾,1,一梯两户,2023/11/28,2023/11/28,复式,精装,1,17,1,2
2721,2721,封闭式品质小区，满五年，南北通透精致小三房,https://xm.lianjia.com/ershoufang/105112762692.html,330,39569,0,3室2厅1厨1卫,['中楼层/共8层'],南,['平层/简装'],83.4,2005,新丰家园,湖里,东渡,0,零梯零户,2023/2/22,2020/6/30,平层,简装,2,8,0,0
2723,2723,双涵路口 挑高楼中楼买一层使用二层精装三房二卫空户,https://xm.lianjia.com/ershoufang/105111686281.html,388,78369,4,3室1厅1厨2卫,['低楼层/共16层'],西北,['跃层/精装'],49.51,2005,官邸大厦,思明,富山,1,六梯五十三户,2022/10/5,2021/1/6,跃层,精装,1,16,6,53
2730,2730,特房银溪温呢花园  精装大两房  海景房  房东诚意出售,https://xm.lianjia.com/ershoufang/105113452486.html,260,29640,0,2室2厅1厨1卫,['中楼层/共17层'],南,['平层/精装'],87.72,2018,特房银溪墅府温尼花园,翔安,环东海域,1,两梯四户,2023/4/22,2020/5/18,平层,精装,2,17,2,4
2731,2731,火车站，莲坂，富山，08年封闭小区，源昌打造品质小区,https://xm.lianjia.com/ershoufang/105113317903.html,516,77142,0,2室2厅1厨2卫,['中楼层/共11层'],东,['跃层/精装'],66.89,2007,源昌商业中心,思明,富山,1,一梯七户,2023/4/10,2008/10/21,跃层,精装,2,11,1,7
2732,2732,滨海上城，原版格局无改，现在欲望出售全天采光,https://xm.lianjia.com/ershoufang/105112996463.html,380,41837,0,2室2厅1厨1卫,['高楼层/共18层'],东南,['平层/精装'],90.83,2007,泉舜滨海上城,海沧,滨海社区,1,两梯六户,2023/3/13,2015/11/13,平层,精装,3,18,2,6
2733,2733,水晶森林+花园入户+格局方正+全明格局,https://xm.lianjia.com/ershoufang/105113633739.html,440,53256,3,2室2厅1厨2卫,['低楼层/共12层'],东,['平层/精装'],82.62,2009,水晶森林二期,湖里,枋湖,1,两梯八户,2023/5/10,2011/3/2,平层,精装,1,12,2,8
2740,2740,近集美桥头嘉庚体育馆 楼层好户型好 视野宽阔,https://xm.lianjia.com/ershoufang/105113949535.html,239,20046,1,4室2厅1厨2卫,['中楼层/共35层'],南,['平层/毛坯'],119.23,2012,禹洲大学城,同安,集美其它,1,三梯六户,2023/6/10,2013/9/9,平层,毛坯,2,35,3,6
2741,2741,莲坂，湖滨南路，宝福大厦，电梯高层，639万，大三房,https://xm.lianjia.com/ershoufang/105110071683.html,618,56828,5,3室2厅1厨2卫,['高楼层/共34层'],东,['平层/精装'],108.75,1994,宝福大厦,思明,莲坂,1,三梯六户,2022/3/18,1997/1/3,平层,精装,3,34,3,6
2742,2742,世茂璀璨天城一期 复式三房两卫 楼下带房间,https://xm.lianjia.com/ershoufang/105116619806.html,360,42423,1,3室2厅1厨2卫,['低楼层/共33层'],南,['跃层/精装'],84.86,2018,世茂璀璨天城一期,集美,集美新城,1,两梯八户,2024/4/8,2021/5/10,跃层,精装,1,33,2,8
2743,2743,轮船宿舍小区大3房边角套 温馨光线好 带天台 独立用,https://xm.lianjia.com/ershoufang/105108400900.html,542,67363,72,3室1厅1厨1卫,['高楼层/共8层'],南,['平层/精装'],80.46,1989,轮船宿舍,思明,斗西路,0,零梯零户,2021/8/16,2015/3/30,平层,精装,3,8,0,0
2744,2744,火车站世贸国际 地铁口 精装1房满五业主诚意出售,https://xm.lianjia.com/ershoufang/105109172166.html,264,56099,0,1室1厅1厨1卫,['低楼层/共49层'],东,['平层/简装'],47.06,2008,禹洲世贸商城思明,思明,火车站,1,五梯二十六户,2021/11/3,2015/11/27,平层,简装,1,49,5,26
2745,2745,莲坂龙辉花园大三房中间楼层双阳台双卫,https://xm.lianjia.com/ershoufang/105107813451.html,615,49279,8,3室2厅1厨2卫,['中楼层/共8层'],南,['平层/简装'],124.8,2001,龙辉花园,思明,火车站,0,零梯零户,2021/7/2,2013/3/29,平层,简装,2,8,0,0
2746,2746,地铁口，自带五千每平方精装修，2018年楼盘，电梯高层,https://xm.lianjia.com/ershoufang/105102528441.html,1270,80289,13,3室2厅2厨2卫,['高楼层/共59层'],东南,['平层/精装'],158.18,2018,海峡国际天璟,思明,火车站,1,一梯三户,2019/6/14,2019/2/2,平层,精装,3,59,1,3
2747,2747,区政府旁，拎包入住，客厅带阳台,https://xm.lianjia.com/ershoufang/105110640873.html,148,17188,7,2室2厅1厨1卫,['高楼层/共40层'],南,['平层/精装'],86.11,2016,首开领翔上郡一期,翔安,新店,1,两梯四户,2022/5/31,2018/4/2,平层,精装,3,40,2,4
2748,2748,3房朝南 采光好 顶层天台方便使用,https://xm.lianjia.com/ershoufang/105108751723.html,383,46943,49,3室2厅1厨1卫,['高楼层/共7层'],北,['平层/简装'],81.59,-1,仙岳东村,思明,仙岳社区,0,零梯零户,2021/9/14,2005/6/27,平层,简装,3,7,0,0
2749,2749,岛内松柏地铁口单身公寓，带阳台,https://xm.lianjia.com/ershoufang/105115348119.html,325,66845,0,1室1厅1厨1卫,['低楼层/共31层'],南,['平层/简装'],48.62,2003,天宝大厦,思明,松柏,1,三梯二十八户,2023/11/16,2011/8/22,平层,简装,1,31,3,28
2750,2750,2号线地铁口 地铁小二房 朝南 采光好视野好,https://xm.lianjia.com/ershoufang/105115224759.html,155,30028,0,2室1厅1厨1卫,['低楼层/共32层'],南,['平层/简装'],51.62,2013,海银大厦,海沧,海沧生活区,1,三梯十一户,2023/11/2,2017/3/30,平层,简装,1,32,3,11
2751,2751,莲花五村龙华里 两卧朝南 全明 满五年,https://xm.lianjia.com/ershoufang/105111571484.html,380,56768,0,2室1厅1厨1卫,['高楼层/共6层'],南,['平层/精装'],66.94,1996,龙华里,思明,莲花,0,零梯零户,2022/9/21,2002/11/21,平层,精装,3,6,0,0
2752,2752,精装东南边套小复式，两面大玻璃采光，可看湾景,https://xm.lianjia.com/ershoufang/105108788846.html,117,24534,6,1室1厅0厨1卫,['低楼层/共26层'],东,['平层/精装'],47.69,2015,大唐五缘yoho,湖里,五缘湾,1,四梯十七户,2021/9/18,2016/9/18,平层,精装,1,26,4,17
2753,2753,刚需电梯小两房，看小区中庭，首付不高,https://xm.lianjia.com/ershoufang/105110247267.html,130,24142,1,2室1厅1厨1卫,['高楼层/共11层'],东南,['平层/简装'],53.85,2011,彩虹湾,同安,环东海域,1,三梯四户,2022/4/10,2016/5/1,平层,简装,3,11,3,4
2754,2754,比邻海沧生活区，交通便利，社区大,https://xm.lianjia.com/ershoufang/105112158052.html,208,22981,0,3室2厅1厨1卫,['中楼层/共17层'],东南,['平层/精装'],90.51,2019,海投自贸城,海沧,角嵩路,0,零梯零户,2022/11/29,2020/10/15,平层,精装,2,17,0,0
2755,2755,地铁口旁 精装修 中间楼层 满五 房东诚售 交通便捷,https://xm.lianjia.com/ershoufang/105116225971.html,212,24492,2,3室1厅1厨1卫,['中楼层/共6层'],南,['平层/精装'],86.56,1995,海沧生活区一小区,海沧,海沧生活区,0,零梯零户,2024/3/3,2019/3/4,平层,精装,2,6,0,0
2756,2756,此房户型方正，位置好，朝向好，看中庭位置，交通方便,https://xm.lianjia.com/ershoufang/105113610181.html,1420,90205,0,4室2厅1厨3卫,['高楼层/共16层'],南,['平层/简装'],157.42,2008,联发五缘湾1号,湖里,五缘湾,1,两梯两户,2023/5/8,2021/4/16,平层,简装,3,16,2,2
2759,2759,天心岛高层朝南两房 视野开阔 可以看海景,https://xm.lianjia.com/ershoufang/105113238057.html,345,38114,1,2室1厅1厨1卫,['高楼层/共32层'],南,['平层/精装'],90.52,2010,天心岛,海沧,滨海社区,1,两梯四户,2023/4/3,2020/9/10,平层,精装,3,32,2,4
2760,2760,嘉庚体育馆三开间朝南格局方正，高层看海!!!,https://xm.lianjia.com/ershoufang/105114029176.html,348,25304,0,3室2厅1厨2卫,['中楼层/共34层'],东南,['平层/毛坯'],137.53,2017,国贸商城同悦,集美,集美其它,1,两梯三户,2023/6/19,2020/3/27,平层,毛坯,2,34,2,3
2761,2761,豆仔尾 美仁新村旁  公园片区  3房南北,https://xm.lianjia.com/ershoufang/105114487088.html,528,58266,0,3室2厅1厨1卫,['中楼层/共7层'],南,['平层/精装'],90.62,1990,豆仔尾路,思明,公园小学及周边,0,零梯零户,2023/8/11,2009/9/23,平层,精装,2,7,0,0
2762,2762,高林居住区一里 3室1厅 南,https://xm.lianjia.com/ershoufang/105115255108.html,335,47444,3,3室1厅1厨1卫,['高楼层/共18层'],南,['平层/简装'],70.61,2009,高林居住区一里,湖里,万达广场,1,一梯三户,2023/11/5,2017/7/21,平层,简装,3,18,1,3
2763,2763,坐北朝南，通透户型，靠后一排，不吵闹！,https://xm.lianjia.com/ershoufang/105112894484.html,86,25191,0,1室0厅1厨1卫,['中楼层/共6层'],南,['平层/精装'],34.14,2006,未来橙堡,海沧,海沧体育中心,0,零梯零户,2023/3/5,2018/8/8,平层,精装,2,6,0,0
2764,2764,北附2楼带路台，采光好，使用面积大，可以拎包入住,https://xm.lianjia.com/ershoufang/105112572914.html,238,26908,0,2室1厅1厨1卫,['低楼层/共19层'],南,['平层/简装'],88.45,2007,海岸明珠花园,海沧,未来海岸北师大,1,两梯四户,2023/2/7,2021/5/27,平层,简装,1,19,2,4
2765,2765,业主换房急卖  已经看好房交了定金 一口价258万,https://xm.lianjia.com/ershoufang/105113653556.html,250,27603,10,3室1厅1厨1卫,['高楼层/共42层'],东南,['平层/精装'],90.57,2014,万科金域华府二期,集美,杏林桥头,1,三梯五户,2023/5/12,2021/6/28,平层,精装,3,42,3,5
2766,2766,吕岭路，莲花五村，2房2厅，南北，中间楼层，地铁2线,https://xm.lianjia.com/ershoufang/105115515185.html,410,51097,0,2室2厅1厨1卫,['中楼层/共7层'],南,['平层/简装'],80.24,2001,建群花园,思明,莲花,0,零梯零户,2023/12/4,2000/6/20,平层,简装,2,7,0,0
2767,2767,怡富花园2005年建电梯高层精装修4房可以直接入住,https://xm.lianjia.com/ershoufang/105114827991.html,680,45034,0,4室2厅1厨2卫,['中楼层/共15层'],南,['平层/精装'],151,2005,怡富花园西区,思明,金鸡亭,1,两梯四户,2023/9/17,2017/8/17,平层,精装,2,15,2,4
2768,2768,满2 ，马銮湾乐活岛精装  近地铁,https://xm.lianjia.com/ershoufang/105113596734.html,267,32749,1,3室2厅1厨1卫,['低楼层/共31层'],南,['平层/精装'],81.53,2020,海投第一湾二期湖海庄园,海沧,马銮湾中心片区,1,两梯五户,2023/5/7,2020/11/11,平层,精装,1,31,2,5
2769,2769,万象城旁 电梯高层 全明三房 诚意出售,https://xm.lianjia.com/ershoufang/105115274355.html,550,56936,0,3室2厅1厨2卫,['高楼层/共25层'],北,['平层/简装'],96.6,1997,凯旋广场,思明,火车站,1,两梯八户,2023/11/8,2003/12/5,平层,简装,3,25,2,8
2770,2770,黎安小镇  特殊户型 只有一套  精装修 随时看房,https://xm.lianjia.com/ershoufang/105113596172.html,315,28259,0,3室2厅1厨2卫,['中楼层/共18层'],南,['平层/精装'],111.47,2017,黎安小镇C小区,翔安,马巷,1,两梯四户,2023/5/7,2018/6/15,平层,精装,2,18,2,4
2771,2771,精装修优质房，楼层视野好，拎包入住,https://xm.lianjia.com/ershoufang/105116580392.html,628,63789,0,2室2厅1厨1卫,['中楼层/共42层'],南,['平层/精装'],98.45,2018,源昌君悦山思明,思明,莲前,1,两梯三户,2024/4/4,2020/12/1,平层,精装,2,42,2,3
2772,2772,龙湖春江郦城 SOHO 挑高4.9m,https://xm.lianjia.com/ershoufang/105113021746.html,109,20830,2,2室2厅2厨2卫,['高楼层/共18层'],西南,['跃层/简装'],52.33,2016,龙湖春江郦城一期,集美,杏北,1,两梯八户,2023/3/15,2017/3/17,跃层,简装,3,18,2,8
2773,2773,电梯中层 厅带阳台 东南朝向 双地铁口 交通便利,https://xm.lianjia.com/ershoufang/105113466713.html,338,69519,0,2室1厅1厨1卫,['中楼层/共31层'],东南,['平层/简装'],48.62,2003,天宝大厦,思明,松柏,1,三梯二十一户,2023/4/24,2018/8/3,平层,简装,2,31,3,21
2774,2774,精装大三房 房子保养很新 业主诚意出售,https://xm.lianjia.com/ershoufang/105111412477.html,310,26738,1,3室2厅1厨2卫,['低楼层/共31层'],南,['平层/精装'],115.94,2017,金帝中洲滨海城,同安,环东海域,1,两梯四户,2022/9/3,2019/4/17,平层,精装,1,31,2,4
2775,2775,南北双阳台，朝东南看海，使用率大，居家,https://xm.lianjia.com/ershoufang/105113897462.html,755,51656,2,3室2厅1厨2卫,['中楼层/共31层'],东南,['平层/毛坯'],146.16,2000,江山帝景,思明,会展中心,1,十梯十一户,2023/6/5,2010/2/26,平层,毛坯,2,31,10,11
2776,2776,对望五缘湾，集美桥头一线海景 房，自住精装修可入住,https://xm.lianjia.com/ershoufang/105110144716.html,520,30677,5,4室2厅1厨3卫,['中楼层/共23层'],南,['平层/精装'],169.51,2012,古龙御景二期,集美,集美其它,1,两梯两户,2022/3/27,2016/10/24,平层,精装,2,23,2,2
2777,2777,融信海上城，采光好，2层复式楼，,https://xm.lianjia.com/ershoufang/105114962217.html,84,20077,0,2室1厅1厨1卫,['高楼层/共13层'],西,['跃层/精装'],41.84,2016,融信海上城,海沧,滨海社区,1,四梯三十二户,2023/10/4,2012/10/17,跃层,精装,3,13,4,32
2778,2778,槟榔花园 业主自住精装修 拎包入住 厨卫全明 .,https://xm.lianjia.com/ershoufang/105108525262.html,599,74866,4,2室2厅1厨1卫,['低楼层/共7层'],南,['平层/精装'],80.01,1993,槟榔花园,思明,槟榔,0,零梯零户,2021/8/25,2006/9/21,平层,精装,1,7,0,0
2779,2779,产权满五 边套通透户型 三面采光 一线海景,https://xm.lianjia.com/ershoufang/105112715060.html,245,27031,4,2室2厅1厨2卫,['中楼层/共20层'],南,['平层/精装'],90.64,2010,古龙御景一期北区,集美,集美其它,1,两梯四户,2023/2/18,2016/5/20,平层,精装,2,20,2,4
2780,2780,国贸天悦  独门独户 东边套  好楼层,https://xm.lianjia.com/ershoufang/105112114405.html,560,44601,2,3室1厅1厨2卫,['中楼层/共32层'],南,['平层/精装'],125.56,2018,国贸天悦,集美,杏北,1,两梯三户,2022/11/23,2020/8/20,平层,精装,2,32,2,3
2781,2781,万象城，罗宾森二期小区，自带幼儿园地铁口，精装两房,https://xm.lianjia.com/ershoufang/105115527719.html,319,59828,0,2室1厅1厨1卫,['低楼层/共33层'],西,['平层/精装'],53.32,2017,罗宾森购物广场二期,思明,火车站,1,四梯二十户,2023/12/5,2019/7/18,平层,精装,1,33,4,20
2782,2782,华林品质 华林金盛 精装修三房 电梯高层 业主诚意出售,https://xm.lianjia.com/ershoufang/105116129925.html,498,49652,1,3室2厅1厨2卫,['高楼层/共11层'],南,['平层/精装'],100.3,2003,华林金盛花园,湖里,金尚,1,一梯四户,2024/2/25,2017/3/2,平层,精装,3,11,1,4
2783,2783,金秋花园  电梯 稀有小户型 业主诚意出售,https://xm.lianjia.com/ershoufang/105114236441.html,245,52295,1,1室1厅1厨1卫,['高楼层/共18层'],南,['平层/简装'],46.85,2002,金秋花园,湖里,金尚,1,一梯五户,2023/7/13,2005/11/15,平层,简装,3,18,1,5
2784,2784,框架结构，六楼实爬三层，明厨明卫，全明通透格局。,https://xm.lianjia.com/ershoufang/105114174613.html,372,50640,0,2室2厅1厨1卫,['中楼层/共9层'],南,['平层/精装'],73.46,1996,金鸡亭花园小区东区,思明,金鸡亭,0,零梯零户,2023/7/6,2019/11/22,平层,精装,2,9,0,0
2785,2785,三层楼中楼，精致装修，视线好，通风好！,https://xm.lianjia.com/ershoufang/105113963222.html,1575,59959,1,5室2厅1厨2卫,['高楼层/共30层'],南,['跃层/精装'],262.68,2000,龙山山庄,思明,莲前,1,三梯八户,2023/6/12,2010/6/12,跃层,精装,3,30,3,8
2786,2786,山木清华，2梯4户大三房，全明格局，采光充足。,https://xm.lianjia.com/ershoufang/105113176904.html,781,53755,0,3室2厅1厨2卫,['中楼层/共17层'],南,['平层/精装'],145.29,2004,山木清华,思明,莲前,1,两梯四户,2023/3/28,2005/9/16,平层,精装,2,17,2,4
2787,2787,电梯2梯3户，3房2厅，南北通透，格局方正。,https://xm.lianjia.com/ershoufang/105112833587.html,1126,73470,0,3室2厅1厨2卫,['高楼层/共39层'],南,['平层/精装'],153.26,2015,源昌君悦山思明,思明,莲前,1,两梯三户,2023/2/28,2018/3/30,平层,精装,3,39,2,3
2788,2788,山木清华，电梯大三房，明厨明卫。,https://xm.lianjia.com/ershoufang/105112716388.html,766,53793,1,3室2厅1厨2卫,['低楼层/共27层'],南,['平层/精装'],142.4,2005,山木清华,思明,莲前,1,三梯八户,2023/2/18,2006/8/25,平层,精装,1,27,3,8
2789,2789,本小区经典户型，三房两厅两卫双阳台，前后双公园,https://xm.lianjia.com/ershoufang/105112701175.html,589,54256,5,3室2厅1厨2卫,['低楼层/共17层'],南,['错层/简装'],108.56,2000,山木清华,思明,莲前,1,两梯四户,2023/2/17,2005/8/1,错层,简装,1,17,2,4
2792,2792,槟榔 海晟稀有一房 户型方正 精装修,https://xm.lianjia.com/ershoufang/105115106763.html,355,76608,1,1室1厅1厨1卫,['高楼层/共15层'],南,['平层/精装'],46.34,2005,海晟棕蓝海,思明,槟榔,1,两梯三户,2023/10/20,2020/11/16,平层,精装,3,15,2,3
2793,2793,龙湖春江彼岸二期 3室2厅 南 北,https://xm.lianjia.com/ershoufang/105116013038.html,235,26530,0,3室2厅1厨2卫,['中楼层/共30层'],南,['平层/精装'],88.58,2018,龙湖春江彼岸二期,海沧,马銮湾中心片区,1,两梯五户,2024/2/5,2020/5/20,平层,精装,2,30,2,5
2794,2794,鼓浪屿南北通透两房，户型方正居住舒适,https://xm.lianjia.com/ershoufang/105108593297.html,228,33778,17,2室1厅1厨1卫,['低楼层/共3层'],南,['平层/简装'],67.5,-1,鼓浪屿内厝澳路,思明,鼓浪屿,0,零梯零户,2021/9/1,2017/12/12,平层,简装,1,3,0,0
2795,2795,东南朝向 刚需小两房 阳光充足,https://xm.lianjia.com/ershoufang/105113225703.html,158,30951,1,1室1厅1厨1卫,['低楼层/共11层'],东南,['平层/精装'],51.05,2000,兴港花园三期,海沧,海沧外国语片区,1,一梯六户,2023/4/2,2018/5/6,平层,精装,1,11,1,6
2796,2796,泉水湾复式2*办公楼，嘉庚体育馆,https://xm.lianjia.com/ershoufang/105105971795.html,116,33459,5,2室1厅1厨1卫,['低楼层/共3层'],北,['复式/精装'],34.67,2013,泉水湾SOHO,集美,集美其它,1,一梯十二户,2020/12/8,2016/11/21,复式,精装,1,3,1,12
2797,2797,07年封闭式小区，吕厝双地铁口，大三房两卫，底价格,https://xm.lianjia.com/ershoufang/105115380469.html,508,45899,0,3室2厅1厨2卫,['低楼层/共27层'],东北,['平层/简装'],110.68,2004,冠宏花园,湖里,江头,1,三梯八户,2023/11/20,2009/12/30,平层,简装,1,27,3,8
2798,2798,禹州云顶国际，精装两房，高层朝南户型，交通便利,https://xm.lianjia.com/ershoufang/105113249169.html,625,66703,0,2室2厅1厨1卫,['高楼层/共28层'],南,['平层/精装'],93.7,2015,禹洲云顶国际,思明,金鸡亭,1,两梯四户,2023/4/4,2016/12/26,平层,精装,3,28,2,4
2799,2799,锦绣祥安，高楼层的精装两房，采光好格局方正,https://xm.lianjia.com/ershoufang/105113397448.html,151,18242,0,2室1厅1厨1卫,['高楼层/共18层'],东,['平层/精装'],82.78,2010,锦绣祥安,翔安,马巷,1,两梯四户,2023/4/17,2019/1/25,平层,精装,3,18,2,4
2800,2800,产权满二 户型朝南 采光好，精装修，房东诚售,https://xm.lianjia.com/ershoufang/105111345972.html,113,26976,0,1室1厅1厨1卫,['低楼层/共18层'],南,['平层/精装'],41.89,2013,特房黎安小镇A区,翔安,马巷,1,两梯六户,2022/8/26,2020/8/12,平层,精装,1,18,2,6
2801,2801,在小区中庭，视野开阔，多9平方入户 东边套采光好,https://xm.lianjia.com/ershoufang/105114080634.html,398,39001,1,2室2厅1厨2卫,['低楼层/共31层'],南,['平层/毛坯'],102.05,2013,绿苑新城三组团,海沧,滨海社区,1,两梯四户,2023/6/26,2015/11/21,平层,毛坯,1,31,2,4
2802,2802,同安大唐世家三期 交通便利 看房方便,https://xm.lianjia.com/ershoufang/105111162843.html,168,20271,1,3室2厅1厨2卫,['高楼层/共32层'],北,['平层/精装'],82.88,2013,同安大唐世家三期,同安,同安其它,1,两梯八户,2022/8/5,2019/1/30,平层,精装,3,32,2,8
2803,2803,此房满2年，南，视野宽阔，采光充足，自住精装,https://xm.lianjia.com/ershoufang/105114872714.html,183,24482,0,2室1厅1厨1卫,['中楼层/共18层'],南,['平层/精装'],74.75,2009,美地雅登祥吴三里,翔安,新店,1,两梯四户,2023/9/22,2020/3/16,平层,精装,2,18,2,4
2804,2804,精装修2房，全屋智能家居 厅带阳台朝南，中间楼层，,https://xm.lianjia.com/ershoufang/105112666344.html,158,19942,0,2室1厅1厨1卫,['高楼层/共33层'],南,['平层/其他'],79.23,2016,海翼0592,翔安,马巷,1,两梯四户,2023/2/15,2019/5/30,平层,其他,3,33,2,4
2805,2805,北附 高档社区 海沧天源 舒适户型 精装修  买房带车位,https://xm.lianjia.com/ershoufang/105112859911.html,498,35335,1,3室2厅1厨2卫,['中楼层/共33层'],南,['平层/精装'],140.94,2015,海投天源,海沧,海沧体育中心,1,两梯两户,2023/3/2,2019/5/24,平层,精装,2,33,2,2
2806,2806,湖海双景，前无遮挡，视野开阔.高档装修.,https://xm.lianjia.com/ershoufang/105112751145.html,680,40585,3,4室2厅1厨2卫,['高楼层/共31层'],东南,['平层/精装'],167.55,2015,1号公馆,海沧,海沧生活区,1,两梯两户,2023/2/21,2016/1/6,平层,精装,3,31,2,2
2807,2807,此房业主自住精装，好楼层，视野无遮挡。,https://xm.lianjia.com/ershoufang/105113099302.html,400,22684,0,6室4厅2厨4卫,['高楼层/共18层'],南,['复式/精装'],176.34,2013,美地雅登一里,翔安,新店,1,两梯两户,2023/3/22,2014/1/3,复式,精装,3,18,2,2
2808,2808,思北小旁低总价朝南2房精装带家电拎包入住，近地铁口,https://xm.lianjia.com/ershoufang/105114883323.html,318,64451,0,2室1厅1厨1卫,['高楼层/共6层'],南,['平层/精装'],49.34,-1,大同路,思明,中山路,0,零梯零户,2023/9/23,2020/6/22,平层,精装,3,6,0,0
2809,2809,万科精装四房，业主诚意出售，价优可谈,https://xm.lianjia.com/ershoufang/105113253633.html,300,33397,0,4室2厅1厨2卫,['中楼层/共17层'],南,['平层/精装'],89.83,2020,万科金域缇香,翔安,马巷,0,零梯零户,2023/4/4,2020/9/17,平层,精装,2,17,0,0
2810,2810,未来海岸浪琴湾一楼大三房，前后有院子,https://xm.lianjia.com/ershoufang/105111180434.html,410,35088,3,4室1厅1厨3卫,['低楼层/共8层'],东,['平层/简装'],116.85,2005,未来海岸浪琴湾,海沧,未来海岸北师大,1,一梯四户,2022/8/7,2016/3/15,平层,简装,1,8,1,4
2811,2811,吕厝地铁口，新装婚房，拎包即可入住,https://xm.lianjia.com/ershoufang/105111552796.html,518,43585,1,3室2厅1厨2卫,['低楼层/共30层'],西北,['平层/精装'],118.85,1999,东方巴黎广场,湖里,江头,1,三梯五户,2022/9/19,2018/10/24,平层,精装,1,30,3,5
2812,2812,格局通透 视野无遮挡 日照时间长 位置佳,https://xm.lianjia.com/ershoufang/105114053411.html,488,38857,0,3室2厅1厨1卫,['中楼层/共33层'],南,['平层/简装'],125.59,1999,国联大厦,湖里,江头,1,三梯八户,2023/6/23,2015/2/26,平层,简装,2,33,3,8
2813,2813,2000年思明区正规一房 中间楼层 东南朝向 边套视野好,https://xm.lianjia.com/ershoufang/105115137456.html,230,60084,0,1室1厅1厨1卫,['中楼层/共7层'],东南,['平层/简装'],38.28,2000,中兴阁,思明,金鸡亭,0,零梯零户,2023/10/24,2009/5/21,平层,简装,2,7,0,0
2814,2814,满二年 配套齐全 交通方便，采光充足，一站进岛,https://xm.lianjia.com/ershoufang/105109901565.html,358,39182,5,2室2厅1厨1卫,['低楼层/共30层'],东南,['平层/精装'],91.37,2010,泉舜滨海上城,海沧,滨海社区,1,两梯六户,2022/2/26,2019/5/4,平层,精装,1,30,2,6
2815,2815,此房配套齐全，杏锦路地铁口600米，业主诚意出售,https://xm.lianjia.com/ershoufang/105108088317.html,225,45566,19,1室1厅1厨1卫,['低楼层/共33层'],南,['平层/精装'],49.38,2018,国贸天悦,集美,杏北,1,两梯四户,2021/7/24,2021/11/10,平层,精装,1,33,2,4
2816,2816,楼层好，采光充足，视野开阔，配套齐全，交通便利，,https://xm.lianjia.com/ershoufang/105107476355.html,446,57504,38,2室2厅1厨1卫,['中楼层/共16层'],东,['平层/简装'],77.56,2002,都市华庭,湖里,江头,1,一梯八户,2021/5/30,2013/4/15,平层,简装,2,16,1,8
2817,2817,地铁2号线旁精明房型稳定出售。,https://xm.lianjia.com/ershoufang/105106711688.html,440,40734,105,3室2厅1厨2卫,['高楼层/共7层'],南,['平层/精装'],108.02,1993,东渡华城,湖里,东渡,0,零梯零户,2021/3/20,2007/3/20,平层,精装,3,7,0,0
2818,2818,滨安花园南北大三房，业主自住，看房方便,https://xm.lianjia.com/ershoufang/105109715269.html,190,15532,0,3室2厅1厨2卫,['低楼层/共6层'],南,['平层/简装'],122.33,2011,后滨安置房一期,翔安,马巷,0,零梯零户,2022/1/25,2018/8/10,平层,简装,1,6,0,0
2819,2819,小三房，精装自住，南北朝向，格局方正，拎包可住,https://xm.lianjia.com/ershoufang/105112819089.html,288,37667,1,3室2厅1厨1卫,['中楼层/共7层'],南,['平层/精装'],76.46,2009,集美中心花园,集美,集美文教区,0,零梯零户,2023/2/27,2019/12/11,平层,精装,2,7,0,0
2820,2820,环东海域、保利大别墅、有天有地大花园、产权满二,https://xm.lianjia.com/ershoufang/105112771071.html,1300,67642,2,5室2厅1厨3卫,['低楼层/共3层'],南,['跃层/毛坯'],192.19,-1,保利叁仟栋二期,同安,环东海域,0,零梯零户,2023/2/23,2020/6/19,跃层,毛坯,1,3,0,0
2821,2821,中航城A 高楼层精装修 四房通透 看园博苑一线海景,https://xm.lianjia.com/ershoufang/105112665009.html,562,35271,1,4室2厅1厨2卫,['低楼层/共47层'],东,['平层/精装'],159.34,2014,中航城A区,集美,杏锦路,1,三梯五户,2023/2/15,2018/8/27,平层,精装,1,47,3,5
2822,2822,中骏蓝湾尚都，精装3房2卫，南北通透双阳台,https://xm.lianjia.com/ershoufang/105110917095.html,233,20049,0,3室2厅1厨2卫,['中楼层/共16层'],南,['平层/精装'],116.22,2013,中骏蓝湾尚都,翔安,马巷,1,两梯四户,2022/7/5,2013/11/26,平层,精装,2,16,2,4
2823,2823,益辉花园 正规一房一厅 中间楼层 小区中庭,https://xm.lianjia.com/ershoufang/105112179771.html,295,52887,1,1室1厅1厨1卫,['中楼层/共7层'],东南,['平层/简装'],55.78,2001,益辉花园,思明,瑞景,0,零梯零户,2022/12/2,2013/12/19,平层,简装,2,7,0,0
2824,2824,精装3房，客厅朝南，业主置换诚意出售,https://xm.lianjia.com/ershoufang/105111767653.html,355,39701,2,3室2厅1厨2卫,['低楼层/共18层'],南,['平层/精装'],89.42,2011,绿苑新城一组团,海沧,滨海社区,1,两梯四户,2022/10/14,2014/4/30,平层,精装,1,18,2,4
2825,2825,户型方正 采光充足 配套设施齐全 交通便利 免物业费,https://xm.lianjia.com/ershoufang/105114014989.html,120,13715,0,3室2厅1厨1卫,['低楼层/共6层'],南,['平层/精装'],87.5,1993,巷西二里,翔安,马巷,0,零梯零户,2023/6/17,2018/4/8,平层,精装,1,6,0,0
2826,2826,楼层好，精装小户型，挑高户型，交通配套成熟,https://xm.lianjia.com/ershoufang/105113953210.html,40,19021,9,1室1厅0厨1卫,['高楼层/共11层'],东,['精装'],21.03,2012,永建顶尚,湖里,枋湖,1,两梯三十二户,2023/6/11,2013/11/20,精装,,3,11,2,32
2827,2827,房子业主自住保养不错  三面采光,https://xm.lianjia.com/ershoufang/105113811486.html,130,11196,2,3室2厅1厨1卫,['高楼层/共6层'],南,['平层/精装'],116.12,-1,下苏巷,翔安,马巷,0,零梯零户,2023/5/28,2014/5/22,平层,精装,3,6,0,0
2828,2828,火车站烫金地段，精装电梯高层2房，可拎包入住,https://xm.lianjia.com/ershoufang/105112675536.html,266,54319,0,2室1厅1厨1卫,['高楼层/共25层'],北,['平层/精装'],48.97,2006,益泰大厦,思明,火车站,1,三梯十四户,2023/2/16,2016/6/24,平层,精装,3,25,3,14
2829,2829,温莎公馆旁电梯楼中楼前后带露台南北通透,https://xm.lianjia.com/ershoufang/105111541201.html,1000,57948,0,4室2厅1厨3卫,['低楼层/共28层'],南,['复式/精装'],172.57,2017,新景七星府邸,湖里,金尚,1,两梯四户,2022/9/18,2018/3/29,复式,精装,1,28,2,4
2830,2830,环东海域 高层看海景，朝南双阳台，进岛快,https://xm.lianjia.com/ershoufang/105110012072.html,215,26067,1,2室2厅1厨1卫,['高楼层/共30层'],东南,['平层/简装'],82.48,2012,禹洲大学城,同安,集美其它,1,三梯四户,2022/3/10,2016/11/11,平层,简装,3,30,3,4
2831,2831,新景七星楼中楼 、精装四房、双阳台,https://xm.lianjia.com/ershoufang/105109095067.html,1118,65484,15,4室2厅1厨2卫,['高楼层/共28层'],南,['跃层/精装'],170.73,2017,新景七星府邸,湖里,金尚,1,两梯四户,2021/10/25,2018/10/25,跃层,精装,3,28,2,4
2832,2832,锦绣翔安  格局通透  拎包入住 满二省税,https://xm.lianjia.com/ershoufang/105109747264.html,172,19996,11,2室1厅1厨1卫,['低楼层/共11层'],南,['平层/精装'],86.02,2009,锦绣祥安,翔安,马巷,1,两梯四户,2022/2/9,2015/12/25,平层,精装,1,11,2,4
2833,2833,五缘湾 联发五缘湾一号 精装5方 南北通透,https://xm.lianjia.com/ershoufang/105116534158.html,1199,75192,0,5室1厅1厨3卫,['中楼层/共16层'],南,['平层/精装'],159.46,2008,联发五缘湾1号,湖里,五缘湾,1,两梯两户,2024/3/30,2010/1/6,平层,精装,2,16,2,2
2834,2834,产权证满2年省税，高楼层，采光好，精装修，未占用,https://xm.lianjia.com/ershoufang/105111515757.html,235,27700,0,2室1厅1厨1卫,['高楼层/共32层'],南,['平层/精装'],84.84,2018,特房银溪墅府图尔花园,翔安,环东海域,1,两梯四户,2022/9/15,2019/9/4,平层,精装,3,32,2,4
2835,2835,此房满二，业主自住精装修，户型方正，采光好,https://xm.lianjia.com/ershoufang/105111685628.html,225,19870,2,3室2厅1厨2卫,['低楼层/共15层'],南,['平层/精装'],113.24,2013,中骏蓝湾尚都,翔安,马巷,1,两梯四户,2022/10/5,2016/4/21,平层,精装,1,15,2,4
2836,2836,彼岸小区 海景一排 高楼层海景视野佳 阳光明媚,https://xm.lianjia.com/ershoufang/105112440282.html,650,45911,1,3室2厅1厨2卫,['低楼层/共32层'],南,['平层/精装'],141.58,2013,彼岸,海沧,滨海社区,1,三梯六户,2023/1/12,2016/12/20,平层,精装,1,32,3,6
2837,2837,金帝中洲滨海城  同安新城 楼中楼3房2厅2卫,https://xm.lianjia.com/ershoufang/105112456181.html,300,23083,0,3室2厅1厨2卫,['中楼层/共31层'],南,['平层/精装'],129.97,2017,金帝中洲滨海城,同安,环东海域,1,两梯三户,2023/1/18,2018/12/31,平层,精装,2,31,2,3
2838,2838,地铁二号线  两梯两户  南北通透三房,https://xm.lianjia.com/ershoufang/105115824577.html,488,38221,0,3室1厅1厨2卫,['中楼层/共23层'],南,['平层/简装'],127.68,2010,天心岛,海沧,滨海社区,1,两梯两户,2024/1/10,2020/7/16,平层,简装,2,23,2,2
2839,2839,此房满二省增值税，三房两厅，大客厅 ，大房间,https://xm.lianjia.com/ershoufang/105113860909.html,453,35397,0,3室2厅1厨3卫,['中楼层/共31层'],东南,['跃层/精装'],127.98,2015,IOI园博湾,集美,杏锦路,1,四梯十户,2023/6/2,2018/3/19,跃层,精装,2,31,4,10
2840,2840,特房品质小区，精装修边套三房，书包就在家门口,https://xm.lianjia.com/ershoufang/105116714275.html,210,24064,0,3室2厅1厨1卫,['低楼层/共32层'],南,['平层/精装'],87.27,2020,特房莱昂公馆一期,翔安,环东海域,0,零梯零户,2024/4/17,2022/2/9,平层,精装,1,32,0,0
2841,2841,格局方正，双阳台 ，三面采光，双卫设计，出行方便,https://xm.lianjia.com/ershoufang/105116367336.html,459,38073,0,3室2厅1厨2卫,['中楼层/共6层'],南,['平层/精装'],120.56,2001,广顺花园,思明,莲前,0,零梯零户,2024/3/15,2010/9/6,平层,精装,2,6,0,0
2842,2842,区政府 地铁口 正规两房 南北对流 看房方便 诚意出售,https://xm.lianjia.com/ershoufang/105116435085.html,182,20918,0,2室2厅1厨1卫,['高楼层/共8层'],南,['平层/简装'],87.01,2001,泉舜信海花园,海沧,海沧生活区,0,零梯零户,2024/3/21,2015/7/16,平层,简装,3,8,0,0
2843,2843,凯悦新城高层朝南一房 看中庭安静 光线好,https://xm.lianjia.com/ershoufang/105115566221.html,307,62058,1,1室1厅1厨1卫,['高楼层/共13层'],南,['平层/简装'],49.47,2013,凯悦新城,湖里,枋湖,1,两梯八户,2023/12/9,2018/10/11,平层,简装,3,13,2,8
2844,2844,万象城商圈罗宾森二期带小区自带幼稚园,https://xm.lianjia.com/ershoufang/105115903605.html,288,54136,4,2室1厅1厨1卫,['低楼层/共33层'],东,['平层/精装'],53.2,2017,罗宾森购物广场二期,思明,火车站,1,四梯二十户,2024/1/18,2018/12/11,平层,精装,1,33,4,20
2845,2845,全明通透，户型佳，电梯房2005年，精装修 5-4年级,https://xm.lianjia.com/ershoufang/105115191606.html,638,55239,0,4室2厅1厨2卫,['低楼层/共27层'],东,['平层/精装'],115.5,2005,山木清华,思明,莲前,1,三梯八户,2023/10/30,2019/1/15,平层,精装,1,27,3,8
2846,2846,嘉盛正规三房南北通透双阳台，全明，朝南，视野无遮挡,https://xm.lianjia.com/ershoufang/105111841020.html,450,39100,19,3室2厅1厨2卫,['高楼层/共6层'],南,['平层/简装'],115.09,2005,嘉盛豪园南区,思明,瑞景,0,零梯零户,2022/10/22,2005/12/28,平层,简装,3,6,0,0
2847,2847,锦绣祥安 精装修大两房 业主急售 看房方便,https://xm.lianjia.com/ershoufang/105113056205.html,139,18295,0,2室2厅1厨1卫,['低楼层/共18层'],南,['平层/精装'],75.98,2014,锦绣祥安,翔安,马巷,1,两梯四户,2023/3/18,2017/12/28,平层,精装,1,18,2,4
2848,2848,自住精装大两房  满五省税  拎包入住,https://xm.lianjia.com/ershoufang/105113325441.html,152,20599,0,2室2厅1厨1卫,['中楼层/共18层'],南,['平层/精装'],73.79,2014,锦绣祥安,翔安,马巷,1,两梯四户,2023/4/11,2018/5/9,平层,精装,2,18,2,4
2849,2849,万科大两房业主诚意出售，看房有钥匙,https://xm.lianjia.com/ershoufang/105115825352.html,146,19800,0,2室2厅1厨1卫,['中楼层/共35层'],南,['平层/简装'],73.74,2011,万科金色悦城,翔安,马巷,1,两梯四户,2024/1/10,2013/12/25,平层,简装,2,35,2,4
2850,2850,业主诚意出售，满2，客厅带大阳台,https://xm.lianjia.com/ershoufang/105114013973.html,260,54428,1,2室1厅1厨1卫,['中楼层/共28层'],南,['平层/精装'],47.77,2004,新景园,湖里,江头,1,两梯七户,2023/6/17,2021/4/9,平层,精装,2,28,2,7
2851,2851,锦绣祥安精装单身公寓楼层好采光好看房方便,https://xm.lianjia.com/ershoufang/105114408383.html,85,23029,2,1室0厅1厨1卫,['高楼层/共18层'],南,['平层/精装'],36.91,2014,锦绣祥安,翔安,马巷,1,两梯四户,2023/8/2,2021/3/22,平层,精装,3,18,2,4
2852,2852,中环花园 1室0厅 东,https://xm.lianjia.com/ershoufang/105116560678.html,128,38175,1,1室0厅0厨1卫,['中楼层/共17层'],东,['平层/简装'],33.53,2001,中环花园,湖里,江头,1,两梯十八户,2024/4/2,2020/7/23,平层,简装,2,17,2,18
2853,2853,自住装修，可以拎包入住，4房，采光好，视野开阔。,https://xm.lianjia.com/ershoufang/105115071483.html,510,44218,2,4室2厅1厨2卫,['中楼层/共29层'],南,['平层/精装'],115.34,2010,海晟维多利亚,海沧,滨海社区,1,两梯四户,2023/10/16,2013/10/17,平层,精装,2,29,2,4
2854,2854,厅带阳台朝南大两房！出行方便！适合刚需购房群体！,https://xm.lianjia.com/ershoufang/105114998240.html,315,42408,0,2室1厅1厨1卫,['高楼层/共8层'],南,['平层/精装'],74.28,2003,文屏山庄,思明,文灶,0,零梯零户,2023/10/8,2013/8/26,平层,精装,3,8,0,0
2855,2855,好楼层好楼栋 二次软装 诚意出售！！,https://xm.lianjia.com/ershoufang/105115057655.html,525,40416,1,4室2厅1厨2卫,['高楼层/共33层'],东南,['平层/精装'],129.9,2022,中交国贸鹭原,集美,杏北,1,两梯四户,2023/10/15,2023/4/11,平层,精装,3,33,2,4
2856,2856,公园片区 祥和广场大3房  电梯高楼层 视野好看湖,https://xm.lianjia.com/ershoufang/105115222079.html,850,62940,0,3室2厅1厨2卫,['高楼层/共32层'],东北,['平层/简装'],135.05,1999,祥和广场,思明,公园小学及周边,1,三梯六户,2023/11/2,2002/9/27,平层,简装,3,32,3,6
2857,2857,满五金秋花园两房中间楼层南北向小区中庭,https://xm.lianjia.com/ershoufang/105114040907.html,412,50049,0,2室1厅1厨1卫,['低楼层/共6层'],南,['平层/简装'],82.32,2000,金秋花园,湖里,金尚,0,零梯零户,2023/6/21,2003/12/4,平层,简装,1,6,0,0
2858,2858,海晟维多利亚 4室2厅 南 北,https://xm.lianjia.com/ershoufang/105116040142.html,750,43945,0,4室2厅1厨2卫,['高楼层/共33层'],南,['平层/精装'],170.67,2011,海晟维多利亚,海沧,滨海社区,1,三梯四户,2024/2/18,2016/6/17,平层,精装,3,33,3,4
2859,2859,罗宾森二期封闭管理小区小户型 中高层 精装修 视野好,https://xm.lianjia.com/ershoufang/105113664777.html,302,56640,1,1室1厅1厨1卫,['中楼层/共33层'],西,['平层/精装'],53.32,2017,罗宾森购物广场二期,思明,火车站,1,四梯二十户,2023/5/13,2017/7/11,平层,精装,2,33,4,20
2860,2860,店长推荐，精装四房，满足三代人住房需求,https://xm.lianjia.com/ershoufang/105115919015.html,230,25604,1,4室2厅1厨2卫,['中楼层/共17层'],南,['平层/精装'],89.83,2020,万科金域缇香,翔安,马巷,0,零梯零户,2024/1/20,2020/9/17,平层,精装,2,17,0,0
2861,2861,格局方正，采光充足，生活配套齐，海景房,https://xm.lianjia.com/ershoufang/105112493313.html,360,30665,1,3室1厅1厨2卫,['高楼层/共23层'],南,['平层/精装'],117.4,2005,汇景佳园,海沧,未来海岸北师大,1,两梯四户,2023/1/31,2007/7/4,平层,精装,3,23,2,4
2862,2862,新港龙花园 3室2厅 南 北,https://xm.lianjia.com/ershoufang/105116400959.html,550,46053,1,3室2厅1厨2卫,['中楼层/共8层'],南,['平层/简装'],119.43,1999,新港龙花园,思明,莲坂,1,两梯四户,2024/3/18,2009/8/26,平层,简装,2,8,2,4
2863,2863,莲花新城悦园 精装温馨小三房 拎包入住,https://xm.lianjia.com/ershoufang/105114560215.html,319,35067,0,3室2厅1厨1卫,['低楼层/共29层'],东南,['平层/精装'],90.97,2012,莲花新城三期,集美,集美新城,1,两梯四户,2023/8/19,2017/5/19,平层,精装,1,29,2,4
2864,2864,滨水二里精装修二房，配套齐全，拎包入住,https://xm.lianjia.com/ershoufang/105115130218.html,195,31457,0,2室1厅1厨1卫,['中楼层/共17层'],南,['平层/精装'],61.99,2014,滨水二里,集美,集美新城,1,两梯四户,2023/10/23,2020/5/25,平层,精装,2,17,2,4
2865,2865,水晶湖郡华大片区沿湖前排位置安静看湖景观,https://xm.lianjia.com/ershoufang/105112829746.html,405,35288,0,3室2厅1厨1卫,['低楼层/共27层'],南,['平层/简装'],114.77,2014,水晶湖郡A区,集美,集美新城,1,两梯三户,2023/2/28,2016/3/1,平层,简装,1,27,2,3
2866,2866,惠鸿花园 2室1厅 南,https://xm.lianjia.com/ershoufang/105114338984.html,350,37990,0,2室1厅1厨1卫,['低楼层/共7层'],南,['平层/简装'],92.13,2001,惠鸿花园,湖里,金尚,0,零梯零户,2023/7/25,2004/5/28,平层,简装,1,7,0,0
2867,2867,地铁口  精装修 户型方正  采光好,https://xm.lianjia.com/ershoufang/105114068059.html,325,32188,0,2室2厅1厨1卫,['高楼层/共45层'],东南,['平层/精装'],100.97,2017,西雅图,海沧,海沧外国语片区,1,三梯四户,2023/6/25,2018/9/4,平层,精装,3,45,3,4
2868,2868,联发品质，朝南2房，精装自住装修，满五年,https://xm.lianjia.com/ershoufang/105113946999.html,520,59798,0,2室2厅1厨2卫,['低楼层/共12层'],南,['平层/精装'],86.96,2013,联发欣悦园,湖里,枋湖,1,一梯四户,2023/6/10,2016/5/4,平层,精装,1,12,1,4
2869,2869,松柏华庭 高层精装修 一梯两户带电梯,https://xm.lianjia.com/ershoufang/105114771379.html,896,68565,0,4室2厅1厨2卫,['高楼层/共12层'],南,['平层/简装'],130.68,2003,松柏华庭,思明,SM,1,两梯两户,2023/9/11,2016/5/13,平层,简装,3,12,2,2
2870,2870,华岳山庄封闭式小区大平层4房2厅3卫,https://xm.lianjia.com/ershoufang/105114562725.html,1088,51324,0,5室2厅1厨4卫,['低楼层/共12层'],南,['平层/简装'],211.99,2002,华岳山庄,思明,SM,0,零梯零户,2023/8/19,2021/1/18,平层,简装,1,12,0,0
2871,2871,地铁口   精装房   品质小区  配套齐全,https://xm.lianjia.com/ershoufang/105113599586.html,400,28877,1,4室2厅1厨2卫,['中楼层/共45层'],南,['平层/精装'],138.52,2017,西雅图,海沧,海沧外国语片区,1,三梯四户,2023/5/7,2018/8/22,平层,精装,2,45,3,4
2872,2872,此房准电梯字已签。二房朝南 格局方正  南北通透,https://xm.lianjia.com/ershoufang/105108212574.html,420,60207,3,2室1厅1厨1卫,['高楼层/共8层'],南,['平层/精装'],69.76,1995,屿后南里,思明,松柏,0,零梯零户,2021/8/2,2009/12/31,平层,精装,3,8,0,0
2873,2873,莲坂地铁口，富山，电梯单间出售,https://xm.lianjia.com/ershoufang/105113011530.html,248,80026,0,1室0厅0厨1卫,['中楼层/共11层'],北,['平层/简装'],30.99,2000,大洲新世纪广场,思明,富山,1,一梯八户,2023/3/14,2020/7/9,平层,简装,2,11,1,8
2874,2874,枋湖，精装一房一厅，满二，全明格局，拎包入住,https://xm.lianjia.com/ershoufang/105111607292.html,271,62043,0,1室1厅1厨1卫,['低楼层/共12层'],北,['平层/精装'],43.68,2010,东晖广场,湖里,枋湖,1,两梯八户,2022/9/25,2020/5/14,平层,精装,1,12,2,8
2875,2875,户型方正，客厅朝南带阳台，动静分离,https://xm.lianjia.com/ershoufang/105114272824.html,185,19497,0,2室2厅1厨1卫,['低楼层/共24层'],南,['平层/毛坯'],94.89,2017,金帝中洲滨海城,同安,环东海域,1,四梯三户,2023/7/18,2021/6/28,平层,毛坯,1,24,4,3
2876,2876,店长推荐 锦绣祥安 精装两房 业主急售 看房随时！,https://xm.lianjia.com/ershoufang/105114094788.html,120,22084,1,2室1厅1厨1卫,['中楼层/共11层'],南,['平层/精装'],54.34,2009,锦绣祥安,翔安,马巷,1,两梯八户,2023/6/28,2021/3/31,平层,精装,2,11,2,8
2877,2877,高层，视野好，精装修，拎包入住,https://xm.lianjia.com/ershoufang/105114905134.html,1230,76751,0,3室1厅1厨2卫,['高楼层/共39层'],南,['平层/精装'],160.26,2015,源昌君悦山思明,思明,莲前,1,两梯三户,2023/9/26,2017/3/29,平层,精装,3,39,2,3
2878,2878,莲坂地铁 BRT交通便利 电梯高层南北,https://xm.lianjia.com/ershoufang/105112231250.html,450,55053,1,2室2厅1厨1卫,['中楼层/共18层'],北,['平层/精装'],81.74,2003,阳光百合,思明,火车站,1,两梯八户,2022/12/8,2020/11/19,平层,精装,2,18,2,8
2879,2879,地铁壹号线中山公园地铁口 中山公园旁 ，使用面积大,https://xm.lianjia.com/ershoufang/105111489540.html,675,123311,2,3室1厅1厨1卫,['低楼层/共7层'],南,['平层/简装'],54.74,1984,兴华路,思明,实验小学及周边,0,零梯零户,2022/9/12,2020/6/24,平层,简装,1,7,0,0
2882,2882,巷西大三房 无公摊 房东诚意出售,https://xm.lianjia.com/ershoufang/105112904679.html,123,12427,1,3室1厅1厨2卫,['低楼层/共7层'],南,['平层/精装'],98.98,-1,巷西二里,翔安,马巷,0,零梯零户,2023/3/5,2006/3/27,平层,精装,1,7,0,0
2883,2883,思明区封闭小区的大三房，格局方正。交通购物方便。,https://xm.lianjia.com/ershoufang/105113167439.html,600,44340,0,3室2厅1厨2卫,['低楼层/共8层'],南,['平层/精装'],135.32,1998,新金花园,思明,莲花,0,零梯零户,2023/3/28,2023/3/28,平层,精装,1,8,0,0
2884,2884,锦绣三期正规两房，业主诚意出售，采光视野佳,https://xm.lianjia.com/ershoufang/105112858336.html,190,20919,0,2室1厅1厨1卫,['高楼层/共18层'],南,['平层/精装'],90.83,2015,锦绣祥安,翔安,马巷,1,两梯三户,2023/3/2,2017/10/26,平层,精装,3,18,2,3
2885,2885,地铁口 精装电梯大4房 客厅朝南带阳台 视野好,https://xm.lianjia.com/ershoufang/105114981253.html,630,39666,0,4室2厅1厨2卫,['高楼层/共21层'],南,['平层/精装'],158.83,2001,长安大厦,湖里,江头,1,三梯八户,2023/10/7,2016/1/23,平层,精装,3,21,3,8
2886,2886,万科品质  厅带阳台朝南  满五省个税  拎包入住,https://xm.lianjia.com/ershoufang/105114565143.html,145,19664,0,2室2厅1厨1卫,['中楼层/共35层'],南,['平层/精装'],73.74,2010,万科金色悦城,翔安,马巷,1,两梯四户,2023/8/19,2015/8/25,平层,精装,2,35,2,4
2887,2887,品质社区，沿湖一线，精装大三房，两梯四户,https://xm.lianjia.com/ershoufang/105114859297.html,1300,59345,1,3室2厅1厨2卫,['低楼层/共31层'],西北,['错层/精装'],219.06,2003,佳苑星河,思明,白鹭洲,1,两梯四户,2023/9/20,2010/8/20,错层,精装,1,31,2,4
2888,2888,双十旁边 复式楼中楼 东南向前排海景 业主诚售,https://xm.lianjia.com/ershoufang/105114855504.html,140,22329,2,3室2厅1厨2卫,['中楼层/共26层'],东南,['跃层/精装'],62.7,2016,融信海上城,海沧,滨海社区,1,六梯二十户,2023/9/20,2019/7/30,跃层,精装,2,26,6,20
2889,2889,国贸璟原边套，三房两卫。。。。。。。。,https://xm.lianjia.com/ershoufang/105114909501.html,300,31506,0,3室2厅0厨2卫,['低楼层/共25层'],东南,['平层/精装'],95.22,2021,国贸璟原,同安,环东海域,1,两梯四户,2023/9/26,2022/7/25,平层,精装,1,25,2,4
2890,2890,吕厝地铁口 精装电梯高层 邻近江头公园 生活配套齐全,https://xm.lianjia.com/ershoufang/105114986953.html,380,50345,0,2室1厅1厨1卫,['中楼层/共16层'],南,['平层/精装'],75.48,2004,豪峰大厦,湖里,江头,1,一梯十户,2023/10/7,2019/12/2,平层,精装,2,16,1,10
2891,2891,毛胚房 通透户型 看小区中庭，业主稳定,https://xm.lianjia.com/ershoufang/105114634761.html,210,21166,0,3室2厅1厨2卫,['低楼层/共17层'],西南,['平层/毛坯'],99.22,-1,海投自贸城,海沧,角嵩路,0,零梯零户,2023/8/27,2023/11/3,平层,毛坯,1,17,0,0
2892,2892,万科品质 精装两房 万科物业 正规大两房 厅朝南,https://xm.lianjia.com/ershoufang/105114687090.html,145,19326,1,2室2厅1厨1卫,['低楼层/共35层'],南,['平层/精装'],75.03,2012,万科金色悦城,翔安,马巷,1,两梯四户,2023/9/2,2019/4/2,平层,精装,1,35,2,4
2893,2893,此房满五，南北朝向，中低楼层，边套，有钥匙看房方便,https://xm.lianjia.com/ershoufang/105115371353.html,330,33764,0,3室2厅1厨2卫,['中楼层/共7层'],南,['平层/简装'],97.74,1999,集美中心花园,集美,集美文教区,0,零梯零户,2023/11/19,2021/8/16,平层,简装,2,7,0,0
2894,2894,动静分离户型 采光好 安静舒适，使用面积大,https://xm.lianjia.com/ershoufang/105115346287.html,215,21455,0,3室1厅1厨1卫,['低楼层/共35层'],南,['平层/简装'],100.21,2015,泰禾红门,翔安,新店,1,两梯六户,2023/11/16,2016/8/5,平层,简装,1,35,2,6
2895,2895,国贸怡祥大厦 高楼层看山看筼当湖景观 南北通透,https://xm.lianjia.com/ershoufang/105114103321.html,1020,70205,2,4室2厅1厨2卫,['高楼层/共31层'],南,['平层/精装'],145.29,2009,国贸怡祥大厦,思明,松柏,1,三梯六户,2023/6/29,2006/11/2,平层,精装,3,31,3,6
2896,2896,店长推荐，锦绣祥安四期精装三房，中高楼层，视野好,https://xm.lianjia.com/ershoufang/105115537712.html,180,19934,0,3室2厅1厨1卫,['中楼层/共18层'],南,['平层/精装'],90.3,2015,锦绣祥安,翔安,马巷,1,两梯三户,2023/12/6,2017/5/31,平层,精装,2,18,2,3
2897,2897,鹭景湾联排别墅，四层半，有天有地，带车库，视野开阔,https://xm.lianjia.com/ershoufang/105116166325.html,998,58227,0,4室2厅1厨2卫,['低楼层/共4层'],南,['跃层/精装'],171.4,2004,未来海岸鹭景湾,海沧,未来海岸北师大,0,零梯零户,2024/2/28,2013/8/2,跃层,精装,1,4,0,0
2898,2898,绿苑洋房系列 满五省个税 边套大阳台,https://xm.lianjia.com/ershoufang/105116616046.html,398,43665,0,2室2厅1厨1卫,['中楼层/共11层'],南,['平层/精装'],91.15,2011,绿苑新城二组团,海沧,滨海社区,1,一梯两户,2024/4/8,2018/8/1,平层,精装,2,11,1,2
2899,2899,联排边套，地上三层，地下一层，露台多，有花园,https://xm.lianjia.com/ershoufang/105116563630.html,298,23852,2,4室2厅1厨3卫,['低楼层/共3层'],南,['跃层/毛坯'],124.94,-1,禹洲香溪里6#地块,同安,同安其它,0,零梯零户,2024/4/2,2017/11/16,跃层,毛坯,1,3,0,0
2900,2900,高楼层，可看海，南北向，精装三房，随时过户,https://xm.lianjia.com/ershoufang/105113537275.html,390,31968,0,3室2厅1厨2卫,['高楼层/共32层'],南,['平层/精装'],122,2018,特房银溪墅府图尔花园,翔安,环东海域,1,两梯四户,2023/5/1,2019/8/11,平层,精装,3,32,2,4
2901,2901,金帝中洲滨海城二期 4室2厅 东南,https://xm.lianjia.com/ershoufang/105116666908.html,340,31661,0,4室2厅1厨2卫,['低楼层/共18层'],东南,['跃层/毛坯'],107.39,2019,金帝中洲滨海城二期,同安,环东海域,1,两梯八户,2024/4/12,,跃层,毛坯,1,18,2,8
2902,2902,业主诚意出售，价格有空间，改好了两房,https://xm.lianjia.com/ershoufang/105113179874.html,338,67331,0,2室1厅1厨1卫,['低楼层/共28层'],东北,['平层/精装'],50.2,2004,冠宏花园,湖里,江头,1,三梯七户,2023/3/29,2009/7/20,平层,精装,1,28,3,7
2903,2903,采光好无遮挡，全明格局，大三房。,https://xm.lianjia.com/ershoufang/105110012221.html,239,21158,4,3室2厅1厨2卫,['低楼层/共18层'],南,['平层/精装'],112.96,2012,中骏蓝湾尚都,翔安,马巷,1,两梯四户,2022/3/10,2013/8/6,平层,精装,1,18,2,4
2904,2904,美地雅登，正规单身公寓，品质小区。,https://xm.lianjia.com/ershoufang/105112564826.html,85,26942,1,1室1厅1厨1卫,['低楼层/共12层'],南,['平层/精装'],31.55,2013,美地雅登祥吴五里,翔安,新店,1,一梯四户,2023/2/6,2017/3/24,平层,精装,1,12,1,4
2905,2905,业主自住   标准三房子   诚意出售  看房提前预约,https://xm.lianjia.com/ershoufang/105114077200.html,320,31703,3,3室2厅1厨2卫,['中楼层/共6层'],东南,['平层/精装'],100.94,2003,东方名园,海沧,海沧生活区,0,零梯零户,2023/6/26,2012/7/30,平层,精装,2,6,0,0
2906,2906,业主急售 锦绣祥安单身公寓 高层无遮挡 直接拎包入住,https://xm.lianjia.com/ershoufang/105113743414.html,83,22543,0,1室0厅1厨1卫,['中楼层/共18层'],南,['平层/精装'],36.82,2014,锦绣祥安,翔安,马巷,1,两梯四户,2023/5/21,2019/3/25,平层,精装,2,18,2,4
2907,2907,锦绣独门两房 满五省 看房方便 全南户型 毛坯随心装,https://xm.lianjia.com/ershoufang/105107503839.html,130,18538,19,2室2厅1厨1卫,['低楼层/共18层'],南,['平层/毛坯'],70.13,2014,锦绣祥安,翔安,马巷,1,两梯四户,2021/6/2,2015/10/23,平层,毛坯,1,18,2,4
2908,2908,旭日大3房，出行便利，衣食住行方便，地铁 公园,https://xm.lianjia.com/ershoufang/105114874875.html,318,29445,1,3室2厅1厨2卫,['中楼层/共7层'],南,['平层/简装'],108,2000,旭日海湾一期,海沧,滨海社区,0,零梯零户,2023/9/22,2022/12/30,平层,简装,2,7,0,0
2909,2909,花园式小区，全明结构，户型方正，停车方便。。。,https://xm.lianjia.com/ershoufang/105116412507.html,536,54919,2,2室2厅1厨1卫,['高楼层/共25层'],南,['平层/精装'],97.6,2011,都市港湾,湖里,东渡,1,两梯五户,2024/3/19,2013/4/17,平层,精装,3,25,2,5
2910,2910,锦绣翔安洋房一楼带地下室产权201使用面积450平,https://xm.lianjia.com/ershoufang/105115793359.html,350,17332,0,5室2厅1厨4卫,['低楼层/共5层'],南,['跃层/毛坯'],201.94,2010,锦绣祥安,翔安,马巷,0,零梯零户,2024/1/6,2021/9/7,跃层,毛坯,1,5,0,0
2911,2911,雅居乐御宾府 3室2厅 东南,https://xm.lianjia.com/ershoufang/105113516574.html,255,27601,0,3室2厅1厨2卫,['低楼层/共28层'],东南,['平层/精装'],92.39,2020,雅居乐御宾府,翔安,马巷,0,零梯零户,2023/4/28,2020/1/1,平层,精装,1,28,0,0
2912,2912,万达诚心出售 采光不错 有小区绿化 配套成熟,https://xm.lianjia.com/ershoufang/105114484194.html,195,11723,4,2室1厅1厨1卫,['低楼层/共31层'],北,['平层/简装'],166.35,2012,万达广场,湖里,万达广场,1,四梯十七户,2023/8/10,2020/8/11,平层,简装,1,31,4,17
2913,2913,新小区 环境很好 业主自住 精装三房 可以拎包入住,https://xm.lianjia.com/ershoufang/105114845412.html,235,25436,0,3室2厅1厨2卫,['中楼层/共28层'],南,['平层/精装'],92.39,2020,雅居乐御宾府,翔安,马巷,0,零梯零户,2023/9/19,2021/10/9,平层,精装,2,28,0,0
2914,2914,真实在售，价格可谈，户型好，交通便利,https://xm.lianjia.com/ershoufang/105114747608.html,235,27415,0,3室1厅1厨1卫,['高楼层/共22层'],东南,['平层/精装'],85.72,2021,国贸璟原,同安,环东海域,0,零梯零户,2023/9/8,2022/8/31,平层,精装,3,22,0,0
2915,2915,锦绣精装两房，业主诚意出售，看房方便,https://xm.lianjia.com/ershoufang/105113273252.html,130,18708,0,2室1厅1厨1卫,['中楼层/共18层'],南,['平层/精装'],69.49,2014,锦绣祥安,翔安,马巷,1,两梯四户,2023/4/6,2018/7/31,平层,精装,2,18,2,4
2916,2916,湖边水库片区，岛内淡水公园，高楼层大五房,https://xm.lianjia.com/ershoufang/105114758558.html,900,52886,2,3室2厅1厨2卫,['高楼层/共40层'],南,['复式/简装'],170.18,2016,世茂湖滨首府D区,湖里,湖边水库,1,两梯四户,2023/9/9,2013/9/17,复式,简装,3,40,2,4
2917,2917,此房满五年 精装修 南北通透 双阳台 安静 进出岛快,https://xm.lianjia.com/ershoufang/105115041331.html,198,24076,0,2室1厅1厨1卫,['中楼层/共6层'],南,['平层/精装'],82.24,2000,金龙商城一期,海沧,海沧生活区,0,零梯零户,2023/10/13,2018/3/16,平层,精装,2,6,0,0
2918,2918,新莲岳里 小区中庭 中间楼层 南北通透,https://xm.lianjia.com/ershoufang/105111334337.html,428,53010,2,3室1厅1厨1卫,['中楼层/共7层'],南,['平层/简装'],80.74,1995,莲岳里小区东区,思明,松柏,0,零梯零户,2022/8/25,2009/12/1,平层,简装,2,7,0,0
2919,2919,正规大两房，前后无遮挡，看房方便,https://xm.lianjia.com/ershoufang/105113588207.html,330,45650,0,2室2厅1厨1卫,['高楼层/共7层'],南,['平层/其他'],72.29,1998,金尚小区,湖里,金尚,0,零梯零户,2023/5/6,2015/11/23,平层,其他,3,7,0,0
2920,2920,锦绣洋房 业主急售 自住精装 南北通透 拎包入住！,https://xm.lianjia.com/ershoufang/105113374594.html,269,17095,0,4室2厅1厨2卫,['中楼层/共5层'],南,['平层/精装'],157.36,2014,锦绣祥安,翔安,马巷,0,零梯零户,2023/4/15,2016/9/30,平层,精装,2,5,0,0
2921,2921,看海大四房，南北通透，产权满二，楼层好位置佳，诚意,https://xm.lianjia.com/ershoufang/105113531018.html,416,37044,0,4室2厅1厨2卫,['中楼层/共26层'],南,['平层/精装'],112.3,2018,保利叁仟栋二期,同安,环东海域,1,两梯四户,2023/4/30,2020/6/3,平层,精装,2,26,2,4
2922,2922,低首付 低总价 无贷款随时过户 看房方便,https://xm.lianjia.com/ershoufang/105113358425.html,140,18981,0,2室1厅1厨1卫,['中楼层/共11层'],南,['平层/简装'],73.76,2014,锦绣祥安,翔安,马巷,1,两梯四户,2023/4/14,2010/1/21,平层,简装,2,11,2,4
2923,2923,思北 中山路 小户型 中间层 电梯房,https://xm.lianjia.com/ershoufang/105113576318.html,380,67906,0,2室1厅1厨1卫,['中楼层/共5层'],北,['平层/精装'],55.96,2003,南中广场,思明,中山路,1,五梯九十七户,2023/5/5,2011/4/1,平层,精装,2,5,5,97
2924,2924,大平台带入户花园，新中式精装，40平大客厅，大四房,https://xm.lianjia.com/ershoufang/105114017323.html,610,48734,2,4室2厅1厨2卫,['低楼层/共8层'],东南,['平层/精装'],125.17,2000,新港龙花园,思明,莲坂,0,零梯零户,2023/6/18,2020/5/21,平层,精装,1,8,0,0
2925,2925,南山路正规南北两房，格局方正 近地铁口,https://xm.lianjia.com/ershoufang/105112831973.html,300,46419,1,2室2厅1厨1卫,['低楼层/共9层'],南,['平层/精装'],64.63,2003,禹洲新村,湖里,南山路,0,零梯零户,2023/2/28,2005/3/16,平层,精装,1,9,0,0
2926,2926,康乐新村二期 3室2厅 南 北,https://xm.lianjia.com/ershoufang/105114440152.html,482,46037,2,3室2厅1厨1卫,['低楼层/共9层'],南,['平层/简装'],104.7,1996,康乐新村二期,湖里,南山路,0,零梯零户,2023/8/6,2003/3/17,平层,简装,1,9,0,0
2927,2927,别墅社区叠加别墅下叠产品，带独立前后花园使用面积大,https://xm.lianjia.com/ershoufang/105113808317.html,1980,120102,0,5室2厅1厨4卫,['低楼层/共2层'],东南,['复式/简装'],164.86,2010,御之苑,湖里,枋湖,0,零梯零户,2023/5/27,2017/10/27,复式,简装,1,2,0,0
2928,2928,中骏蓝湾尚都，刚需精装两房，保养好,https://xm.lianjia.com/ershoufang/105113993646.html,185,22600,0,2室2厅1厨1卫,['中楼层/共18层'],南,['平层/精装'],81.86,2013,中骏蓝湾尚都,翔安,马巷,1,两梯四户,2023/6/15,2013/11/28,平层,精装,2,18,2,4
2929,2929,五缘湾 国贸新天地 96平精装两房 高层看中庭,https://xm.lianjia.com/ershoufang/105112810750.html,690,71681,1,2室2厅1厨1卫,['高楼层/共28层'],南,['平层/精装'],96.26,2016,国贸新天地,湖里,五缘湾,1,两梯三户,2023/2/26,2017/12/13,平层,精装,3,28,2,3
2930,2930,中骏蓝湾尚都 89平三房两卫，楼层好，无遮挡,https://xm.lianjia.com/ershoufang/105115038540.html,215,24161,0,3室2厅1厨1卫,['低楼层/共18层'],南,['平层/精装'],88.99,2012,中骏蓝湾尚都,翔安,马巷,1,两梯四户,2023/10/12,2013/8/9,平层,精装,1,18,2,4
2931,2931,雅居乐御宾府3房2卫，二次精装，领包入住,https://xm.lianjia.com/ershoufang/105115288086.html,235,25436,0,3室2厅1厨2卫,['中楼层/共28层'],南,['平层/精装'],92.39,2020,雅居乐御宾府,翔安,马巷,0,零梯零户,2023/11/9,2022/1/17,平层,精装,2,28,0,0
2932,2932,房近地铁口 出行方便 自住精装修 适合刚需客户,https://xm.lianjia.com/ershoufang/105115255688.html,230,55422,0,1室1厅1厨1卫,['低楼层/共33层'],北,['平层/简装'],41.5,2001,湖北大厦,思明,松柏,1,三梯十七户,2023/11/5,2017/3/2,平层,简装,1,33,3,17
2933,2933,禾祥西建发品质电梯南北向3房诚心出售。,https://xm.lianjia.com/ershoufang/105115237897.html,745,74337,0,3室2厅1厨1卫,['中楼层/共11层'],南,['平层/精装'],100.22,2000,汇禾新城,思明,禾祥西路,1,一梯四户,2023/11/3,2017/1/25,平层,精装,2,11,1,4
2934,2934,锦绣祥安  南北通透户型  业主自住保养 拎包入住,https://xm.lianjia.com/ershoufang/105115749739.html,176,20509,0,2室1厅1厨1卫,['中楼层/共11层'],南,['平层/精装'],85.82,2010,锦绣祥安,翔安,马巷,1,两梯四户,2024/1/2,2015/9/6,平层,精装,2,11,2,4
2935,2935,中海万锦熙岸 2室2厅 南,https://xm.lianjia.com/ershoufang/105115870216.html,129,17356,1,2室2厅1厨1卫,['低楼层/共24层'],南,['平层/精装'],74.33,2016,中海万锦熙岸,同安,环东海域,1,两梯六户,2024/1/15,2018/5/8,平层,精装,1,24,2,6
2936,2936,高层单身公寓，新装修拎包入住，视野开阔，满两年,https://xm.lianjia.com/ershoufang/105114730851.html,530,105873,0,1室1厅1厨1卫,['高楼层/共21层'],南,['平层/精装'],50.06,2014,国贸润园,湖里,五缘湾,1,两梯四户,2023/9/6,2016/8/26,平层,精装,3,21,2,4
2937,2937,江头公园高层朝南，视野广，总价低,https://xm.lianjia.com/ershoufang/105115211651.html,202,41719,1,1室1厅1厨1卫,['中楼层/共26层'],南,['平层/精装'],48.42,2008,建邦大厦,湖里,江头,1,三梯二十二户,2023/11/1,2008/12/1,平层,精装,2,26,3,22
2938,2938,中骏蓝湾尚都三室两厅，诚意出售，户型方正，采光好,https://xm.lianjia.com/ershoufang/105115304312.html,251,20244,1,3室1厅1厨1卫,['中楼层/共17层'],南,['平层/简装'],123.99,2012,中骏蓝湾尚都,翔安,马巷,1,两梯四户,2023/11/11,2013/11/12,平层,简装,2,17,2,4
2939,2939,宝龙旁，封闭式小区，小区有篮球场，低总价,https://xm.lianjia.com/ershoufang/105114831054.html,61,10389,3,3室1厅1厨1卫,['高楼层/共6层'],南,['平层/简装'],58.72,1988,银华新村,同安,同安其它,0,零梯零户,2023/9/17,2023/10/12,平层,简装,3,6,0,0
2940,2940,松柏 南北通透 一楼门口可用  地铁,https://xm.lianjia.com/ershoufang/105112822014.html,543,60067,0,2室1厅1厨1卫,['低楼层/共7层'],南,['平层/简装'],90.4,1993,莲坂小区,思明,莲坂,0,零梯零户,2023/2/27,2010/7/5,平层,简装,1,7,0,0
2941,2941,万科精装两房，业主二次装修，自住保养，诚意出售,https://xm.lianjia.com/ershoufang/105113516799.html,157,20925,1,2室1厅1厨1卫,['中楼层/共35层'],南,['平层/精装'],75.03,2010,万科金色悦城,翔安,马巷,1,两梯四户,2023/4/28,2020/4/9,平层,精装,2,35,2,4
2942,2942,此房已经满五户型好、方便停车，地铁口、繁华地段。,https://xm.lianjia.com/ershoufang/105113131593.html,278,42218,0,2室1厅1厨1卫,['高楼层/共7层'],东南,['平层/简装'],65.85,2000,东渡路,湖里,东渡,0,零梯零户,2023/3/24,2023/3/25,平层,简装,3,7,0,0
2943,2943,特房山水新座 3室1厅 南,https://xm.lianjia.com/ershoufang/105116356855.html,630,56010,0,3室1厅1厨2卫,['中楼层/共18层'],南,['平层/精装'],112.48,2012,特房山水新座,湖里,万达广场,1,两梯三户,2024/3/14,2024/3/15,平层,精装,2,18,2,3
2945,2945,特房品质，中间楼层，采光好，视野好，,https://xm.lianjia.com/ershoufang/105106589424.html,159,19630,10,2室1厅1厨1卫,['低楼层/共18层'],南,['平层/简装'],81,2014,锦绣祥安,翔安,马巷,1,两梯四户,2021/3/9,2017/12/4,平层,简装,1,18,2,4
2946,2946,业主自住 房屋装修比较清爽 通透采光好,https://xm.lianjia.com/ershoufang/105108616940.html,365,32382,60,3室2厅1厨2卫,['低楼层/共11层'],东南,['平层/精装'],112.72,2006,绿苑小区二期,海沧,滨海社区,1,两梯两户,2021/9/2,2002/11/12,平层,精装,1,11,2,2
2947,2947,03年、电梯、东南朝向、全明、滨东。。,https://xm.lianjia.com/ershoufang/105110691116.html,556,76374,6,2室1厅1厨1卫,['高楼层/共7层'],东南,['平层/简装'],72.8,2003,龙景台,思明,禾祥东路,1,一梯三户,2022/6/7,2004/3/11,平层,简装,3,7,1,3
2948,2948,火车站 地铁口 单身公寓 明厨明卫,https://xm.lianjia.com/ershoufang/105113409800.html,245,66722,0,1室1厅1厨1卫,['低楼层/共30层'],西北,['平层/简装'],36.72,2006,百源双玺,思明,火车站,1,三梯八户,2023/4/18,2023/4/18,平层,简装,1,30,3,8
2949,2949,曾厝垵3号地铁口精装小三房出售,https://xm.lianjia.com/ershoufang/105113674876.html,362,60054,1,3室1厅1厨1卫,['低楼层/共4层'],南,['平层/精装'],60.28,-1,铁疗家园,思明,曾厝垵,0,零梯零户,2023/5/14,2023/5/14,平层,精装,1,4,0,0
2950,2950,轮渡八市 小两层 带露台 朝南,https://xm.lianjia.com/ershoufang/105113914448.html,568,43037,0,5室2厅1厨4卫,['低楼层/共3层'],南,['平层/简装'],131.98,1949,开元路,思明,中山路,0,零梯零户,2023/6/7,2016/6/3,平层,简装,1,3,0,0
2951,2951,满五，户型方正，采光通风好，视野开阔， 南北通透。,https://xm.lianjia.com/ershoufang/105113507585.html,238,21769,2,3室2厅1厨2卫,['中楼层/共7层'],南,['平层/简装'],109.33,-1,腾龙商厦,海沧,海沧生活区,0,零梯零户,2023/4/27,2011/7/27,平层,简装,2,7,0,0
2952,2952,洋房社区，特房品质，正规4房，复式楼毛坯，,https://xm.lianjia.com/ershoufang/105113927068.html,355,28186,2,4室2厅1厨3卫,['中楼层/共7层'],南,['跃层/毛坯'],125.95,2020,特房莱昂公馆二期,翔安,环东海域,0,零梯零户,2023/6/8,2023/3/31,跃层,毛坯,2,7,0,0
2953,2953,江浦南里  满五免个税  客厅朝南,https://xm.lianjia.com/ershoufang/105111477609.html,279,43697,3,2室1厅1厨1卫,['高楼层/共6层'],南,['平层/简装'],63.85,2000,江浦南里,湖里,江头,0,零梯零户,2022/9/11,1999/1/18,平层,简装,3,6,0,0
2954,2954,中福城地铁口精装带电梯楼中楼 ，业主诚意卖。,https://xm.lianjia.com/ershoufang/105110077864.html,728,50069,5,4室2厅1厨3卫,['高楼层/共7层'],南,['跃层/简装'],145.4,1999,中福城,湖里,金尚,1,一梯两户,2022/3/19,2008/10/9,跃层,简装,3,7,1,2
2955,2955,全小区优质的小两房，价格美丽啊,https://xm.lianjia.com/ershoufang/105110515592.html,90,16009,45,2室1厅1厨1卫,['低楼层/共18层'],南,['平层/精装'],56.22,2009,巷西一里,翔安,马巷,1,两梯三户,2022/5/14,2016/5/19,平层,精装,1,18,2,3
2956,2956,一梯两户两房，阳台，朝南，南北安静,https://xm.lianjia.com/ershoufang/105110371881.html,370,51626,9,2室2厅1厨1卫,['中楼层/共7层'],南,['平层/简装'],71.67,1998,文屏山庄,思明,文灶,0,零梯零户,2022/4/24,2002/7/13,平层,简装,2,7,0,0
2957,2957,次新房2017年 中式园林 高层  小区带有会所,https://xm.lianjia.com/ershoufang/105110880259.html,1928,78057,6,4室2厅1厨2卫,['高楼层/共26层'],东,['跃层/精装'],247,2016,建发央玺,湖里,五缘湾,1,两梯两户,2022/7/1,2019/7/14,跃层,精装,3,26,2,2
2958,2958,海峡国际天璟，不靠铁路，安静采光好，全明结构。,https://xm.lianjia.com/ershoufang/105116041672.html,849,63123,0,3室2厅1厨2卫,['中楼层/共47层'],东,['平层/精装'],134.5,2018,海峡国际天璟,思明,火车站,1,三梯三户,2024/2/18,2019/1/21,平层,精装,2,47,3,3
2962,2962,天心岛 大露台房，海沧湾地铁口，通透，采光好,https://xm.lianjia.com/ershoufang/105111454779.html,450,50500,3,2室2厅1厨1卫,['低楼层/共18层'],南,['平层/简装'],89.11,2008,天心岛,海沧,滨海社区,1,两梯两户,2022/9/8,2012/7/24,平层,简装,1,18,2,2
2963,2963,嘉盛豪园 正规四房 厅朝南 全明 改单间出租,https://xm.lianjia.com/ershoufang/105107401992.html,670,46564,0,4室2厅1厨2卫,['中楼层/共11层'],南,['平层/毛坯'],143.89,2005,嘉盛豪园南区,思明,瑞景,1,一梯三户,2021/5/23,2019/6/17,平层,毛坯,2,11,1,3
2964,2964,锦绣祥安 精装两房 看房方便 拎包入住 满五！,https://xm.lianjia.com/ershoufang/105112174230.html,148,17785,0,2室2厅1厨1卫,['低楼层/共18层'],南,['平层/精装'],83.22,2014,锦绣祥安,翔安,马巷,1,两梯四户,2022/12/1,2016/9/1,平层,精装,1,18,2,4
2965,2965,金盛花园，电梯中层，南北朝向，动静分离，诚意出售,https://xm.lianjia.com/ershoufang/105111531162.html,515,51362,1,3室1厅1厨1卫,['中楼层/共11层'],南,['平层/简装'],100.27,2004,华林金盛花园,湖里,金尚,1,一梯四户,2022/9/16,2005/5/20,平层,简装,2,11,1,4
2966,2966,锦绣祥安 精装三房 业主急售 看房方便 南北通透！,https://xm.lianjia.com/ershoufang/105113390391.html,170,19108,0,3室1厅1厨1卫,['高楼层/共18层'],南,['平层/精装'],88.97,2014,锦绣祥安,翔安,马巷,1,两梯四户,2023/4/17,2021/1/14,平层,精装,3,18,2,4
2967,2967,未来海岸蓝月湾二期精装三房业主诚意出售,https://xm.lianjia.com/ershoufang/105106330492.html,320,25331,69,3室2厅1厨2卫,['低楼层/共31层'],东南,['平层/精装'],126.33,2007,未来海岸蓝月湾二期,海沧,未来海岸北师大,1,两梯四户,2021/1/25,2013/2/27,平层,精装,1,31,2,4
2968,2968,房子满五，中高楼层，视野开阔，采光充足。,https://xm.lianjia.com/ershoufang/105109793368.html,328,35118,23,2室2厅1厨1卫,['低楼层/共30层'],东南,['平层/精装'],93.4,2010,泉舜滨海上城,海沧,滨海社区,1,两梯六户,2022/2/14,2015/12/16,平层,精装,1,30,2,6
2969,2969,湖边水库大平层，全明格局，东南北三面采光，视野开阔,https://xm.lianjia.com/ershoufang/105109923717.html,1520,62759,1,5室3厅1厨3卫,['高楼层/共30层'],南,['平层/毛坯'],242.2,2014,融景湾,湖里,湖边水库,1,三梯两户,2022/3/1,2017/7/19,平层,毛坯,3,30,3,2
2970,2970,嘉盛中间位置大三房，边套采光好，高楼层视野佳,https://xm.lianjia.com/ershoufang/105114282163.html,618,47907,3,3室2厅1厨2卫,['中楼层/共18层'],南,['平层/简装'],129,2008,嘉盛豪园南区,思明,瑞景,1,两梯四户,2023/7/19,2020/7/17,平层,简装,2,18,2,4
2971,2971,莲前西路，户型方正，诚 意 出 售,https://xm.lianjia.com/ershoufang/105112861590.html,730,42231,0,5室1厅1厨2卫,['中楼层/共10层'],南,['平层/简装'],172.86,-1,金龙苑,思明,莲前,1,一梯三户,2023/3/2,2001/11/20,平层,简装,2,10,1,3
2972,2972,学府旁，地铁口，低总价精装两房。,https://xm.lianjia.com/ershoufang/105113055503.html,280,58701,0,2室1厅1厨1卫,['高楼层/共6层'],南,['平层/精装'],47.7,-1,盛唐苑,湖里,大唐世家,0,零梯零户,2023/3/18,2021/6/7,平层,精装,3,6,0,0
2973,2973,江头台湾街，华永天地，新小区电梯配套齐全,https://xm.lianjia.com/ershoufang/105103930814.html,128,22599,2,1室1厅1厨1卫,['中楼层/共15层'],东,['平层/简装'],56.64,2014,华永天地,湖里,江头,1,六梯三十五户,2020/3/25,2015/12/23,平层,简装,2,15,6,35
2976,2976,万科品质 精装三房两卫 看房方便 高层南北通透双阳台,https://xm.lianjia.com/ershoufang/105113374154.html,209,19422,0,3室2厅1厨2卫,['高楼层/共35层'],南,['平层/精装'],107.61,2010,万科金色悦城,翔安,马巷,1,两梯四户,2023/4/15,2012/5/28,平层,精装,3,35,2,4
2978,2978,碧海湾独栋看海别墅，有天有地有花园带地下室和游泳池,https://xm.lianjia.com/ershoufang/105112788401.html,4450,135617,6,6室2厅1厨5卫,['共3层'],东,['跃层/精装'],328.13,2006,未来海岸碧海湾,海沧,未来海岸北师大,0,零梯零户,2023/2/24,2006/6/6,跃层,精装,-1,3,0,0
2979,2979,业主自住精装修，户型方正，采光好,https://xm.lianjia.com/ershoufang/105112733283.html,290,22401,2,3室2厅1厨2卫,['低楼层/共23层'],南,['平层/精装'],129.46,2012,中骏蓝湾尚都,翔安,马巷,1,两梯四户,2023/2/20,2013/12/21,平层,精装,1,23,2,4
2980,2980,橡树湾四期 边套使用多 精装修 采光好 地铁口,https://xm.lianjia.com/ershoufang/105112676172.html,448,50298,0,4室2厅1厨2卫,['低楼层/共31层'],南,['平层/精装'],89.07,2016,橡树湾四期,集美,杏北,1,两梯五户,2023/2/16,2020/12/7,平层,精装,1,31,2,5
2981,2981,海晟维多利亚 2室2厅 南,https://xm.lianjia.com/ershoufang/105114879592.html,410,45990,0,2室2厅1厨1卫,['低楼层/共32层'],南,['平层/简装'],89.15,2011,海晟维多利亚,海沧,滨海社区,1,两梯四户,2023/9/22,2021/10/22,平层,简装,1,32,2,4
2982,2982,万科金域蓝湾二期138平户型 南北通透 朝南大阳台,https://xm.lianjia.com/ershoufang/105113502051.html,1000,72412,2,4室2厅1厨2卫,['高楼层/共31层'],南,['平层/精装'],138.1,2010,万科金域蓝湾二期,思明,瑞景,1,两梯四户,2023/4/27,2010/4/27,平层,精装,3,31,2,4
2983,2983,08年电梯东南朝向目前是小俩房,https://xm.lianjia.com/ershoufang/105113220420.html,405,84305,0,1室1厅1厨1卫,['低楼层/共9层'],南,['平层/精装'],48.04,2008,名汇广场,思明,中山路,1,四梯五十六户,2023/4/1,2021/1/11,平层,精装,1,9,4,56
2984,2984,三地铁口 07年电梯高层，产权清晰 首付50万轻松留厦,https://xm.lianjia.com/ershoufang/105113289266.html,150,33011,2,1室1厅1厨1卫,['中楼层/共26层'],东南,['平层/精装'],45.44,2008,建邦大厦,湖里,江头,1,三梯二十二户,2023/4/8,2010/12/23,平层,精装,2,26,3,22
2985,2985,精装小三房  湖海双景 无遮挡  免双税 看房方便,https://xm.lianjia.com/ershoufang/105114181810.html,288,33013,0,3室2厅1厨1卫,['高楼层/共33层'],东,['平层/精装'],87.24,2011,禹洲领海,海沧,海沧体育中心,1,两梯三户,2023/7/7,2014/7/11,平层,精装,3,33,2,3
2986,2986,房子已经满两年，可以免5.3%的增值税，装修好,https://xm.lianjia.com/ershoufang/105114914440.html,210,18608,3,3室1厅1厨2卫,['高楼层/共33层'],南,['平层/精装'],112.86,2018,首开领翔上郡三期,翔安,新店,1,两梯四户,2023/9/27,2020/8/11,平层,精装,3,33,2,4
2992,2992,南北通透两房格局，好楼层，框架结构，诚意出售,https://xm.lianjia.com/ershoufang/105115674852.html,550,69122,0,2室1厅1厨1卫,['中楼层/共6层'],南,['平层/精装'],79.57,1998,瑞景生活广场,思明,瑞景,0,零梯零户,2023/12/22,2020/8/4,平层,精装,2,6,0,0
2993,2993,高林居住区一里 2室1厅 南,https://xm.lianjia.com/ershoufang/105116218855.html,269,44633,0,2室1厅1厨1卫,['低楼层/共18层'],南,['平层/简装'],60.27,2010,高林居住区一里,湖里,万达广场,1,一梯四户,2024/3/3,2017/7/20,平层,简装,1,18,1,4
2994,2994,此户型楼层高，视野开阔，业主诚心出售，价钱合理,https://xm.lianjia.com/ershoufang/105116034069.html,460,32065,0,3室2厅1厨2卫,['高楼层/共16层'],南,['平层/精装'],143.46,2004,新景海韵园,思明,会展中心,1,一梯两户,2024/2/17,2011/5/1,平层,精装,3,16,1,2
